task,system,family,config,split,selected,n_queries,map,mrr,ndcg@10,hit@1,recall@10,recall@50,ms_per_query
dblp_acm,"v7 n=(2,) idf=0.0 dim=1.0 norm=False/dice pw=0.0",v7,"{""denominator"": ""dice"", ""dim"": 1.0, ""idf"": 0.0, ""n"": ""(2,)"", ""normalize"": false, ""position_weight"": 0.0}",tune,False,150,0.98889,0.98889,0.99,0.98667,0.99333,0.99333,57.99995
dblp_acm,"v7 n=(2,) idf=0.0 dim=1.0 norm=False/dice pw=0.5",v7,"{""denominator"": ""dice"", ""dim"": 1.0, ""idf"": 0.0, ""n"": ""(2,)"", ""normalize"": false, ""position_weight"": 0.5}",tune,False,150,0.99,0.99,0.99087,0.98667,0.99333,0.99333,77.24281
dblp_acm,"v7 n=(2,) idf=0.0 dim=1.0 norm=False/dice pw=1.0",v7,"{""denominator"": ""dice"", ""dim"": 1.0, ""idf"": 0.0, ""n"": ""(2,)"", ""normalize"": false, ""position_weight"": 1.0}",tune,False,150,0.99,0.99,0.99087,0.98667,0.99333,0.99333,69.1925
dblp_acm,"v7 n=(2,) idf=0.0 dim=1.0 norm=True/dice pw=0.0",v7,"{""denominator"": ""dice"", ""dim"": 1.0, ""idf"": 0.0, ""n"": ""(2,)"", ""normalize"": true, ""position_weight"": 0.0}",tune,False,150,1.0,1.0,1.0,1.0,1.0,1.0,50.82156
dblp_acm,"v7 n=(2,) idf=0.0 dim=1.0 norm=True/dice pw=0.5",v7,"{""denominator"": ""dice"", ""dim"": 1.0, ""idf"": 0.0, ""n"": ""(2,)"", ""normalize"": true, ""position_weight"": 0.5}",tune,False,150,1.0,1.0,1.0,1.0,1.0,1.0,62.68496
dblp_acm,"v7 n=(2,) idf=0.0 dim=1.0 norm=True/dice pw=1.0",v7,"{""denominator"": ""dice"", ""dim"": 1.0, ""idf"": 0.0, ""n"": ""(2,)"", ""normalize"": true, ""position_weight"": 1.0}",tune,False,150,1.0,1.0,1.0,1.0,1.0,1.0,71.30939
dblp_acm,"v7 n=(2,) idf=0.0 dim=1.0 norm=True/geo pw=0.0",v7,"{""denominator"": ""geo"", ""dim"": 1.0, ""idf"": 0.0, ""n"": ""(2,)"", ""normalize"": true, ""position_weight"": 0.0}",tune,False,150,1.0,1.0,1.0,1.0,1.0,1.0,53.93725
dblp_acm,"v7 n=(2,) idf=0.0 dim=1.0 norm=True/geo pw=0.5",v7,"{""denominator"": ""geo"", ""dim"": 1.0, ""idf"": 0.0, ""n"": ""(2,)"", ""normalize"": true, ""position_weight"": 0.5}",tune,False,150,1.0,1.0,1.0,1.0,1.0,1.0,52.81002
dblp_acm,"v7 n=(2,) idf=0.0 dim=1.0 norm=True/geo pw=1.0",v7,"{""denominator"": ""geo"", ""dim"": 1.0, ""idf"": 0.0, ""n"": ""(2,)"", ""normalize"": true, ""position_weight"": 1.0}",tune,False,150,1.0,1.0,1.0,1.0,1.0,1.0,57.4131
dblp_acm,"v7 n=(2,) idf=1.0 dim=1.0 norm=False/dice pw=0.0",v7,"{""denominator"": ""dice"", ""dim"": 1.0, ""idf"": 1.0, ""n"": ""(2,)"", ""normalize"": false, ""position_weight"": 0.0}",tune,False,150,0.994,0.994,0.99526,0.99333,1.0,1.0,49.95999
dblp_acm,"v7 n=(2,) idf=1.0 dim=1.0 norm=False/dice pw=0.5",v7,"{""denominator"": ""dice"", ""dim"": 1.0, ""idf"": 1.0, ""n"": ""(2,)"", ""normalize"": false, ""position_weight"": 0.5}",tune,False,150,0.99429,0.99429,0.99556,0.99333,1.0,1.0,51.85037
dblp_acm,"v7 n=(2,) idf=1.0 dim=1.0 norm=False/dice pw=1.0",v7,"{""denominator"": ""dice"", ""dim"": 1.0, ""idf"": 1.0, ""n"": ""(2,)"", ""normalize"": false, ""position_weight"": 1.0}",tune,False,150,0.99444,0.99444,0.99571,0.99333,1.0,1.0,53.35126
dblp_acm,"v7 n=(2,) idf=1.0 dim=1.0 norm=True/dice pw=0.0",v7,"{""denominator"": ""dice"", ""dim"": 1.0, ""idf"": 1.0, ""n"": ""(2,)"", ""normalize"": true, ""position_weight"": 0.0}",tune,False,150,1.0,1.0,1.0,1.0,1.0,1.0,62.92432
dblp_acm,"v7 n=(2,) idf=1.0 dim=1.0 norm=True/dice pw=0.5",v7,"{""denominator"": ""dice"", ""dim"": 1.0, ""idf"": 1.0, ""n"": ""(2,)"", ""normalize"": true, ""position_weight"": 0.5}",tune,False,150,1.0,1.0,1.0,1.0,1.0,1.0,54.53916
dblp_acm,"v7 n=(2,) idf=1.0 dim=1.0 norm=True/dice pw=1.0",v7,"{""denominator"": ""dice"", ""dim"": 1.0, ""idf"": 1.0, ""n"": ""(2,)"", ""normalize"": true, ""position_weight"": 1.0}",tune,False,150,1.0,1.0,1.0,1.0,1.0,1.0,60.6445
dblp_acm,"v7 n=(2,) idf=1.0 dim=1.0 norm=True/geo pw=0.0",v7,"{""denominator"": ""geo"", ""dim"": 1.0, ""idf"": 1.0, ""n"": ""(2,)"", ""normalize"": true, ""position_weight"": 0.0}",tune,False,150,1.0,1.0,1.0,1.0,1.0,1.0,61.75165
dblp_acm,"v7 n=(2,) idf=1.0 dim=1.0 norm=True/geo pw=0.5",v7,"{""denominator"": ""geo"", ""dim"": 1.0, ""idf"": 1.0, ""n"": ""(2,)"", ""normalize"": true, ""position_weight"": 0.5}",tune,False,150,1.0,1.0,1.0,1.0,1.0,1.0,55.89395
dblp_acm,"v7 n=(2,) idf=1.0 dim=1.0 norm=True/geo pw=1.0",v7,"{""denominator"": ""geo"", ""dim"": 1.0, ""idf"": 1.0, ""n"": ""(2,)"", ""normalize"": true, ""position_weight"": 1.0}",tune,False,150,1.0,1.0,1.0,1.0,1.0,1.0,55.43329
dblp_acm,"v7 n=(2,) idf=2.0 dim=1.0 norm=False/dice pw=0.0",v7,"{""denominator"": ""dice"", ""dim"": 1.0, ""idf"": 2.0, ""n"": ""(2,)"", ""normalize"": false, ""position_weight"": 0.0}",tune,False,150,0.99333,0.99333,0.99508,0.98667,1.0,1.0,59.6296
dblp_acm,"v7 n=(2,) idf=2.0 dim=1.0 norm=False/dice pw=0.5",v7,"{""denominator"": ""dice"", ""dim"": 1.0, ""idf"": 2.0, ""n"": ""(2,)"", ""normalize"": false, ""position_weight"": 0.5}",tune,False,150,0.99333,0.99333,0.99508,0.98667,1.0,1.0,58.60777
dblp_acm,"v7 n=(2,) idf=2.0 dim=1.0 norm=False/dice pw=1.0",v7,"{""denominator"": ""dice"", ""dim"": 1.0, ""idf"": 2.0, ""n"": ""(2,)"", ""normalize"": false, ""position_weight"": 1.0}",tune,False,150,0.99333,0.99333,0.99508,0.98667,1.0,1.0,55.45229
dblp_acm,"v7 n=(2,) idf=2.0 dim=1.0 norm=True/dice pw=0.0",v7,"{""denominator"": ""dice"", ""dim"": 1.0, ""idf"": 2.0, ""n"": ""(2,)"", ""normalize"": true, ""position_weight"": 0.0}",tune,False,150,1.0,1.0,1.0,1.0,1.0,1.0,73.65656
dblp_acm,"v7 n=(2,) idf=2.0 dim=1.0 norm=True/dice pw=0.5",v7,"{""denominator"": ""dice"", ""dim"": 1.0, ""idf"": 2.0, ""n"": ""(2,)"", ""normalize"": true, ""position_weight"": 0.5}",tune,False,150,1.0,1.0,1.0,1.0,1.0,1.0,83.37519
dblp_acm,"v7 n=(2,) idf=2.0 dim=1.0 norm=True/dice pw=1.0",v7,"{""denominator"": ""dice"", ""dim"": 1.0, ""idf"": 2.0, ""n"": ""(2,)"", ""normalize"": true, ""position_weight"": 1.0}",tune,False,150,1.0,1.0,1.0,1.0,1.0,1.0,73.71804
dblp_acm,"v7 n=(2,) idf=2.0 dim=1.0 norm=True/geo pw=0.0",v7,"{""denominator"": ""geo"", ""dim"": 1.0, ""idf"": 2.0, ""n"": ""(2,)"", ""normalize"": true, ""position_weight"": 0.0}",tune,False,150,1.0,1.0,1.0,1.0,1.0,1.0,60.5093
dblp_acm,"v7 n=(2,) idf=2.0 dim=1.0 norm=True/geo pw=0.5",v7,"{""denominator"": ""geo"", ""dim"": 1.0, ""idf"": 2.0, ""n"": ""(2,)"", ""normalize"": true, ""position_weight"": 0.5}",tune,False,150,1.0,1.0,1.0,1.0,1.0,1.0,51.8911
dblp_acm,"v7 n=(2,) idf=2.0 dim=1.0 norm=True/geo pw=1.0",v7,"{""denominator"": ""geo"", ""dim"": 1.0, ""idf"": 2.0, ""n"": ""(2,)"", ""normalize"": true, ""position_weight"": 1.0}",tune,False,150,1.0,1.0,1.0,1.0,1.0,1.0,52.37638
dblp_acm,"v7 n=(2,) idf=3.0 dim=1.0 norm=False/dice pw=0.0",v7,"{""denominator"": ""dice"", ""dim"": 1.0, ""idf"": 3.0, ""n"": ""(2,)"", ""normalize"": false, ""position_weight"": 0.0}",tune,False,150,0.98741,0.98741,0.99042,0.98,1.0,1.0,67.04468
dblp_acm,"v7 n=(2,) idf=3.0 dim=1.0 norm=False/dice pw=0.5",v7,"{""denominator"": ""dice"", ""dim"": 1.0, ""idf"": 3.0, ""n"": ""(2,)"", ""normalize"": false, ""position_weight"": 0.5}",tune,False,150,0.99083,0.99083,0.99298,0.98667,1.0,1.0,65.72674
dblp_acm,"v7 n=(2,) idf=3.0 dim=1.0 norm=False/dice pw=1.0",v7,"{""denominator"": ""dice"", ""dim"": 1.0, ""idf"": 3.0, ""n"": ""(2,)"", ""normalize"": false, ""position_weight"": 1.0}",tune,False,150,0.99074,0.99074,0.99288,0.98667,1.0,1.0,57.38577
dblp_acm,"v7 n=(2,) idf=3.0 dim=1.0 norm=True/dice pw=0.0",v7,"{""denominator"": ""dice"", ""dim"": 1.0, ""idf"": 3.0, ""n"": ""(2,)"", ""normalize"": true, ""position_weight"": 0.0}",tune,False,150,0.99222,0.99222,0.99421,0.98667,1.0,1.0,52.43732
dblp_acm,"v7 n=(2,) idf=3.0 dim=1.0 norm=True/dice pw=0.5",v7,"{""denominator"": ""dice"", ""dim"": 1.0, ""idf"": 3.0, ""n"": ""(2,)"", ""normalize"": true, ""position_weight"": 0.5}",tune,False,150,0.99222,0.99222,0.99421,0.98667,1.0,1.0,51.61607
dblp_acm,"v7 n=(2,) idf=3.0 dim=1.0 norm=True/dice pw=1.0",v7,"{""denominator"": ""dice"", ""dim"": 1.0, ""idf"": 3.0, ""n"": ""(2,)"", ""normalize"": true, ""position_weight"": 1.0}",tune,False,150,0.99222,0.99222,0.99421,0.98667,1.0,1.0,51.0504
dblp_acm,"v7 n=(2,) idf=3.0 dim=1.0 norm=True/geo pw=0.0",v7,"{""denominator"": ""geo"", ""dim"": 1.0, ""idf"": 3.0, ""n"": ""(2,)"", ""normalize"": true, ""position_weight"": 0.0}",tune,False,150,0.98444,0.98444,0.98841,0.97333,1.0,1.0,51.5419
dblp_acm,"v7 n=(2,) idf=3.0 dim=1.0 norm=True/geo pw=0.5",v7,"{""denominator"": ""geo"", ""dim"": 1.0, ""idf"": 3.0, ""n"": ""(2,)"", ""normalize"": true, ""position_weight"": 0.5}",tune,False,150,0.98444,0.98444,0.98841,0.97333,1.0,1.0,51.46669
dblp_acm,"v7 n=(2,) idf=3.0 dim=1.0 norm=True/geo pw=1.0",v7,"{""denominator"": ""geo"", ""dim"": 1.0, ""idf"": 3.0, ""n"": ""(2,)"", ""normalize"": true, ""position_weight"": 1.0}",tune,False,150,0.98778,0.98778,0.99087,0.98,1.0,1.0,62.11288
dblp_acm,"v7 n=(3,) idf=0.0 dim=1.0 norm=False/dice pw=0.0",v7,"{""denominator"": ""dice"", ""dim"": 1.0, ""idf"": 0.0, ""n"": ""(3,)"", ""normalize"": false, ""position_weight"": 0.0}",tune,False,150,0.99667,0.99667,0.99754,0.99333,1.0,1.0,15.04802
dblp_acm,"v7 n=(3,) idf=0.0 dim=1.0 norm=False/dice pw=0.5",v7,"{""denominator"": ""dice"", ""dim"": 1.0, ""idf"": 0.0, ""n"": ""(3,)"", ""normalize"": false, ""position_weight"": 0.5}",tune,False,150,0.99667,0.99667,0.99754,0.99333,1.0,1.0,15.05281
dblp_acm,"v7 n=(3,) idf=0.0 dim=1.0 norm=False/dice pw=1.0",v7,"{""denominator"": ""dice"", ""dim"": 1.0, ""idf"": 0.0, ""n"": ""(3,)"", ""normalize"": false, ""position_weight"": 1.0}",tune,False,150,0.99667,0.99667,0.99754,0.99333,1.0,1.0,15.56764
dblp_acm,"v7 n=(3,) idf=0.0 dim=1.0 norm=True/dice pw=0.0",v7,"{""denominator"": ""dice"", ""dim"": 1.0, ""idf"": 0.0, ""n"": ""(3,)"", ""normalize"": true, ""position_weight"": 0.0}",tune,False,150,1.0,1.0,1.0,1.0,1.0,1.0,15.37969
dblp_acm,"v7 n=(3,) idf=0.0 dim=1.0 norm=True/dice pw=0.5",v7,"{""denominator"": ""dice"", ""dim"": 1.0, ""idf"": 0.0, ""n"": ""(3,)"", ""normalize"": true, ""position_weight"": 0.5}",tune,False,150,1.0,1.0,1.0,1.0,1.0,1.0,15.15062
dblp_acm,"v7 n=(3,) idf=0.0 dim=1.0 norm=True/dice pw=1.0",v7,"{""denominator"": ""dice"", ""dim"": 1.0, ""idf"": 0.0, ""n"": ""(3,)"", ""normalize"": true, ""position_weight"": 1.0}",tune,False,150,1.0,1.0,1.0,1.0,1.0,1.0,14.85747
dblp_acm,"v7 n=(3,) idf=0.0 dim=1.0 norm=True/geo pw=0.0",v7,"{""denominator"": ""geo"", ""dim"": 1.0, ""idf"": 0.0, ""n"": ""(3,)"", ""normalize"": true, ""position_weight"": 0.0}",tune,False,150,1.0,1.0,1.0,1.0,1.0,1.0,16.24685
dblp_acm,"v7 n=(3,) idf=0.0 dim=1.0 norm=True/geo pw=0.5",v7,"{""denominator"": ""geo"", ""dim"": 1.0, ""idf"": 0.0, ""n"": ""(3,)"", ""normalize"": true, ""position_weight"": 0.5}",tune,False,150,1.0,1.0,1.0,1.0,1.0,1.0,16.2408
dblp_acm,"v7 n=(3,) idf=0.0 dim=1.0 norm=True/geo pw=1.0",v7,"{""denominator"": ""geo"", ""dim"": 1.0, ""idf"": 0.0, ""n"": ""(3,)"", ""normalize"": true, ""position_weight"": 1.0}",tune,False,150,1.0,1.0,1.0,1.0,1.0,1.0,20.35012
dblp_acm,"v7 n=(3,) idf=1.0 dim=1.0 norm=False/dice pw=0.0",v7,"{""denominator"": ""dice"", ""dim"": 1.0, ""idf"": 1.0, ""n"": ""(3,)"", ""normalize"": false, ""position_weight"": 0.0}",tune,False,150,0.99667,0.99667,0.99754,0.99333,1.0,1.0,16.00775
dblp_acm,"v7 n=(3,) idf=1.0 dim=1.0 norm=False/dice pw=0.5",v7,"{""denominator"": ""dice"", ""dim"": 1.0, ""idf"": 1.0, ""n"": ""(3,)"", ""normalize"": false, ""position_weight"": 0.5}",tune,False,150,0.99667,0.99667,0.99754,0.99333,1.0,1.0,17.10505
dblp_acm,"v7 n=(3,) idf=1.0 dim=1.0 norm=False/dice pw=1.0",v7,"{""denominator"": ""dice"", ""dim"": 1.0, ""idf"": 1.0, ""n"": ""(3,)"", ""normalize"": false, ""position_weight"": 1.0}",tune,False,150,0.99667,0.99667,0.99754,0.99333,1.0,1.0,18.33621
dblp_acm,"v7 n=(3,) idf=1.0 dim=1.0 norm=True/dice pw=0.0",v7,"{""denominator"": ""dice"", ""dim"": 1.0, ""idf"": 1.0, ""n"": ""(3,)"", ""normalize"": true, ""position_weight"": 0.0}",tune,False,150,1.0,1.0,1.0,1.0,1.0,1.0,15.65554
dblp_acm,"v7 n=(3,) idf=1.0 dim=1.0 norm=True/dice pw=0.5",v7,"{""denominator"": ""dice"", ""dim"": 1.0, ""idf"": 1.0, ""n"": ""(3,)"", ""normalize"": true, ""position_weight"": 0.5}",tune,False,150,1.0,1.0,1.0,1.0,1.0,1.0,15.31699
dblp_acm,"v7 n=(3,) idf=1.0 dim=1.0 norm=True/dice pw=1.0",v7,"{""denominator"": ""dice"", ""dim"": 1.0, ""idf"": 1.0, ""n"": ""(3,)"", ""normalize"": true, ""position_weight"": 1.0}",tune,False,150,1.0,1.0,1.0,1.0,1.0,1.0,14.94665
dblp_acm,"v7 n=(3,) idf=1.0 dim=1.0 norm=True/geo pw=0.0",v7,"{""denominator"": ""geo"", ""dim"": 1.0, ""idf"": 1.0, ""n"": ""(3,)"", ""normalize"": true, ""position_weight"": 0.0}",tune,False,150,1.0,1.0,1.0,1.0,1.0,1.0,14.27409
dblp_acm,"v7 n=(3,) idf=1.0 dim=1.0 norm=True/geo pw=0.5",v7,"{""denominator"": ""geo"", ""dim"": 1.0, ""idf"": 1.0, ""n"": ""(3,)"", ""normalize"": true, ""position_weight"": 0.5}",tune,False,150,1.0,1.0,1.0,1.0,1.0,1.0,14.15016
dblp_acm,"v7 n=(3,) idf=1.0 dim=1.0 norm=True/geo pw=1.0",v7,"{""denominator"": ""geo"", ""dim"": 1.0, ""idf"": 1.0, ""n"": ""(3,)"", ""normalize"": true, ""position_weight"": 1.0}",tune,False,150,1.0,1.0,1.0,1.0,1.0,1.0,14.07257
dblp_acm,"v7 n=(3,) idf=2.0 dim=1.0 norm=False/dice pw=0.0",v7,"{""denominator"": ""dice"", ""dim"": 1.0, ""idf"": 2.0, ""n"": ""(3,)"", ""normalize"": false, ""position_weight"": 0.0}",tune,False,150,0.99667,0.99667,0.99754,0.99333,1.0,1.0,14.16881
dblp_acm,"v7 n=(3,) idf=2.0 dim=1.0 norm=False/dice pw=0.5",v7,"{""denominator"": ""dice"", ""dim"": 1.0, ""idf"": 2.0, ""n"": ""(3,)"", ""normalize"": false, ""position_weight"": 0.5}",tune,False,150,1.0,1.0,1.0,1.0,1.0,1.0,14.12242
dblp_acm,"v7 n=(3,) idf=2.0 dim=1.0 norm=False/dice pw=1.0",v7,"{""denominator"": ""dice"", ""dim"": 1.0, ""idf"": 2.0, ""n"": ""(3,)"", ""normalize"": false, ""position_weight"": 1.0}",tune,False,150,0.99667,0.99667,0.99754,0.99333,1.0,1.0,14.30121
dblp_acm,"v7 n=(3,) idf=2.0 dim=1.0 norm=True/dice pw=0.0",v7,"{""denominator"": ""dice"", ""dim"": 1.0, ""idf"": 2.0, ""n"": ""(3,)"", ""normalize"": true, ""position_weight"": 0.0}",tune,False,150,1.0,1.0,1.0,1.0,1.0,1.0,14.24904
dblp_acm,"v7 n=(3,) idf=2.0 dim=1.0 norm=True/dice pw=0.5",v7,"{""denominator"": ""dice"", ""dim"": 1.0, ""idf"": 2.0, ""n"": ""(3,)"", ""normalize"": true, ""position_weight"": 0.5}",tune,False,150,1.0,1.0,1.0,1.0,1.0,1.0,13.97157
dblp_acm,"v7 n=(3,) idf=2.0 dim=1.0 norm=True/dice pw=1.0",v7,"{""denominator"": ""dice"", ""dim"": 1.0, ""idf"": 2.0, ""n"": ""(3,)"", ""normalize"": true, ""position_weight"": 1.0}",tune,False,150,1.0,1.0,1.0,1.0,1.0,1.0,17.83712
dblp_acm,"v7 n=(3,) idf=2.0 dim=1.0 norm=True/geo pw=0.0",v7,"{""denominator"": ""geo"", ""dim"": 1.0, ""idf"": 2.0, ""n"": ""(3,)"", ""normalize"": true, ""position_weight"": 0.0}",tune,False,150,1.0,1.0,1.0,1.0,1.0,1.0,15.96117
dblp_acm,"v7 n=(3,) idf=2.0 dim=1.0 norm=True/geo pw=0.5",v7,"{""denominator"": ""geo"", ""dim"": 1.0, ""idf"": 2.0, ""n"": ""(3,)"", ""normalize"": true, ""position_weight"": 0.5}",tune,False,150,1.0,1.0,1.0,1.0,1.0,1.0,14.92955
dblp_acm,"v7 n=(3,) idf=2.0 dim=1.0 norm=True/geo pw=1.0",v7,"{""denominator"": ""geo"", ""dim"": 1.0, ""idf"": 2.0, ""n"": ""(3,)"", ""normalize"": true, ""position_weight"": 1.0}",tune,False,150,1.0,1.0,1.0,1.0,1.0,1.0,14.34997
dblp_acm,"v7 n=(3,) idf=3.0 dim=1.0 norm=False/dice pw=0.0",v7,"{""denominator"": ""dice"", ""dim"": 1.0, ""idf"": 3.0, ""n"": ""(3,)"", ""normalize"": false, ""position_weight"": 0.0}",tune,False,150,0.99667,0.99667,0.99754,0.99333,1.0,1.0,14.36752
dblp_acm,"v7 n=(3,) idf=3.0 dim=1.0 norm=False/dice pw=0.5",v7,"{""denominator"": ""dice"", ""dim"": 1.0, ""idf"": 3.0, ""n"": ""(3,)"", ""normalize"": false, ""position_weight"": 0.5}",tune,False,150,0.99333,0.99333,0.99508,0.98667,1.0,1.0,14.18791
dblp_acm,"v7 n=(3,) idf=3.0 dim=1.0 norm=False/dice pw=1.0",v7,"{""denominator"": ""dice"", ""dim"": 1.0, ""idf"": 3.0, ""n"": ""(3,)"", ""normalize"": false, ""position_weight"": 1.0}",tune,False,150,0.99333,0.99333,0.99508,0.98667,1.0,1.0,14.22569
dblp_acm,"v7 n=(3,) idf=3.0 dim=1.0 norm=True/dice pw=0.0",v7,"{""denominator"": ""dice"", ""dim"": 1.0, ""idf"": 3.0, ""n"": ""(3,)"", ""normalize"": true, ""position_weight"": 0.0}",tune,False,150,1.0,1.0,1.0,1.0,1.0,1.0,14.30931
dblp_acm,"v7 n=(3,) idf=3.0 dim=1.0 norm=True/dice pw=0.5",v7,"{""denominator"": ""dice"", ""dim"": 1.0, ""idf"": 3.0, ""n"": ""(3,)"", ""normalize"": true, ""position_weight"": 0.5}",tune,False,150,1.0,1.0,1.0,1.0,1.0,1.0,14.23442
dblp_acm,"v7 n=(3,) idf=3.0 dim=1.0 norm=True/dice pw=1.0",v7,"{""denominator"": ""dice"", ""dim"": 1.0, ""idf"": 3.0, ""n"": ""(3,)"", ""normalize"": true, ""position_weight"": 1.0}",tune,False,150,1.0,1.0,1.0,1.0,1.0,1.0,14.14485
dblp_acm,"v7 n=(3,) idf=3.0 dim=1.0 norm=True/geo pw=0.0",v7,"{""denominator"": ""geo"", ""dim"": 1.0, ""idf"": 3.0, ""n"": ""(3,)"", ""normalize"": true, ""position_weight"": 0.0}",tune,False,150,1.0,1.0,1.0,1.0,1.0,1.0,18.82529
dblp_acm,"v7 n=(3,) idf=3.0 dim=1.0 norm=True/geo pw=0.5",v7,"{""denominator"": ""geo"", ""dim"": 1.0, ""idf"": 3.0, ""n"": ""(3,)"", ""normalize"": true, ""position_weight"": 0.5}",tune,False,150,1.0,1.0,1.0,1.0,1.0,1.0,19.92146
dblp_acm,"v7 n=(3,) idf=3.0 dim=1.0 norm=True/geo pw=1.0",v7,"{""denominator"": ""geo"", ""dim"": 1.0, ""idf"": 3.0, ""n"": ""(3,)"", ""normalize"": true, ""position_weight"": 1.0}",tune,False,150,1.0,1.0,1.0,1.0,1.0,1.0,20.29916
dblp_acm,"v7 n=(2, 3) idf=0.0 dim=1.0 norm=False/dice pw=0.0",v7,"{""denominator"": ""dice"", ""dim"": 1.0, ""idf"": 0.0, ""n"": ""(2, 3)"", ""normalize"": false, ""position_weight"": 0.0}",tune,False,150,0.995,0.995,0.9962,0.99333,1.0,1.0,86.2665
dblp_acm,"v7 n=(2, 3) idf=0.0 dim=1.0 norm=False/dice pw=0.5",v7,"{""denominator"": ""dice"", ""dim"": 1.0, ""idf"": 0.0, ""n"": ""(2, 3)"", ""normalize"": false, ""position_weight"": 0.5}",tune,False,150,0.995,0.995,0.9962,0.99333,1.0,1.0,62.62947
dblp_acm,"v7 n=(2, 3) idf=0.0 dim=1.0 norm=False/dice pw=1.0",v7,"{""denominator"": ""dice"", ""dim"": 1.0, ""idf"": 0.0, ""n"": ""(2, 3)"", ""normalize"": false, ""position_weight"": 1.0}",tune,False,150,0.995,0.995,0.9962,0.99333,1.0,1.0,64.17969
dblp_acm,"v7 n=(2, 3) idf=0.0 dim=1.0 norm=True/dice pw=0.0",v7,"{""denominator"": ""dice"", ""dim"": 1.0, ""idf"": 0.0, ""n"": ""(2, 3)"", ""normalize"": true, ""position_weight"": 0.0}",tune,False,150,1.0,1.0,1.0,1.0,1.0,1.0,64.66525
dblp_acm,"v7 n=(2, 3) idf=0.0 dim=1.0 norm=True/dice pw=0.5",v7,"{""denominator"": ""dice"", ""dim"": 1.0, ""idf"": 0.0, ""n"": ""(2, 3)"", ""normalize"": true, ""position_weight"": 0.5}",tune,False,150,1.0,1.0,1.0,1.0,1.0,1.0,66.21234
dblp_acm,"v7 n=(2, 3) idf=0.0 dim=1.0 norm=True/dice pw=1.0",v7,"{""denominator"": ""dice"", ""dim"": 1.0, ""idf"": 0.0, ""n"": ""(2, 3)"", ""normalize"": true, ""position_weight"": 1.0}",tune,False,150,1.0,1.0,1.0,1.0,1.0,1.0,66.69933
dblp_acm,"v7 n=(2, 3) idf=0.0 dim=1.0 norm=True/geo pw=0.0",v7,"{""denominator"": ""geo"", ""dim"": 1.0, ""idf"": 0.0, ""n"": ""(2, 3)"", ""normalize"": true, ""position_weight"": 0.0}",tune,False,150,1.0,1.0,1.0,1.0,1.0,1.0,62.07311
dblp_acm,"v7 n=(2, 3) idf=0.0 dim=1.0 norm=True/geo pw=0.5",v7,"{""denominator"": ""geo"", ""dim"": 1.0, ""idf"": 0.0, ""n"": ""(2, 3)"", ""normalize"": true, ""position_weight"": 0.5}",tune,False,150,1.0,1.0,1.0,1.0,1.0,1.0,65.76148
dblp_acm,"v7 n=(2, 3) idf=0.0 dim=1.0 norm=True/geo pw=1.0",v7,"{""denominator"": ""geo"", ""dim"": 1.0, ""idf"": 0.0, ""n"": ""(2, 3)"", ""normalize"": true, ""position_weight"": 1.0}",tune,False,150,1.0,1.0,1.0,1.0,1.0,1.0,65.71822
dblp_acm,"v7 n=(2, 3) idf=0.0 dim=2.0 norm=False/dice pw=0.0",v7,"{""denominator"": ""dice"", ""dim"": 2.0, ""idf"": 0.0, ""n"": ""(2, 3)"", ""normalize"": false, ""position_weight"": 0.0}",tune,False,150,0.99467,0.99467,0.99591,0.99333,1.0,1.0,67.87404
dblp_acm,"v7 n=(2, 3) idf=0.0 dim=2.0 norm=False/dice pw=0.5",v7,"{""denominator"": ""dice"", ""dim"": 2.0, ""idf"": 0.0, ""n"": ""(2, 3)"", ""normalize"": false, ""position_weight"": 0.5}",tune,False,150,0.99467,0.99467,0.99591,0.99333,1.0,1.0,91.20579
dblp_acm,"v7 n=(2, 3) idf=0.0 dim=2.0 norm=False/dice pw=1.0",v7,"{""denominator"": ""dice"", ""dim"": 2.0, ""idf"": 0.0, ""n"": ""(2, 3)"", ""normalize"": false, ""position_weight"": 1.0}",tune,False,150,0.99467,0.99467,0.99591,0.99333,1.0,1.0,70.91614
dblp_acm,"v7 n=(2, 3) idf=0.0 dim=2.0 norm=True/dice pw=0.0",v7,"{""denominator"": ""dice"", ""dim"": 2.0, ""idf"": 0.0, ""n"": ""(2, 3)"", ""normalize"": true, ""position_weight"": 0.0}",tune,False,150,1.0,1.0,1.0,1.0,1.0,1.0,63.25072
dblp_acm,"v7 n=(2, 3) idf=0.0 dim=2.0 norm=True/dice pw=0.5",v7,"{""denominator"": ""dice"", ""dim"": 2.0, ""idf"": 0.0, ""n"": ""(2, 3)"", ""normalize"": true, ""position_weight"": 0.5}",tune,False,150,1.0,1.0,1.0,1.0,1.0,1.0,64.73409
dblp_acm,"v7 n=(2, 3) idf=0.0 dim=2.0 norm=True/dice pw=1.0",v7,"{""denominator"": ""dice"", ""dim"": 2.0, ""idf"": 0.0, ""n"": ""(2, 3)"", ""normalize"": true, ""position_weight"": 1.0}",tune,False,150,1.0,1.0,1.0,1.0,1.0,1.0,63.23425
dblp_acm,"v7 n=(2, 3) idf=0.0 dim=2.0 norm=True/geo pw=0.0",v7,"{""denominator"": ""geo"", ""dim"": 2.0, ""idf"": 0.0, ""n"": ""(2, 3)"", ""normalize"": true, ""position_weight"": 0.0}",tune,False,150,1.0,1.0,1.0,1.0,1.0,1.0,62.88784
dblp_acm,"v7 n=(2, 3) idf=0.0 dim=2.0 norm=True/geo pw=0.5",v7,"{""denominator"": ""geo"", ""dim"": 2.0, ""idf"": 0.0, ""n"": ""(2, 3)"", ""normalize"": true, ""position_weight"": 0.5}",tune,False,150,1.0,1.0,1.0,1.0,1.0,1.0,64.61798
dblp_acm,"v7 n=(2, 3) idf=0.0 dim=2.0 norm=True/geo pw=1.0",v7,"{""denominator"": ""geo"", ""dim"": 2.0, ""idf"": 0.0, ""n"": ""(2, 3)"", ""normalize"": true, ""position_weight"": 1.0}",tune,False,150,1.0,1.0,1.0,1.0,1.0,1.0,65.58555
dblp_acm,"v7 n=(2, 3) idf=1.0 dim=1.0 norm=False/dice pw=0.0",v7,"{""denominator"": ""dice"", ""dim"": 1.0, ""idf"": 1.0, ""n"": ""(2, 3)"", ""normalize"": false, ""position_weight"": 0.0}",tune,False,150,0.99667,0.99667,0.99754,0.99333,1.0,1.0,65.1491
dblp_acm,"v7 n=(2, 3) idf=1.0 dim=1.0 norm=False/dice pw=0.5",v7,"{""denominator"": ""dice"", ""dim"": 1.0, ""idf"": 1.0, ""n"": ""(2, 3)"", ""normalize"": false, ""position_weight"": 0.5}",tune,False,150,0.99667,0.99667,0.99754,0.99333,1.0,1.0,65.31063
dblp_acm,"v7 n=(2, 3) idf=1.0 dim=1.0 norm=False/dice pw=1.0",v7,"{""denominator"": ""dice"", ""dim"": 1.0, ""idf"": 1.0, ""n"": ""(2, 3)"", ""normalize"": false, ""position_weight"": 1.0}",tune,False,150,0.99667,0.99667,0.99754,0.99333,1.0,1.0,65.262
dblp_acm,"v7 n=(2, 3) idf=1.0 dim=1.0 norm=True/dice pw=0.0",v7,"{""denominator"": ""dice"", ""dim"": 1.0, ""idf"": 1.0, ""n"": ""(2, 3)"", ""normalize"": true, ""position_weight"": 0.0}",tune,False,150,1.0,1.0,1.0,1.0,1.0,1.0,65.17868
dblp_acm,"v7 n=(2, 3) idf=1.0 dim=1.0 norm=True/dice pw=0.5",v7,"{""denominator"": ""dice"", ""dim"": 1.0, ""idf"": 1.0, ""n"": ""(2, 3)"", ""normalize"": true, ""position_weight"": 0.5}",tune,False,150,1.0,1.0,1.0,1.0,1.0,1.0,65.9741
dblp_acm,"v7 n=(2, 3) idf=1.0 dim=1.0 norm=True/dice pw=1.0",v7,"{""denominator"": ""dice"", ""dim"": 1.0, ""idf"": 1.0, ""n"": ""(2, 3)"", ""normalize"": true, ""position_weight"": 1.0}",tune,False,150,1.0,1.0,1.0,1.0,1.0,1.0,65.34077
dblp_acm,"v7 n=(2, 3) idf=1.0 dim=1.0 norm=True/geo pw=0.0",v7,"{""denominator"": ""geo"", ""dim"": 1.0, ""idf"": 1.0, ""n"": ""(2, 3)"", ""normalize"": true, ""position_weight"": 0.0}",tune,False,150,1.0,1.0,1.0,1.0,1.0,1.0,65.43263
dblp_acm,"v7 n=(2, 3) idf=1.0 dim=1.0 norm=True/geo pw=0.5",v7,"{""denominator"": ""geo"", ""dim"": 1.0, ""idf"": 1.0, ""n"": ""(2, 3)"", ""normalize"": true, ""position_weight"": 0.5}",tune,False,150,1.0,1.0,1.0,1.0,1.0,1.0,69.79795
dblp_acm,"v7 n=(2, 3) idf=1.0 dim=1.0 norm=True/geo pw=1.0",v7,"{""denominator"": ""geo"", ""dim"": 1.0, ""idf"": 1.0, ""n"": ""(2, 3)"", ""normalize"": true, ""position_weight"": 1.0}",tune,False,150,1.0,1.0,1.0,1.0,1.0,1.0,71.30806
dblp_acm,"v7 n=(2, 3) idf=1.0 dim=2.0 norm=False/dice pw=0.0",v7,"{""denominator"": ""dice"", ""dim"": 2.0, ""idf"": 1.0, ""n"": ""(2, 3)"", ""normalize"": false, ""position_weight"": 0.0}",tune,False,150,0.99667,0.99667,0.99754,0.99333,1.0,1.0,65.37302
dblp_acm,"v7 n=(2, 3) idf=1.0 dim=2.0 norm=False/dice pw=0.5",v7,"{""denominator"": ""dice"", ""dim"": 2.0, ""idf"": 1.0, ""n"": ""(2, 3)"", ""normalize"": false, ""position_weight"": 0.5}",tune,False,150,0.99667,0.99667,0.99754,0.99333,1.0,1.0,95.29793
dblp_acm,"v7 n=(2, 3) idf=1.0 dim=2.0 norm=False/dice pw=1.0",v7,"{""denominator"": ""dice"", ""dim"": 2.0, ""idf"": 1.0, ""n"": ""(2, 3)"", ""normalize"": false, ""position_weight"": 1.0}",tune,False,150,0.99667,0.99667,0.99754,0.99333,1.0,1.0,80.03401
dblp_acm,"v7 n=(2, 3) idf=1.0 dim=2.0 norm=True/dice pw=0.0",v7,"{""denominator"": ""dice"", ""dim"": 2.0, ""idf"": 1.0, ""n"": ""(2, 3)"", ""normalize"": true, ""position_weight"": 0.0}",tune,False,150,1.0,1.0,1.0,1.0,1.0,1.0,73.54137
dblp_acm,"v7 n=(2, 3) idf=1.0 dim=2.0 norm=True/dice pw=0.5",v7,"{""denominator"": ""dice"", ""dim"": 2.0, ""idf"": 1.0, ""n"": ""(2, 3)"", ""normalize"": true, ""position_weight"": 0.5}",tune,False,150,1.0,1.0,1.0,1.0,1.0,1.0,64.11376
dblp_acm,"v7 n=(2, 3) idf=1.0 dim=2.0 norm=True/dice pw=1.0",v7,"{""denominator"": ""dice"", ""dim"": 2.0, ""idf"": 1.0, ""n"": ""(2, 3)"", ""normalize"": true, ""position_weight"": 1.0}",tune,False,150,1.0,1.0,1.0,1.0,1.0,1.0,65.72446
dblp_acm,"v7 n=(2, 3) idf=1.0 dim=2.0 norm=True/geo pw=0.0",v7,"{""denominator"": ""geo"", ""dim"": 2.0, ""idf"": 1.0, ""n"": ""(2, 3)"", ""normalize"": true, ""position_weight"": 0.0}",tune,False,150,1.0,1.0,1.0,1.0,1.0,1.0,64.74431
dblp_acm,"v7 n=(2, 3) idf=1.0 dim=2.0 norm=True/geo pw=0.5",v7,"{""denominator"": ""geo"", ""dim"": 2.0, ""idf"": 1.0, ""n"": ""(2, 3)"", ""normalize"": true, ""position_weight"": 0.5}",tune,False,150,1.0,1.0,1.0,1.0,1.0,1.0,62.45681
dblp_acm,"v7 n=(2, 3) idf=1.0 dim=2.0 norm=True/geo pw=1.0",v7,"{""denominator"": ""geo"", ""dim"": 2.0, ""idf"": 1.0, ""n"": ""(2, 3)"", ""normalize"": true, ""position_weight"": 1.0}",tune,False,150,1.0,1.0,1.0,1.0,1.0,1.0,62.59072
dblp_acm,"v7 n=(2, 3) idf=2.0 dim=1.0 norm=False/dice pw=0.0",v7,"{""denominator"": ""dice"", ""dim"": 1.0, ""idf"": 2.0, ""n"": ""(2, 3)"", ""normalize"": false, ""position_weight"": 0.0}",tune,False,150,0.99667,0.99667,0.99754,0.99333,1.0,1.0,61.66016
dblp_acm,"v7 n=(2, 3) idf=2.0 dim=1.0 norm=False/dice pw=0.5",v7,"{""denominator"": ""dice"", ""dim"": 1.0, ""idf"": 2.0, ""n"": ""(2, 3)"", ""normalize"": false, ""position_weight"": 0.5}",tune,False,150,1.0,1.0,1.0,1.0,1.0,1.0,55.82944
dblp_acm,"v7 n=(2, 3) idf=2.0 dim=1.0 norm=False/dice pw=1.0",v7,"{""denominator"": ""dice"", ""dim"": 1.0, ""idf"": 2.0, ""n"": ""(2, 3)"", ""normalize"": false, ""position_weight"": 1.0}",tune,False,150,1.0,1.0,1.0,1.0,1.0,1.0,57.00048
dblp_acm,"v7 n=(2, 3) idf=2.0 dim=1.0 norm=True/dice pw=0.0",v7,"{""denominator"": ""dice"", ""dim"": 1.0, ""idf"": 2.0, ""n"": ""(2, 3)"", ""normalize"": true, ""position_weight"": 0.0}",tune,False,150,1.0,1.0,1.0,1.0,1.0,1.0,55.01664
dblp_acm,"v7 n=(2, 3) idf=2.0 dim=1.0 norm=True/dice pw=0.5",v7,"{""denominator"": ""dice"", ""dim"": 1.0, ""idf"": 2.0, ""n"": ""(2, 3)"", ""normalize"": true, ""position_weight"": 0.5}",tune,False,150,1.0,1.0,1.0,1.0,1.0,1.0,60.4305
dblp_acm,"v7 n=(2, 3) idf=2.0 dim=1.0 norm=True/dice pw=1.0",v7,"{""denominator"": ""dice"", ""dim"": 1.0, ""idf"": 2.0, ""n"": ""(2, 3)"", ""normalize"": true, ""position_weight"": 1.0}",tune,False,150,1.0,1.0,1.0,1.0,1.0,1.0,62.26832
dblp_acm,"v7 n=(2, 3) idf=2.0 dim=1.0 norm=True/geo pw=0.0",v7,"{""denominator"": ""geo"", ""dim"": 1.0, ""idf"": 2.0, ""n"": ""(2, 3)"", ""normalize"": true, ""position_weight"": 0.0}",tune,False,150,1.0,1.0,1.0,1.0,1.0,1.0,62.11039
dblp_acm,"v7 n=(2, 3) idf=2.0 dim=1.0 norm=True/geo pw=0.5",v7,"{""denominator"": ""geo"", ""dim"": 1.0, ""idf"": 2.0, ""n"": ""(2, 3)"", ""normalize"": true, ""position_weight"": 0.5}",tune,False,150,1.0,1.0,1.0,1.0,1.0,1.0,60.99088
dblp_acm,"v7 n=(2, 3) idf=2.0 dim=1.0 norm=True/geo pw=1.0",v7,"{""denominator"": ""geo"", ""dim"": 1.0, ""idf"": 2.0, ""n"": ""(2, 3)"", ""normalize"": true, ""position_weight"": 1.0}",tune,False,150,1.0,1.0,1.0,1.0,1.0,1.0,60.86936
dblp_acm,"v7 n=(2, 3) idf=2.0 dim=2.0 norm=False/dice pw=0.0",v7,"{""denominator"": ""dice"", ""dim"": 2.0, ""idf"": 2.0, ""n"": ""(2, 3)"", ""normalize"": false, ""position_weight"": 0.0}",tune,False,150,0.99667,0.99667,0.99754,0.99333,1.0,1.0,62.03886
dblp_acm,"v7 n=(2, 3) idf=2.0 dim=2.0 norm=False/dice pw=0.5",v7,"{""denominator"": ""dice"", ""dim"": 2.0, ""idf"": 2.0, ""n"": ""(2, 3)"", ""normalize"": false, ""position_weight"": 0.5}",tune,False,150,1.0,1.0,1.0,1.0,1.0,1.0,60.07898
dblp_acm,"v7 n=(2, 3) idf=2.0 dim=2.0 norm=False/dice pw=1.0",v7,"{""denominator"": ""dice"", ""dim"": 2.0, ""idf"": 2.0, ""n"": ""(2, 3)"", ""normalize"": false, ""position_weight"": 1.0}",tune,False,150,1.0,1.0,1.0,1.0,1.0,1.0,60.70811
dblp_acm,"v7 n=(2, 3) idf=2.0 dim=2.0 norm=True/dice pw=0.0",v7,"{""denominator"": ""dice"", ""dim"": 2.0, ""idf"": 2.0, ""n"": ""(2, 3)"", ""normalize"": true, ""position_weight"": 0.0}",tune,False,150,1.0,1.0,1.0,1.0,1.0,1.0,60.53342
dblp_acm,"v7 n=(2, 3) idf=2.0 dim=2.0 norm=True/dice pw=0.5",v7,"{""denominator"": ""dice"", ""dim"": 2.0, ""idf"": 2.0, ""n"": ""(2, 3)"", ""normalize"": true, ""position_weight"": 0.5}",tune,False,150,1.0,1.0,1.0,1.0,1.0,1.0,59.83359
dblp_acm,"v7 n=(2, 3) idf=2.0 dim=2.0 norm=True/dice pw=1.0",v7,"{""denominator"": ""dice"", ""dim"": 2.0, ""idf"": 2.0, ""n"": ""(2, 3)"", ""normalize"": true, ""position_weight"": 1.0}",tune,False,150,1.0,1.0,1.0,1.0,1.0,1.0,61.88273
dblp_acm,"v7 n=(2, 3) idf=2.0 dim=2.0 norm=True/geo pw=0.0",v7,"{""denominator"": ""geo"", ""dim"": 2.0, ""idf"": 2.0, ""n"": ""(2, 3)"", ""normalize"": true, ""position_weight"": 0.0}",tune,False,150,1.0,1.0,1.0,1.0,1.0,1.0,59.75023
dblp_acm,"v7 n=(2, 3) idf=2.0 dim=2.0 norm=True/geo pw=0.5",v7,"{""denominator"": ""geo"", ""dim"": 2.0, ""idf"": 2.0, ""n"": ""(2, 3)"", ""normalize"": true, ""position_weight"": 0.5}",tune,False,150,1.0,1.0,1.0,1.0,1.0,1.0,62.34128
dblp_acm,"v7 n=(2, 3) idf=2.0 dim=2.0 norm=True/geo pw=1.0",v7,"{""denominator"": ""geo"", ""dim"": 2.0, ""idf"": 2.0, ""n"": ""(2, 3)"", ""normalize"": true, ""position_weight"": 1.0}",tune,False,150,1.0,1.0,1.0,1.0,1.0,1.0,58.8672
dblp_acm,"v7 n=(2, 3) idf=3.0 dim=1.0 norm=False/dice pw=0.0",v7,"{""denominator"": ""dice"", ""dim"": 1.0, ""idf"": 3.0, ""n"": ""(2, 3)"", ""normalize"": false, ""position_weight"": 0.0}",tune,False,150,0.99667,0.99667,0.99754,0.99333,1.0,1.0,55.56084
dblp_acm,"v7 n=(2, 3) idf=3.0 dim=1.0 norm=False/dice pw=0.5",v7,"{""denominator"": ""dice"", ""dim"": 1.0, ""idf"": 3.0, ""n"": ""(2, 3)"", ""normalize"": false, ""position_weight"": 0.5}",tune,False,150,0.99667,0.99667,0.99754,0.99333,1.0,1.0,57.87646
dblp_acm,"v7 n=(2, 3) idf=3.0 dim=1.0 norm=False/dice pw=1.0",v7,"{""denominator"": ""dice"", ""dim"": 1.0, ""idf"": 3.0, ""n"": ""(2, 3)"", ""normalize"": false, ""position_weight"": 1.0}",tune,False,150,0.99667,0.99667,0.99754,0.99333,1.0,1.0,56.69962
dblp_acm,"v7 n=(2, 3) idf=3.0 dim=1.0 norm=True/dice pw=0.0",v7,"{""denominator"": ""dice"", ""dim"": 1.0, ""idf"": 3.0, ""n"": ""(2, 3)"", ""normalize"": true, ""position_weight"": 0.0}",tune,False,150,0.99667,0.99667,0.99754,0.99333,1.0,1.0,56.94249
dblp_acm,"v7 n=(2, 3) idf=3.0 dim=1.0 norm=True/dice pw=0.5",v7,"{""denominator"": ""dice"", ""dim"": 1.0, ""idf"": 3.0, ""n"": ""(2, 3)"", ""normalize"": true, ""position_weight"": 0.5}",tune,False,150,1.0,1.0,1.0,1.0,1.0,1.0,56.94343
dblp_acm,"v7 n=(2, 3) idf=3.0 dim=1.0 norm=True/dice pw=1.0",v7,"{""denominator"": ""dice"", ""dim"": 1.0, ""idf"": 3.0, ""n"": ""(2, 3)"", ""normalize"": true, ""position_weight"": 1.0}",tune,False,150,1.0,1.0,1.0,1.0,1.0,1.0,56.52689
dblp_acm,"v7 n=(2, 3) idf=3.0 dim=1.0 norm=True/geo pw=0.0",v7,"{""denominator"": ""geo"", ""dim"": 1.0, ""idf"": 3.0, ""n"": ""(2, 3)"", ""normalize"": true, ""position_weight"": 0.0}",tune,False,150,1.0,1.0,1.0,1.0,1.0,1.0,52.986
dblp_acm,"v7 n=(2, 3) idf=3.0 dim=1.0 norm=True/geo pw=0.5",v7,"{""denominator"": ""geo"", ""dim"": 1.0, ""idf"": 3.0, ""n"": ""(2, 3)"", ""normalize"": true, ""position_weight"": 0.5}",tune,False,150,1.0,1.0,1.0,1.0,1.0,1.0,53.6893
dblp_acm,"v7 n=(2, 3) idf=3.0 dim=1.0 norm=True/geo pw=1.0",v7,"{""denominator"": ""geo"", ""dim"": 1.0, ""idf"": 3.0, ""n"": ""(2, 3)"", ""normalize"": true, ""position_weight"": 1.0}",tune,False,150,1.0,1.0,1.0,1.0,1.0,1.0,54.82462
dblp_acm,"v7 n=(2, 3) idf=3.0 dim=2.0 norm=False/dice pw=0.0",v7,"{""denominator"": ""dice"", ""dim"": 2.0, ""idf"": 3.0, ""n"": ""(2, 3)"", ""normalize"": false, ""position_weight"": 0.0}",tune,False,150,0.99667,0.99667,0.99754,0.99333,1.0,1.0,54.8207
dblp_acm,"v7 n=(2, 3) idf=3.0 dim=2.0 norm=False/dice pw=0.5",v7,"{""denominator"": ""dice"", ""dim"": 2.0, ""idf"": 3.0, ""n"": ""(2, 3)"", ""normalize"": false, ""position_weight"": 0.5}",tune,False,150,0.99333,0.99333,0.99508,0.98667,1.0,1.0,57.37224
dblp_acm,"v7 n=(2, 3) idf=3.0 dim=2.0 norm=False/dice pw=1.0",v7,"{""denominator"": ""dice"", ""dim"": 2.0, ""idf"": 3.0, ""n"": ""(2, 3)"", ""normalize"": false, ""position_weight"": 1.0}",tune,False,150,0.99333,0.99333,0.99508,0.98667,1.0,1.0,57.15636
dblp_acm,"v7 n=(2, 3) idf=3.0 dim=2.0 norm=True/dice pw=0.0",v7,"{""denominator"": ""dice"", ""dim"": 2.0, ""idf"": 3.0, ""n"": ""(2, 3)"", ""normalize"": true, ""position_weight"": 0.0}",tune,False,150,0.99667,0.99667,0.99754,0.99333,1.0,1.0,55.57705
dblp_acm,"v7 n=(2, 3) idf=3.0 dim=2.0 norm=True/dice pw=0.5",v7,"{""denominator"": ""dice"", ""dim"": 2.0, ""idf"": 3.0, ""n"": ""(2, 3)"", ""normalize"": true, ""position_weight"": 0.5}",tune,False,150,1.0,1.0,1.0,1.0,1.0,1.0,58.41032
dblp_acm,"v7 n=(2, 3) idf=3.0 dim=2.0 norm=True/dice pw=1.0",v7,"{""denominator"": ""dice"", ""dim"": 2.0, ""idf"": 3.0, ""n"": ""(2, 3)"", ""normalize"": true, ""position_weight"": 1.0}",tune,False,150,0.99667,0.99667,0.99754,0.99333,1.0,1.0,64.11285
dblp_acm,"v7 n=(2, 3) idf=3.0 dim=2.0 norm=True/geo pw=0.0",v7,"{""denominator"": ""geo"", ""dim"": 2.0, ""idf"": 3.0, ""n"": ""(2, 3)"", ""normalize"": true, ""position_weight"": 0.0}",tune,False,150,1.0,1.0,1.0,1.0,1.0,1.0,63.07735
dblp_acm,"v7 n=(2, 3) idf=3.0 dim=2.0 norm=True/geo pw=0.5",v7,"{""denominator"": ""geo"", ""dim"": 2.0, ""idf"": 3.0, ""n"": ""(2, 3)"", ""normalize"": true, ""position_weight"": 0.5}",tune,False,150,1.0,1.0,1.0,1.0,1.0,1.0,61.17058
dblp_acm,"v7 n=(2, 3) idf=3.0 dim=2.0 norm=True/geo pw=1.0",v7,"{""denominator"": ""geo"", ""dim"": 2.0, ""idf"": 3.0, ""n"": ""(2, 3)"", ""normalize"": true, ""position_weight"": 1.0}",tune,False,150,1.0,1.0,1.0,1.0,1.0,1.0,62.10821
dblp_acm,"v7 n=(2, 4) idf=0.0 dim=1.0 norm=False/dice pw=0.0",v7,"{""denominator"": ""dice"", ""dim"": 1.0, ""idf"": 0.0, ""n"": ""(2, 4)"", ""normalize"": false, ""position_weight"": 0.0}",tune,False,150,0.99667,0.99667,0.99754,0.99333,1.0,1.0,53.467
dblp_acm,"v7 n=(2, 4) idf=0.0 dim=1.0 norm=False/dice pw=0.5",v7,"{""denominator"": ""dice"", ""dim"": 1.0, ""idf"": 0.0, ""n"": ""(2, 4)"", ""normalize"": false, ""position_weight"": 0.5}",tune,False,150,0.99667,0.99667,0.99754,0.99333,1.0,1.0,54.27618
dblp_acm,"v7 n=(2, 4) idf=0.0 dim=1.0 norm=False/dice pw=1.0",v7,"{""denominator"": ""dice"", ""dim"": 1.0, ""idf"": 0.0, ""n"": ""(2, 4)"", ""normalize"": false, ""position_weight"": 1.0}",tune,False,150,0.99667,0.99667,0.99754,0.99333,1.0,1.0,54.37377
dblp_acm,"v7 n=(2, 4) idf=0.0 dim=1.0 norm=True/dice pw=0.0",v7,"{""denominator"": ""dice"", ""dim"": 1.0, ""idf"": 0.0, ""n"": ""(2, 4)"", ""normalize"": true, ""position_weight"": 0.0}",tune,False,150,1.0,1.0,1.0,1.0,1.0,1.0,51.88973
dblp_acm,"v7 n=(2, 4) idf=0.0 dim=1.0 norm=True/dice pw=0.5",v7,"{""denominator"": ""dice"", ""dim"": 1.0, ""idf"": 0.0, ""n"": ""(2, 4)"", ""normalize"": true, ""position_weight"": 0.5}",tune,False,150,1.0,1.0,1.0,1.0,1.0,1.0,53.77773
dblp_acm,"v7 n=(2, 4) idf=0.0 dim=1.0 norm=True/dice pw=1.0",v7,"{""denominator"": ""dice"", ""dim"": 1.0, ""idf"": 0.0, ""n"": ""(2, 4)"", ""normalize"": true, ""position_weight"": 1.0}",tune,False,150,1.0,1.0,1.0,1.0,1.0,1.0,54.37963
dblp_acm,"v7 n=(2, 4) idf=0.0 dim=1.0 norm=True/geo pw=0.0",v7,"{""denominator"": ""geo"", ""dim"": 1.0, ""idf"": 0.0, ""n"": ""(2, 4)"", ""normalize"": true, ""position_weight"": 0.0}",tune,False,150,1.0,1.0,1.0,1.0,1.0,1.0,54.80991
dblp_acm,"v7 n=(2, 4) idf=0.0 dim=1.0 norm=True/geo pw=0.5",v7,"{""denominator"": ""geo"", ""dim"": 1.0, ""idf"": 0.0, ""n"": ""(2, 4)"", ""normalize"": true, ""position_weight"": 0.5}",tune,False,150,1.0,1.0,1.0,1.0,1.0,1.0,55.02659
dblp_acm,"v7 n=(2, 4) idf=0.0 dim=1.0 norm=True/geo pw=1.0",v7,"{""denominator"": ""geo"", ""dim"": 1.0, ""idf"": 0.0, ""n"": ""(2, 4)"", ""normalize"": true, ""position_weight"": 1.0}",tune,False,150,1.0,1.0,1.0,1.0,1.0,1.0,53.48687
dblp_acm,"v7 n=(2, 4) idf=0.0 dim=2.0 norm=False/dice pw=0.0",v7,"{""denominator"": ""dice"", ""dim"": 2.0, ""idf"": 0.0, ""n"": ""(2, 4)"", ""normalize"": false, ""position_weight"": 0.0}",tune,False,150,0.99667,0.99667,0.99754,0.99333,1.0,1.0,51.68194
dblp_acm,"v7 n=(2, 4) idf=0.0 dim=2.0 norm=False/dice pw=0.5",v7,"{""denominator"": ""dice"", ""dim"": 2.0, ""idf"": 0.0, ""n"": ""(2, 4)"", ""normalize"": false, ""position_weight"": 0.5}",tune,False,150,0.99667,0.99667,0.99754,0.99333,1.0,1.0,51.55701
dblp_acm,"v7 n=(2, 4) idf=0.0 dim=2.0 norm=False/dice pw=1.0",v7,"{""denominator"": ""dice"", ""dim"": 2.0, ""idf"": 0.0, ""n"": ""(2, 4)"", ""normalize"": false, ""position_weight"": 1.0}",tune,False,150,0.99667,0.99667,0.99754,0.99333,1.0,1.0,49.43374
dblp_acm,"v7 n=(2, 4) idf=0.0 dim=2.0 norm=True/dice pw=0.0",v7,"{""denominator"": ""dice"", ""dim"": 2.0, ""idf"": 0.0, ""n"": ""(2, 4)"", ""normalize"": true, ""position_weight"": 0.0}",tune,False,150,1.0,1.0,1.0,1.0,1.0,1.0,49.86047
dblp_acm,"v7 n=(2, 4) idf=0.0 dim=2.0 norm=True/dice pw=0.5",v7,"{""denominator"": ""dice"", ""dim"": 2.0, ""idf"": 0.0, ""n"": ""(2, 4)"", ""normalize"": true, ""position_weight"": 0.5}",tune,False,150,1.0,1.0,1.0,1.0,1.0,1.0,49.92587
dblp_acm,"v7 n=(2, 4) idf=0.0 dim=2.0 norm=True/dice pw=1.0",v7,"{""denominator"": ""dice"", ""dim"": 2.0, ""idf"": 0.0, ""n"": ""(2, 4)"", ""normalize"": true, ""position_weight"": 1.0}",tune,False,150,1.0,1.0,1.0,1.0,1.0,1.0,48.8882
dblp_acm,"v7 n=(2, 4) idf=0.0 dim=2.0 norm=True/geo pw=0.0",v7,"{""denominator"": ""geo"", ""dim"": 2.0, ""idf"": 0.0, ""n"": ""(2, 4)"", ""normalize"": true, ""position_weight"": 0.0}",tune,False,150,1.0,1.0,1.0,1.0,1.0,1.0,50.30523
dblp_acm,"v7 n=(2, 4) idf=0.0 dim=2.0 norm=True/geo pw=0.5",v7,"{""denominator"": ""geo"", ""dim"": 2.0, ""idf"": 0.0, ""n"": ""(2, 4)"", ""normalize"": true, ""position_weight"": 0.5}",tune,False,150,1.0,1.0,1.0,1.0,1.0,1.0,49.33443
dblp_acm,"v7 n=(2, 4) idf=0.0 dim=2.0 norm=True/geo pw=1.0",v7,"{""denominator"": ""geo"", ""dim"": 2.0, ""idf"": 0.0, ""n"": ""(2, 4)"", ""normalize"": true, ""position_weight"": 1.0}",tune,False,150,1.0,1.0,1.0,1.0,1.0,1.0,51.78058
dblp_acm,"v7 n=(2, 4) idf=1.0 dim=1.0 norm=False/dice pw=0.0",v7,"{""denominator"": ""dice"", ""dim"": 1.0, ""idf"": 1.0, ""n"": ""(2, 4)"", ""normalize"": false, ""position_weight"": 0.0}",tune,False,150,0.99667,0.99667,0.99754,0.99333,1.0,1.0,49.00061
dblp_acm,"v7 n=(2, 4) idf=1.0 dim=1.0 norm=False/dice pw=0.5",v7,"{""denominator"": ""dice"", ""dim"": 1.0, ""idf"": 1.0, ""n"": ""(2, 4)"", ""normalize"": false, ""position_weight"": 0.5}",tune,False,150,0.99667,0.99667,0.99754,0.99333,1.0,1.0,49.13833
dblp_acm,"v7 n=(2, 4) idf=1.0 dim=1.0 norm=False/dice pw=1.0",v7,"{""denominator"": ""dice"", ""dim"": 1.0, ""idf"": 1.0, ""n"": ""(2, 4)"", ""normalize"": false, ""position_weight"": 1.0}",tune,False,150,0.99667,0.99667,0.99754,0.99333,1.0,1.0,48.77857
dblp_acm,"v7 n=(2, 4) idf=1.0 dim=1.0 norm=True/dice pw=0.0",v7,"{""denominator"": ""dice"", ""dim"": 1.0, ""idf"": 1.0, ""n"": ""(2, 4)"", ""normalize"": true, ""position_weight"": 0.0}",tune,False,150,1.0,1.0,1.0,1.0,1.0,1.0,49.61969
dblp_acm,"v7 n=(2, 4) idf=1.0 dim=1.0 norm=True/dice pw=0.5",v7,"{""denominator"": ""dice"", ""dim"": 1.0, ""idf"": 1.0, ""n"": ""(2, 4)"", ""normalize"": true, ""position_weight"": 0.5}",tune,False,150,1.0,1.0,1.0,1.0,1.0,1.0,51.66894
dblp_acm,"v7 n=(2, 4) idf=1.0 dim=1.0 norm=True/dice pw=1.0",v7,"{""denominator"": ""dice"", ""dim"": 1.0, ""idf"": 1.0, ""n"": ""(2, 4)"", ""normalize"": true, ""position_weight"": 1.0}",tune,False,150,1.0,1.0,1.0,1.0,1.0,1.0,49.28351
dblp_acm,"v7 n=(2, 4) idf=1.0 dim=1.0 norm=True/geo pw=0.0",v7,"{""denominator"": ""geo"", ""dim"": 1.0, ""idf"": 1.0, ""n"": ""(2, 4)"", ""normalize"": true, ""position_weight"": 0.0}",tune,False,150,1.0,1.0,1.0,1.0,1.0,1.0,49.79224
dblp_acm,"v7 n=(2, 4) idf=1.0 dim=1.0 norm=True/geo pw=0.5",v7,"{""denominator"": ""geo"", ""dim"": 1.0, ""idf"": 1.0, ""n"": ""(2, 4)"", ""normalize"": true, ""position_weight"": 0.5}",tune,False,150,1.0,1.0,1.0,1.0,1.0,1.0,54.56521
dblp_acm,"v7 n=(2, 4) idf=1.0 dim=1.0 norm=True/geo pw=1.0",v7,"{""denominator"": ""geo"", ""dim"": 1.0, ""idf"": 1.0, ""n"": ""(2, 4)"", ""normalize"": true, ""position_weight"": 1.0}",tune,False,150,1.0,1.0,1.0,1.0,1.0,1.0,55.08213
dblp_acm,"v7 n=(2, 4) idf=1.0 dim=2.0 norm=False/dice pw=0.0",v7,"{""denominator"": ""dice"", ""dim"": 2.0, ""idf"": 1.0, ""n"": ""(2, 4)"", ""normalize"": false, ""position_weight"": 0.0}",tune,False,150,1.0,1.0,1.0,1.0,1.0,1.0,54.38089
dblp_acm,"v7 n=(2, 4) idf=1.0 dim=2.0 norm=False/dice pw=0.5",v7,"{""denominator"": ""dice"", ""dim"": 2.0, ""idf"": 1.0, ""n"": ""(2, 4)"", ""normalize"": false, ""position_weight"": 0.5}",tune,False,150,1.0,1.0,1.0,1.0,1.0,1.0,54.60518
dblp_acm,"v7 n=(2, 4) idf=1.0 dim=2.0 norm=False/dice pw=1.0",v7,"{""denominator"": ""dice"", ""dim"": 2.0, ""idf"": 1.0, ""n"": ""(2, 4)"", ""normalize"": false, ""position_weight"": 1.0}",tune,False,150,1.0,1.0,1.0,1.0,1.0,1.0,54.65973
dblp_acm,"v7 n=(2, 4) idf=1.0 dim=2.0 norm=True/dice pw=0.0",v7,"{""denominator"": ""dice"", ""dim"": 2.0, ""idf"": 1.0, ""n"": ""(2, 4)"", ""normalize"": true, ""position_weight"": 0.0}",tune,False,150,1.0,1.0,1.0,1.0,1.0,1.0,54.61674
dblp_acm,"v7 n=(2, 4) idf=1.0 dim=2.0 norm=True/dice pw=0.5",v7,"{""denominator"": ""dice"", ""dim"": 2.0, ""idf"": 1.0, ""n"": ""(2, 4)"", ""normalize"": true, ""position_weight"": 0.5}",tune,False,150,1.0,1.0,1.0,1.0,1.0,1.0,54.13724
dblp_acm,"v7 n=(2, 4) idf=1.0 dim=2.0 norm=True/dice pw=1.0",v7,"{""denominator"": ""dice"", ""dim"": 2.0, ""idf"": 1.0, ""n"": ""(2, 4)"", ""normalize"": true, ""position_weight"": 1.0}",tune,False,150,1.0,1.0,1.0,1.0,1.0,1.0,53.03227
dblp_acm,"v7 n=(2, 4) idf=1.0 dim=2.0 norm=True/geo pw=0.0",v7,"{""denominator"": ""geo"", ""dim"": 2.0, ""idf"": 1.0, ""n"": ""(2, 4)"", ""normalize"": true, ""position_weight"": 0.0}",tune,False,150,1.0,1.0,1.0,1.0,1.0,1.0,53.18839
dblp_acm,"v7 n=(2, 4) idf=1.0 dim=2.0 norm=True/geo pw=0.5",v7,"{""denominator"": ""geo"", ""dim"": 2.0, ""idf"": 1.0, ""n"": ""(2, 4)"", ""normalize"": true, ""position_weight"": 0.5}",tune,False,150,1.0,1.0,1.0,1.0,1.0,1.0,51.71677
dblp_acm,"v7 n=(2, 4) idf=1.0 dim=2.0 norm=True/geo pw=1.0",v7,"{""denominator"": ""geo"", ""dim"": 2.0, ""idf"": 1.0, ""n"": ""(2, 4)"", ""normalize"": true, ""position_weight"": 1.0}",tune,False,150,1.0,1.0,1.0,1.0,1.0,1.0,52.97726
dblp_acm,"v7 n=(2, 4) idf=2.0 dim=1.0 norm=False/dice pw=0.0",v7,"{""denominator"": ""dice"", ""dim"": 1.0, ""idf"": 2.0, ""n"": ""(2, 4)"", ""normalize"": false, ""position_weight"": 0.0}",tune,False,150,1.0,1.0,1.0,1.0,1.0,1.0,54.81156
dblp_acm,"v7 n=(2, 4) idf=2.0 dim=1.0 norm=False/dice pw=0.5",v7,"{""denominator"": ""dice"", ""dim"": 1.0, ""idf"": 2.0, ""n"": ""(2, 4)"", ""normalize"": false, ""position_weight"": 0.5}",tune,False,150,1.0,1.0,1.0,1.0,1.0,1.0,52.32333
dblp_acm,"v7 n=(2, 4) idf=2.0 dim=1.0 norm=False/dice pw=1.0",v7,"{""denominator"": ""dice"", ""dim"": 1.0, ""idf"": 2.0, ""n"": ""(2, 4)"", ""normalize"": false, ""position_weight"": 1.0}",tune,False,150,1.0,1.0,1.0,1.0,1.0,1.0,53.18429
dblp_acm,"v7 n=(2, 4) idf=2.0 dim=1.0 norm=True/dice pw=0.0",v7,"{""denominator"": ""dice"", ""dim"": 1.0, ""idf"": 2.0, ""n"": ""(2, 4)"", ""normalize"": true, ""position_weight"": 0.0}",tune,False,150,1.0,1.0,1.0,1.0,1.0,1.0,53.19167
dblp_acm,"v7 n=(2, 4) idf=2.0 dim=1.0 norm=True/dice pw=0.5",v7,"{""denominator"": ""dice"", ""dim"": 1.0, ""idf"": 2.0, ""n"": ""(2, 4)"", ""normalize"": true, ""position_weight"": 0.5}",tune,False,150,1.0,1.0,1.0,1.0,1.0,1.0,51.77906
dblp_acm,"v7 n=(2, 4) idf=2.0 dim=1.0 norm=True/dice pw=1.0",v7,"{""denominator"": ""dice"", ""dim"": 1.0, ""idf"": 2.0, ""n"": ""(2, 4)"", ""normalize"": true, ""position_weight"": 1.0}",tune,False,150,1.0,1.0,1.0,1.0,1.0,1.0,52.4802
dblp_acm,"v7 n=(2, 4) idf=2.0 dim=1.0 norm=True/geo pw=0.0",v7,"{""denominator"": ""geo"", ""dim"": 1.0, ""idf"": 2.0, ""n"": ""(2, 4)"", ""normalize"": true, ""position_weight"": 0.0}",tune,False,150,1.0,1.0,1.0,1.0,1.0,1.0,50.43847
dblp_acm,"v7 n=(2, 4) idf=2.0 dim=1.0 norm=True/geo pw=0.5",v7,"{""denominator"": ""geo"", ""dim"": 1.0, ""idf"": 2.0, ""n"": ""(2, 4)"", ""normalize"": true, ""position_weight"": 0.5}",tune,False,150,1.0,1.0,1.0,1.0,1.0,1.0,49.7753
dblp_acm,"v7 n=(2, 4) idf=2.0 dim=1.0 norm=True/geo pw=1.0",v7,"{""denominator"": ""geo"", ""dim"": 1.0, ""idf"": 2.0, ""n"": ""(2, 4)"", ""normalize"": true, ""position_weight"": 1.0}",tune,False,150,1.0,1.0,1.0,1.0,1.0,1.0,48.56203
dblp_acm,"v7 n=(2, 4) idf=2.0 dim=2.0 norm=False/dice pw=0.0",v7,"{""denominator"": ""dice"", ""dim"": 2.0, ""idf"": 2.0, ""n"": ""(2, 4)"", ""normalize"": false, ""position_weight"": 0.0}",tune,False,150,1.0,1.0,1.0,1.0,1.0,1.0,49.05386
dblp_acm,"v7 n=(2, 4) idf=2.0 dim=2.0 norm=False/dice pw=0.5",v7,"{""denominator"": ""dice"", ""dim"": 2.0, ""idf"": 2.0, ""n"": ""(2, 4)"", ""normalize"": false, ""position_weight"": 0.5}",tune,False,150,1.0,1.0,1.0,1.0,1.0,1.0,47.12108
dblp_acm,"v7 n=(2, 4) idf=2.0 dim=2.0 norm=False/dice pw=1.0",v7,"{""denominator"": ""dice"", ""dim"": 2.0, ""idf"": 2.0, ""n"": ""(2, 4)"", ""normalize"": false, ""position_weight"": 1.0}",tune,False,150,1.0,1.0,1.0,1.0,1.0,1.0,50.35385
dblp_acm,"v7 n=(2, 4) idf=2.0 dim=2.0 norm=True/dice pw=0.0",v7,"{""denominator"": ""dice"", ""dim"": 2.0, ""idf"": 2.0, ""n"": ""(2, 4)"", ""normalize"": true, ""position_weight"": 0.0}",tune,False,150,1.0,1.0,1.0,1.0,1.0,1.0,50.41876
dblp_acm,"v7 n=(2, 4) idf=2.0 dim=2.0 norm=True/dice pw=0.5",v7,"{""denominator"": ""dice"", ""dim"": 2.0, ""idf"": 2.0, ""n"": ""(2, 4)"", ""normalize"": true, ""position_weight"": 0.5}",tune,False,150,1.0,1.0,1.0,1.0,1.0,1.0,49.73839
dblp_acm,"v7 n=(2, 4) idf=2.0 dim=2.0 norm=True/dice pw=1.0",v7,"{""denominator"": ""dice"", ""dim"": 2.0, ""idf"": 2.0, ""n"": ""(2, 4)"", ""normalize"": true, ""position_weight"": 1.0}",tune,False,150,1.0,1.0,1.0,1.0,1.0,1.0,49.9257
dblp_acm,"v7 n=(2, 4) idf=2.0 dim=2.0 norm=True/geo pw=0.0",v7,"{""denominator"": ""geo"", ""dim"": 2.0, ""idf"": 2.0, ""n"": ""(2, 4)"", ""normalize"": true, ""position_weight"": 0.0}",tune,False,150,1.0,1.0,1.0,1.0,1.0,1.0,49.24216
dblp_acm,"v7 n=(2, 4) idf=2.0 dim=2.0 norm=True/geo pw=0.5",v7,"{""denominator"": ""geo"", ""dim"": 2.0, ""idf"": 2.0, ""n"": ""(2, 4)"", ""normalize"": true, ""position_weight"": 0.5}",tune,False,150,1.0,1.0,1.0,1.0,1.0,1.0,48.38474
dblp_acm,"v7 n=(2, 4) idf=2.0 dim=2.0 norm=True/geo pw=1.0",v7,"{""denominator"": ""geo"", ""dim"": 2.0, ""idf"": 2.0, ""n"": ""(2, 4)"", ""normalize"": true, ""position_weight"": 1.0}",tune,False,150,1.0,1.0,1.0,1.0,1.0,1.0,49.82649
dblp_acm,"v7 n=(2, 4) idf=3.0 dim=1.0 norm=False/dice pw=0.0",v7,"{""denominator"": ""dice"", ""dim"": 1.0, ""idf"": 3.0, ""n"": ""(2, 4)"", ""normalize"": false, ""position_weight"": 0.0}",tune,False,150,0.99222,0.99222,0.99421,0.98667,1.0,1.0,49.59685
dblp_acm,"v7 n=(2, 4) idf=3.0 dim=1.0 norm=False/dice pw=0.5",v7,"{""denominator"": ""dice"", ""dim"": 1.0, ""idf"": 3.0, ""n"": ""(2, 4)"", ""normalize"": false, ""position_weight"": 0.5}",tune,False,150,0.99333,0.99333,0.99508,0.98667,1.0,1.0,52.30704
dblp_acm,"v7 n=(2, 4) idf=3.0 dim=1.0 norm=False/dice pw=1.0",v7,"{""denominator"": ""dice"", ""dim"": 1.0, ""idf"": 3.0, ""n"": ""(2, 4)"", ""normalize"": false, ""position_weight"": 1.0}",tune,False,150,0.99,0.99,0.99262,0.98,1.0,1.0,54.20359
dblp_acm,"v7 n=(2, 4) idf=3.0 dim=1.0 norm=True/dice pw=0.0",v7,"{""denominator"": ""dice"", ""dim"": 1.0, ""idf"": 3.0, ""n"": ""(2, 4)"", ""normalize"": true, ""position_weight"": 0.0}",tune,False,150,1.0,1.0,1.0,1.0,1.0,1.0,54.94258
dblp_acm,"v7 n=(2, 4) idf=3.0 dim=1.0 norm=True/dice pw=0.5",v7,"{""denominator"": ""dice"", ""dim"": 1.0, ""idf"": 3.0, ""n"": ""(2, 4)"", ""normalize"": true, ""position_weight"": 0.5}",tune,False,150,1.0,1.0,1.0,1.0,1.0,1.0,55.34637
dblp_acm,"v7 n=(2, 4) idf=3.0 dim=1.0 norm=True/dice pw=1.0",v7,"{""denominator"": ""dice"", ""dim"": 1.0, ""idf"": 3.0, ""n"": ""(2, 4)"", ""normalize"": true, ""position_weight"": 1.0}",tune,False,150,1.0,1.0,1.0,1.0,1.0,1.0,54.78281
dblp_acm,"v7 n=(2, 4) idf=3.0 dim=1.0 norm=True/geo pw=0.0",v7,"{""denominator"": ""geo"", ""dim"": 1.0, ""idf"": 3.0, ""n"": ""(2, 4)"", ""normalize"": true, ""position_weight"": 0.0}",tune,False,150,1.0,1.0,1.0,1.0,1.0,1.0,56.16761
dblp_acm,"v7 n=(2, 4) idf=3.0 dim=1.0 norm=True/geo pw=0.5",v7,"{""denominator"": ""geo"", ""dim"": 1.0, ""idf"": 3.0, ""n"": ""(2, 4)"", ""normalize"": true, ""position_weight"": 0.5}",tune,False,150,1.0,1.0,1.0,1.0,1.0,1.0,53.97446
dblp_acm,"v7 n=(2, 4) idf=3.0 dim=1.0 norm=True/geo pw=1.0",v7,"{""denominator"": ""geo"", ""dim"": 1.0, ""idf"": 3.0, ""n"": ""(2, 4)"", ""normalize"": true, ""position_weight"": 1.0}",tune,False,150,1.0,1.0,1.0,1.0,1.0,1.0,54.12104
dblp_acm,"v7 n=(2, 4) idf=3.0 dim=2.0 norm=False/dice pw=0.0",v7,"{""denominator"": ""dice"", ""dim"": 2.0, ""idf"": 3.0, ""n"": ""(2, 4)"", ""normalize"": false, ""position_weight"": 0.0}",tune,False,150,0.99222,0.99222,0.99421,0.98667,1.0,1.0,54.46319
dblp_acm,"v7 n=(2, 4) idf=3.0 dim=2.0 norm=False/dice pw=0.5",v7,"{""denominator"": ""dice"", ""dim"": 2.0, ""idf"": 3.0, ""n"": ""(2, 4)"", ""normalize"": false, ""position_weight"": 0.5}",tune,False,150,0.99333,0.99333,0.99508,0.98667,1.0,1.0,52.9896
dblp_acm,"v7 n=(2, 4) idf=3.0 dim=2.0 norm=False/dice pw=1.0",v7,"{""denominator"": ""dice"", ""dim"": 2.0, ""idf"": 3.0, ""n"": ""(2, 4)"", ""normalize"": false, ""position_weight"": 1.0}",tune,False,150,0.99,0.99,0.99262,0.98,1.0,1.0,52.7833
dblp_acm,"v7 n=(2, 4) idf=3.0 dim=2.0 norm=True/dice pw=0.0",v7,"{""denominator"": ""dice"", ""dim"": 2.0, ""idf"": 3.0, ""n"": ""(2, 4)"", ""normalize"": true, ""position_weight"": 0.0}",tune,False,150,1.0,1.0,1.0,1.0,1.0,1.0,55.01495
dblp_acm,"v7 n=(2, 4) idf=3.0 dim=2.0 norm=True/dice pw=0.5",v7,"{""denominator"": ""dice"", ""dim"": 2.0, ""idf"": 3.0, ""n"": ""(2, 4)"", ""normalize"": true, ""position_weight"": 0.5}",tune,False,150,1.0,1.0,1.0,1.0,1.0,1.0,54.94125
dblp_acm,"v7 n=(2, 4) idf=3.0 dim=2.0 norm=True/dice pw=1.0",v7,"{""denominator"": ""dice"", ""dim"": 2.0, ""idf"": 3.0, ""n"": ""(2, 4)"", ""normalize"": true, ""position_weight"": 1.0}",tune,False,150,1.0,1.0,1.0,1.0,1.0,1.0,54.50667
dblp_acm,"v7 n=(2, 4) idf=3.0 dim=2.0 norm=True/geo pw=0.0",v7,"{""denominator"": ""geo"", ""dim"": 2.0, ""idf"": 3.0, ""n"": ""(2, 4)"", ""normalize"": true, ""position_weight"": 0.0}",tune,False,150,1.0,1.0,1.0,1.0,1.0,1.0,54.43639
dblp_acm,"v7 n=(2, 4) idf=3.0 dim=2.0 norm=True/geo pw=0.5",v7,"{""denominator"": ""geo"", ""dim"": 2.0, ""idf"": 3.0, ""n"": ""(2, 4)"", ""normalize"": true, ""position_weight"": 0.5}",tune,False,150,1.0,1.0,1.0,1.0,1.0,1.0,51.3773
dblp_acm,"v7 n=(2, 4) idf=3.0 dim=2.0 norm=True/geo pw=1.0",v7,"{""denominator"": ""geo"", ""dim"": 2.0, ""idf"": 3.0, ""n"": ""(2, 4)"", ""normalize"": true, ""position_weight"": 1.0}",tune,False,150,1.0,1.0,1.0,1.0,1.0,1.0,50.90232
dblp_acm,"v7 n=(3, 4) idf=0.0 dim=1.0 norm=False/dice pw=0.0",v7,"{""denominator"": ""dice"", ""dim"": 1.0, ""idf"": 0.0, ""n"": ""(3, 4)"", ""normalize"": false, ""position_weight"": 0.0}",tune,False,150,0.99667,0.99667,0.99754,0.99333,1.0,1.0,18.01345
dblp_acm,"v7 n=(3, 4) idf=0.0 dim=1.0 norm=False/dice pw=0.5",v7,"{""denominator"": ""dice"", ""dim"": 1.0, ""idf"": 0.0, ""n"": ""(3, 4)"", ""normalize"": false, ""position_weight"": 0.5}",tune,False,150,0.99667,0.99667,0.99754,0.99333,1.0,1.0,17.14111
dblp_acm,"v7 n=(3, 4) idf=0.0 dim=1.0 norm=False/dice pw=1.0",v7,"{""denominator"": ""dice"", ""dim"": 1.0, ""idf"": 0.0, ""n"": ""(3, 4)"", ""normalize"": false, ""position_weight"": 1.0}",tune,False,150,0.99667,0.99667,0.99754,0.99333,1.0,1.0,17.25874
dblp_acm,"v7 n=(3, 4) idf=0.0 dim=1.0 norm=True/dice pw=0.0",v7,"{""denominator"": ""dice"", ""dim"": 1.0, ""idf"": 0.0, ""n"": ""(3, 4)"", ""normalize"": true, ""position_weight"": 0.0}",tune,False,150,1.0,1.0,1.0,1.0,1.0,1.0,17.6197
dblp_acm,"v7 n=(3, 4) idf=0.0 dim=1.0 norm=True/dice pw=0.5",v7,"{""denominator"": ""dice"", ""dim"": 1.0, ""idf"": 0.0, ""n"": ""(3, 4)"", ""normalize"": true, ""position_weight"": 0.5}",tune,False,150,1.0,1.0,1.0,1.0,1.0,1.0,16.50499
dblp_acm,"v7 n=(3, 4) idf=0.0 dim=1.0 norm=True/dice pw=1.0",v7,"{""denominator"": ""dice"", ""dim"": 1.0, ""idf"": 0.0, ""n"": ""(3, 4)"", ""normalize"": true, ""position_weight"": 1.0}",tune,False,150,1.0,1.0,1.0,1.0,1.0,1.0,17.75053
dblp_acm,"v7 n=(3, 4) idf=0.0 dim=1.0 norm=True/geo pw=0.0",v7,"{""denominator"": ""geo"", ""dim"": 1.0, ""idf"": 0.0, ""n"": ""(3, 4)"", ""normalize"": true, ""position_weight"": 0.0}",tune,False,150,1.0,1.0,1.0,1.0,1.0,1.0,16.32215
dblp_acm,"v7 n=(3, 4) idf=0.0 dim=1.0 norm=True/geo pw=0.5",v7,"{""denominator"": ""geo"", ""dim"": 1.0, ""idf"": 0.0, ""n"": ""(3, 4)"", ""normalize"": true, ""position_weight"": 0.5}",tune,False,150,1.0,1.0,1.0,1.0,1.0,1.0,17.51158
dblp_acm,"v7 n=(3, 4) idf=0.0 dim=1.0 norm=True/geo pw=1.0",v7,"{""denominator"": ""geo"", ""dim"": 1.0, ""idf"": 0.0, ""n"": ""(3, 4)"", ""normalize"": true, ""position_weight"": 1.0}",tune,False,150,1.0,1.0,1.0,1.0,1.0,1.0,16.92988
dblp_acm,"v7 n=(3, 4) idf=0.0 dim=2.0 norm=False/dice pw=0.0",v7,"{""denominator"": ""dice"", ""dim"": 2.0, ""idf"": 0.0, ""n"": ""(3, 4)"", ""normalize"": false, ""position_weight"": 0.0}",tune,False,150,0.99667,0.99667,0.99754,0.99333,1.0,1.0,17.51876
dblp_acm,"v7 n=(3, 4) idf=0.0 dim=2.0 norm=False/dice pw=0.5",v7,"{""denominator"": ""dice"", ""dim"": 2.0, ""idf"": 0.0, ""n"": ""(3, 4)"", ""normalize"": false, ""position_weight"": 0.5}",tune,False,150,0.99667,0.99667,0.99754,0.99333,1.0,1.0,17.37496
dblp_acm,"v7 n=(3, 4) idf=0.0 dim=2.0 norm=False/dice pw=1.0",v7,"{""denominator"": ""dice"", ""dim"": 2.0, ""idf"": 0.0, ""n"": ""(3, 4)"", ""normalize"": false, ""position_weight"": 1.0}",tune,False,150,0.99667,0.99667,0.99754,0.99333,1.0,1.0,18.41644
dblp_acm,"v7 n=(3, 4) idf=0.0 dim=2.0 norm=True/dice pw=0.0",v7,"{""denominator"": ""dice"", ""dim"": 2.0, ""idf"": 0.0, ""n"": ""(3, 4)"", ""normalize"": true, ""position_weight"": 0.0}",tune,False,150,1.0,1.0,1.0,1.0,1.0,1.0,17.7457
dblp_acm,"v7 n=(3, 4) idf=0.0 dim=2.0 norm=True/dice pw=0.5",v7,"{""denominator"": ""dice"", ""dim"": 2.0, ""idf"": 0.0, ""n"": ""(3, 4)"", ""normalize"": true, ""position_weight"": 0.5}",tune,False,150,1.0,1.0,1.0,1.0,1.0,1.0,17.04159
dblp_acm,"v7 n=(3, 4) idf=0.0 dim=2.0 norm=True/dice pw=1.0",v7,"{""denominator"": ""dice"", ""dim"": 2.0, ""idf"": 0.0, ""n"": ""(3, 4)"", ""normalize"": true, ""position_weight"": 1.0}",tune,False,150,1.0,1.0,1.0,1.0,1.0,1.0,18.13705
dblp_acm,"v7 n=(3, 4) idf=0.0 dim=2.0 norm=True/geo pw=0.0",v7,"{""denominator"": ""geo"", ""dim"": 2.0, ""idf"": 0.0, ""n"": ""(3, 4)"", ""normalize"": true, ""position_weight"": 0.0}",tune,False,150,1.0,1.0,1.0,1.0,1.0,1.0,18.32117
dblp_acm,"v7 n=(3, 4) idf=0.0 dim=2.0 norm=True/geo pw=0.5",v7,"{""denominator"": ""geo"", ""dim"": 2.0, ""idf"": 0.0, ""n"": ""(3, 4)"", ""normalize"": true, ""position_weight"": 0.5}",tune,False,150,1.0,1.0,1.0,1.0,1.0,1.0,17.63297
dblp_acm,"v7 n=(3, 4) idf=0.0 dim=2.0 norm=True/geo pw=1.0",v7,"{""denominator"": ""geo"", ""dim"": 2.0, ""idf"": 0.0, ""n"": ""(3, 4)"", ""normalize"": true, ""position_weight"": 1.0}",tune,False,150,1.0,1.0,1.0,1.0,1.0,1.0,17.22132
dblp_acm,"v7 n=(3, 4) idf=1.0 dim=1.0 norm=False/dice pw=0.0",v7,"{""denominator"": ""dice"", ""dim"": 1.0, ""idf"": 1.0, ""n"": ""(3, 4)"", ""normalize"": false, ""position_weight"": 0.0}",tune,False,150,1.0,1.0,1.0,1.0,1.0,1.0,19.20527
dblp_acm,"v7 n=(3, 4) idf=1.0 dim=1.0 norm=False/dice pw=0.5",v7,"{""denominator"": ""dice"", ""dim"": 1.0, ""idf"": 1.0, ""n"": ""(3, 4)"", ""normalize"": false, ""position_weight"": 0.5}",tune,False,150,0.99667,0.99667,0.99754,0.99333,1.0,1.0,17.98636
dblp_acm,"v7 n=(3, 4) idf=1.0 dim=1.0 norm=False/dice pw=1.0",v7,"{""denominator"": ""dice"", ""dim"": 1.0, ""idf"": 1.0, ""n"": ""(3, 4)"", ""normalize"": false, ""position_weight"": 1.0}",tune,False,150,0.99667,0.99667,0.99754,0.99333,1.0,1.0,18.31993
dblp_acm,"v7 n=(3, 4) idf=1.0 dim=1.0 norm=True/dice pw=0.0",v7,"{""denominator"": ""dice"", ""dim"": 1.0, ""idf"": 1.0, ""n"": ""(3, 4)"", ""normalize"": true, ""position_weight"": 0.0}",tune,False,150,1.0,1.0,1.0,1.0,1.0,1.0,18.17505
dblp_acm,"v7 n=(3, 4) idf=1.0 dim=1.0 norm=True/dice pw=0.5",v7,"{""denominator"": ""dice"", ""dim"": 1.0, ""idf"": 1.0, ""n"": ""(3, 4)"", ""normalize"": true, ""position_weight"": 0.5}",tune,False,150,1.0,1.0,1.0,1.0,1.0,1.0,17.2601
dblp_acm,"v7 n=(3, 4) idf=1.0 dim=1.0 norm=True/dice pw=1.0",v7,"{""denominator"": ""dice"", ""dim"": 1.0, ""idf"": 1.0, ""n"": ""(3, 4)"", ""normalize"": true, ""position_weight"": 1.0}",tune,False,150,1.0,1.0,1.0,1.0,1.0,1.0,17.65307
dblp_acm,"v7 n=(3, 4) idf=1.0 dim=1.0 norm=True/geo pw=0.0",v7,"{""denominator"": ""geo"", ""dim"": 1.0, ""idf"": 1.0, ""n"": ""(3, 4)"", ""normalize"": true, ""position_weight"": 0.0}",tune,False,150,1.0,1.0,1.0,1.0,1.0,1.0,18.65852
dblp_acm,"v7 n=(3, 4) idf=1.0 dim=1.0 norm=True/geo pw=0.5",v7,"{""denominator"": ""geo"", ""dim"": 1.0, ""idf"": 1.0, ""n"": ""(3, 4)"", ""normalize"": true, ""position_weight"": 0.5}",tune,False,150,1.0,1.0,1.0,1.0,1.0,1.0,17.62636
dblp_acm,"v7 n=(3, 4) idf=1.0 dim=1.0 norm=True/geo pw=1.0",v7,"{""denominator"": ""geo"", ""dim"": 1.0, ""idf"": 1.0, ""n"": ""(3, 4)"", ""normalize"": true, ""position_weight"": 1.0}",tune,False,150,1.0,1.0,1.0,1.0,1.0,1.0,17.89297
dblp_acm,"v7 n=(3, 4) idf=1.0 dim=2.0 norm=False/dice pw=0.0",v7,"{""denominator"": ""dice"", ""dim"": 2.0, ""idf"": 1.0, ""n"": ""(3, 4)"", ""normalize"": false, ""position_weight"": 0.0}",tune,False,150,1.0,1.0,1.0,1.0,1.0,1.0,17.35058
dblp_acm,"v7 n=(3, 4) idf=1.0 dim=2.0 norm=False/dice pw=0.5",v7,"{""denominator"": ""dice"", ""dim"": 2.0, ""idf"": 1.0, ""n"": ""(3, 4)"", ""normalize"": false, ""position_weight"": 0.5}",tune,False,150,1.0,1.0,1.0,1.0,1.0,1.0,17.65379
dblp_acm,"v7 n=(3, 4) idf=1.0 dim=2.0 norm=False/dice pw=1.0",v7,"{""denominator"": ""dice"", ""dim"": 2.0, ""idf"": 1.0, ""n"": ""(3, 4)"", ""normalize"": false, ""position_weight"": 1.0}",tune,False,150,0.99667,0.99667,0.99754,0.99333,1.0,1.0,17.89663
dblp_acm,"v7 n=(3, 4) idf=1.0 dim=2.0 norm=True/dice pw=0.0",v7,"{""denominator"": ""dice"", ""dim"": 2.0, ""idf"": 1.0, ""n"": ""(3, 4)"", ""normalize"": true, ""position_weight"": 0.0}",tune,False,150,1.0,1.0,1.0,1.0,1.0,1.0,17.86058
dblp_acm,"v7 n=(3, 4) idf=1.0 dim=2.0 norm=True/dice pw=0.5",v7,"{""denominator"": ""dice"", ""dim"": 2.0, ""idf"": 1.0, ""n"": ""(3, 4)"", ""normalize"": true, ""position_weight"": 0.5}",tune,False,150,1.0,1.0,1.0,1.0,1.0,1.0,18.41649
dblp_acm,"v7 n=(3, 4) idf=1.0 dim=2.0 norm=True/dice pw=1.0",v7,"{""denominator"": ""dice"", ""dim"": 2.0, ""idf"": 1.0, ""n"": ""(3, 4)"", ""normalize"": true, ""position_weight"": 1.0}",tune,False,150,1.0,1.0,1.0,1.0,1.0,1.0,18.45299
dblp_acm,"v7 n=(3, 4) idf=1.0 dim=2.0 norm=True/geo pw=0.0",v7,"{""denominator"": ""geo"", ""dim"": 2.0, ""idf"": 1.0, ""n"": ""(3, 4)"", ""normalize"": true, ""position_weight"": 0.0}",tune,False,150,1.0,1.0,1.0,1.0,1.0,1.0,18.39713
dblp_acm,"v7 n=(3, 4) idf=1.0 dim=2.0 norm=True/geo pw=0.5",v7,"{""denominator"": ""geo"", ""dim"": 2.0, ""idf"": 1.0, ""n"": ""(3, 4)"", ""normalize"": true, ""position_weight"": 0.5}",tune,False,150,1.0,1.0,1.0,1.0,1.0,1.0,18.44286
dblp_acm,"v7 n=(3, 4) idf=1.0 dim=2.0 norm=True/geo pw=1.0",v7,"{""denominator"": ""geo"", ""dim"": 2.0, ""idf"": 1.0, ""n"": ""(3, 4)"", ""normalize"": true, ""position_weight"": 1.0}",tune,False,150,1.0,1.0,1.0,1.0,1.0,1.0,17.58078
dblp_acm,"v7 n=(3, 4) idf=2.0 dim=1.0 norm=False/dice pw=0.0",v7,"{""denominator"": ""dice"", ""dim"": 1.0, ""idf"": 2.0, ""n"": ""(3, 4)"", ""normalize"": false, ""position_weight"": 0.0}",tune,False,150,1.0,1.0,1.0,1.0,1.0,1.0,18.81297
dblp_acm,"v7 n=(3, 4) idf=2.0 dim=1.0 norm=False/dice pw=0.5",v7,"{""denominator"": ""dice"", ""dim"": 1.0, ""idf"": 2.0, ""n"": ""(3, 4)"", ""normalize"": false, ""position_weight"": 0.5}",tune,False,150,1.0,1.0,1.0,1.0,1.0,1.0,19.27802
dblp_acm,"v7 n=(3, 4) idf=2.0 dim=1.0 norm=False/dice pw=1.0",v7,"{""denominator"": ""dice"", ""dim"": 1.0, ""idf"": 2.0, ""n"": ""(3, 4)"", ""normalize"": false, ""position_weight"": 1.0}",tune,False,150,1.0,1.0,1.0,1.0,1.0,1.0,20.2923
dblp_acm,"v7 n=(3, 4) idf=2.0 dim=1.0 norm=True/dice pw=0.0",v7,"{""denominator"": ""dice"", ""dim"": 1.0, ""idf"": 2.0, ""n"": ""(3, 4)"", ""normalize"": true, ""position_weight"": 0.0}",tune,False,150,1.0,1.0,1.0,1.0,1.0,1.0,20.50181
dblp_acm,"v7 n=(3, 4) idf=2.0 dim=1.0 norm=True/dice pw=0.5",v7,"{""denominator"": ""dice"", ""dim"": 1.0, ""idf"": 2.0, ""n"": ""(3, 4)"", ""normalize"": true, ""position_weight"": 0.5}",tune,False,150,1.0,1.0,1.0,1.0,1.0,1.0,19.98635
dblp_acm,"v7 n=(3, 4) idf=2.0 dim=1.0 norm=True/dice pw=1.0",v7,"{""denominator"": ""dice"", ""dim"": 1.0, ""idf"": 2.0, ""n"": ""(3, 4)"", ""normalize"": true, ""position_weight"": 1.0}",tune,False,150,1.0,1.0,1.0,1.0,1.0,1.0,19.13039
dblp_acm,"v7 n=(3, 4) idf=2.0 dim=1.0 norm=True/geo pw=0.0",v7,"{""denominator"": ""geo"", ""dim"": 1.0, ""idf"": 2.0, ""n"": ""(3, 4)"", ""normalize"": true, ""position_weight"": 0.0}",tune,False,150,1.0,1.0,1.0,1.0,1.0,1.0,20.09158
dblp_acm,"v7 n=(3, 4) idf=2.0 dim=1.0 norm=True/geo pw=0.5",v7,"{""denominator"": ""geo"", ""dim"": 1.0, ""idf"": 2.0, ""n"": ""(3, 4)"", ""normalize"": true, ""position_weight"": 0.5}",tune,False,150,1.0,1.0,1.0,1.0,1.0,1.0,19.95444
dblp_acm,"v7 n=(3, 4) idf=2.0 dim=1.0 norm=True/geo pw=1.0",v7,"{""denominator"": ""geo"", ""dim"": 1.0, ""idf"": 2.0, ""n"": ""(3, 4)"", ""normalize"": true, ""position_weight"": 1.0}",tune,False,150,1.0,1.0,1.0,1.0,1.0,1.0,19.13722
dblp_acm,"v7 n=(3, 4) idf=2.0 dim=2.0 norm=False/dice pw=0.0",v7,"{""denominator"": ""dice"", ""dim"": 2.0, ""idf"": 2.0, ""n"": ""(3, 4)"", ""normalize"": false, ""position_weight"": 0.0}",tune,False,150,1.0,1.0,1.0,1.0,1.0,1.0,19.37118
dblp_acm,"v7 n=(3, 4) idf=2.0 dim=2.0 norm=False/dice pw=0.5",v7,"{""denominator"": ""dice"", ""dim"": 2.0, ""idf"": 2.0, ""n"": ""(3, 4)"", ""normalize"": false, ""position_weight"": 0.5}",tune,False,150,1.0,1.0,1.0,1.0,1.0,1.0,20.76512
dblp_acm,"v7 n=(3, 4) idf=2.0 dim=2.0 norm=False/dice pw=1.0",v7,"{""denominator"": ""dice"", ""dim"": 2.0, ""idf"": 2.0, ""n"": ""(3, 4)"", ""normalize"": false, ""position_weight"": 1.0}",tune,False,150,1.0,1.0,1.0,1.0,1.0,1.0,20.03651
dblp_acm,"v7 n=(3, 4) idf=2.0 dim=2.0 norm=True/dice pw=0.0",v7,"{""denominator"": ""dice"", ""dim"": 2.0, ""idf"": 2.0, ""n"": ""(3, 4)"", ""normalize"": true, ""position_weight"": 0.0}",tune,False,150,1.0,1.0,1.0,1.0,1.0,1.0,20.19119
dblp_acm,"v7 n=(3, 4) idf=2.0 dim=2.0 norm=True/dice pw=0.5",v7,"{""denominator"": ""dice"", ""dim"": 2.0, ""idf"": 2.0, ""n"": ""(3, 4)"", ""normalize"": true, ""position_weight"": 0.5}",tune,False,150,1.0,1.0,1.0,1.0,1.0,1.0,20.83376
dblp_acm,"v7 n=(3, 4) idf=2.0 dim=2.0 norm=True/dice pw=1.0",v7,"{""denominator"": ""dice"", ""dim"": 2.0, ""idf"": 2.0, ""n"": ""(3, 4)"", ""normalize"": true, ""position_weight"": 1.0}",tune,False,150,1.0,1.0,1.0,1.0,1.0,1.0,19.81409
dblp_acm,"v7 n=(3, 4) idf=2.0 dim=2.0 norm=True/geo pw=0.0",v7,"{""denominator"": ""geo"", ""dim"": 2.0, ""idf"": 2.0, ""n"": ""(3, 4)"", ""normalize"": true, ""position_weight"": 0.0}",tune,False,150,1.0,1.0,1.0,1.0,1.0,1.0,18.88297
dblp_acm,"v7 n=(3, 4) idf=2.0 dim=2.0 norm=True/geo pw=0.5",v7,"{""denominator"": ""geo"", ""dim"": 2.0, ""idf"": 2.0, ""n"": ""(3, 4)"", ""normalize"": true, ""position_weight"": 0.5}",tune,False,150,1.0,1.0,1.0,1.0,1.0,1.0,20.22378
dblp_acm,"v7 n=(3, 4) idf=2.0 dim=2.0 norm=True/geo pw=1.0",v7,"{""denominator"": ""geo"", ""dim"": 2.0, ""idf"": 2.0, ""n"": ""(3, 4)"", ""normalize"": true, ""position_weight"": 1.0}",tune,False,150,1.0,1.0,1.0,1.0,1.0,1.0,20.06172
dblp_acm,"v7 n=(3, 4) idf=3.0 dim=1.0 norm=False/dice pw=0.0",v7,"{""denominator"": ""dice"", ""dim"": 1.0, ""idf"": 3.0, ""n"": ""(3, 4)"", ""normalize"": false, ""position_weight"": 0.0}",tune,False,150,0.99333,0.99333,0.99508,0.98667,1.0,1.0,19.04875
dblp_acm,"v7 n=(3, 4) idf=3.0 dim=1.0 norm=False/dice pw=0.5",v7,"{""denominator"": ""dice"", ""dim"": 1.0, ""idf"": 3.0, ""n"": ""(3, 4)"", ""normalize"": false, ""position_weight"": 0.5}",tune,False,150,0.99333,0.99333,0.99508,0.98667,1.0,1.0,18.52432
dblp_acm,"v7 n=(3, 4) idf=3.0 dim=1.0 norm=False/dice pw=1.0",v7,"{""denominator"": ""dice"", ""dim"": 1.0, ""idf"": 3.0, ""n"": ""(3, 4)"", ""normalize"": false, ""position_weight"": 1.0}",tune,False,150,0.99,0.99,0.99262,0.98,1.0,1.0,19.0713
dblp_acm,"v7 n=(3, 4) idf=3.0 dim=1.0 norm=True/dice pw=0.0",v7,"{""denominator"": ""dice"", ""dim"": 1.0, ""idf"": 3.0, ""n"": ""(3, 4)"", ""normalize"": true, ""position_weight"": 0.0}",tune,False,150,1.0,1.0,1.0,1.0,1.0,1.0,19.44273
dblp_acm,"v7 n=(3, 4) idf=3.0 dim=1.0 norm=True/dice pw=0.5",v7,"{""denominator"": ""dice"", ""dim"": 1.0, ""idf"": 3.0, ""n"": ""(3, 4)"", ""normalize"": true, ""position_weight"": 0.5}",tune,False,150,1.0,1.0,1.0,1.0,1.0,1.0,19.31322
dblp_acm,"v7 n=(3, 4) idf=3.0 dim=1.0 norm=True/dice pw=1.0",v7,"{""denominator"": ""dice"", ""dim"": 1.0, ""idf"": 3.0, ""n"": ""(3, 4)"", ""normalize"": true, ""position_weight"": 1.0}",tune,False,150,1.0,1.0,1.0,1.0,1.0,1.0,19.90692
dblp_acm,"v7 n=(3, 4) idf=3.0 dim=1.0 norm=True/geo pw=0.0",v7,"{""denominator"": ""geo"", ""dim"": 1.0, ""idf"": 3.0, ""n"": ""(3, 4)"", ""normalize"": true, ""position_weight"": 0.0}",tune,False,150,1.0,1.0,1.0,1.0,1.0,1.0,18.77416
dblp_acm,"v7 n=(3, 4) idf=3.0 dim=1.0 norm=True/geo pw=0.5",v7,"{""denominator"": ""geo"", ""dim"": 1.0, ""idf"": 3.0, ""n"": ""(3, 4)"", ""normalize"": true, ""position_weight"": 0.5}",tune,False,150,1.0,1.0,1.0,1.0,1.0,1.0,19.4096
dblp_acm,"v7 n=(3, 4) idf=3.0 dim=1.0 norm=True/geo pw=1.0",v7,"{""denominator"": ""geo"", ""dim"": 1.0, ""idf"": 3.0, ""n"": ""(3, 4)"", ""normalize"": true, ""position_weight"": 1.0}",tune,False,150,1.0,1.0,1.0,1.0,1.0,1.0,19.96609
dblp_acm,"v7 n=(3, 4) idf=3.0 dim=2.0 norm=False/dice pw=0.0",v7,"{""denominator"": ""dice"", ""dim"": 2.0, ""idf"": 3.0, ""n"": ""(3, 4)"", ""normalize"": false, ""position_weight"": 0.0}",tune,False,150,0.99222,0.99222,0.99421,0.98667,1.0,1.0,19.22297
dblp_acm,"v7 n=(3, 4) idf=3.0 dim=2.0 norm=False/dice pw=0.5",v7,"{""denominator"": ""dice"", ""dim"": 2.0, ""idf"": 3.0, ""n"": ""(3, 4)"", ""normalize"": false, ""position_weight"": 0.5}",tune,False,150,0.99333,0.99333,0.99508,0.98667,1.0,1.0,19.75031
dblp_acm,"v7 n=(3, 4) idf=3.0 dim=2.0 norm=False/dice pw=1.0",v7,"{""denominator"": ""dice"", ""dim"": 2.0, ""idf"": 3.0, ""n"": ""(3, 4)"", ""normalize"": false, ""position_weight"": 1.0}",tune,False,150,0.99,0.99,0.99262,0.98,1.0,1.0,19.1133
dblp_acm,"v7 n=(3, 4) idf=3.0 dim=2.0 norm=True/dice pw=0.0",v7,"{""denominator"": ""dice"", ""dim"": 2.0, ""idf"": 3.0, ""n"": ""(3, 4)"", ""normalize"": true, ""position_weight"": 0.0}",tune,False,150,1.0,1.0,1.0,1.0,1.0,1.0,19.2592
dblp_acm,"v7 n=(3, 4) idf=3.0 dim=2.0 norm=True/dice pw=0.5",v7,"{""denominator"": ""dice"", ""dim"": 2.0, ""idf"": 3.0, ""n"": ""(3, 4)"", ""normalize"": true, ""position_weight"": 0.5}",tune,False,150,1.0,1.0,1.0,1.0,1.0,1.0,19.61391
dblp_acm,"v7 n=(3, 4) idf=3.0 dim=2.0 norm=True/dice pw=1.0",v7,"{""denominator"": ""dice"", ""dim"": 2.0, ""idf"": 3.0, ""n"": ""(3, 4)"", ""normalize"": true, ""position_weight"": 1.0}",tune,False,150,1.0,1.0,1.0,1.0,1.0,1.0,20.03893
dblp_acm,"v7 n=(3, 4) idf=3.0 dim=2.0 norm=True/geo pw=0.0",v7,"{""denominator"": ""geo"", ""dim"": 2.0, ""idf"": 3.0, ""n"": ""(3, 4)"", ""normalize"": true, ""position_weight"": 0.0}",tune,False,150,1.0,1.0,1.0,1.0,1.0,1.0,20.83367
dblp_acm,"v7 n=(3, 4) idf=3.0 dim=2.0 norm=True/geo pw=0.5",v7,"{""denominator"": ""geo"", ""dim"": 2.0, ""idf"": 3.0, ""n"": ""(3, 4)"", ""normalize"": true, ""position_weight"": 0.5}",tune,False,150,1.0,1.0,1.0,1.0,1.0,1.0,19.47573
dblp_acm,"v7 n=(3, 4) idf=3.0 dim=2.0 norm=True/geo pw=1.0",v7,"{""denominator"": ""geo"", ""dim"": 2.0, ""idf"": 3.0, ""n"": ""(3, 4)"", ""normalize"": true, ""position_weight"": 1.0}",tune,False,150,1.0,1.0,1.0,1.0,1.0,1.0,18.85033
dblp_acm,"v7 n=(2,) idf=0.0 dim=1.0 norm=True/dice pw=0.0",v7,"{""denominator"": ""dice"", ""dim"": 1.0, ""idf"": 0.0, ""n"": ""(2,)"", ""normalize"": true, ""position_weight"": 0.0}",test,True,150,0.99333,0.99333,0.99508,0.98667,1.0,1.0,49.03864
dblp_acm,v7 default,v7_default,"{""denominator"": ""dice"", ""dim"": 1.0, ""idf"": 0.0, ""n"": ""(2, 4)"", ""normalize"": true, ""position_weight"": 1.0}",test,True,150,0.99333,0.99333,0.99508,0.98667,1.0,1.0,54.00114
dblp_acm,"v7 n=(2,) idf=0.0 dim=1.0 norm=True/dice pw=0.0",v7_pw0.0,"{""denominator"": ""dice"", ""dim"": 1.0, ""idf"": 0.0, ""n"": ""(2,)"", ""normalize"": true, ""position_weight"": 0.0}",test,True,150,0.99333,0.99333,0.99508,0.98667,1.0,1.0,46.74898
dblp_acm,"v7 n=(2,) idf=0.0 dim=1.0 norm=True/dice pw=0.5",v7_pw0.5,"{""denominator"": ""dice"", ""dim"": 1.0, ""idf"": 0.0, ""n"": ""(2,)"", ""normalize"": true, ""position_weight"": 0.5}",test,True,150,0.99333,0.99333,0.99508,0.98667,1.0,1.0,46.61878
dblp_acm,"v7 n=(2,) idf=0.0 dim=1.0 norm=True/dice pw=1.0",v7_pw1.0,"{""denominator"": ""dice"", ""dim"": 1.0, ""idf"": 0.0, ""n"": ""(2,)"", ""normalize"": true, ""position_weight"": 1.0}",test,True,150,0.99333,0.99333,0.99508,0.98667,1.0,1.0,46.86676
dblp_acm,v7 top-50 reranked by bm25_char,v7>bm25_char,"{""depth"": 50}",test,True,150,1.0,1.0,1.0,1.0,1.0,1.0,50.69404
dblp_acm,"bm25_char n=(2,) k1=0.5 b=0.3 idf^1.0",bm25_char,"{""b"": 0.3, ""idf_exp"": 1.0, ""k1"": 0.5, ""n"": ""(2,)""}",tune,False,150,0.99667,0.99667,0.99754,0.99333,1.0,1.0,8.07969
dblp_acm,"bm25_char n=(2,) k1=0.5 b=0.3 idf^2.0",bm25_char,"{""b"": 0.3, ""idf_exp"": 2.0, ""k1"": 0.5, ""n"": ""(2,)""}",tune,False,150,0.99667,0.99667,0.99754,0.99333,1.0,1.0,9.00733
dblp_acm,"bm25_char n=(2,) k1=0.5 b=0.3 idf^3.0",bm25_char,"{""b"": 0.3, ""idf_exp"": 3.0, ""k1"": 0.5, ""n"": ""(2,)""}",tune,False,150,0.98595,0.98595,0.9893,0.98,1.0,1.0,8.57325
dblp_acm,"bm25_char n=(2,) k1=0.5 b=0.75 idf^1.0",bm25_char,"{""b"": 0.75, ""idf_exp"": 1.0, ""k1"": 0.5, ""n"": ""(2,)""}",tune,False,150,0.99667,0.99667,0.99754,0.99333,1.0,1.0,9.57967
dblp_acm,"bm25_char n=(2,) k1=0.5 b=0.75 idf^2.0",bm25_char,"{""b"": 0.75, ""idf_exp"": 2.0, ""k1"": 0.5, ""n"": ""(2,)""}",tune,False,150,0.99667,0.99667,0.99754,0.99333,1.0,1.0,8.55215
dblp_acm,"bm25_char n=(2,) k1=0.5 b=0.75 idf^3.0",bm25_char,"{""b"": 0.75, ""idf_exp"": 3.0, ""k1"": 0.5, ""n"": ""(2,)""}",tune,False,150,0.98578,0.98578,0.98916,0.98,1.0,1.0,9.13847
dblp_acm,"bm25_char n=(2,) k1=0.5 b=1.0 idf^1.0",bm25_char,"{""b"": 1.0, ""idf_exp"": 1.0, ""k1"": 0.5, ""n"": ""(2,)""}",tune,False,150,1.0,1.0,1.0,1.0,1.0,1.0,8.16979
dblp_acm,"bm25_char n=(2,) k1=0.5 b=1.0 idf^2.0",bm25_char,"{""b"": 1.0, ""idf_exp"": 2.0, ""k1"": 0.5, ""n"": ""(2,)""}",tune,False,150,1.0,1.0,1.0,1.0,1.0,1.0,7.83543
dblp_acm,"bm25_char n=(2,) k1=0.5 b=1.0 idf^3.0",bm25_char,"{""b"": 1.0, ""idf_exp"": 3.0, ""k1"": 0.5, ""n"": ""(2,)""}",tune,False,150,0.98633,0.98633,0.98966,0.98,1.0,1.0,8.76439
dblp_acm,"bm25_char n=(2,) k1=1.2 b=0.3 idf^1.0",bm25_char,"{""b"": 0.3, ""idf_exp"": 1.0, ""k1"": 1.2, ""n"": ""(2,)""}",tune,False,150,0.99167,0.99167,0.99374,0.98667,1.0,1.0,8.34268
dblp_acm,"bm25_char n=(2,) k1=1.2 b=0.3 idf^2.0",bm25_char,"{""b"": 0.3, ""idf_exp"": 2.0, ""k1"": 1.2, ""n"": ""(2,)""}",tune,False,150,0.99333,0.99333,0.99508,0.98667,1.0,1.0,9.74247
dblp_acm,"bm25_char n=(2,) k1=1.2 b=0.3 idf^3.0",bm25_char,"{""b"": 0.3, ""idf_exp"": 3.0, ""k1"": 1.2, ""n"": ""(2,)""}",tune,False,150,0.97179,0.97179,0.97869,0.95333,1.0,1.0,10.92053
dblp_acm,"bm25_char n=(2,) k1=1.2 b=0.75 idf^1.0",bm25_char,"{""b"": 0.75, ""idf_exp"": 1.0, ""k1"": 1.2, ""n"": ""(2,)""}",tune,False,150,1.0,1.0,1.0,1.0,1.0,1.0,11.72512
dblp_acm,"bm25_char n=(2,) k1=1.2 b=0.75 idf^2.0",bm25_char,"{""b"": 0.75, ""idf_exp"": 2.0, ""k1"": 1.2, ""n"": ""(2,)""}",tune,False,150,1.0,1.0,1.0,1.0,1.0,1.0,9.17446
dblp_acm,"bm25_char n=(2,) k1=1.2 b=0.75 idf^3.0",bm25_char,"{""b"": 0.75, ""idf_exp"": 3.0, ""k1"": 1.2, ""n"": ""(2,)""}",tune,False,150,0.97806,0.97806,0.98339,0.96667,1.0,1.0,8.73521
dblp_acm,"bm25_char n=(2,) k1=1.2 b=1.0 idf^1.0",bm25_char,"{""b"": 1.0, ""idf_exp"": 1.0, ""k1"": 1.2, ""n"": ""(2,)""}",tune,False,150,1.0,1.0,1.0,1.0,1.0,1.0,9.68653
dblp_acm,"bm25_char n=(2,) k1=1.2 b=1.0 idf^2.0",bm25_char,"{""b"": 1.0, ""idf_exp"": 2.0, ""k1"": 1.2, ""n"": ""(2,)""}",tune,False,150,1.0,1.0,1.0,1.0,1.0,1.0,10.47067
dblp_acm,"bm25_char n=(2,) k1=1.2 b=1.0 idf^3.0",bm25_char,"{""b"": 1.0, ""idf_exp"": 3.0, ""k1"": 1.2, ""n"": ""(2,)""}",tune,False,150,0.98139,0.98139,0.98585,0.97333,1.0,1.0,10.94932
dblp_acm,"bm25_char n=(2,) k1=2.0 b=0.3 idf^1.0",bm25_char,"{""b"": 0.3, ""idf_exp"": 1.0, ""k1"": 2.0, ""n"": ""(2,)""}",tune,False,150,0.99133,0.99133,0.99345,0.98667,1.0,1.0,10.35133
dblp_acm,"bm25_char n=(2,) k1=2.0 b=0.3 idf^2.0",bm25_char,"{""b"": 0.3, ""idf_exp"": 2.0, ""k1"": 2.0, ""n"": ""(2,)""}",tune,False,150,0.99333,0.99333,0.99508,0.98667,1.0,1.0,10.8211
dblp_acm,"bm25_char n=(2,) k1=2.0 b=0.3 idf^3.0",bm25_char,"{""b"": 0.3, ""idf_exp"": 3.0, ""k1"": 2.0, ""n"": ""(2,)""}",tune,False,150,0.97067,0.97067,0.97782,0.95333,1.0,1.0,14.92682
dblp_acm,"bm25_char n=(2,) k1=2.0 b=0.75 idf^1.0",bm25_char,"{""b"": 0.75, ""idf_exp"": 1.0, ""k1"": 2.0, ""n"": ""(2,)""}",tune,False,150,1.0,1.0,1.0,1.0,1.0,1.0,10.01056
dblp_acm,"bm25_char n=(2,) k1=2.0 b=0.75 idf^2.0",bm25_char,"{""b"": 0.75, ""idf_exp"": 2.0, ""k1"": 2.0, ""n"": ""(2,)""}",tune,False,150,1.0,1.0,1.0,1.0,1.0,1.0,10.27028
dblp_acm,"bm25_char n=(2,) k1=2.0 b=0.75 idf^3.0",bm25_char,"{""b"": 0.75, ""idf_exp"": 3.0, ""k1"": 2.0, ""n"": ""(2,)""}",tune,False,150,0.97472,0.97472,0.98093,0.96,1.0,1.0,9.94714
dblp_acm,"bm25_char n=(2,) k1=2.0 b=1.0 idf^1.0",bm25_char,"{""b"": 1.0, ""idf_exp"": 1.0, ""k1"": 2.0, ""n"": ""(2,)""}",tune,False,150,1.0,1.0,1.0,1.0,1.0,1.0,11.41695
dblp_acm,"bm25_char n=(2,) k1=2.0 b=1.0 idf^2.0",bm25_char,"{""b"": 1.0, ""idf_exp"": 2.0, ""k1"": 2.0, ""n"": ""(2,)""}",tune,False,150,1.0,1.0,1.0,1.0,1.0,1.0,12.06856
dblp_acm,"bm25_char n=(2,) k1=2.0 b=1.0 idf^3.0",bm25_char,"{""b"": 1.0, ""idf_exp"": 3.0, ""k1"": 2.0, ""n"": ""(2,)""}",tune,False,150,0.97463,0.97463,0.98083,0.96,1.0,1.0,9.77978
dblp_acm,"bm25_char n=(3,) k1=0.5 b=0.3 idf^1.0",bm25_char,"{""b"": 0.3, ""idf_exp"": 1.0, ""k1"": 0.5, ""n"": ""(3,)""}",tune,False,150,1.0,1.0,1.0,1.0,1.0,1.0,9.30327
dblp_acm,"bm25_char n=(3,) k1=0.5 b=0.3 idf^2.0",bm25_char,"{""b"": 0.3, ""idf_exp"": 2.0, ""k1"": 0.5, ""n"": ""(3,)""}",tune,False,150,1.0,1.0,1.0,1.0,1.0,1.0,8.39185
dblp_acm,"bm25_char n=(3,) k1=0.5 b=0.3 idf^3.0",bm25_char,"{""b"": 0.3, ""idf_exp"": 3.0, ""k1"": 0.5, ""n"": ""(3,)""}",tune,False,150,0.99667,0.99667,0.99754,0.99333,1.0,1.0,9.14574
dblp_acm,"bm25_char n=(3,) k1=0.5 b=0.75 idf^1.0",bm25_char,"{""b"": 0.75, ""idf_exp"": 1.0, ""k1"": 0.5, ""n"": ""(3,)""}",tune,False,150,1.0,1.0,1.0,1.0,1.0,1.0,10.67057
dblp_acm,"bm25_char n=(3,) k1=0.5 b=0.75 idf^2.0",bm25_char,"{""b"": 0.75, ""idf_exp"": 2.0, ""k1"": 0.5, ""n"": ""(3,)""}",tune,False,150,1.0,1.0,1.0,1.0,1.0,1.0,9.55091
dblp_acm,"bm25_char n=(3,) k1=0.5 b=0.75 idf^3.0",bm25_char,"{""b"": 0.75, ""idf_exp"": 3.0, ""k1"": 0.5, ""n"": ""(3,)""}",tune,False,150,0.99667,0.99667,0.99754,0.99333,1.0,1.0,9.81328
dblp_acm,"bm25_char n=(3,) k1=0.5 b=1.0 idf^1.0",bm25_char,"{""b"": 1.0, ""idf_exp"": 1.0, ""k1"": 0.5, ""n"": ""(3,)""}",tune,False,150,1.0,1.0,1.0,1.0,1.0,1.0,9.37954
dblp_acm,"bm25_char n=(3,) k1=0.5 b=1.0 idf^2.0",bm25_char,"{""b"": 1.0, ""idf_exp"": 2.0, ""k1"": 0.5, ""n"": ""(3,)""}",tune,False,150,1.0,1.0,1.0,1.0,1.0,1.0,8.50211
dblp_acm,"bm25_char n=(3,) k1=0.5 b=1.0 idf^3.0",bm25_char,"{""b"": 1.0, ""idf_exp"": 3.0, ""k1"": 0.5, ""n"": ""(3,)""}",tune,False,150,0.99333,0.99333,0.99508,0.98667,1.0,1.0,8.89915
dblp_acm,"bm25_char n=(3,) k1=1.2 b=0.3 idf^1.0",bm25_char,"{""b"": 0.3, ""idf_exp"": 1.0, ""k1"": 1.2, ""n"": ""(3,)""}",tune,False,150,1.0,1.0,1.0,1.0,1.0,1.0,8.93633
dblp_acm,"bm25_char n=(3,) k1=1.2 b=0.3 idf^2.0",bm25_char,"{""b"": 0.3, ""idf_exp"": 2.0, ""k1"": 1.2, ""n"": ""(3,)""}",tune,False,150,1.0,1.0,1.0,1.0,1.0,1.0,8.39833
dblp_acm,"bm25_char n=(3,) k1=1.2 b=0.3 idf^3.0",bm25_char,"{""b"": 0.3, ""idf_exp"": 3.0, ""k1"": 1.2, ""n"": ""(3,)""}",tune,False,150,0.99667,0.99667,0.99754,0.99333,1.0,1.0,8.32483
dblp_acm,"bm25_char n=(3,) k1=1.2 b=0.75 idf^1.0",bm25_char,"{""b"": 0.75, ""idf_exp"": 1.0, ""k1"": 1.2, ""n"": ""(3,)""}",tune,False,150,1.0,1.0,1.0,1.0,1.0,1.0,8.98535
dblp_acm,"bm25_char n=(3,) k1=1.2 b=0.75 idf^2.0",bm25_char,"{""b"": 0.75, ""idf_exp"": 2.0, ""k1"": 1.2, ""n"": ""(3,)""}",tune,False,150,1.0,1.0,1.0,1.0,1.0,1.0,8.99949
dblp_acm,"bm25_char n=(3,) k1=1.2 b=0.75 idf^3.0",bm25_char,"{""b"": 0.75, ""idf_exp"": 3.0, ""k1"": 1.2, ""n"": ""(3,)""}",tune,False,150,0.99333,0.99333,0.99508,0.98667,1.0,1.0,9.76859
dblp_acm,"bm25_char n=(3,) k1=1.2 b=1.0 idf^1.0",bm25_char,"{""b"": 1.0, ""idf_exp"": 1.0, ""k1"": 1.2, ""n"": ""(3,)""}",tune,False,150,1.0,1.0,1.0,1.0,1.0,1.0,9.5189
dblp_acm,"bm25_char n=(3,) k1=1.2 b=1.0 idf^2.0",bm25_char,"{""b"": 1.0, ""idf_exp"": 2.0, ""k1"": 1.2, ""n"": ""(3,)""}",tune,False,150,1.0,1.0,1.0,1.0,1.0,1.0,9.43729
dblp_acm,"bm25_char n=(3,) k1=1.2 b=1.0 idf^3.0",bm25_char,"{""b"": 1.0, ""idf_exp"": 3.0, ""k1"": 1.2, ""n"": ""(3,)""}",tune,False,150,0.99667,0.99667,0.99754,0.99333,1.0,1.0,9.50883
dblp_acm,"bm25_char n=(3,) k1=2.0 b=0.3 idf^1.0",bm25_char,"{""b"": 0.3, ""idf_exp"": 1.0, ""k1"": 2.0, ""n"": ""(3,)""}",tune,False,150,1.0,1.0,1.0,1.0,1.0,1.0,8.77304
dblp_acm,"bm25_char n=(3,) k1=2.0 b=0.3 idf^2.0",bm25_char,"{""b"": 0.3, ""idf_exp"": 2.0, ""k1"": 2.0, ""n"": ""(3,)""}",tune,False,150,1.0,1.0,1.0,1.0,1.0,1.0,8.82287
dblp_acm,"bm25_char n=(3,) k1=2.0 b=0.3 idf^3.0",bm25_char,"{""b"": 0.3, ""idf_exp"": 3.0, ""k1"": 2.0, ""n"": ""(3,)""}",tune,False,150,0.99667,0.99667,0.99754,0.99333,1.0,1.0,8.40188
dblp_acm,"bm25_char n=(3,) k1=2.0 b=0.75 idf^1.0",bm25_char,"{""b"": 0.75, ""idf_exp"": 1.0, ""k1"": 2.0, ""n"": ""(3,)""}",tune,False,150,1.0,1.0,1.0,1.0,1.0,1.0,8.4456
dblp_acm,"bm25_char n=(3,) k1=2.0 b=0.75 idf^2.0",bm25_char,"{""b"": 0.75, ""idf_exp"": 2.0, ""k1"": 2.0, ""n"": ""(3,)""}",tune,False,150,1.0,1.0,1.0,1.0,1.0,1.0,8.92295
dblp_acm,"bm25_char n=(3,) k1=2.0 b=0.75 idf^3.0",bm25_char,"{""b"": 0.75, ""idf_exp"": 3.0, ""k1"": 2.0, ""n"": ""(3,)""}",tune,False,150,0.99667,0.99667,0.99754,0.99333,1.0,1.0,9.13285
dblp_acm,"bm25_char n=(3,) k1=2.0 b=1.0 idf^1.0",bm25_char,"{""b"": 1.0, ""idf_exp"": 1.0, ""k1"": 2.0, ""n"": ""(3,)""}",tune,False,150,1.0,1.0,1.0,1.0,1.0,1.0,8.22222
dblp_acm,"bm25_char n=(3,) k1=2.0 b=1.0 idf^2.0",bm25_char,"{""b"": 1.0, ""idf_exp"": 2.0, ""k1"": 2.0, ""n"": ""(3,)""}",tune,False,150,1.0,1.0,1.0,1.0,1.0,1.0,9.11539
dblp_acm,"bm25_char n=(3,) k1=2.0 b=1.0 idf^3.0",bm25_char,"{""b"": 1.0, ""idf_exp"": 3.0, ""k1"": 2.0, ""n"": ""(3,)""}",tune,False,150,0.99222,0.99222,0.99421,0.98667,1.0,1.0,9.18808
dblp_acm,"bm25_char n=(4,) k1=0.5 b=0.3 idf^1.0",bm25_char,"{""b"": 0.3, ""idf_exp"": 1.0, ""k1"": 0.5, ""n"": ""(4,)""}",tune,False,150,1.0,1.0,1.0,1.0,1.0,1.0,8.12867
dblp_acm,"bm25_char n=(4,) k1=0.5 b=0.3 idf^2.0",bm25_char,"{""b"": 0.3, ""idf_exp"": 2.0, ""k1"": 0.5, ""n"": ""(4,)""}",tune,False,150,1.0,1.0,1.0,1.0,1.0,1.0,8.32832
dblp_acm,"bm25_char n=(4,) k1=0.5 b=0.3 idf^3.0",bm25_char,"{""b"": 0.3, ""idf_exp"": 3.0, ""k1"": 0.5, ""n"": ""(4,)""}",tune,False,150,0.99556,0.99556,0.99667,0.99333,1.0,1.0,7.92065
dblp_acm,"bm25_char n=(4,) k1=0.5 b=0.75 idf^1.0",bm25_char,"{""b"": 0.75, ""idf_exp"": 1.0, ""k1"": 0.5, ""n"": ""(4,)""}",tune,False,150,1.0,1.0,1.0,1.0,1.0,1.0,8.80595
dblp_acm,"bm25_char n=(4,) k1=0.5 b=0.75 idf^2.0",bm25_char,"{""b"": 0.75, ""idf_exp"": 2.0, ""k1"": 0.5, ""n"": ""(4,)""}",tune,False,150,1.0,1.0,1.0,1.0,1.0,1.0,10.27793
dblp_acm,"bm25_char n=(4,) k1=0.5 b=0.75 idf^3.0",bm25_char,"{""b"": 0.75, ""idf_exp"": 3.0, ""k1"": 0.5, ""n"": ""(4,)""}",tune,False,150,0.99556,0.99556,0.99667,0.99333,1.0,1.0,8.85291
dblp_acm,"bm25_char n=(4,) k1=0.5 b=1.0 idf^1.0",bm25_char,"{""b"": 1.0, ""idf_exp"": 1.0, ""k1"": 0.5, ""n"": ""(4,)""}",tune,False,150,1.0,1.0,1.0,1.0,1.0,1.0,8.95521
dblp_acm,"bm25_char n=(4,) k1=0.5 b=1.0 idf^2.0",bm25_char,"{""b"": 1.0, ""idf_exp"": 2.0, ""k1"": 0.5, ""n"": ""(4,)""}",tune,False,150,1.0,1.0,1.0,1.0,1.0,1.0,8.97801
dblp_acm,"bm25_char n=(4,) k1=0.5 b=1.0 idf^3.0",bm25_char,"{""b"": 1.0, ""idf_exp"": 3.0, ""k1"": 0.5, ""n"": ""(4,)""}",tune,False,150,0.99556,0.99556,0.99667,0.99333,1.0,1.0,8.56034
dblp_acm,"bm25_char n=(4,) k1=1.2 b=0.3 idf^1.0",bm25_char,"{""b"": 0.3, ""idf_exp"": 1.0, ""k1"": 1.2, ""n"": ""(4,)""}",tune,False,150,1.0,1.0,1.0,1.0,1.0,1.0,8.09312
dblp_acm,"bm25_char n=(4,) k1=1.2 b=0.3 idf^2.0",bm25_char,"{""b"": 0.3, ""idf_exp"": 2.0, ""k1"": 1.2, ""n"": ""(4,)""}",tune,False,150,1.0,1.0,1.0,1.0,1.0,1.0,8.54657
dblp_acm,"bm25_char n=(4,) k1=1.2 b=0.3 idf^3.0",bm25_char,"{""b"": 0.3, ""idf_exp"": 3.0, ""k1"": 1.2, ""n"": ""(4,)""}",tune,False,150,0.99556,0.99556,0.99667,0.99333,1.0,1.0,8.35966
dblp_acm,"bm25_char n=(4,) k1=1.2 b=0.75 idf^1.0",bm25_char,"{""b"": 0.75, ""idf_exp"": 1.0, ""k1"": 1.2, ""n"": ""(4,)""}",tune,False,150,1.0,1.0,1.0,1.0,1.0,1.0,9.40439
dblp_acm,"bm25_char n=(4,) k1=1.2 b=0.75 idf^2.0",bm25_char,"{""b"": 0.75, ""idf_exp"": 2.0, ""k1"": 1.2, ""n"": ""(4,)""}",tune,False,150,1.0,1.0,1.0,1.0,1.0,1.0,11.89844
dblp_acm,"bm25_char n=(4,) k1=1.2 b=0.75 idf^3.0",bm25_char,"{""b"": 0.75, ""idf_exp"": 3.0, ""k1"": 1.2, ""n"": ""(4,)""}",tune,False,150,0.99556,0.99556,0.99667,0.99333,1.0,1.0,11.22992
dblp_acm,"bm25_char n=(4,) k1=1.2 b=1.0 idf^1.0",bm25_char,"{""b"": 1.0, ""idf_exp"": 1.0, ""k1"": 1.2, ""n"": ""(4,)""}",tune,False,150,1.0,1.0,1.0,1.0,1.0,1.0,9.60999
dblp_acm,"bm25_char n=(4,) k1=1.2 b=1.0 idf^2.0",bm25_char,"{""b"": 1.0, ""idf_exp"": 2.0, ""k1"": 1.2, ""n"": ""(4,)""}",tune,False,150,0.99667,0.99667,0.99754,0.99333,1.0,1.0,8.20163
dblp_acm,"bm25_char n=(4,) k1=1.2 b=1.0 idf^3.0",bm25_char,"{""b"": 1.0, ""idf_exp"": 3.0, ""k1"": 1.2, ""n"": ""(4,)""}",tune,False,150,0.99556,0.99556,0.99667,0.99333,1.0,1.0,7.68265
dblp_acm,"bm25_char n=(4,) k1=2.0 b=0.3 idf^1.0",bm25_char,"{""b"": 0.3, ""idf_exp"": 1.0, ""k1"": 2.0, ""n"": ""(4,)""}",tune,False,150,1.0,1.0,1.0,1.0,1.0,1.0,8.46427
dblp_acm,"bm25_char n=(4,) k1=2.0 b=0.3 idf^2.0",bm25_char,"{""b"": 0.3, ""idf_exp"": 2.0, ""k1"": 2.0, ""n"": ""(4,)""}",tune,False,150,1.0,1.0,1.0,1.0,1.0,1.0,8.19161
dblp_acm,"bm25_char n=(4,) k1=2.0 b=0.3 idf^3.0",bm25_char,"{""b"": 0.3, ""idf_exp"": 3.0, ""k1"": 2.0, ""n"": ""(4,)""}",tune,False,150,0.99556,0.99556,0.99667,0.99333,1.0,1.0,10.31924
dblp_acm,"bm25_char n=(4,) k1=2.0 b=0.75 idf^1.0",bm25_char,"{""b"": 0.75, ""idf_exp"": 1.0, ""k1"": 2.0, ""n"": ""(4,)""}",tune,False,150,1.0,1.0,1.0,1.0,1.0,1.0,9.71708
dblp_acm,"bm25_char n=(4,) k1=2.0 b=0.75 idf^2.0",bm25_char,"{""b"": 0.75, ""idf_exp"": 2.0, ""k1"": 2.0, ""n"": ""(4,)""}",tune,False,150,0.99667,0.99667,0.99754,0.99333,1.0,1.0,11.69189
dblp_acm,"bm25_char n=(4,) k1=2.0 b=0.75 idf^3.0",bm25_char,"{""b"": 0.75, ""idf_exp"": 3.0, ""k1"": 2.0, ""n"": ""(4,)""}",tune,False,150,0.99556,0.99556,0.99667,0.99333,1.0,1.0,11.48731
dblp_acm,"bm25_char n=(4,) k1=2.0 b=1.0 idf^1.0",bm25_char,"{""b"": 1.0, ""idf_exp"": 1.0, ""k1"": 2.0, ""n"": ""(4,)""}",tune,False,150,1.0,1.0,1.0,1.0,1.0,1.0,11.2301
dblp_acm,"bm25_char n=(4,) k1=2.0 b=1.0 idf^2.0",bm25_char,"{""b"": 1.0, ""idf_exp"": 2.0, ""k1"": 2.0, ""n"": ""(4,)""}",tune,False,150,0.99667,0.99667,0.99754,0.99333,1.0,1.0,12.4491
dblp_acm,"bm25_char n=(4,) k1=2.0 b=1.0 idf^3.0",bm25_char,"{""b"": 1.0, ""idf_exp"": 3.0, ""k1"": 2.0, ""n"": ""(4,)""}",tune,False,150,0.99556,0.99556,0.99667,0.99333,1.0,1.0,10.41353
dblp_acm,"bm25_char n=(2, 3) k1=0.5 b=0.3 idf^1.0",bm25_char,"{""b"": 0.3, ""idf_exp"": 1.0, ""k1"": 0.5, ""n"": ""(2, 3)""}",tune,False,150,0.99667,0.99667,0.99754,0.99333,1.0,1.0,19.48838
dblp_acm,"bm25_char n=(2, 3) k1=0.5 b=0.3 idf^2.0",bm25_char,"{""b"": 0.3, ""idf_exp"": 2.0, ""k1"": 0.5, ""n"": ""(2, 3)""}",tune,False,150,1.0,1.0,1.0,1.0,1.0,1.0,30.8959
dblp_acm,"bm25_char n=(2, 3) k1=0.5 b=0.3 idf^3.0",bm25_char,"{""b"": 0.3, ""idf_exp"": 3.0, ""k1"": 0.5, ""n"": ""(2, 3)""}",tune,False,150,0.99667,0.99667,0.99754,0.99333,1.0,1.0,22.03226
dblp_acm,"bm25_char n=(2, 3) k1=0.5 b=0.75 idf^1.0",bm25_char,"{""b"": 0.75, ""idf_exp"": 1.0, ""k1"": 0.5, ""n"": ""(2, 3)""}",tune,False,150,1.0,1.0,1.0,1.0,1.0,1.0,18.17858
dblp_acm,"bm25_char n=(2, 3) k1=0.5 b=0.75 idf^2.0",bm25_char,"{""b"": 0.75, ""idf_exp"": 2.0, ""k1"": 0.5, ""n"": ""(2, 3)""}",tune,False,150,1.0,1.0,1.0,1.0,1.0,1.0,13.98041
dblp_acm,"bm25_char n=(2, 3) k1=0.5 b=0.75 idf^3.0",bm25_char,"{""b"": 0.75, ""idf_exp"": 3.0, ""k1"": 0.5, ""n"": ""(2, 3)""}",tune,False,150,0.99667,0.99667,0.99754,0.99333,1.0,1.0,12.81909
dblp_acm,"bm25_char n=(2, 3) k1=0.5 b=1.0 idf^1.0",bm25_char,"{""b"": 1.0, ""idf_exp"": 1.0, ""k1"": 0.5, ""n"": ""(2, 3)""}",tune,False,150,1.0,1.0,1.0,1.0,1.0,1.0,13.88144
dblp_acm,"bm25_char n=(2, 3) k1=0.5 b=1.0 idf^2.0",bm25_char,"{""b"": 1.0, ""idf_exp"": 2.0, ""k1"": 0.5, ""n"": ""(2, 3)""}",tune,False,150,1.0,1.0,1.0,1.0,1.0,1.0,14.02467
dblp_acm,"bm25_char n=(2, 3) k1=0.5 b=1.0 idf^3.0",bm25_char,"{""b"": 1.0, ""idf_exp"": 3.0, ""k1"": 0.5, ""n"": ""(2, 3)""}",tune,False,150,0.99667,0.99667,0.99754,0.99333,1.0,1.0,13.07207
dblp_acm,"bm25_char n=(2, 3) k1=1.2 b=0.3 idf^1.0",bm25_char,"{""b"": 0.3, ""idf_exp"": 1.0, ""k1"": 1.2, ""n"": ""(2, 3)""}",tune,False,150,1.0,1.0,1.0,1.0,1.0,1.0,11.40533
dblp_acm,"bm25_char n=(2, 3) k1=1.2 b=0.3 idf^2.0",bm25_char,"{""b"": 0.3, ""idf_exp"": 2.0, ""k1"": 1.2, ""n"": ""(2, 3)""}",tune,False,150,1.0,1.0,1.0,1.0,1.0,1.0,11.63005
dblp_acm,"bm25_char n=(2, 3) k1=1.2 b=0.3 idf^3.0",bm25_char,"{""b"": 0.3, ""idf_exp"": 3.0, ""k1"": 1.2, ""n"": ""(2, 3)""}",tune,False,150,0.99667,0.99667,0.99754,0.99333,1.0,1.0,15.87309
dblp_acm,"bm25_char n=(2, 3) k1=1.2 b=0.75 idf^1.0",bm25_char,"{""b"": 0.75, ""idf_exp"": 1.0, ""k1"": 1.2, ""n"": ""(2, 3)""}",tune,False,150,1.0,1.0,1.0,1.0,1.0,1.0,14.50728
dblp_acm,"bm25_char n=(2, 3) k1=1.2 b=0.75 idf^2.0",bm25_char,"{""b"": 0.75, ""idf_exp"": 2.0, ""k1"": 1.2, ""n"": ""(2, 3)""}",tune,False,150,1.0,1.0,1.0,1.0,1.0,1.0,13.15077
dblp_acm,"bm25_char n=(2, 3) k1=1.2 b=0.75 idf^3.0",bm25_char,"{""b"": 0.75, ""idf_exp"": 3.0, ""k1"": 1.2, ""n"": ""(2, 3)""}",tune,False,150,0.99333,0.99333,0.99508,0.98667,1.0,1.0,11.89768
dblp_acm,"bm25_char n=(2, 3) k1=1.2 b=1.0 idf^1.0",bm25_char,"{""b"": 1.0, ""idf_exp"": 1.0, ""k1"": 1.2, ""n"": ""(2, 3)""}",tune,False,150,1.0,1.0,1.0,1.0,1.0,1.0,11.91168
dblp_acm,"bm25_char n=(2, 3) k1=1.2 b=1.0 idf^2.0",bm25_char,"{""b"": 1.0, ""idf_exp"": 2.0, ""k1"": 1.2, ""n"": ""(2, 3)""}",tune,False,150,1.0,1.0,1.0,1.0,1.0,1.0,13.73506
dblp_acm,"bm25_char n=(2, 3) k1=1.2 b=1.0 idf^3.0",bm25_char,"{""b"": 1.0, ""idf_exp"": 3.0, ""k1"": 1.2, ""n"": ""(2, 3)""}",tune,False,150,0.99667,0.99667,0.99754,0.99333,1.0,1.0,12.28887
dblp_acm,"bm25_char n=(2, 3) k1=2.0 b=0.3 idf^1.0",bm25_char,"{""b"": 0.3, ""idf_exp"": 1.0, ""k1"": 2.0, ""n"": ""(2, 3)""}",tune,False,150,1.0,1.0,1.0,1.0,1.0,1.0,16.98993
dblp_acm,"bm25_char n=(2, 3) k1=2.0 b=0.3 idf^2.0",bm25_char,"{""b"": 0.3, ""idf_exp"": 2.0, ""k1"": 2.0, ""n"": ""(2, 3)""}",tune,False,150,1.0,1.0,1.0,1.0,1.0,1.0,16.78721
dblp_acm,"bm25_char n=(2, 3) k1=2.0 b=0.3 idf^3.0",bm25_char,"{""b"": 0.3, ""idf_exp"": 3.0, ""k1"": 2.0, ""n"": ""(2, 3)""}",tune,False,150,0.99667,0.99667,0.99754,0.99333,1.0,1.0,15.54634
dblp_acm,"bm25_char n=(2, 3) k1=2.0 b=0.75 idf^1.0",bm25_char,"{""b"": 0.75, ""idf_exp"": 1.0, ""k1"": 2.0, ""n"": ""(2, 3)""}",tune,False,150,1.0,1.0,1.0,1.0,1.0,1.0,16.4133
dblp_acm,"bm25_char n=(2, 3) k1=2.0 b=0.75 idf^2.0",bm25_char,"{""b"": 0.75, ""idf_exp"": 2.0, ""k1"": 2.0, ""n"": ""(2, 3)""}",tune,False,150,1.0,1.0,1.0,1.0,1.0,1.0,16.40534
dblp_acm,"bm25_char n=(2, 3) k1=2.0 b=0.75 idf^3.0",bm25_char,"{""b"": 0.75, ""idf_exp"": 3.0, ""k1"": 2.0, ""n"": ""(2, 3)""}",tune,False,150,0.99333,0.99333,0.99508,0.98667,1.0,1.0,17.21701
dblp_acm,"bm25_char n=(2, 3) k1=2.0 b=1.0 idf^1.0",bm25_char,"{""b"": 1.0, ""idf_exp"": 1.0, ""k1"": 2.0, ""n"": ""(2, 3)""}",tune,False,150,1.0,1.0,1.0,1.0,1.0,1.0,15.64122
dblp_acm,"bm25_char n=(2, 3) k1=2.0 b=1.0 idf^2.0",bm25_char,"{""b"": 1.0, ""idf_exp"": 2.0, ""k1"": 2.0, ""n"": ""(2, 3)""}",tune,False,150,1.0,1.0,1.0,1.0,1.0,1.0,15.37864
dblp_acm,"bm25_char n=(2, 3) k1=2.0 b=1.0 idf^3.0",bm25_char,"{""b"": 1.0, ""idf_exp"": 3.0, ""k1"": 2.0, ""n"": ""(2, 3)""}",tune,False,150,0.99333,0.99333,0.99508,0.98667,1.0,1.0,16.60681
dblp_acm,"bm25_char n=(2, 4) k1=0.5 b=0.3 idf^1.0",bm25_char,"{""b"": 0.3, ""idf_exp"": 1.0, ""k1"": 0.5, ""n"": ""(2, 4)""}",tune,False,150,1.0,1.0,1.0,1.0,1.0,1.0,14.7387
dblp_acm,"bm25_char n=(2, 4) k1=0.5 b=0.3 idf^2.0",bm25_char,"{""b"": 0.3, ""idf_exp"": 2.0, ""k1"": 0.5, ""n"": ""(2, 4)""}",tune,False,150,1.0,1.0,1.0,1.0,1.0,1.0,15.20099
dblp_acm,"bm25_char n=(2, 4) k1=0.5 b=0.3 idf^3.0",bm25_char,"{""b"": 0.3, ""idf_exp"": 3.0, ""k1"": 0.5, ""n"": ""(2, 4)""}",tune,False,150,0.99333,0.99333,0.99508,0.98667,1.0,1.0,19.04341
dblp_acm,"bm25_char n=(2, 4) k1=0.5 b=0.75 idf^1.0",bm25_char,"{""b"": 0.75, ""idf_exp"": 1.0, ""k1"": 0.5, ""n"": ""(2, 4)""}",tune,False,150,1.0,1.0,1.0,1.0,1.0,1.0,16.71813
dblp_acm,"bm25_char n=(2, 4) k1=0.5 b=0.75 idf^2.0",bm25_char,"{""b"": 0.75, ""idf_exp"": 2.0, ""k1"": 0.5, ""n"": ""(2, 4)""}",tune,False,150,1.0,1.0,1.0,1.0,1.0,1.0,16.23136
dblp_acm,"bm25_char n=(2, 4) k1=0.5 b=0.75 idf^3.0",bm25_char,"{""b"": 0.75, ""idf_exp"": 3.0, ""k1"": 0.5, ""n"": ""(2, 4)""}",tune,False,150,0.99556,0.99556,0.99667,0.99333,1.0,1.0,11.45097
dblp_acm,"bm25_char n=(2, 4) k1=0.5 b=1.0 idf^1.0",bm25_char,"{""b"": 1.0, ""idf_exp"": 1.0, ""k1"": 0.5, ""n"": ""(2, 4)""}",tune,False,150,1.0,1.0,1.0,1.0,1.0,1.0,11.31075
dblp_acm,"bm25_char n=(2, 4) k1=0.5 b=1.0 idf^2.0",bm25_char,"{""b"": 1.0, ""idf_exp"": 2.0, ""k1"": 0.5, ""n"": ""(2, 4)""}",tune,False,150,1.0,1.0,1.0,1.0,1.0,1.0,11.77879
dblp_acm,"bm25_char n=(2, 4) k1=0.5 b=1.0 idf^3.0",bm25_char,"{""b"": 1.0, ""idf_exp"": 3.0, ""k1"": 0.5, ""n"": ""(2, 4)""}",tune,False,150,0.99556,0.99556,0.99667,0.99333,1.0,1.0,11.79241
dblp_acm,"bm25_char n=(2, 4) k1=1.2 b=0.3 idf^1.0",bm25_char,"{""b"": 0.3, ""idf_exp"": 1.0, ""k1"": 1.2, ""n"": ""(2, 4)""}",tune,False,150,1.0,1.0,1.0,1.0,1.0,1.0,11.5679
dblp_acm,"bm25_char n=(2, 4) k1=1.2 b=0.3 idf^2.0",bm25_char,"{""b"": 0.3, ""idf_exp"": 2.0, ""k1"": 1.2, ""n"": ""(2, 4)""}",tune,False,150,1.0,1.0,1.0,1.0,1.0,1.0,13.71631
dblp_acm,"bm25_char n=(2, 4) k1=1.2 b=0.3 idf^3.0",bm25_char,"{""b"": 0.3, ""idf_exp"": 3.0, ""k1"": 1.2, ""n"": ""(2, 4)""}",tune,False,150,0.99556,0.99556,0.99667,0.99333,1.0,1.0,15.18778
dblp_acm,"bm25_char n=(2, 4) k1=1.2 b=0.75 idf^1.0",bm25_char,"{""b"": 0.75, ""idf_exp"": 1.0, ""k1"": 1.2, ""n"": ""(2, 4)""}",tune,False,150,1.0,1.0,1.0,1.0,1.0,1.0,11.90647
dblp_acm,"bm25_char n=(2, 4) k1=1.2 b=0.75 idf^2.0",bm25_char,"{""b"": 0.75, ""idf_exp"": 2.0, ""k1"": 1.2, ""n"": ""(2, 4)""}",tune,False,150,1.0,1.0,1.0,1.0,1.0,1.0,12.67732
dblp_acm,"bm25_char n=(2, 4) k1=1.2 b=0.75 idf^3.0",bm25_char,"{""b"": 0.75, ""idf_exp"": 3.0, ""k1"": 1.2, ""n"": ""(2, 4)""}",tune,False,150,0.99556,0.99556,0.99667,0.99333,1.0,1.0,12.41385
dblp_acm,"bm25_char n=(2, 4) k1=1.2 b=1.0 idf^1.0",bm25_char,"{""b"": 1.0, ""idf_exp"": 1.0, ""k1"": 1.2, ""n"": ""(2, 4)""}",tune,False,150,1.0,1.0,1.0,1.0,1.0,1.0,11.61422
dblp_acm,"bm25_char n=(2, 4) k1=1.2 b=1.0 idf^2.0",bm25_char,"{""b"": 1.0, ""idf_exp"": 2.0, ""k1"": 1.2, ""n"": ""(2, 4)""}",tune,False,150,1.0,1.0,1.0,1.0,1.0,1.0,12.98381
dblp_acm,"bm25_char n=(2, 4) k1=1.2 b=1.0 idf^3.0",bm25_char,"{""b"": 1.0, ""idf_exp"": 3.0, ""k1"": 1.2, ""n"": ""(2, 4)""}",tune,False,150,0.99556,0.99556,0.99667,0.99333,1.0,1.0,14.94469
dblp_acm,"bm25_char n=(2, 4) k1=2.0 b=0.3 idf^1.0",bm25_char,"{""b"": 0.3, ""idf_exp"": 1.0, ""k1"": 2.0, ""n"": ""(2, 4)""}",tune,False,150,1.0,1.0,1.0,1.0,1.0,1.0,12.07911
dblp_acm,"bm25_char n=(2, 4) k1=2.0 b=0.3 idf^2.0",bm25_char,"{""b"": 0.3, ""idf_exp"": 2.0, ""k1"": 2.0, ""n"": ""(2, 4)""}",tune,False,150,1.0,1.0,1.0,1.0,1.0,1.0,11.3571
dblp_acm,"bm25_char n=(2, 4) k1=2.0 b=0.3 idf^3.0",bm25_char,"{""b"": 0.3, ""idf_exp"": 3.0, ""k1"": 2.0, ""n"": ""(2, 4)""}",tune,False,150,0.99556,0.99556,0.99667,0.99333,1.0,1.0,11.2878
dblp_acm,"bm25_char n=(2, 4) k1=2.0 b=0.75 idf^1.0",bm25_char,"{""b"": 0.75, ""idf_exp"": 1.0, ""k1"": 2.0, ""n"": ""(2, 4)""}",tune,False,150,1.0,1.0,1.0,1.0,1.0,1.0,11.84309
dblp_acm,"bm25_char n=(2, 4) k1=2.0 b=0.75 idf^2.0",bm25_char,"{""b"": 0.75, ""idf_exp"": 2.0, ""k1"": 2.0, ""n"": ""(2, 4)""}",tune,False,150,1.0,1.0,1.0,1.0,1.0,1.0,12.98478
dblp_acm,"bm25_char n=(2, 4) k1=2.0 b=0.75 idf^3.0",bm25_char,"{""b"": 0.75, ""idf_exp"": 3.0, ""k1"": 2.0, ""n"": ""(2, 4)""}",tune,False,150,0.99556,0.99556,0.99667,0.99333,1.0,1.0,14.92673
dblp_acm,"bm25_char n=(2, 4) k1=2.0 b=1.0 idf^1.0",bm25_char,"{""b"": 1.0, ""idf_exp"": 1.0, ""k1"": 2.0, ""n"": ""(2, 4)""}",tune,False,150,1.0,1.0,1.0,1.0,1.0,1.0,13.58813
dblp_acm,"bm25_char n=(2, 4) k1=2.0 b=1.0 idf^2.0",bm25_char,"{""b"": 1.0, ""idf_exp"": 2.0, ""k1"": 2.0, ""n"": ""(2, 4)""}",tune,False,150,0.99667,0.99667,0.99754,0.99333,1.0,1.0,12.61651
dblp_acm,"bm25_char n=(2, 4) k1=2.0 b=1.0 idf^3.0",bm25_char,"{""b"": 1.0, ""idf_exp"": 3.0, ""k1"": 2.0, ""n"": ""(2, 4)""}",tune,False,150,0.99556,0.99556,0.99667,0.99333,1.0,1.0,12.16184
dblp_acm,"bm25_char n=(3, 4) k1=0.5 b=0.3 idf^1.0",bm25_char,"{""b"": 0.3, ""idf_exp"": 1.0, ""k1"": 0.5, ""n"": ""(3, 4)""}",tune,False,150,1.0,1.0,1.0,1.0,1.0,1.0,13.33435
dblp_acm,"bm25_char n=(3, 4) k1=0.5 b=0.3 idf^2.0",bm25_char,"{""b"": 0.3, ""idf_exp"": 2.0, ""k1"": 0.5, ""n"": ""(3, 4)""}",tune,False,150,1.0,1.0,1.0,1.0,1.0,1.0,14.53711
dblp_acm,"bm25_char n=(3, 4) k1=0.5 b=0.3 idf^3.0",bm25_char,"{""b"": 0.3, ""idf_exp"": 3.0, ""k1"": 0.5, ""n"": ""(3, 4)""}",tune,False,150,0.99333,0.99333,0.99508,0.98667,1.0,1.0,17.19733
dblp_acm,"bm25_char n=(3, 4) k1=0.5 b=0.75 idf^1.0",bm25_char,"{""b"": 0.75, ""idf_exp"": 1.0, ""k1"": 0.5, ""n"": ""(3, 4)""}",tune,False,150,1.0,1.0,1.0,1.0,1.0,1.0,15.2649
dblp_acm,"bm25_char n=(3, 4) k1=0.5 b=0.75 idf^2.0",bm25_char,"{""b"": 0.75, ""idf_exp"": 2.0, ""k1"": 0.5, ""n"": ""(3, 4)""}",tune,False,150,1.0,1.0,1.0,1.0,1.0,1.0,11.85806
dblp_acm,"bm25_char n=(3, 4) k1=0.5 b=0.75 idf^3.0",bm25_char,"{""b"": 0.75, ""idf_exp"": 3.0, ""k1"": 0.5, ""n"": ""(3, 4)""}",tune,False,150,0.99556,0.99556,0.99667,0.99333,1.0,1.0,11.54725
dblp_acm,"bm25_char n=(3, 4) k1=0.5 b=1.0 idf^1.0",bm25_char,"{""b"": 1.0, ""idf_exp"": 1.0, ""k1"": 0.5, ""n"": ""(3, 4)""}",tune,False,150,1.0,1.0,1.0,1.0,1.0,1.0,11.80952
dblp_acm,"bm25_char n=(3, 4) k1=0.5 b=1.0 idf^2.0",bm25_char,"{""b"": 1.0, ""idf_exp"": 2.0, ""k1"": 0.5, ""n"": ""(3, 4)""}",tune,False,150,1.0,1.0,1.0,1.0,1.0,1.0,11.84287
dblp_acm,"bm25_char n=(3, 4) k1=0.5 b=1.0 idf^3.0",bm25_char,"{""b"": 1.0, ""idf_exp"": 3.0, ""k1"": 0.5, ""n"": ""(3, 4)""}",tune,False,150,0.99556,0.99556,0.99667,0.99333,1.0,1.0,13.68946
dblp_acm,"bm25_char n=(3, 4) k1=1.2 b=0.3 idf^1.0",bm25_char,"{""b"": 0.3, ""idf_exp"": 1.0, ""k1"": 1.2, ""n"": ""(3, 4)""}",tune,False,150,1.0,1.0,1.0,1.0,1.0,1.0,11.99498
dblp_acm,"bm25_char n=(3, 4) k1=1.2 b=0.3 idf^2.0",bm25_char,"{""b"": 0.3, ""idf_exp"": 2.0, ""k1"": 1.2, ""n"": ""(3, 4)""}",tune,False,150,1.0,1.0,1.0,1.0,1.0,1.0,11.94604
dblp_acm,"bm25_char n=(3, 4) k1=1.2 b=0.3 idf^3.0",bm25_char,"{""b"": 0.3, ""idf_exp"": 3.0, ""k1"": 1.2, ""n"": ""(3, 4)""}",tune,False,150,0.99333,0.99333,0.99508,0.98667,1.0,1.0,12.59848
dblp_acm,"bm25_char n=(3, 4) k1=1.2 b=0.75 idf^1.0",bm25_char,"{""b"": 0.75, ""idf_exp"": 1.0, ""k1"": 1.2, ""n"": ""(3, 4)""}",tune,False,150,1.0,1.0,1.0,1.0,1.0,1.0,11.78976
dblp_acm,"bm25_char n=(3, 4) k1=1.2 b=0.75 idf^2.0",bm25_char,"{""b"": 0.75, ""idf_exp"": 2.0, ""k1"": 1.2, ""n"": ""(3, 4)""}",tune,False,150,1.0,1.0,1.0,1.0,1.0,1.0,12.64272
dblp_acm,"bm25_char n=(3, 4) k1=1.2 b=0.75 idf^3.0",bm25_char,"{""b"": 0.75, ""idf_exp"": 3.0, ""k1"": 1.2, ""n"": ""(3, 4)""}",tune,False,150,0.99556,0.99556,0.99667,0.99333,1.0,1.0,15.97884
dblp_acm,"bm25_char n=(3, 4) k1=1.2 b=1.0 idf^1.0",bm25_char,"{""b"": 1.0, ""idf_exp"": 1.0, ""k1"": 1.2, ""n"": ""(3, 4)""}",tune,False,150,1.0,1.0,1.0,1.0,1.0,1.0,11.7162
dblp_acm,"bm25_char n=(3, 4) k1=1.2 b=1.0 idf^2.0",bm25_char,"{""b"": 1.0, ""idf_exp"": 2.0, ""k1"": 1.2, ""n"": ""(3, 4)""}",tune,False,150,1.0,1.0,1.0,1.0,1.0,1.0,12.01605
dblp_acm,"bm25_char n=(3, 4) k1=1.2 b=1.0 idf^3.0",bm25_char,"{""b"": 1.0, ""idf_exp"": 3.0, ""k1"": 1.2, ""n"": ""(3, 4)""}",tune,False,150,0.99556,0.99556,0.99667,0.99333,1.0,1.0,11.93297
dblp_acm,"bm25_char n=(3, 4) k1=2.0 b=0.3 idf^1.0",bm25_char,"{""b"": 0.3, ""idf_exp"": 1.0, ""k1"": 2.0, ""n"": ""(3, 4)""}",tune,False,150,1.0,1.0,1.0,1.0,1.0,1.0,12.0091
dblp_acm,"bm25_char n=(3, 4) k1=2.0 b=0.3 idf^2.0",bm25_char,"{""b"": 0.3, ""idf_exp"": 2.0, ""k1"": 2.0, ""n"": ""(3, 4)""}",tune,False,150,1.0,1.0,1.0,1.0,1.0,1.0,11.5723
dblp_acm,"bm25_char n=(3, 4) k1=2.0 b=0.3 idf^3.0",bm25_char,"{""b"": 0.3, ""idf_exp"": 3.0, ""k1"": 2.0, ""n"": ""(3, 4)""}",tune,False,150,0.99556,0.99556,0.99667,0.99333,1.0,1.0,13.54186
dblp_acm,"bm25_char n=(3, 4) k1=2.0 b=0.75 idf^1.0",bm25_char,"{""b"": 0.75, ""idf_exp"": 1.0, ""k1"": 2.0, ""n"": ""(3, 4)""}",tune,False,150,1.0,1.0,1.0,1.0,1.0,1.0,11.64514
dblp_acm,"bm25_char n=(3, 4) k1=2.0 b=0.75 idf^2.0",bm25_char,"{""b"": 0.75, ""idf_exp"": 2.0, ""k1"": 2.0, ""n"": ""(3, 4)""}",tune,False,150,1.0,1.0,1.0,1.0,1.0,1.0,11.5412
dblp_acm,"bm25_char n=(3, 4) k1=2.0 b=0.75 idf^3.0",bm25_char,"{""b"": 0.75, ""idf_exp"": 3.0, ""k1"": 2.0, ""n"": ""(3, 4)""}",tune,False,150,0.99556,0.99556,0.99667,0.99333,1.0,1.0,11.54966
dblp_acm,"bm25_char n=(3, 4) k1=2.0 b=1.0 idf^1.0",bm25_char,"{""b"": 1.0, ""idf_exp"": 1.0, ""k1"": 2.0, ""n"": ""(3, 4)""}",tune,False,150,1.0,1.0,1.0,1.0,1.0,1.0,14.17971
dblp_acm,"bm25_char n=(3, 4) k1=2.0 b=1.0 idf^2.0",bm25_char,"{""b"": 1.0, ""idf_exp"": 2.0, ""k1"": 2.0, ""n"": ""(3, 4)""}",tune,False,150,0.99667,0.99667,0.99754,0.99333,1.0,1.0,12.30809
dblp_acm,"bm25_char n=(3, 4) k1=2.0 b=1.0 idf^3.0",bm25_char,"{""b"": 1.0, ""idf_exp"": 3.0, ""k1"": 2.0, ""n"": ""(3, 4)""}",tune,False,150,0.99556,0.99556,0.99667,0.99333,1.0,1.0,16.16404
dblp_acm,"bm25_char n=(2,) k1=0.5 b=1.0 idf^1.0",bm25_char,"{""b"": 1.0, ""idf_exp"": 1.0, ""k1"": 0.5, ""n"": ""(2,)""}",test,True,150,1.0,1.0,1.0,1.0,1.0,1.0,7.67071
dblp_acm,"tfidf_char n=(2,)",tfidf_char,"{""n"": ""(2,)""}",tune,False,150,1.0,1.0,1.0,1.0,1.0,1.0,4.27738
dblp_acm,"tfidf_char n=(3,)",tfidf_char,"{""n"": ""(3,)""}",tune,False,150,1.0,1.0,1.0,1.0,1.0,1.0,4.41199
dblp_acm,"tfidf_char n=(4,)",tfidf_char,"{""n"": ""(4,)""}",tune,False,150,1.0,1.0,1.0,1.0,1.0,1.0,5.18196
dblp_acm,"tfidf_char n=(2, 3)",tfidf_char,"{""n"": ""(2, 3)""}",tune,False,150,1.0,1.0,1.0,1.0,1.0,1.0,8.96389
dblp_acm,"tfidf_char n=(2, 4)",tfidf_char,"{""n"": ""(2, 4)""}",tune,False,150,1.0,1.0,1.0,1.0,1.0,1.0,9.63618
dblp_acm,"tfidf_char n=(3, 4)",tfidf_char,"{""n"": ""(3, 4)""}",tune,False,150,1.0,1.0,1.0,1.0,1.0,1.0,8.98231
dblp_acm,"tfidf_char n=(2,)",tfidf_char,"{""n"": ""(2,)""}",test,True,150,1.0,1.0,1.0,1.0,1.0,1.0,4.4789
dblp_acm,bm25_word k1=0.5 b=0.3,bm25_word,"{""b"": 0.3, ""idf_exp"": 1.0, ""k1"": 0.5}",tune,False,150,1.0,1.0,1.0,1.0,1.0,1.0,1.29294
dblp_acm,bm25_word k1=0.5 b=0.75,bm25_word,"{""b"": 0.75, ""idf_exp"": 1.0, ""k1"": 0.5}",tune,False,150,1.0,1.0,1.0,1.0,1.0,1.0,1.47019
dblp_acm,bm25_word k1=0.5 b=1.0,bm25_word,"{""b"": 1.0, ""idf_exp"": 1.0, ""k1"": 0.5}",tune,False,150,1.0,1.0,1.0,1.0,1.0,1.0,1.20162
dblp_acm,bm25_word k1=1.2 b=0.3,bm25_word,"{""b"": 0.3, ""idf_exp"": 1.0, ""k1"": 1.2}",tune,False,150,1.0,1.0,1.0,1.0,1.0,1.0,1.31007
dblp_acm,bm25_word k1=1.2 b=0.75,bm25_word,"{""b"": 0.75, ""idf_exp"": 1.0, ""k1"": 1.2}",tune,False,150,1.0,1.0,1.0,1.0,1.0,1.0,1.33632
dblp_acm,bm25_word k1=1.2 b=1.0,bm25_word,"{""b"": 1.0, ""idf_exp"": 1.0, ""k1"": 1.2}",tune,False,150,1.0,1.0,1.0,1.0,1.0,1.0,1.29062
dblp_acm,bm25_word k1=2.0 b=0.3,bm25_word,"{""b"": 0.3, ""idf_exp"": 1.0, ""k1"": 2.0}",tune,False,150,1.0,1.0,1.0,1.0,1.0,1.0,1.23017
dblp_acm,bm25_word k1=2.0 b=0.75,bm25_word,"{""b"": 0.75, ""idf_exp"": 1.0, ""k1"": 2.0}",tune,False,150,1.0,1.0,1.0,1.0,1.0,1.0,1.20125
dblp_acm,bm25_word k1=2.0 b=1.0,bm25_word,"{""b"": 1.0, ""idf_exp"": 1.0, ""k1"": 2.0}",tune,False,150,1.0,1.0,1.0,1.0,1.0,1.0,1.42846
dblp_acm,bm25_word k1=0.5 b=0.3,bm25_word,"{""b"": 0.3, ""idf_exp"": 1.0, ""k1"": 0.5}",test,True,150,1.0,1.0,1.0,1.0,1.0,1.0,1.55806
dblp_acm,bm25_char top-50 reranked by v7,bm25_char>v7,"{""depth"": 50}",test,True,150,0.99333,0.99333,0.99508,0.98667,1.0,1.0,69.54613
dblp_acm,v7 top-50 reranked by bm25_char,v7>bm25_char,"{""depth"": 50}",test,True,150,1.0,1.0,1.0,1.0,1.0,1.0,77.02176
dblp_acm,rrf of v7 and bm25_char,"rrf(v7,bm25_char)","{""depth"": 50, ""k"": 60}",test,True,150,0.99667,0.99667,0.99754,0.99333,1.0,1.0,74.42559
dblp_acm,tfidf_char top-50 reranked by v7,tfidf_char>v7,"{""depth"": 50}",test,True,150,0.99333,0.99333,0.99508,0.98667,1.0,1.0,69.03421
dblp_acm,rrf of v7 and tfidf_char,"rrf(v7,tfidf_char)","{""depth"": 50, ""k"": 60}",test,True,150,0.99667,0.99667,0.99754,0.99333,1.0,1.0,67.36694
dblp_acm,bm25_char + v7 at lam=0.1,"mix(bm25_char,v7)","{""lam"": 0.1}",tune,False,150,1.0,1.0,1.0,1.0,1.0,1.0,84.55541
dblp_acm,bm25_char + v7 at lam=0.25,"mix(bm25_char,v7)","{""lam"": 0.25}",tune,False,150,1.0,1.0,1.0,1.0,1.0,1.0,93.79887
dblp_acm,bm25_char + v7 at lam=0.5,"mix(bm25_char,v7)","{""lam"": 0.5}",tune,False,150,1.0,1.0,1.0,1.0,1.0,1.0,65.42001
dblp_acm,bm25_char + v7 at lam=0.75,"mix(bm25_char,v7)","{""lam"": 0.75}",tune,False,150,1.0,1.0,1.0,1.0,1.0,1.0,61.24653
dblp_acm,bm25_char + v7 at lam=0.9,"mix(bm25_char,v7)","{""lam"": 0.9}",tune,False,150,1.0,1.0,1.0,1.0,1.0,1.0,57.88696
dblp_acm,bm25_char + v7 at lam=0.1,"mix(bm25_char,v7)","{""lam"": 0.1}",test,True,150,1.0,1.0,1.0,1.0,1.0,1.0,55.56395
dblp_acm,tfidf_char + v7 at lam=0.1,"mix(tfidf_char,v7)","{""lam"": 0.1}",tune,False,150,1.0,1.0,1.0,1.0,1.0,1.0,43.9666
dblp_acm,tfidf_char + v7 at lam=0.25,"mix(tfidf_char,v7)","{""lam"": 0.25}",tune,False,150,1.0,1.0,1.0,1.0,1.0,1.0,47.07998
dblp_acm,tfidf_char + v7 at lam=0.5,"mix(tfidf_char,v7)","{""lam"": 0.5}",tune,False,150,1.0,1.0,1.0,1.0,1.0,1.0,43.82946
dblp_acm,tfidf_char + v7 at lam=0.75,"mix(tfidf_char,v7)","{""lam"": 0.75}",tune,False,150,1.0,1.0,1.0,1.0,1.0,1.0,45.26932
dblp_acm,tfidf_char + v7 at lam=0.9,"mix(tfidf_char,v7)","{""lam"": 0.9}",tune,False,150,1.0,1.0,1.0,1.0,1.0,1.0,44.77076
dblp_acm,tfidf_char + v7 at lam=0.1,"mix(tfidf_char,v7)","{""lam"": 0.1}",test,True,150,1.0,1.0,1.0,1.0,1.0,1.0,48.90655
