task,system,family,config,split,selected,n_queries,map,mrr,ndcg@10,hit@1,recall@10,recall@50,ms_per_query
typo_ms,"v7 n=(1, 2) idf=0.0 dim=1.0 norm=False/dice pw=0.0",v7,"{""denominator"": ""dice"", ""dim"": 1.0, ""idf"": 0.0, ""n"": ""(1, 2)"", ""normalize"": false, ""position_weight"": 0.0}",tune,False,118,0.86734,0.86734,0.88579,0.81356,0.94915,0.98305,1.35657
typo_ms,"v7 n=(1, 2) idf=0.0 dim=1.0 norm=False/dice pw=0.5",v7,"{""denominator"": ""dice"", ""dim"": 1.0, ""idf"": 0.0, ""n"": ""(1, 2)"", ""normalize"": false, ""position_weight"": 0.5}",tune,False,118,0.8807,0.8807,0.89856,0.82203,0.95763,0.99153,1.50753
typo_ms,"v7 n=(1, 2) idf=0.0 dim=1.0 norm=False/dice pw=1.0",v7,"{""denominator"": ""dice"", ""dim"": 1.0, ""idf"": 0.0, ""n"": ""(1, 2)"", ""normalize"": false, ""position_weight"": 1.0}",tune,False,118,0.8809,0.8809,0.90101,0.82203,0.9661,0.99153,1.86013
typo_ms,"v7 n=(1, 2) idf=0.0 dim=1.0 norm=True/dice pw=0.0",v7,"{""denominator"": ""dice"", ""dim"": 1.0, ""idf"": 0.0, ""n"": ""(1, 2)"", ""normalize"": true, ""position_weight"": 0.0}",tune,False,118,0.92891,0.92891,0.94689,0.87288,1.0,1.0,2.21362
typo_ms,"v7 n=(1, 2) idf=0.0 dim=1.0 norm=True/dice pw=0.5",v7,"{""denominator"": ""dice"", ""dim"": 1.0, ""idf"": 0.0, ""n"": ""(1, 2)"", ""normalize"": true, ""position_weight"": 0.5}",tune,False,118,0.9375,0.9375,0.95334,0.88983,1.0,1.0,2.38063
typo_ms,"v7 n=(1, 2) idf=0.0 dim=1.0 norm=True/dice pw=1.0",v7,"{""denominator"": ""dice"", ""dim"": 1.0, ""idf"": 0.0, ""n"": ""(1, 2)"", ""normalize"": true, ""position_weight"": 1.0}",tune,False,118,0.93271,0.93271,0.94977,0.88136,1.0,1.0,2.56867
typo_ms,"v7 n=(1, 2) idf=0.0 dim=1.0 norm=True/geo pw=0.0",v7,"{""denominator"": ""geo"", ""dim"": 1.0, ""idf"": 0.0, ""n"": ""(1, 2)"", ""normalize"": true, ""position_weight"": 0.0}",tune,False,118,0.92326,0.92326,0.94266,0.86441,1.0,1.0,2.10305
typo_ms,"v7 n=(1, 2) idf=0.0 dim=1.0 norm=True/geo pw=0.5",v7,"{""denominator"": ""geo"", ""dim"": 1.0, ""idf"": 0.0, ""n"": ""(1, 2)"", ""normalize"": true, ""position_weight"": 0.5}",tune,False,118,0.93185,0.93185,0.9491,0.88136,1.0,1.0,1.86202
typo_ms,"v7 n=(1, 2) idf=0.0 dim=1.0 norm=True/geo pw=1.0",v7,"{""denominator"": ""geo"", ""dim"": 1.0, ""idf"": 0.0, ""n"": ""(1, 2)"", ""normalize"": true, ""position_weight"": 1.0}",tune,False,118,0.92494,0.92494,0.94384,0.87288,1.0,1.0,2.19875
typo_ms,"v7 n=(1, 2) idf=0.0 dim=2.0 norm=False/dice pw=0.0",v7,"{""denominator"": ""dice"", ""dim"": 2.0, ""idf"": 0.0, ""n"": ""(1, 2)"", ""normalize"": false, ""position_weight"": 0.0}",tune,False,118,0.83528,0.83528,0.85719,0.77966,0.9322,0.98305,1.67054
typo_ms,"v7 n=(1, 2) idf=0.0 dim=2.0 norm=False/dice pw=0.5",v7,"{""denominator"": ""dice"", ""dim"": 2.0, ""idf"": 0.0, ""n"": ""(1, 2)"", ""normalize"": false, ""position_weight"": 0.5}",tune,False,118,0.87566,0.87566,0.89031,0.83051,0.94068,0.98305,1.55952
typo_ms,"v7 n=(1, 2) idf=0.0 dim=2.0 norm=False/dice pw=1.0",v7,"{""denominator"": ""dice"", ""dim"": 2.0, ""idf"": 0.0, ""n"": ""(1, 2)"", ""normalize"": false, ""position_weight"": 1.0}",tune,False,118,0.87614,0.87614,0.89277,0.82203,0.94915,0.99153,1.47634
typo_ms,"v7 n=(1, 2) idf=0.0 dim=2.0 norm=True/dice pw=0.0",v7,"{""denominator"": ""dice"", ""dim"": 2.0, ""idf"": 0.0, ""n"": ""(1, 2)"", ""normalize"": true, ""position_weight"": 0.0}",tune,False,118,0.92807,0.92807,0.94397,0.87288,0.99153,1.0,1.46877
typo_ms,"v7 n=(1, 2) idf=0.0 dim=2.0 norm=True/dice pw=0.5",v7,"{""denominator"": ""dice"", ""dim"": 2.0, ""idf"": 0.0, ""n"": ""(1, 2)"", ""normalize"": true, ""position_weight"": 0.5}",tune,False,118,0.93668,0.93668,0.95263,0.88983,1.0,1.0,1.51156
typo_ms,"v7 n=(1, 2) idf=0.0 dim=2.0 norm=True/dice pw=1.0",v7,"{""denominator"": ""dice"", ""dim"": 2.0, ""idf"": 0.0, ""n"": ""(1, 2)"", ""normalize"": true, ""position_weight"": 1.0}",tune,False,118,0.93679,0.93679,0.95275,0.88983,1.0,1.0,1.44455
typo_ms,"v7 n=(1, 2) idf=0.0 dim=2.0 norm=True/geo pw=0.0",v7,"{""denominator"": ""geo"", ""dim"": 2.0, ""idf"": 0.0, ""n"": ""(1, 2)"", ""normalize"": true, ""position_weight"": 0.0}",tune,False,118,0.92807,0.92807,0.94397,0.87288,0.99153,1.0,1.51161
typo_ms,"v7 n=(1, 2) idf=0.0 dim=2.0 norm=True/geo pw=0.5",v7,"{""denominator"": ""geo"", ""dim"": 2.0, ""idf"": 0.0, ""n"": ""(1, 2)"", ""normalize"": true, ""position_weight"": 0.5}",tune,False,118,0.93668,0.93668,0.95263,0.88983,1.0,1.0,1.34705
typo_ms,"v7 n=(1, 2) idf=0.0 dim=2.0 norm=True/geo pw=1.0",v7,"{""denominator"": ""geo"", ""dim"": 2.0, ""idf"": 0.0, ""n"": ""(1, 2)"", ""normalize"": true, ""position_weight"": 1.0}",tune,False,118,0.93468,0.93468,0.95105,0.88983,1.0,1.0,1.42527
typo_ms,"v7 n=(1, 2) idf=1.0 dim=1.0 norm=False/dice pw=0.0",v7,"{""denominator"": ""dice"", ""dim"": 1.0, ""idf"": 1.0, ""n"": ""(1, 2)"", ""normalize"": false, ""position_weight"": 0.0}",tune,False,118,0.81676,0.81676,0.8436,0.73729,0.9322,0.98305,1.44456
typo_ms,"v7 n=(1, 2) idf=1.0 dim=1.0 norm=False/dice pw=0.5",v7,"{""denominator"": ""dice"", ""dim"": 1.0, ""idf"": 1.0, ""n"": ""(1, 2)"", ""normalize"": false, ""position_weight"": 0.5}",tune,False,118,0.83984,0.83984,0.86322,0.77119,0.94068,0.98305,1.3839
typo_ms,"v7 n=(1, 2) idf=1.0 dim=1.0 norm=False/dice pw=1.0",v7,"{""denominator"": ""dice"", ""dim"": 1.0, ""idf"": 1.0, ""n"": ""(1, 2)"", ""normalize"": false, ""position_weight"": 1.0}",tune,False,118,0.86571,0.86571,0.88469,0.81356,0.94915,0.99153,1.34566
typo_ms,"v7 n=(1, 2) idf=1.0 dim=1.0 norm=True/dice pw=0.0",v7,"{""denominator"": ""dice"", ""dim"": 1.0, ""idf"": 1.0, ""n"": ""(1, 2)"", ""normalize"": true, ""position_weight"": 0.0}",tune,False,118,0.89851,0.89851,0.91915,0.83898,0.98305,1.0,1.44529
typo_ms,"v7 n=(1, 2) idf=1.0 dim=1.0 norm=True/dice pw=0.5",v7,"{""denominator"": ""dice"", ""dim"": 1.0, ""idf"": 1.0, ""n"": ""(1, 2)"", ""normalize"": true, ""position_weight"": 0.5}",tune,False,118,0.91326,0.91326,0.92996,0.86441,0.98305,1.0,1.44303
typo_ms,"v7 n=(1, 2) idf=1.0 dim=1.0 norm=True/dice pw=1.0",v7,"{""denominator"": ""dice"", ""dim"": 1.0, ""idf"": 1.0, ""n"": ""(1, 2)"", ""normalize"": true, ""position_weight"": 1.0}",tune,False,118,0.92065,0.92065,0.93796,0.87288,0.99153,1.0,1.46305
typo_ms,"v7 n=(1, 2) idf=1.0 dim=1.0 norm=True/geo pw=0.0",v7,"{""denominator"": ""geo"", ""dim"": 1.0, ""idf"": 1.0, ""n"": ""(1, 2)"", ""normalize"": true, ""position_weight"": 0.0}",tune,False,118,0.90496,0.90496,0.92381,0.85593,0.98305,1.0,1.59685
typo_ms,"v7 n=(1, 2) idf=1.0 dim=1.0 norm=True/geo pw=0.5",v7,"{""denominator"": ""geo"", ""dim"": 1.0, ""idf"": 1.0, ""n"": ""(1, 2)"", ""normalize"": true, ""position_weight"": 0.5}",tune,False,118,0.91168,0.91168,0.92871,0.86441,0.98305,1.0,1.5288
typo_ms,"v7 n=(1, 2) idf=1.0 dim=1.0 norm=True/geo pw=1.0",v7,"{""denominator"": ""geo"", ""dim"": 1.0, ""idf"": 1.0, ""n"": ""(1, 2)"", ""normalize"": true, ""position_weight"": 1.0}",tune,False,118,0.91268,0.91268,0.93015,0.85593,0.98305,1.0,1.46654
typo_ms,"v7 n=(1, 2) idf=1.0 dim=2.0 norm=False/dice pw=0.0",v7,"{""denominator"": ""dice"", ""dim"": 2.0, ""idf"": 1.0, ""n"": ""(1, 2)"", ""normalize"": false, ""position_weight"": 0.0}",tune,False,118,0.80538,0.80538,0.83792,0.71186,0.94068,0.97458,1.32997
typo_ms,"v7 n=(1, 2) idf=1.0 dim=2.0 norm=False/dice pw=0.5",v7,"{""denominator"": ""dice"", ""dim"": 2.0, ""idf"": 1.0, ""n"": ""(1, 2)"", ""normalize"": false, ""position_weight"": 0.5}",tune,False,118,0.83558,0.83558,0.86274,0.76271,0.94915,0.98305,1.30286
typo_ms,"v7 n=(1, 2) idf=1.0 dim=2.0 norm=False/dice pw=1.0",v7,"{""denominator"": ""dice"", ""dim"": 2.0, ""idf"": 1.0, ""n"": ""(1, 2)"", ""normalize"": false, ""position_weight"": 1.0}",tune,False,118,0.83812,0.83812,0.86689,0.76271,0.95763,0.99153,1.38291
typo_ms,"v7 n=(1, 2) idf=1.0 dim=2.0 norm=True/dice pw=0.0",v7,"{""denominator"": ""dice"", ""dim"": 2.0, ""idf"": 1.0, ""n"": ""(1, 2)"", ""normalize"": true, ""position_weight"": 0.0}",tune,False,118,0.8667,0.8667,0.89084,0.79661,0.9661,0.99153,1.48339
typo_ms,"v7 n=(1, 2) idf=1.0 dim=2.0 norm=True/dice pw=0.5",v7,"{""denominator"": ""dice"", ""dim"": 2.0, ""idf"": 1.0, ""n"": ""(1, 2)"", ""normalize"": true, ""position_weight"": 0.5}",tune,False,118,0.89524,0.89524,0.91468,0.83051,0.97458,0.99153,1.53743
typo_ms,"v7 n=(1, 2) idf=1.0 dim=2.0 norm=True/dice pw=1.0",v7,"{""denominator"": ""dice"", ""dim"": 2.0, ""idf"": 1.0, ""n"": ""(1, 2)"", ""normalize"": true, ""position_weight"": 1.0}",tune,False,118,0.91521,0.91521,0.9335,0.87288,0.99153,1.0,1.44642
typo_ms,"v7 n=(1, 2) idf=1.0 dim=2.0 norm=True/geo pw=0.0",v7,"{""denominator"": ""geo"", ""dim"": 2.0, ""idf"": 1.0, ""n"": ""(1, 2)"", ""normalize"": true, ""position_weight"": 0.0}",tune,False,118,0.8642,0.8642,0.88884,0.79661,0.9661,0.99153,1.49548
typo_ms,"v7 n=(1, 2) idf=1.0 dim=2.0 norm=True/geo pw=0.5",v7,"{""denominator"": ""geo"", ""dim"": 2.0, ""idf"": 1.0, ""n"": ""(1, 2)"", ""normalize"": true, ""position_weight"": 0.5}",tune,False,118,0.90196,0.90196,0.91946,0.84746,0.97458,0.99153,1.4416
typo_ms,"v7 n=(1, 2) idf=1.0 dim=2.0 norm=True/geo pw=1.0",v7,"{""denominator"": ""geo"", ""dim"": 2.0, ""idf"": 1.0, ""n"": ""(1, 2)"", ""normalize"": true, ""position_weight"": 1.0}",tune,False,118,0.92752,0.92752,0.94073,0.88983,0.98305,1.0,1.46795
typo_ms,"v7 n=(1, 2) idf=2.0 dim=1.0 norm=False/dice pw=0.0",v7,"{""denominator"": ""dice"", ""dim"": 1.0, ""idf"": 2.0, ""n"": ""(1, 2)"", ""normalize"": false, ""position_weight"": 0.0}",tune,False,118,0.59153,0.59153,0.64508,0.48305,0.83898,0.94915,1.33507
typo_ms,"v7 n=(1, 2) idf=2.0 dim=1.0 norm=False/dice pw=0.5",v7,"{""denominator"": ""dice"", ""dim"": 1.0, ""idf"": 2.0, ""n"": ""(1, 2)"", ""normalize"": false, ""position_weight"": 0.5}",tune,False,118,0.61151,0.61151,0.66272,0.50847,0.84746,0.94915,1.33813
typo_ms,"v7 n=(1, 2) idf=2.0 dim=1.0 norm=False/dice pw=1.0",v7,"{""denominator"": ""dice"", ""dim"": 1.0, ""idf"": 2.0, ""n"": ""(1, 2)"", ""normalize"": false, ""position_weight"": 1.0}",tune,False,118,0.62157,0.62157,0.67296,0.50847,0.85593,0.95763,1.44192
typo_ms,"v7 n=(1, 2) idf=2.0 dim=1.0 norm=True/dice pw=0.0",v7,"{""denominator"": ""dice"", ""dim"": 1.0, ""idf"": 2.0, ""n"": ""(1, 2)"", ""normalize"": true, ""position_weight"": 0.0}",tune,False,118,0.71607,0.71607,0.74927,0.64407,0.86441,0.9322,1.78192
typo_ms,"v7 n=(1, 2) idf=2.0 dim=1.0 norm=True/dice pw=0.5",v7,"{""denominator"": ""dice"", ""dim"": 1.0, ""idf"": 2.0, ""n"": ""(1, 2)"", ""normalize"": true, ""position_weight"": 0.5}",tune,False,118,0.73547,0.73547,0.76796,0.66102,0.88136,0.94915,1.72098
typo_ms,"v7 n=(1, 2) idf=2.0 dim=1.0 norm=True/dice pw=1.0",v7,"{""denominator"": ""dice"", ""dim"": 1.0, ""idf"": 2.0, ""n"": ""(1, 2)"", ""normalize"": true, ""position_weight"": 1.0}",tune,False,118,0.74561,0.74561,0.77753,0.66949,0.88983,0.95763,1.71461
typo_ms,"v7 n=(1, 2) idf=2.0 dim=1.0 norm=True/geo pw=0.0",v7,"{""denominator"": ""geo"", ""dim"": 1.0, ""idf"": 2.0, ""n"": ""(1, 2)"", ""normalize"": true, ""position_weight"": 0.0}",tune,False,118,0.72944,0.72944,0.76275,0.65254,0.88136,0.9661,1.53637
typo_ms,"v7 n=(1, 2) idf=2.0 dim=1.0 norm=True/geo pw=0.5",v7,"{""denominator"": ""geo"", ""dim"": 1.0, ""idf"": 2.0, ""n"": ""(1, 2)"", ""normalize"": true, ""position_weight"": 0.5}",tune,False,118,0.75003,0.75003,0.78494,0.66949,0.90678,0.97458,1.47001
typo_ms,"v7 n=(1, 2) idf=2.0 dim=1.0 norm=True/geo pw=1.0",v7,"{""denominator"": ""geo"", ""dim"": 1.0, ""idf"": 2.0, ""n"": ""(1, 2)"", ""normalize"": true, ""position_weight"": 1.0}",tune,False,118,0.77869,0.77869,0.80965,0.69492,0.91525,0.9661,1.44939
typo_ms,"v7 n=(1, 2) idf=2.0 dim=2.0 norm=False/dice pw=0.0",v7,"{""denominator"": ""dice"", ""dim"": 2.0, ""idf"": 2.0, ""n"": ""(1, 2)"", ""normalize"": false, ""position_weight"": 0.0}",tune,False,118,0.59043,0.59043,0.63777,0.47458,0.81356,0.94915,1.38166
typo_ms,"v7 n=(1, 2) idf=2.0 dim=2.0 norm=False/dice pw=0.5",v7,"{""denominator"": ""dice"", ""dim"": 2.0, ""idf"": 2.0, ""n"": ""(1, 2)"", ""normalize"": false, ""position_weight"": 0.5}",tune,False,118,0.61712,0.61712,0.67248,0.50847,0.86441,0.94915,1.38842
typo_ms,"v7 n=(1, 2) idf=2.0 dim=2.0 norm=False/dice pw=1.0",v7,"{""denominator"": ""dice"", ""dim"": 2.0, ""idf"": 2.0, ""n"": ""(1, 2)"", ""normalize"": false, ""position_weight"": 1.0}",tune,False,118,0.63018,0.63018,0.68274,0.51695,0.86441,0.95763,1.36781
typo_ms,"v7 n=(1, 2) idf=2.0 dim=2.0 norm=True/dice pw=0.0",v7,"{""denominator"": ""dice"", ""dim"": 2.0, ""idf"": 2.0, ""n"": ""(1, 2)"", ""normalize"": true, ""position_weight"": 0.0}",tune,False,118,0.66706,0.66706,0.70123,0.60169,0.82203,0.88136,1.47541
typo_ms,"v7 n=(1, 2) idf=2.0 dim=2.0 norm=True/dice pw=0.5",v7,"{""denominator"": ""dice"", ""dim"": 2.0, ""idf"": 2.0, ""n"": ""(1, 2)"", ""normalize"": true, ""position_weight"": 0.5}",tune,False,118,0.71635,0.71635,0.74737,0.65254,0.85593,0.90678,1.49512
typo_ms,"v7 n=(1, 2) idf=2.0 dim=2.0 norm=True/dice pw=1.0",v7,"{""denominator"": ""dice"", ""dim"": 2.0, ""idf"": 2.0, ""n"": ""(1, 2)"", ""normalize"": true, ""position_weight"": 1.0}",tune,False,118,0.73552,0.73552,0.76739,0.66102,0.87288,0.92373,1.45422
typo_ms,"v7 n=(1, 2) idf=2.0 dim=2.0 norm=True/geo pw=0.0",v7,"{""denominator"": ""geo"", ""dim"": 2.0, ""idf"": 2.0, ""n"": ""(1, 2)"", ""normalize"": true, ""position_weight"": 0.0}",tune,False,118,0.7005,0.7005,0.72823,0.63559,0.83051,0.89831,1.44909
typo_ms,"v7 n=(1, 2) idf=2.0 dim=2.0 norm=True/geo pw=0.5",v7,"{""denominator"": ""geo"", ""dim"": 2.0, ""idf"": 2.0, ""n"": ""(1, 2)"", ""normalize"": true, ""position_weight"": 0.5}",tune,False,118,0.7362,0.7362,0.76941,0.66949,0.88136,0.91525,1.45756
typo_ms,"v7 n=(1, 2) idf=2.0 dim=2.0 norm=True/geo pw=1.0",v7,"{""denominator"": ""geo"", ""dim"": 2.0, ""idf"": 2.0, ""n"": ""(1, 2)"", ""normalize"": true, ""position_weight"": 1.0}",tune,False,118,0.74744,0.74744,0.78022,0.66949,0.88983,0.94915,1.71033
typo_ms,"v7 n=(1, 2) idf=3.0 dim=1.0 norm=False/dice pw=0.0",v7,"{""denominator"": ""dice"", ""dim"": 1.0, ""idf"": 3.0, ""n"": ""(1, 2)"", ""normalize"": false, ""position_weight"": 0.0}",tune,False,118,0.45375,0.45375,0.51286,0.33898,0.72881,0.88983,1.56771
typo_ms,"v7 n=(1, 2) idf=3.0 dim=1.0 norm=False/dice pw=0.5",v7,"{""denominator"": ""dice"", ""dim"": 1.0, ""idf"": 3.0, ""n"": ""(1, 2)"", ""normalize"": false, ""position_weight"": 0.5}",tune,False,118,0.48003,0.48003,0.53479,0.37288,0.73729,0.91525,1.50182
typo_ms,"v7 n=(1, 2) idf=3.0 dim=1.0 norm=False/dice pw=1.0",v7,"{""denominator"": ""dice"", ""dim"": 1.0, ""idf"": 3.0, ""n"": ""(1, 2)"", ""normalize"": false, ""position_weight"": 1.0}",tune,False,118,0.48357,0.48357,0.53991,0.37288,0.74576,0.90678,1.36608
typo_ms,"v7 n=(1, 2) idf=3.0 dim=1.0 norm=True/dice pw=0.0",v7,"{""denominator"": ""dice"", ""dim"": 1.0, ""idf"": 3.0, ""n"": ""(1, 2)"", ""normalize"": true, ""position_weight"": 0.0}",tune,False,118,0.55674,0.55674,0.59228,0.48305,0.72034,0.82203,1.60698
typo_ms,"v7 n=(1, 2) idf=3.0 dim=1.0 norm=True/dice pw=0.5",v7,"{""denominator"": ""dice"", ""dim"": 1.0, ""idf"": 3.0, ""n"": ""(1, 2)"", ""normalize"": true, ""position_weight"": 0.5}",tune,False,118,0.5811,0.5811,0.61947,0.49153,0.75424,0.83898,1.5496
typo_ms,"v7 n=(1, 2) idf=3.0 dim=1.0 norm=True/dice pw=1.0",v7,"{""denominator"": ""dice"", ""dim"": 1.0, ""idf"": 3.0, ""n"": ""(1, 2)"", ""normalize"": true, ""position_weight"": 1.0}",tune,False,118,0.60784,0.60784,0.64356,0.52542,0.77119,0.86441,1.79138
typo_ms,"v7 n=(1, 2) idf=3.0 dim=1.0 norm=True/geo pw=0.0",v7,"{""denominator"": ""geo"", ""dim"": 1.0, ""idf"": 3.0, ""n"": ""(1, 2)"", ""normalize"": true, ""position_weight"": 0.0}",tune,False,118,0.58086,0.58086,0.61559,0.5,0.74576,0.86441,2.31863
typo_ms,"v7 n=(1, 2) idf=3.0 dim=1.0 norm=True/geo pw=0.5",v7,"{""denominator"": ""geo"", ""dim"": 1.0, ""idf"": 3.0, ""n"": ""(1, 2)"", ""normalize"": true, ""position_weight"": 0.5}",tune,False,118,0.60317,0.60317,0.6436,0.50847,0.78814,0.88983,2.32921
typo_ms,"v7 n=(1, 2) idf=3.0 dim=1.0 norm=True/geo pw=1.0",v7,"{""denominator"": ""geo"", ""dim"": 1.0, ""idf"": 3.0, ""n"": ""(1, 2)"", ""normalize"": true, ""position_weight"": 1.0}",tune,False,118,0.61855,0.61855,0.66464,0.51695,0.82203,0.88983,2.29546
typo_ms,"v7 n=(1, 2) idf=3.0 dim=2.0 norm=False/dice pw=0.0",v7,"{""denominator"": ""dice"", ""dim"": 2.0, ""idf"": 3.0, ""n"": ""(1, 2)"", ""normalize"": false, ""position_weight"": 0.0}",tune,False,118,0.44578,0.44578,0.50634,0.33051,0.72881,0.88983,1.84571
typo_ms,"v7 n=(1, 2) idf=3.0 dim=2.0 norm=False/dice pw=0.5",v7,"{""denominator"": ""dice"", ""dim"": 2.0, ""idf"": 3.0, ""n"": ""(1, 2)"", ""normalize"": false, ""position_weight"": 0.5}",tune,False,118,0.47217,0.47217,0.53297,0.36441,0.75424,0.89831,1.57459
typo_ms,"v7 n=(1, 2) idf=3.0 dim=2.0 norm=False/dice pw=1.0",v7,"{""denominator"": ""dice"", ""dim"": 2.0, ""idf"": 3.0, ""n"": ""(1, 2)"", ""normalize"": false, ""position_weight"": 1.0}",tune,False,118,0.47877,0.47877,0.54066,0.36441,0.76271,0.90678,1.503
typo_ms,"v7 n=(1, 2) idf=3.0 dim=2.0 norm=True/dice pw=0.0",v7,"{""denominator"": ""dice"", ""dim"": 2.0, ""idf"": 3.0, ""n"": ""(1, 2)"", ""normalize"": true, ""position_weight"": 0.0}",tune,False,118,0.5647,0.5647,0.59756,0.50847,0.71186,0.76271,1.50305
typo_ms,"v7 n=(1, 2) idf=3.0 dim=2.0 norm=True/dice pw=0.5",v7,"{""denominator"": ""dice"", ""dim"": 2.0, ""idf"": 3.0, ""n"": ""(1, 2)"", ""normalize"": true, ""position_weight"": 0.5}",tune,False,118,0.58994,0.58994,0.61953,0.51695,0.72034,0.77966,1.58154
typo_ms,"v7 n=(1, 2) idf=3.0 dim=2.0 norm=True/dice pw=1.0",v7,"{""denominator"": ""dice"", ""dim"": 2.0, ""idf"": 3.0, ""n"": ""(1, 2)"", ""normalize"": true, ""position_weight"": 1.0}",tune,False,118,0.62015,0.62015,0.64877,0.55932,0.74576,0.78814,2.24064
typo_ms,"v7 n=(1, 2) idf=3.0 dim=2.0 norm=True/geo pw=0.0",v7,"{""denominator"": ""geo"", ""dim"": 2.0, ""idf"": 3.0, ""n"": ""(1, 2)"", ""normalize"": true, ""position_weight"": 0.0}",tune,False,118,0.57465,0.57465,0.60792,0.50847,0.72034,0.76271,2.27853
typo_ms,"v7 n=(1, 2) idf=3.0 dim=2.0 norm=True/geo pw=0.5",v7,"{""denominator"": ""geo"", ""dim"": 2.0, ""idf"": 3.0, ""n"": ""(1, 2)"", ""normalize"": true, ""position_weight"": 0.5}",tune,False,118,0.60182,0.60182,0.6305,0.5339,0.72881,0.78814,2.68186
typo_ms,"v7 n=(1, 2) idf=3.0 dim=2.0 norm=True/geo pw=1.0",v7,"{""denominator"": ""geo"", ""dim"": 2.0, ""idf"": 3.0, ""n"": ""(1, 2)"", ""normalize"": true, ""position_weight"": 1.0}",tune,False,118,0.62325,0.62325,0.65029,0.55932,0.74576,0.82203,2.32269
typo_ms,"v7 n=(2,) idf=0.0 dim=1.0 norm=False/dice pw=0.0",v7,"{""denominator"": ""dice"", ""dim"": 1.0, ""idf"": 0.0, ""n"": ""(2,)"", ""normalize"": false, ""position_weight"": 0.0}",tune,False,118,0.8216,0.8216,0.84843,0.77119,0.94068,0.98305,0.68752
typo_ms,"v7 n=(2,) idf=0.0 dim=1.0 norm=False/dice pw=0.5",v7,"{""denominator"": ""dice"", ""dim"": 1.0, ""idf"": 0.0, ""n"": ""(2,)"", ""normalize"": false, ""position_weight"": 0.5}",tune,False,118,0.8598,0.8598,0.88003,0.80508,0.94915,1.0,0.55065
typo_ms,"v7 n=(2,) idf=0.0 dim=1.0 norm=False/dice pw=1.0",v7,"{""denominator"": ""dice"", ""dim"": 1.0, ""idf"": 0.0, ""n"": ""(2,)"", ""normalize"": false, ""position_weight"": 1.0}",tune,False,118,0.85981,0.85981,0.88003,0.80508,0.94915,1.0,0.51936
typo_ms,"v7 n=(2,) idf=0.0 dim=1.0 norm=True/dice pw=0.0",v7,"{""denominator"": ""dice"", ""dim"": 1.0, ""idf"": 0.0, ""n"": ""(2,)"", ""normalize"": true, ""position_weight"": 0.0}",tune,False,118,0.8514,0.8514,0.87625,0.78814,0.95763,0.99153,0.51824
typo_ms,"v7 n=(2,) idf=0.0 dim=1.0 norm=True/dice pw=0.5",v7,"{""denominator"": ""dice"", ""dim"": 1.0, ""idf"": 0.0, ""n"": ""(2,)"", ""normalize"": true, ""position_weight"": 0.5}",tune,False,118,0.86347,0.86347,0.88716,0.81356,0.9661,0.99153,0.52774
typo_ms,"v7 n=(2,) idf=0.0 dim=1.0 norm=True/dice pw=1.0",v7,"{""denominator"": ""dice"", ""dim"": 1.0, ""idf"": 0.0, ""n"": ""(2,)"", ""normalize"": true, ""position_weight"": 1.0}",tune,False,118,0.86361,0.86361,0.88961,0.81356,0.97458,0.99153,0.56197
typo_ms,"v7 n=(2,) idf=0.0 dim=1.0 norm=True/geo pw=0.0",v7,"{""denominator"": ""geo"", ""dim"": 1.0, ""idf"": 0.0, ""n"": ""(2,)"", ""normalize"": true, ""position_weight"": 0.0}",tune,False,118,0.84955,0.84955,0.87471,0.78814,0.95763,0.99153,0.58668
typo_ms,"v7 n=(2,) idf=0.0 dim=1.0 norm=True/geo pw=0.5",v7,"{""denominator"": ""geo"", ""dim"": 1.0, ""idf"": 0.0, ""n"": ""(2,)"", ""normalize"": true, ""position_weight"": 0.5}",tune,False,118,0.86328,0.86328,0.88706,0.81356,0.9661,0.99153,0.63047
typo_ms,"v7 n=(2,) idf=0.0 dim=1.0 norm=True/geo pw=1.0",v7,"{""denominator"": ""geo"", ""dim"": 1.0, ""idf"": 0.0, ""n"": ""(2,)"", ""normalize"": true, ""position_weight"": 1.0}",tune,False,118,0.86361,0.86361,0.88961,0.81356,0.97458,0.99153,0.7174
typo_ms,"v7 n=(2,) idf=1.0 dim=1.0 norm=False/dice pw=0.0",v7,"{""denominator"": ""dice"", ""dim"": 1.0, ""idf"": 1.0, ""n"": ""(2,)"", ""normalize"": false, ""position_weight"": 0.0}",tune,False,118,0.79587,0.79587,0.82817,0.71186,0.9322,0.95763,0.71607
typo_ms,"v7 n=(2,) idf=1.0 dim=1.0 norm=False/dice pw=0.5",v7,"{""denominator"": ""dice"", ""dim"": 1.0, ""idf"": 1.0, ""n"": ""(2,)"", ""normalize"": false, ""position_weight"": 0.5}",tune,False,118,0.81534,0.81534,0.84751,0.73729,0.94915,0.95763,0.56684
typo_ms,"v7 n=(2,) idf=1.0 dim=1.0 norm=False/dice pw=1.0",v7,"{""denominator"": ""dice"", ""dim"": 1.0, ""idf"": 1.0, ""n"": ""(2,)"", ""normalize"": false, ""position_weight"": 1.0}",tune,False,118,0.82073,0.82073,0.85179,0.73729,0.94915,0.9661,0.55352
typo_ms,"v7 n=(2,) idf=1.0 dim=1.0 norm=True/dice pw=0.0",v7,"{""denominator"": ""dice"", ""dim"": 1.0, ""idf"": 1.0, ""n"": ""(2,)"", ""normalize"": true, ""position_weight"": 0.0}",tune,False,118,0.83314,0.83314,0.85762,0.77119,0.94068,0.98305,0.64428
typo_ms,"v7 n=(2,) idf=1.0 dim=1.0 norm=True/dice pw=0.5",v7,"{""denominator"": ""dice"", ""dim"": 1.0, ""idf"": 1.0, ""n"": ""(2,)"", ""normalize"": true, ""position_weight"": 0.5}",tune,False,118,0.83775,0.83775,0.86102,0.77966,0.94068,0.98305,0.48733
typo_ms,"v7 n=(2,) idf=1.0 dim=1.0 norm=True/dice pw=1.0",v7,"{""denominator"": ""dice"", ""dim"": 1.0, ""idf"": 1.0, ""n"": ""(2,)"", ""normalize"": true, ""position_weight"": 1.0}",tune,False,118,0.84181,0.84181,0.86431,0.77966,0.94068,0.98305,0.68057
typo_ms,"v7 n=(2,) idf=1.0 dim=1.0 norm=True/geo pw=0.0",v7,"{""denominator"": ""geo"", ""dim"": 1.0, ""idf"": 1.0, ""n"": ""(2,)"", ""normalize"": true, ""position_weight"": 0.0}",tune,False,118,0.8288,0.8288,0.85449,0.76271,0.94068,0.98305,0.78156
typo_ms,"v7 n=(2,) idf=1.0 dim=1.0 norm=True/geo pw=0.5",v7,"{""denominator"": ""geo"", ""dim"": 1.0, ""idf"": 1.0, ""n"": ""(2,)"", ""normalize"": true, ""position_weight"": 0.5}",tune,False,118,0.8334,0.8334,0.85789,0.77119,0.94068,0.98305,0.7643
typo_ms,"v7 n=(2,) idf=1.0 dim=1.0 norm=True/geo pw=1.0",v7,"{""denominator"": ""geo"", ""dim"": 1.0, ""idf"": 1.0, ""n"": ""(2,)"", ""normalize"": true, ""position_weight"": 1.0}",tune,False,118,0.84031,0.84031,0.86313,0.77966,0.94068,0.98305,0.64286
typo_ms,"v7 n=(2,) idf=2.0 dim=1.0 norm=False/dice pw=0.0",v7,"{""denominator"": ""dice"", ""dim"": 1.0, ""idf"": 2.0, ""n"": ""(2,)"", ""normalize"": false, ""position_weight"": 0.0}",tune,False,118,0.59757,0.59757,0.64803,0.49153,0.83051,0.94068,0.51277
typo_ms,"v7 n=(2,) idf=2.0 dim=1.0 norm=False/dice pw=0.5",v7,"{""denominator"": ""dice"", ""dim"": 1.0, ""idf"": 2.0, ""n"": ""(2,)"", ""normalize"": false, ""position_weight"": 0.5}",tune,False,118,0.62465,0.62465,0.67623,0.51695,0.85593,0.94068,0.50172
typo_ms,"v7 n=(2,) idf=2.0 dim=1.0 norm=False/dice pw=1.0",v7,"{""denominator"": ""dice"", ""dim"": 1.0, ""idf"": 2.0, ""n"": ""(2,)"", ""normalize"": false, ""position_weight"": 1.0}",tune,False,118,0.63132,0.63132,0.684,0.51695,0.86441,0.94068,0.50501
typo_ms,"v7 n=(2,) idf=2.0 dim=1.0 norm=True/dice pw=0.0",v7,"{""denominator"": ""dice"", ""dim"": 1.0, ""idf"": 2.0, ""n"": ""(2,)"", ""normalize"": true, ""position_weight"": 0.0}",tune,False,118,0.70056,0.70056,0.74365,0.61017,0.88983,0.97458,0.57999
typo_ms,"v7 n=(2,) idf=2.0 dim=1.0 norm=True/dice pw=0.5",v7,"{""denominator"": ""dice"", ""dim"": 1.0, ""idf"": 2.0, ""n"": ""(2,)"", ""normalize"": true, ""position_weight"": 0.5}",tune,False,118,0.71732,0.71732,0.75886,0.62712,0.89831,0.97458,0.56722
typo_ms,"v7 n=(2,) idf=2.0 dim=1.0 norm=True/dice pw=1.0",v7,"{""denominator"": ""dice"", ""dim"": 1.0, ""idf"": 2.0, ""n"": ""(2,)"", ""normalize"": true, ""position_weight"": 1.0}",tune,False,118,0.72793,0.72793,0.76887,0.64407,0.90678,0.97458,0.57667
typo_ms,"v7 n=(2,) idf=2.0 dim=1.0 norm=True/geo pw=0.0",v7,"{""denominator"": ""geo"", ""dim"": 1.0, ""idf"": 2.0, ""n"": ""(2,)"", ""normalize"": true, ""position_weight"": 0.0}",tune,False,118,0.71482,0.71482,0.75511,0.61864,0.88983,0.9661,0.59226
typo_ms,"v7 n=(2,) idf=2.0 dim=1.0 norm=True/geo pw=0.5",v7,"{""denominator"": ""geo"", ""dim"": 1.0, ""idf"": 2.0, ""n"": ""(2,)"", ""normalize"": true, ""position_weight"": 0.5}",tune,False,118,0.73163,0.73163,0.76978,0.64407,0.89831,0.97458,0.54184
typo_ms,"v7 n=(2,) idf=2.0 dim=1.0 norm=True/geo pw=1.0",v7,"{""denominator"": ""geo"", ""dim"": 1.0, ""idf"": 2.0, ""n"": ""(2,)"", ""normalize"": true, ""position_weight"": 1.0}",tune,False,118,0.76175,0.76175,0.79192,0.69492,0.89831,0.97458,0.57401
typo_ms,"v7 n=(2,) idf=3.0 dim=1.0 norm=False/dice pw=0.0",v7,"{""denominator"": ""dice"", ""dim"": 1.0, ""idf"": 3.0, ""n"": ""(2,)"", ""normalize"": false, ""position_weight"": 0.0}",tune,False,118,0.46286,0.46286,0.52212,0.34746,0.73729,0.88983,0.47434
typo_ms,"v7 n=(2,) idf=3.0 dim=1.0 norm=False/dice pw=0.5",v7,"{""denominator"": ""dice"", ""dim"": 1.0, ""idf"": 3.0, ""n"": ""(2,)"", ""normalize"": false, ""position_weight"": 0.5}",tune,False,118,0.48614,0.48614,0.54199,0.37288,0.74576,0.89831,0.50534
typo_ms,"v7 n=(2,) idf=3.0 dim=1.0 norm=False/dice pw=1.0",v7,"{""denominator"": ""dice"", ""dim"": 1.0, ""idf"": 3.0, ""n"": ""(2,)"", ""normalize"": false, ""position_weight"": 1.0}",tune,False,118,0.49163,0.49163,0.55078,0.37288,0.76271,0.90678,0.42562
typo_ms,"v7 n=(2,) idf=3.0 dim=1.0 norm=True/dice pw=0.0",v7,"{""denominator"": ""dice"", ""dim"": 1.0, ""idf"": 3.0, ""n"": ""(2,)"", ""normalize"": true, ""position_weight"": 0.0}",tune,False,118,0.51819,0.51819,0.56725,0.40678,0.75424,0.9322,0.55702
typo_ms,"v7 n=(2,) idf=3.0 dim=1.0 norm=True/dice pw=0.5",v7,"{""denominator"": ""dice"", ""dim"": 1.0, ""idf"": 3.0, ""n"": ""(2,)"", ""normalize"": true, ""position_weight"": 0.5}",tune,False,118,0.53103,0.53103,0.57617,0.42373,0.75424,0.9322,0.56473
typo_ms,"v7 n=(2,) idf=3.0 dim=1.0 norm=True/dice pw=1.0",v7,"{""denominator"": ""dice"", ""dim"": 1.0, ""idf"": 3.0, ""n"": ""(2,)"", ""normalize"": true, ""position_weight"": 1.0}",tune,False,118,0.53559,0.53559,0.59395,0.42373,0.80508,0.9322,0.57883
typo_ms,"v7 n=(2,) idf=3.0 dim=1.0 norm=True/geo pw=0.0",v7,"{""denominator"": ""geo"", ""dim"": 1.0, ""idf"": 3.0, ""n"": ""(2,)"", ""normalize"": true, ""position_weight"": 0.0}",tune,False,118,0.52256,0.52256,0.57242,0.40678,0.76271,0.9322,0.55434
typo_ms,"v7 n=(2,) idf=3.0 dim=1.0 norm=True/geo pw=0.5",v7,"{""denominator"": ""geo"", ""dim"": 1.0, ""idf"": 3.0, ""n"": ""(2,)"", ""normalize"": true, ""position_weight"": 0.5}",tune,False,118,0.52939,0.52939,0.57987,0.40678,0.77119,0.9322,0.55479
typo_ms,"v7 n=(2,) idf=3.0 dim=1.0 norm=True/geo pw=1.0",v7,"{""denominator"": ""geo"", ""dim"": 1.0, ""idf"": 3.0, ""n"": ""(2,)"", ""normalize"": true, ""position_weight"": 1.0}",tune,False,118,0.54039,0.54039,0.59264,0.41525,0.78814,0.9322,0.61163
typo_ms,"v7 n=(2, 3) idf=0.0 dim=1.0 norm=False/dice pw=0.0",v7,"{""denominator"": ""dice"", ""dim"": 1.0, ""idf"": 0.0, ""n"": ""(2, 3)"", ""normalize"": false, ""position_weight"": 0.0}",tune,False,118,0.84634,0.84634,0.86992,0.79661,0.94915,0.97458,0.78936
typo_ms,"v7 n=(2, 3) idf=0.0 dim=1.0 norm=False/dice pw=0.5",v7,"{""denominator"": ""dice"", ""dim"": 1.0, ""idf"": 0.0, ""n"": ""(2, 3)"", ""normalize"": false, ""position_weight"": 0.5}",tune,False,118,0.86405,0.86405,0.88776,0.81356,0.9661,0.98305,0.85633
typo_ms,"v7 n=(2, 3) idf=0.0 dim=1.0 norm=False/dice pw=1.0",v7,"{""denominator"": ""dice"", ""dim"": 1.0, ""idf"": 0.0, ""n"": ""(2, 3)"", ""normalize"": false, ""position_weight"": 1.0}",tune,False,118,0.86405,0.86405,0.88776,0.81356,0.9661,0.98305,0.70376
typo_ms,"v7 n=(2, 3) idf=0.0 dim=1.0 norm=True/dice pw=0.0",v7,"{""denominator"": ""dice"", ""dim"": 1.0, ""idf"": 0.0, ""n"": ""(2, 3)"", ""normalize"": true, ""position_weight"": 0.0}",tune,False,118,0.87034,0.87034,0.89554,0.81356,0.97458,0.98305,0.82433
typo_ms,"v7 n=(2, 3) idf=0.0 dim=1.0 norm=True/dice pw=0.5",v7,"{""denominator"": ""dice"", ""dim"": 1.0, ""idf"": 0.0, ""n"": ""(2, 3)"", ""normalize"": true, ""position_weight"": 0.5}",tune,False,118,0.87106,0.87106,0.89621,0.81356,0.97458,0.98305,0.73226
typo_ms,"v7 n=(2, 3) idf=0.0 dim=1.0 norm=True/dice pw=1.0",v7,"{""denominator"": ""dice"", ""dim"": 1.0, ""idf"": 0.0, ""n"": ""(2, 3)"", ""normalize"": true, ""position_weight"": 1.0}",tune,False,118,0.87543,0.87543,0.89946,0.82203,0.97458,0.98305,0.78562
typo_ms,"v7 n=(2, 3) idf=0.0 dim=1.0 norm=True/geo pw=0.0",v7,"{""denominator"": ""geo"", ""dim"": 1.0, ""idf"": 0.0, ""n"": ""(2, 3)"", ""normalize"": true, ""position_weight"": 0.0}",tune,False,118,0.85643,0.85643,0.88491,0.79661,0.97458,0.98305,0.78821
typo_ms,"v7 n=(2, 3) idf=0.0 dim=1.0 norm=True/geo pw=0.5",v7,"{""denominator"": ""geo"", ""dim"": 1.0, ""idf"": 0.0, ""n"": ""(2, 3)"", ""normalize"": true, ""position_weight"": 0.5}",tune,False,118,0.86239,0.86239,0.88945,0.80508,0.97458,0.98305,0.74413
typo_ms,"v7 n=(2, 3) idf=0.0 dim=1.0 norm=True/geo pw=1.0",v7,"{""denominator"": ""geo"", ""dim"": 1.0, ""idf"": 0.0, ""n"": ""(2, 3)"", ""normalize"": true, ""position_weight"": 1.0}",tune,False,118,0.86723,0.86723,0.89315,0.81356,0.97458,0.98305,0.75049
typo_ms,"v7 n=(2, 3) idf=0.0 dim=2.0 norm=False/dice pw=0.0",v7,"{""denominator"": ""dice"", ""dim"": 2.0, ""idf"": 0.0, ""n"": ""(2, 3)"", ""normalize"": false, ""position_weight"": 0.0}",tune,False,118,0.84587,0.84587,0.86955,0.79661,0.94915,0.97458,0.6484
typo_ms,"v7 n=(2, 3) idf=0.0 dim=2.0 norm=False/dice pw=0.5",v7,"{""denominator"": ""dice"", ""dim"": 2.0, ""idf"": 0.0, ""n"": ""(2, 3)"", ""normalize"": false, ""position_weight"": 0.5}",tune,False,118,0.86384,0.86384,0.88776,0.81356,0.9661,0.98305,0.6582
typo_ms,"v7 n=(2, 3) idf=0.0 dim=2.0 norm=False/dice pw=1.0",v7,"{""denominator"": ""dice"", ""dim"": 2.0, ""idf"": 0.0, ""n"": ""(2, 3)"", ""normalize"": false, ""position_weight"": 1.0}",tune,False,118,0.86384,0.86384,0.88776,0.81356,0.9661,0.98305,0.63692
typo_ms,"v7 n=(2, 3) idf=0.0 dim=2.0 norm=True/dice pw=0.0",v7,"{""denominator"": ""dice"", ""dim"": 2.0, ""idf"": 0.0, ""n"": ""(2, 3)"", ""normalize"": true, ""position_weight"": 0.0}",tune,False,118,0.86723,0.86723,0.89066,0.81356,0.9661,0.99153,0.69092
typo_ms,"v7 n=(2, 3) idf=0.0 dim=2.0 norm=True/dice pw=0.5",v7,"{""denominator"": ""dice"", ""dim"": 2.0, ""idf"": 0.0, ""n"": ""(2, 3)"", ""normalize"": true, ""position_weight"": 0.5}",tune,False,118,0.8681,0.8681,0.89122,0.81356,0.9661,0.99153,0.7602
typo_ms,"v7 n=(2, 3) idf=0.0 dim=2.0 norm=True/dice pw=1.0",v7,"{""denominator"": ""dice"", ""dim"": 2.0, ""idf"": 0.0, ""n"": ""(2, 3)"", ""normalize"": true, ""position_weight"": 1.0}",tune,False,118,0.87392,0.87392,0.89791,0.82203,0.97458,0.99153,0.75898
typo_ms,"v7 n=(2, 3) idf=0.0 dim=2.0 norm=True/geo pw=0.0",v7,"{""denominator"": ""geo"", ""dim"": 2.0, ""idf"": 0.0, ""n"": ""(2, 3)"", ""normalize"": true, ""position_weight"": 0.0}",tune,False,118,0.86498,0.86498,0.88876,0.81356,0.9661,0.99153,0.76452
typo_ms,"v7 n=(2, 3) idf=0.0 dim=2.0 norm=True/geo pw=0.5",v7,"{""denominator"": ""geo"", ""dim"": 2.0, ""idf"": 0.0, ""n"": ""(2, 3)"", ""normalize"": true, ""position_weight"": 0.5}",tune,False,118,0.86535,0.86535,0.88896,0.81356,0.9661,0.99153,0.78195
typo_ms,"v7 n=(2, 3) idf=0.0 dim=2.0 norm=True/geo pw=1.0",v7,"{""denominator"": ""geo"", ""dim"": 2.0, ""idf"": 0.0, ""n"": ""(2, 3)"", ""normalize"": true, ""position_weight"": 1.0}",tune,False,118,0.87038,0.87038,0.8951,0.82203,0.97458,0.99153,0.71626
typo_ms,"v7 n=(2, 3) idf=1.0 dim=1.0 norm=False/dice pw=0.0",v7,"{""denominator"": ""dice"", ""dim"": 1.0, ""idf"": 1.0, ""n"": ""(2, 3)"", ""normalize"": false, ""position_weight"": 0.0}",tune,False,118,0.82912,0.82912,0.85932,0.76271,0.95763,0.97458,0.6437
typo_ms,"v7 n=(2, 3) idf=1.0 dim=1.0 norm=False/dice pw=0.5",v7,"{""denominator"": ""dice"", ""dim"": 1.0, ""idf"": 1.0, ""n"": ""(2, 3)"", ""normalize"": false, ""position_weight"": 0.5}",tune,False,118,0.83586,0.83586,0.86728,0.76271,0.9661,0.98305,0.65838
typo_ms,"v7 n=(2, 3) idf=1.0 dim=1.0 norm=False/dice pw=1.0",v7,"{""denominator"": ""dice"", ""dim"": 1.0, ""idf"": 1.0, ""n"": ""(2, 3)"", ""normalize"": false, ""position_weight"": 1.0}",tune,False,118,0.84237,0.84237,0.87234,0.77119,0.9661,0.98305,0.631
typo_ms,"v7 n=(2, 3) idf=1.0 dim=1.0 norm=True/dice pw=0.0",v7,"{""denominator"": ""dice"", ""dim"": 1.0, ""idf"": 1.0, ""n"": ""(2, 3)"", ""normalize"": true, ""position_weight"": 0.0}",tune,False,118,0.84016,0.84016,0.87034,0.77119,0.9661,0.98305,0.72498
typo_ms,"v7 n=(2, 3) idf=1.0 dim=1.0 norm=True/dice pw=0.5",v7,"{""denominator"": ""dice"", ""dim"": 1.0, ""idf"": 1.0, ""n"": ""(2, 3)"", ""normalize"": true, ""position_weight"": 0.5}",tune,False,118,0.84702,0.84702,0.87796,0.77966,0.97458,0.98305,0.78519
typo_ms,"v7 n=(2, 3) idf=1.0 dim=1.0 norm=True/dice pw=1.0",v7,"{""denominator"": ""dice"", ""dim"": 1.0, ""idf"": 1.0, ""n"": ""(2, 3)"", ""normalize"": true, ""position_weight"": 1.0}",tune,False,118,0.85357,0.85357,0.88299,0.78814,0.97458,0.98305,0.76512
typo_ms,"v7 n=(2, 3) idf=1.0 dim=1.0 norm=True/geo pw=0.0",v7,"{""denominator"": ""geo"", ""dim"": 1.0, ""idf"": 1.0, ""n"": ""(2, 3)"", ""normalize"": true, ""position_weight"": 0.0}",tune,False,118,0.83399,0.83399,0.86795,0.76271,0.97458,0.98305,0.79645
typo_ms,"v7 n=(2, 3) idf=1.0 dim=1.0 norm=True/geo pw=0.5",v7,"{""denominator"": ""geo"", ""dim"": 1.0, ""idf"": 1.0, ""n"": ""(2, 3)"", ""normalize"": true, ""position_weight"": 0.5}",tune,False,118,0.8467,0.8467,0.87772,0.77966,0.97458,0.98305,0.81814
typo_ms,"v7 n=(2, 3) idf=1.0 dim=1.0 norm=True/geo pw=1.0",v7,"{""denominator"": ""geo"", ""dim"": 1.0, ""idf"": 1.0, ""n"": ""(2, 3)"", ""normalize"": true, ""position_weight"": 1.0}",tune,False,118,0.84956,0.84956,0.88011,0.77966,0.97458,0.98305,0.78428
typo_ms,"v7 n=(2, 3) idf=1.0 dim=2.0 norm=False/dice pw=0.0",v7,"{""denominator"": ""dice"", ""dim"": 2.0, ""idf"": 1.0, ""n"": ""(2, 3)"", ""normalize"": false, ""position_weight"": 0.0}",tune,False,118,0.83497,0.83497,0.86369,0.77119,0.95763,0.97458,0.69151
typo_ms,"v7 n=(2, 3) idf=1.0 dim=2.0 norm=False/dice pw=0.5",v7,"{""denominator"": ""dice"", ""dim"": 2.0, ""idf"": 1.0, ""n"": ""(2, 3)"", ""normalize"": false, ""position_weight"": 0.5}",tune,False,118,0.83977,0.83977,0.87029,0.77119,0.9661,0.97458,0.71623
typo_ms,"v7 n=(2, 3) idf=1.0 dim=2.0 norm=False/dice pw=1.0",v7,"{""denominator"": ""dice"", ""dim"": 2.0, ""idf"": 1.0, ""n"": ""(2, 3)"", ""normalize"": false, ""position_weight"": 1.0}",tune,False,118,0.84623,0.84623,0.87532,0.77966,0.9661,0.97458,0.70659
typo_ms,"v7 n=(2, 3) idf=1.0 dim=2.0 norm=True/dice pw=0.0",v7,"{""denominator"": ""dice"", ""dim"": 2.0, ""idf"": 1.0, ""n"": ""(2, 3)"", ""normalize"": true, ""position_weight"": 0.0}",tune,False,118,0.84616,0.84616,0.87491,0.77966,0.9661,0.98305,0.78135
typo_ms,"v7 n=(2, 3) idf=1.0 dim=2.0 norm=True/dice pw=0.5",v7,"{""denominator"": ""dice"", ""dim"": 2.0, ""idf"": 1.0, ""n"": ""(2, 3)"", ""normalize"": true, ""position_weight"": 0.5}",tune,False,118,0.853,0.853,0.88019,0.78814,0.9661,0.98305,0.84012
typo_ms,"v7 n=(2, 3) idf=1.0 dim=2.0 norm=True/dice pw=1.0",v7,"{""denominator"": ""dice"", ""dim"": 2.0, ""idf"": 1.0, ""n"": ""(2, 3)"", ""normalize"": true, ""position_weight"": 1.0}",tune,False,118,0.85752,0.85752,0.88351,0.79661,0.9661,0.98305,0.86754
typo_ms,"v7 n=(2, 3) idf=1.0 dim=2.0 norm=True/geo pw=0.0",v7,"{""denominator"": ""geo"", ""dim"": 2.0, ""idf"": 1.0, ""n"": ""(2, 3)"", ""normalize"": true, ""position_weight"": 0.0}",tune,False,118,0.83396,0.83396,0.86557,0.76271,0.9661,0.98305,0.80655
typo_ms,"v7 n=(2, 3) idf=1.0 dim=2.0 norm=True/geo pw=0.5",v7,"{""denominator"": ""geo"", ""dim"": 2.0, ""idf"": 1.0, ""n"": ""(2, 3)"", ""normalize"": true, ""position_weight"": 0.5}",tune,False,118,0.8464,0.8464,0.87502,0.77966,0.9661,0.98305,0.81628
typo_ms,"v7 n=(2, 3) idf=1.0 dim=2.0 norm=True/geo pw=1.0",v7,"{""denominator"": ""geo"", ""dim"": 2.0, ""idf"": 1.0, ""n"": ""(2, 3)"", ""normalize"": true, ""position_weight"": 1.0}",tune,False,118,0.84788,0.84788,0.87857,0.77966,0.97458,0.98305,0.84442
typo_ms,"v7 n=(2, 3) idf=2.0 dim=1.0 norm=False/dice pw=0.0",v7,"{""denominator"": ""dice"", ""dim"": 1.0, ""idf"": 2.0, ""n"": ""(2, 3)"", ""normalize"": false, ""position_weight"": 0.0}",tune,False,118,0.75695,0.75695,0.79576,0.65254,0.92373,0.97458,0.63348
typo_ms,"v7 n=(2, 3) idf=2.0 dim=1.0 norm=False/dice pw=0.5",v7,"{""denominator"": ""dice"", ""dim"": 1.0, ""idf"": 2.0, ""n"": ""(2, 3)"", ""normalize"": false, ""position_weight"": 0.5}",tune,False,118,0.76885,0.76885,0.8092,0.66949,0.94068,0.97458,0.64393
typo_ms,"v7 n=(2, 3) idf=2.0 dim=1.0 norm=False/dice pw=1.0",v7,"{""denominator"": ""dice"", ""dim"": 1.0, ""idf"": 2.0, ""n"": ""(2, 3)"", ""normalize"": false, ""position_weight"": 1.0}",tune,False,118,0.78115,0.78115,0.82324,0.68644,0.95763,0.97458,0.64387
typo_ms,"v7 n=(2, 3) idf=2.0 dim=1.0 norm=True/dice pw=0.0",v7,"{""denominator"": ""dice"", ""dim"": 1.0, ""idf"": 2.0, ""n"": ""(2, 3)"", ""normalize"": true, ""position_weight"": 0.0}",tune,False,118,0.78514,0.78514,0.82061,0.72034,0.94068,0.97458,0.79733
typo_ms,"v7 n=(2, 3) idf=2.0 dim=1.0 norm=True/dice pw=0.5",v7,"{""denominator"": ""dice"", ""dim"": 1.0, ""idf"": 2.0, ""n"": ""(2, 3)"", ""normalize"": true, ""position_weight"": 0.5}",tune,False,118,0.8021,0.8021,0.83347,0.74576,0.94068,0.97458,0.72076
typo_ms,"v7 n=(2, 3) idf=2.0 dim=1.0 norm=True/dice pw=1.0",v7,"{""denominator"": ""dice"", ""dim"": 1.0, ""idf"": 2.0, ""n"": ""(2, 3)"", ""normalize"": true, ""position_weight"": 1.0}",tune,False,118,0.80476,0.80476,0.83589,0.73729,0.94068,0.97458,0.77185
typo_ms,"v7 n=(2, 3) idf=2.0 dim=1.0 norm=True/geo pw=0.0",v7,"{""denominator"": ""geo"", ""dim"": 1.0, ""idf"": 2.0, ""n"": ""(2, 3)"", ""normalize"": true, ""position_weight"": 0.0}",tune,False,118,0.79474,0.79474,0.82543,0.73729,0.9322,0.97458,0.80873
typo_ms,"v7 n=(2, 3) idf=2.0 dim=1.0 norm=True/geo pw=0.5",v7,"{""denominator"": ""geo"", ""dim"": 1.0, ""idf"": 2.0, ""n"": ""(2, 3)"", ""normalize"": true, ""position_weight"": 0.5}",tune,False,118,0.80111,0.80111,0.83044,0.73729,0.9322,0.97458,0.78808
typo_ms,"v7 n=(2, 3) idf=2.0 dim=1.0 norm=True/geo pw=1.0",v7,"{""denominator"": ""geo"", ""dim"": 1.0, ""idf"": 2.0, ""n"": ""(2, 3)"", ""normalize"": true, ""position_weight"": 1.0}",tune,False,118,0.80793,0.80793,0.83819,0.74576,0.94068,0.97458,0.81425
typo_ms,"v7 n=(2, 3) idf=2.0 dim=2.0 norm=False/dice pw=0.0",v7,"{""denominator"": ""dice"", ""dim"": 2.0, ""idf"": 2.0, ""n"": ""(2, 3)"", ""normalize"": false, ""position_weight"": 0.0}",tune,False,118,0.74832,0.74832,0.78691,0.64407,0.91525,0.97458,0.69086
typo_ms,"v7 n=(2, 3) idf=2.0 dim=2.0 norm=False/dice pw=0.5",v7,"{""denominator"": ""dice"", ""dim"": 2.0, ""idf"": 2.0, ""n"": ""(2, 3)"", ""normalize"": false, ""position_weight"": 0.5}",tune,False,118,0.76745,0.76745,0.8058,0.66949,0.9322,0.97458,0.71972
typo_ms,"v7 n=(2, 3) idf=2.0 dim=2.0 norm=False/dice pw=1.0",v7,"{""denominator"": ""dice"", ""dim"": 2.0, ""idf"": 2.0, ""n"": ""(2, 3)"", ""normalize"": false, ""position_weight"": 1.0}",tune,False,118,0.77074,0.77074,0.81082,0.66949,0.94068,0.97458,0.69587
typo_ms,"v7 n=(2, 3) idf=2.0 dim=2.0 norm=True/dice pw=0.0",v7,"{""denominator"": ""dice"", ""dim"": 2.0, ""idf"": 2.0, ""n"": ""(2, 3)"", ""normalize"": true, ""position_weight"": 0.0}",tune,False,118,0.76507,0.76507,0.7986,0.70339,0.91525,0.97458,0.83126
typo_ms,"v7 n=(2, 3) idf=2.0 dim=2.0 norm=True/dice pw=0.5",v7,"{""denominator"": ""dice"", ""dim"": 2.0, ""idf"": 2.0, ""n"": ""(2, 3)"", ""normalize"": true, ""position_weight"": 0.5}",tune,False,118,0.78143,0.78143,0.81357,0.72034,0.92373,0.97458,0.82751
typo_ms,"v7 n=(2, 3) idf=2.0 dim=2.0 norm=True/dice pw=1.0",v7,"{""denominator"": ""dice"", ""dim"": 2.0, ""idf"": 2.0, ""n"": ""(2, 3)"", ""normalize"": true, ""position_weight"": 1.0}",tune,False,118,0.79102,0.79102,0.82121,0.72034,0.92373,0.98305,0.8357
typo_ms,"v7 n=(2, 3) idf=2.0 dim=2.0 norm=True/geo pw=0.0",v7,"{""denominator"": ""geo"", ""dim"": 2.0, ""idf"": 2.0, ""n"": ""(2, 3)"", ""normalize"": true, ""position_weight"": 0.0}",tune,False,118,0.77218,0.77218,0.80389,0.71186,0.91525,0.97458,0.8525
typo_ms,"v7 n=(2, 3) idf=2.0 dim=2.0 norm=True/geo pw=0.5",v7,"{""denominator"": ""geo"", ""dim"": 2.0, ""idf"": 2.0, ""n"": ""(2, 3)"", ""normalize"": true, ""position_weight"": 0.5}",tune,False,118,0.79152,0.79152,0.82118,0.73729,0.92373,0.97458,0.80517
typo_ms,"v7 n=(2, 3) idf=2.0 dim=2.0 norm=True/geo pw=1.0",v7,"{""denominator"": ""geo"", ""dim"": 2.0, ""idf"": 2.0, ""n"": ""(2, 3)"", ""normalize"": true, ""position_weight"": 1.0}",tune,False,118,0.79912,0.79912,0.82713,0.73729,0.92373,0.97458,0.85731
typo_ms,"v7 n=(2, 3) idf=3.0 dim=1.0 norm=False/dice pw=0.0",v7,"{""denominator"": ""dice"", ""dim"": 1.0, ""idf"": 3.0, ""n"": ""(2, 3)"", ""normalize"": false, ""position_weight"": 0.0}",tune,False,118,0.62442,0.62442,0.68567,0.48305,0.88983,0.97458,0.66345
typo_ms,"v7 n=(2, 3) idf=3.0 dim=1.0 norm=False/dice pw=0.5",v7,"{""denominator"": ""dice"", ""dim"": 1.0, ""idf"": 3.0, ""n"": ""(2, 3)"", ""normalize"": false, ""position_weight"": 0.5}",tune,False,118,0.65074,0.65074,0.70829,0.50847,0.89831,0.97458,0.73405
typo_ms,"v7 n=(2, 3) idf=3.0 dim=1.0 norm=False/dice pw=1.0",v7,"{""denominator"": ""dice"", ""dim"": 1.0, ""idf"": 3.0, ""n"": ""(2, 3)"", ""normalize"": false, ""position_weight"": 1.0}",tune,False,118,0.67234,0.67234,0.72461,0.54237,0.89831,0.97458,0.72115
typo_ms,"v7 n=(2, 3) idf=3.0 dim=1.0 norm=True/dice pw=0.0",v7,"{""denominator"": ""dice"", ""dim"": 1.0, ""idf"": 3.0, ""n"": ""(2, 3)"", ""normalize"": true, ""position_weight"": 0.0}",tune,False,118,0.66406,0.66406,0.7058,0.5678,0.85593,0.9661,0.85231
typo_ms,"v7 n=(2, 3) idf=3.0 dim=1.0 norm=True/dice pw=0.5",v7,"{""denominator"": ""dice"", ""dim"": 1.0, ""idf"": 3.0, ""n"": ""(2, 3)"", ""normalize"": true, ""position_weight"": 0.5}",tune,False,118,0.68067,0.68067,0.72296,0.59322,0.87288,0.97458,0.75673
typo_ms,"v7 n=(2, 3) idf=3.0 dim=1.0 norm=True/dice pw=1.0",v7,"{""denominator"": ""dice"", ""dim"": 1.0, ""idf"": 3.0, ""n"": ""(2, 3)"", ""normalize"": true, ""position_weight"": 1.0}",tune,False,118,0.68482,0.68482,0.72863,0.59322,0.88136,0.97458,0.79375
typo_ms,"v7 n=(2, 3) idf=3.0 dim=1.0 norm=True/geo pw=0.0",v7,"{""denominator"": ""geo"", ""dim"": 1.0, ""idf"": 3.0, ""n"": ""(2, 3)"", ""normalize"": true, ""position_weight"": 0.0}",tune,False,118,0.69722,0.69722,0.73295,0.61864,0.86441,0.9661,0.82835
typo_ms,"v7 n=(2, 3) idf=3.0 dim=1.0 norm=True/geo pw=0.5",v7,"{""denominator"": ""geo"", ""dim"": 1.0, ""idf"": 3.0, ""n"": ""(2, 3)"", ""normalize"": true, ""position_weight"": 0.5}",tune,False,118,0.7126,0.7126,0.74925,0.63559,0.88136,0.97458,0.82026
typo_ms,"v7 n=(2, 3) idf=3.0 dim=1.0 norm=True/geo pw=1.0",v7,"{""denominator"": ""geo"", ""dim"": 1.0, ""idf"": 3.0, ""n"": ""(2, 3)"", ""normalize"": true, ""position_weight"": 1.0}",tune,False,118,0.71581,0.71581,0.7542,0.63559,0.88983,0.97458,0.84781
typo_ms,"v7 n=(2, 3) idf=3.0 dim=2.0 norm=False/dice pw=0.0",v7,"{""denominator"": ""dice"", ""dim"": 2.0, ""idf"": 3.0, ""n"": ""(2, 3)"", ""normalize"": false, ""position_weight"": 0.0}",tune,False,118,0.61121,0.61121,0.67129,0.4661,0.87288,0.9661,0.72901
typo_ms,"v7 n=(2, 3) idf=3.0 dim=2.0 norm=False/dice pw=0.5",v7,"{""denominator"": ""dice"", ""dim"": 2.0, ""idf"": 3.0, ""n"": ""(2, 3)"", ""normalize"": false, ""position_weight"": 0.5}",tune,False,118,0.64205,0.64205,0.69694,0.50847,0.88136,0.97458,0.71519
typo_ms,"v7 n=(2, 3) idf=3.0 dim=2.0 norm=False/dice pw=1.0",v7,"{""denominator"": ""dice"", ""dim"": 2.0, ""idf"": 3.0, ""n"": ""(2, 3)"", ""normalize"": false, ""position_weight"": 1.0}",tune,False,118,0.64688,0.64688,0.70301,0.50847,0.88983,0.97458,0.73372
typo_ms,"v7 n=(2, 3) idf=3.0 dim=2.0 norm=True/dice pw=0.0",v7,"{""denominator"": ""dice"", ""dim"": 2.0, ""idf"": 3.0, ""n"": ""(2, 3)"", ""normalize"": true, ""position_weight"": 0.0}",tune,False,118,0.59364,0.59364,0.64266,0.48305,0.82203,0.95763,0.86507
typo_ms,"v7 n=(2, 3) idf=3.0 dim=2.0 norm=True/dice pw=0.5",v7,"{""denominator"": ""dice"", ""dim"": 2.0, ""idf"": 3.0, ""n"": ""(2, 3)"", ""normalize"": true, ""position_weight"": 0.5}",tune,False,118,0.60293,0.60293,0.65253,0.48305,0.83051,0.95763,0.89091
typo_ms,"v7 n=(2, 3) idf=3.0 dim=2.0 norm=True/dice pw=1.0",v7,"{""denominator"": ""dice"", ""dim"": 2.0, ""idf"": 3.0, ""n"": ""(2, 3)"", ""normalize"": true, ""position_weight"": 1.0}",tune,False,118,0.62348,0.62348,0.68016,0.51695,0.87288,0.95763,0.99017
typo_ms,"v7 n=(2, 3) idf=3.0 dim=2.0 norm=True/geo pw=0.0",v7,"{""denominator"": ""geo"", ""dim"": 2.0, ""idf"": 3.0, ""n"": ""(2, 3)"", ""normalize"": true, ""position_weight"": 0.0}",tune,False,118,0.63582,0.63582,0.68277,0.52542,0.84746,0.95763,0.97187
typo_ms,"v7 n=(2, 3) idf=3.0 dim=2.0 norm=True/geo pw=0.5",v7,"{""denominator"": ""geo"", ""dim"": 2.0, ""idf"": 3.0, ""n"": ""(2, 3)"", ""normalize"": true, ""position_weight"": 0.5}",tune,False,118,0.65122,0.65122,0.69674,0.54237,0.85593,0.95763,0.96222
typo_ms,"v7 n=(2, 3) idf=3.0 dim=2.0 norm=True/geo pw=1.0",v7,"{""denominator"": ""geo"", ""dim"": 2.0, ""idf"": 3.0, ""n"": ""(2, 3)"", ""normalize"": true, ""position_weight"": 1.0}",tune,False,118,0.67355,0.67355,0.71595,0.57627,0.86441,0.9661,0.93424
typo_ms,"v7 n=(2, 4) idf=0.0 dim=1.0 norm=False/dice pw=0.0",v7,"{""denominator"": ""dice"", ""dim"": 1.0, ""idf"": 0.0, ""n"": ""(2, 4)"", ""normalize"": false, ""position_weight"": 0.0}",tune,False,118,0.8478,0.8478,0.86905,0.79661,0.94068,0.98305,0.98824
typo_ms,"v7 n=(2, 4) idf=0.0 dim=1.0 norm=False/dice pw=0.5",v7,"{""denominator"": ""dice"", ""dim"": 1.0, ""idf"": 0.0, ""n"": ""(2, 4)"", ""normalize"": false, ""position_weight"": 0.5}",tune,False,118,0.86041,0.86041,0.88289,0.80508,0.95763,0.99153,0.92512
typo_ms,"v7 n=(2, 4) idf=0.0 dim=1.0 norm=False/dice pw=1.0",v7,"{""denominator"": ""dice"", ""dim"": 1.0, ""idf"": 0.0, ""n"": ""(2, 4)"", ""normalize"": false, ""position_weight"": 1.0}",tune,False,118,0.86041,0.86041,0.88289,0.80508,0.95763,0.99153,0.99561
typo_ms,"v7 n=(2, 4) idf=0.0 dim=1.0 norm=True/dice pw=0.0",v7,"{""denominator"": ""dice"", ""dim"": 1.0, ""idf"": 0.0, ""n"": ""(2, 4)"", ""normalize"": true, ""position_weight"": 0.0}",tune,False,118,0.85314,0.85314,0.87948,0.79661,0.9661,0.99153,1.04683
typo_ms,"v7 n=(2, 4) idf=0.0 dim=1.0 norm=True/dice pw=0.5",v7,"{""denominator"": ""dice"", ""dim"": 1.0, ""idf"": 0.0, ""n"": ""(2, 4)"", ""normalize"": true, ""position_weight"": 0.5}",tune,False,118,0.85513,0.85513,0.88079,0.79661,0.9661,0.99153,1.00279
typo_ms,"v7 n=(2, 4) idf=0.0 dim=1.0 norm=True/dice pw=1.0",v7,"{""denominator"": ""dice"", ""dim"": 1.0, ""idf"": 0.0, ""n"": ""(2, 4)"", ""normalize"": true, ""position_weight"": 1.0}",tune,False,118,0.85951,0.85951,0.88636,0.80508,0.97458,0.99153,1.39495
typo_ms,"v7 n=(2, 4) idf=0.0 dim=1.0 norm=True/geo pw=0.0",v7,"{""denominator"": ""geo"", ""dim"": 1.0, ""idf"": 0.0, ""n"": ""(2, 4)"", ""normalize"": true, ""position_weight"": 0.0}",tune,False,118,0.85304,0.85304,0.87703,0.79661,0.95763,0.99153,1.12817
typo_ms,"v7 n=(2, 4) idf=0.0 dim=1.0 norm=True/geo pw=0.5",v7,"{""denominator"": ""geo"", ""dim"": 1.0, ""idf"": 0.0, ""n"": ""(2, 4)"", ""normalize"": true, ""position_weight"": 0.5}",tune,False,118,0.85503,0.85503,0.88079,0.79661,0.9661,0.99153,1.03911
typo_ms,"v7 n=(2, 4) idf=0.0 dim=1.0 norm=True/geo pw=1.0",v7,"{""denominator"": ""geo"", ""dim"": 1.0, ""idf"": 0.0, ""n"": ""(2, 4)"", ""normalize"": true, ""position_weight"": 1.0}",tune,False,118,0.85527,0.85527,0.88323,0.79661,0.97458,0.99153,1.0337
typo_ms,"v7 n=(2, 4) idf=0.0 dim=2.0 norm=False/dice pw=0.0",v7,"{""denominator"": ""dice"", ""dim"": 2.0, ""idf"": 0.0, ""n"": ""(2, 4)"", ""normalize"": false, ""position_weight"": 0.0}",tune,False,118,0.84742,0.84742,0.87064,0.79661,0.94915,0.98305,0.90935
typo_ms,"v7 n=(2, 4) idf=0.0 dim=2.0 norm=False/dice pw=0.5",v7,"{""denominator"": ""dice"", ""dim"": 2.0, ""idf"": 0.0, ""n"": ""(2, 4)"", ""normalize"": false, ""position_weight"": 0.5}",tune,False,118,0.86286,0.86286,0.88456,0.81356,0.95763,0.99153,0.88824
typo_ms,"v7 n=(2, 4) idf=0.0 dim=2.0 norm=False/dice pw=1.0",v7,"{""denominator"": ""dice"", ""dim"": 2.0, ""idf"": 0.0, ""n"": ""(2, 4)"", ""normalize"": false, ""position_weight"": 1.0}",tune,False,118,0.86301,0.86301,0.88472,0.81356,0.95763,0.99153,0.84632
typo_ms,"v7 n=(2, 4) idf=0.0 dim=2.0 norm=True/dice pw=0.0",v7,"{""denominator"": ""dice"", ""dim"": 2.0, ""idf"": 0.0, ""n"": ""(2, 4)"", ""normalize"": true, ""position_weight"": 0.0}",tune,False,118,0.86644,0.86644,0.88992,0.81356,0.9661,0.99153,0.91456
typo_ms,"v7 n=(2, 4) idf=0.0 dim=2.0 norm=True/dice pw=0.5",v7,"{""denominator"": ""dice"", ""dim"": 2.0, ""idf"": 0.0, ""n"": ""(2, 4)"", ""normalize"": true, ""position_weight"": 0.5}",tune,False,118,0.86696,0.86696,0.89007,0.81356,0.9661,0.99153,1.08438
typo_ms,"v7 n=(2, 4) idf=0.0 dim=2.0 norm=True/dice pw=1.0",v7,"{""denominator"": ""dice"", ""dim"": 2.0, ""idf"": 0.0, ""n"": ""(2, 4)"", ""normalize"": true, ""position_weight"": 1.0}",tune,False,118,0.87275,0.87275,0.89675,0.82203,0.97458,0.99153,1.06274
typo_ms,"v7 n=(2, 4) idf=0.0 dim=2.0 norm=True/geo pw=0.0",v7,"{""denominator"": ""geo"", ""dim"": 2.0, ""idf"": 0.0, ""n"": ""(2, 4)"", ""normalize"": true, ""position_weight"": 0.0}",tune,False,118,0.86594,0.86594,0.88946,0.81356,0.9661,0.99153,1.13059
typo_ms,"v7 n=(2, 4) idf=0.0 dim=2.0 norm=True/geo pw=0.5",v7,"{""denominator"": ""geo"", ""dim"": 2.0, ""idf"": 0.0, ""n"": ""(2, 4)"", ""normalize"": true, ""position_weight"": 0.5}",tune,False,118,0.86687,0.86687,0.89007,0.81356,0.9661,0.99153,1.06736
typo_ms,"v7 n=(2, 4) idf=0.0 dim=2.0 norm=True/geo pw=1.0",v7,"{""denominator"": ""geo"", ""dim"": 2.0, ""idf"": 0.0, ""n"": ""(2, 4)"", ""normalize"": true, ""position_weight"": 1.0}",tune,False,118,0.87134,0.87134,0.89565,0.82203,0.97458,0.99153,1.10264
typo_ms,"v7 n=(2, 4) idf=1.0 dim=1.0 norm=False/dice pw=0.0",v7,"{""denominator"": ""dice"", ""dim"": 1.0, ""idf"": 1.0, ""n"": ""(2, 4)"", ""normalize"": false, ""position_weight"": 0.0}",tune,False,118,0.82987,0.82987,0.84571,0.77966,0.90678,0.95763,0.64794
typo_ms,"v7 n=(2, 4) idf=1.0 dim=1.0 norm=False/dice pw=0.5",v7,"{""denominator"": ""dice"", ""dim"": 1.0, ""idf"": 1.0, ""n"": ""(2, 4)"", ""normalize"": false, ""position_weight"": 0.5}",tune,False,118,0.83397,0.83397,0.8564,0.77966,0.9322,0.95763,0.65213
typo_ms,"v7 n=(2, 4) idf=1.0 dim=1.0 norm=False/dice pw=1.0",v7,"{""denominator"": ""dice"", ""dim"": 1.0, ""idf"": 1.0, ""n"": ""(2, 4)"", ""normalize"": false, ""position_weight"": 1.0}",tune,False,118,0.83609,0.83609,0.85785,0.77966,0.9322,0.9661,0.64444
typo_ms,"v7 n=(2, 4) idf=1.0 dim=1.0 norm=True/dice pw=0.0",v7,"{""denominator"": ""dice"", ""dim"": 1.0, ""idf"": 1.0, ""n"": ""(2, 4)"", ""normalize"": true, ""position_weight"": 0.0}",tune,False,118,0.83685,0.83685,0.86065,0.77119,0.94068,0.98305,0.78073
typo_ms,"v7 n=(2, 4) idf=1.0 dim=1.0 norm=True/dice pw=0.5",v7,"{""denominator"": ""dice"", ""dim"": 1.0, ""idf"": 1.0, ""n"": ""(2, 4)"", ""normalize"": true, ""position_weight"": 0.5}",tune,False,118,0.84177,0.84177,0.8666,0.77966,0.94915,0.98305,0.76317
typo_ms,"v7 n=(2, 4) idf=1.0 dim=1.0 norm=True/dice pw=1.0",v7,"{""denominator"": ""dice"", ""dim"": 1.0, ""idf"": 1.0, ""n"": ""(2, 4)"", ""normalize"": true, ""position_weight"": 1.0}",tune,False,118,0.84675,0.84675,0.87034,0.78814,0.94915,0.98305,0.64762
typo_ms,"v7 n=(2, 4) idf=1.0 dim=1.0 norm=True/geo pw=0.0",v7,"{""denominator"": ""geo"", ""dim"": 1.0, ""idf"": 1.0, ""n"": ""(2, 4)"", ""normalize"": true, ""position_weight"": 0.0}",tune,False,118,0.83222,0.83222,0.85725,0.76271,0.94068,0.98305,0.77852
typo_ms,"v7 n=(2, 4) idf=1.0 dim=1.0 norm=True/geo pw=0.5",v7,"{""denominator"": ""geo"", ""dim"": 1.0, ""idf"": 1.0, ""n"": ""(2, 4)"", ""normalize"": true, ""position_weight"": 0.5}",tune,False,118,0.83749,0.83749,0.86363,0.77119,0.94915,0.98305,0.76778
typo_ms,"v7 n=(2, 4) idf=1.0 dim=1.0 norm=True/geo pw=1.0",v7,"{""denominator"": ""geo"", ""dim"": 1.0, ""idf"": 1.0, ""n"": ""(2, 4)"", ""normalize"": true, ""position_weight"": 1.0}",tune,False,118,0.83819,0.83819,0.86408,0.77119,0.94915,0.98305,0.75675
typo_ms,"v7 n=(2, 4) idf=1.0 dim=2.0 norm=False/dice pw=0.0",v7,"{""denominator"": ""dice"", ""dim"": 2.0, ""idf"": 1.0, ""n"": ""(2, 4)"", ""normalize"": false, ""position_weight"": 0.0}",tune,False,118,0.83733,0.83733,0.85628,0.77966,0.92373,0.95763,0.65317
typo_ms,"v7 n=(2, 4) idf=1.0 dim=2.0 norm=False/dice pw=0.5",v7,"{""denominator"": ""dice"", ""dim"": 2.0, ""idf"": 1.0, ""n"": ""(2, 4)"", ""normalize"": false, ""position_weight"": 0.5}",tune,False,118,0.84134,0.84134,0.8668,0.77966,0.94915,0.95763,0.63982
typo_ms,"v7 n=(2, 4) idf=1.0 dim=2.0 norm=False/dice pw=1.0",v7,"{""denominator"": ""dice"", ""dim"": 2.0, ""idf"": 1.0, ""n"": ""(2, 4)"", ""normalize"": false, ""position_weight"": 1.0}",tune,False,118,0.84322,0.84322,0.87067,0.77966,0.95763,0.9661,0.67816
typo_ms,"v7 n=(2, 4) idf=1.0 dim=2.0 norm=True/dice pw=0.0",v7,"{""denominator"": ""dice"", ""dim"": 2.0, ""idf"": 1.0, ""n"": ""(2, 4)"", ""normalize"": true, ""position_weight"": 0.0}",tune,False,118,0.84478,0.84478,0.87137,0.77966,0.95763,0.98305,0.80906
typo_ms,"v7 n=(2, 4) idf=1.0 dim=2.0 norm=True/dice pw=0.5",v7,"{""denominator"": ""dice"", ""dim"": 2.0, ""idf"": 1.0, ""n"": ""(2, 4)"", ""normalize"": true, ""position_weight"": 0.5}",tune,False,118,0.85391,0.85391,0.8782,0.79661,0.95763,0.98305,0.80291
typo_ms,"v7 n=(2, 4) idf=1.0 dim=2.0 norm=True/dice pw=1.0",v7,"{""denominator"": ""dice"", ""dim"": 2.0, ""idf"": 1.0, ""n"": ""(2, 4)"", ""normalize"": true, ""position_weight"": 1.0}",tune,False,118,0.85512,0.85512,0.87921,0.79661,0.95763,0.98305,0.7958
typo_ms,"v7 n=(2, 4) idf=1.0 dim=2.0 norm=True/geo pw=0.0",v7,"{""denominator"": ""geo"", ""dim"": 2.0, ""idf"": 1.0, ""n"": ""(2, 4)"", ""normalize"": true, ""position_weight"": 0.0}",tune,False,118,0.8364,0.8364,0.86531,0.76271,0.95763,0.98305,0.77485
typo_ms,"v7 n=(2, 4) idf=1.0 dim=2.0 norm=True/geo pw=0.5",v7,"{""denominator"": ""geo"", ""dim"": 2.0, ""idf"": 1.0, ""n"": ""(2, 4)"", ""normalize"": true, ""position_weight"": 0.5}",tune,False,118,0.84523,0.84523,0.87184,0.77966,0.95763,0.98305,0.81083
typo_ms,"v7 n=(2, 4) idf=1.0 dim=2.0 norm=True/geo pw=1.0",v7,"{""denominator"": ""geo"", ""dim"": 2.0, ""idf"": 1.0, ""n"": ""(2, 4)"", ""normalize"": true, ""position_weight"": 1.0}",tune,False,118,0.84698,0.84698,0.87333,0.77966,0.95763,0.98305,0.79548
typo_ms,"v7 n=(2, 4) idf=2.0 dim=1.0 norm=False/dice pw=0.0",v7,"{""denominator"": ""dice"", ""dim"": 1.0, ""idf"": 2.0, ""n"": ""(2, 4)"", ""normalize"": false, ""position_weight"": 0.0}",tune,False,118,0.78968,0.78968,0.81105,0.72034,0.88983,0.94915,0.64281
typo_ms,"v7 n=(2, 4) idf=2.0 dim=1.0 norm=False/dice pw=0.5",v7,"{""denominator"": ""dice"", ""dim"": 1.0, ""idf"": 2.0, ""n"": ""(2, 4)"", ""normalize"": false, ""position_weight"": 0.5}",tune,False,118,0.80047,0.80047,0.82676,0.72881,0.91525,0.94915,0.65702
typo_ms,"v7 n=(2, 4) idf=2.0 dim=1.0 norm=False/dice pw=1.0",v7,"{""denominator"": ""dice"", ""dim"": 1.0, ""idf"": 2.0, ""n"": ""(2, 4)"", ""normalize"": false, ""position_weight"": 1.0}",tune,False,118,0.80056,0.80056,0.82686,0.72881,0.91525,0.94915,0.62895
typo_ms,"v7 n=(2, 4) idf=2.0 dim=1.0 norm=True/dice pw=0.0",v7,"{""denominator"": ""dice"", ""dim"": 1.0, ""idf"": 2.0, ""n"": ""(2, 4)"", ""normalize"": true, ""position_weight"": 0.0}",tune,False,118,0.79678,0.79678,0.82436,0.72034,0.91525,0.9661,0.74638
typo_ms,"v7 n=(2, 4) idf=2.0 dim=1.0 norm=True/dice pw=0.5",v7,"{""denominator"": ""dice"", ""dim"": 1.0, ""idf"": 2.0, ""n"": ""(2, 4)"", ""normalize"": true, ""position_weight"": 0.5}",tune,False,118,0.80199,0.80199,0.82821,0.72881,0.91525,0.9661,0.77045
typo_ms,"v7 n=(2, 4) idf=2.0 dim=1.0 norm=True/dice pw=1.0",v7,"{""denominator"": ""dice"", ""dim"": 1.0, ""idf"": 2.0, ""n"": ""(2, 4)"", ""normalize"": true, ""position_weight"": 1.0}",tune,False,118,0.81092,0.81092,0.83453,0.74576,0.91525,0.97458,0.71826
typo_ms,"v7 n=(2, 4) idf=2.0 dim=1.0 norm=True/geo pw=0.0",v7,"{""denominator"": ""geo"", ""dim"": 1.0, ""idf"": 2.0, ""n"": ""(2, 4)"", ""normalize"": true, ""position_weight"": 0.0}",tune,False,118,0.79704,0.79704,0.82452,0.72034,0.91525,0.9661,0.76954
typo_ms,"v7 n=(2, 4) idf=2.0 dim=1.0 norm=True/geo pw=0.5",v7,"{""denominator"": ""geo"", ""dim"": 1.0, ""idf"": 2.0, ""n"": ""(2, 4)"", ""normalize"": true, ""position_weight"": 0.5}",tune,False,118,0.79861,0.79861,0.82563,0.72034,0.91525,0.9661,0.74414
typo_ms,"v7 n=(2, 4) idf=2.0 dim=1.0 norm=True/geo pw=1.0",v7,"{""denominator"": ""geo"", ""dim"": 1.0, ""idf"": 2.0, ""n"": ""(2, 4)"", ""normalize"": true, ""position_weight"": 1.0}",tune,False,118,0.81207,0.81207,0.83547,0.74576,0.91525,0.9661,0.77062
typo_ms,"v7 n=(2, 4) idf=2.0 dim=2.0 norm=False/dice pw=0.0",v7,"{""denominator"": ""dice"", ""dim"": 2.0, ""idf"": 2.0, ""n"": ""(2, 4)"", ""normalize"": false, ""position_weight"": 0.0}",tune,False,118,0.78395,0.78395,0.80951,0.71186,0.89831,0.94915,0.62793
typo_ms,"v7 n=(2, 4) idf=2.0 dim=2.0 norm=False/dice pw=0.5",v7,"{""denominator"": ""dice"", ""dim"": 2.0, ""idf"": 2.0, ""n"": ""(2, 4)"", ""normalize"": false, ""position_weight"": 0.5}",tune,False,118,0.79505,0.79505,0.82287,0.72034,0.91525,0.95763,0.65832
typo_ms,"v7 n=(2, 4) idf=2.0 dim=2.0 norm=False/dice pw=1.0",v7,"{""denominator"": ""dice"", ""dim"": 2.0, ""idf"": 2.0, ""n"": ""(2, 4)"", ""normalize"": false, ""position_weight"": 1.0}",tune,False,118,0.79828,0.79828,0.82542,0.72034,0.91525,0.95763,0.65821
typo_ms,"v7 n=(2, 4) idf=2.0 dim=2.0 norm=True/dice pw=0.0",v7,"{""denominator"": ""dice"", ""dim"": 2.0, ""idf"": 2.0, ""n"": ""(2, 4)"", ""normalize"": true, ""position_weight"": 0.0}",tune,False,118,0.77805,0.77805,0.8068,0.71186,0.90678,0.97458,0.76767
typo_ms,"v7 n=(2, 4) idf=2.0 dim=2.0 norm=True/dice pw=0.5",v7,"{""denominator"": ""dice"", ""dim"": 2.0, ""idf"": 2.0, ""n"": ""(2, 4)"", ""normalize"": true, ""position_weight"": 0.5}",tune,False,118,0.78548,0.78548,0.81729,0.72034,0.92373,0.97458,0.75537
typo_ms,"v7 n=(2, 4) idf=2.0 dim=2.0 norm=True/dice pw=1.0",v7,"{""denominator"": ""dice"", ""dim"": 2.0, ""idf"": 2.0, ""n"": ""(2, 4)"", ""normalize"": true, ""position_weight"": 1.0}",tune,False,118,0.78976,0.78976,0.8208,0.72034,0.92373,0.97458,0.78043
typo_ms,"v7 n=(2, 4) idf=2.0 dim=2.0 norm=True/geo pw=0.0",v7,"{""denominator"": ""geo"", ""dim"": 2.0, ""idf"": 2.0, ""n"": ""(2, 4)"", ""normalize"": true, ""position_weight"": 0.0}",tune,False,118,0.77777,0.77777,0.80925,0.71186,0.91525,0.9661,0.79914
typo_ms,"v7 n=(2, 4) idf=2.0 dim=2.0 norm=True/geo pw=0.5",v7,"{""denominator"": ""geo"", ""dim"": 2.0, ""idf"": 2.0, ""n"": ""(2, 4)"", ""normalize"": true, ""position_weight"": 0.5}",tune,False,118,0.78222,0.78222,0.81499,0.71186,0.92373,0.97458,0.79753
typo_ms,"v7 n=(2, 4) idf=2.0 dim=2.0 norm=True/geo pw=1.0",v7,"{""denominator"": ""geo"", ""dim"": 2.0, ""idf"": 2.0, ""n"": ""(2, 4)"", ""normalize"": true, ""position_weight"": 1.0}",tune,False,118,0.79955,0.79955,0.82812,0.73729,0.92373,0.97458,0.81934
typo_ms,"v7 n=(2, 4) idf=3.0 dim=1.0 norm=False/dice pw=0.0",v7,"{""denominator"": ""dice"", ""dim"": 1.0, ""idf"": 3.0, ""n"": ""(2, 4)"", ""normalize"": false, ""position_weight"": 0.0}",tune,False,118,0.74487,0.74487,0.77379,0.65254,0.87288,0.94068,0.60459
typo_ms,"v7 n=(2, 4) idf=3.0 dim=1.0 norm=False/dice pw=0.5",v7,"{""denominator"": ""dice"", ""dim"": 1.0, ""idf"": 3.0, ""n"": ""(2, 4)"", ""normalize"": false, ""position_weight"": 0.5}",tune,False,118,0.75589,0.75589,0.78479,0.66102,0.88136,0.94915,0.62333
typo_ms,"v7 n=(2, 4) idf=3.0 dim=1.0 norm=False/dice pw=1.0",v7,"{""denominator"": ""dice"", ""dim"": 1.0, ""idf"": 3.0, ""n"": ""(2, 4)"", ""normalize"": false, ""position_weight"": 1.0}",tune,False,118,0.76593,0.76593,0.792,0.67797,0.88136,0.95763,0.62582
typo_ms,"v7 n=(2, 4) idf=3.0 dim=1.0 norm=True/dice pw=0.0",v7,"{""denominator"": ""dice"", ""dim"": 1.0, ""idf"": 3.0, ""n"": ""(2, 4)"", ""normalize"": true, ""position_weight"": 0.0}",tune,False,118,0.72529,0.72529,0.75603,0.64407,0.86441,0.94915,0.74385
typo_ms,"v7 n=(2, 4) idf=3.0 dim=1.0 norm=True/dice pw=0.5",v7,"{""denominator"": ""dice"", ""dim"": 1.0, ""idf"": 3.0, ""n"": ""(2, 4)"", ""normalize"": true, ""position_weight"": 0.5}",tune,False,118,0.73645,0.73645,0.76441,0.66102,0.86441,0.94915,0.76059
typo_ms,"v7 n=(2, 4) idf=3.0 dim=1.0 norm=True/dice pw=1.0",v7,"{""denominator"": ""dice"", ""dim"": 1.0, ""idf"": 3.0, ""n"": ""(2, 4)"", ""normalize"": true, ""position_weight"": 1.0}",tune,False,118,0.74263,0.74263,0.77132,0.66949,0.87288,0.94915,0.72231
typo_ms,"v7 n=(2, 4) idf=3.0 dim=1.0 norm=True/geo pw=0.0",v7,"{""denominator"": ""geo"", ""dim"": 1.0, ""idf"": 3.0, ""n"": ""(2, 4)"", ""normalize"": true, ""position_weight"": 0.0}",tune,False,118,0.73868,0.73868,0.76335,0.66949,0.85593,0.94915,0.75469
typo_ms,"v7 n=(2, 4) idf=3.0 dim=1.0 norm=True/geo pw=0.5",v7,"{""denominator"": ""geo"", ""dim"": 1.0, ""idf"": 3.0, ""n"": ""(2, 4)"", ""normalize"": true, ""position_weight"": 0.5}",tune,False,118,0.74843,0.74843,0.77067,0.67797,0.85593,0.94915,0.83587
typo_ms,"v7 n=(2, 4) idf=3.0 dim=1.0 norm=True/geo pw=1.0",v7,"{""denominator"": ""geo"", ""dim"": 1.0, ""idf"": 3.0, ""n"": ""(2, 4)"", ""normalize"": true, ""position_weight"": 1.0}",tune,False,118,0.75592,0.75592,0.78098,0.68644,0.87288,0.95763,0.78673
typo_ms,"v7 n=(2, 4) idf=3.0 dim=2.0 norm=False/dice pw=0.0",v7,"{""denominator"": ""dice"", ""dim"": 2.0, ""idf"": 3.0, ""n"": ""(2, 4)"", ""normalize"": false, ""position_weight"": 0.0}",tune,False,118,0.74024,0.74024,0.76786,0.65254,0.86441,0.94068,0.70559
typo_ms,"v7 n=(2, 4) idf=3.0 dim=2.0 norm=False/dice pw=0.5",v7,"{""denominator"": ""dice"", ""dim"": 2.0, ""idf"": 3.0, ""n"": ""(2, 4)"", ""normalize"": false, ""position_weight"": 0.5}",tune,False,118,0.7555,0.7555,0.78418,0.66949,0.88136,0.94915,0.68382
typo_ms,"v7 n=(2, 4) idf=3.0 dim=2.0 norm=False/dice pw=1.0",v7,"{""denominator"": ""dice"", ""dim"": 2.0, ""idf"": 3.0, ""n"": ""(2, 4)"", ""normalize"": false, ""position_weight"": 1.0}",tune,False,118,0.76468,0.76468,0.79069,0.68644,0.88136,0.95763,0.6541
typo_ms,"v7 n=(2, 4) idf=3.0 dim=2.0 norm=True/dice pw=0.0",v7,"{""denominator"": ""dice"", ""dim"": 2.0, ""idf"": 3.0, ""n"": ""(2, 4)"", ""normalize"": true, ""position_weight"": 0.0}",tune,False,118,0.60965,0.60965,0.66268,0.50847,0.84746,0.94915,0.8052
typo_ms,"v7 n=(2, 4) idf=3.0 dim=2.0 norm=True/dice pw=0.5",v7,"{""denominator"": ""dice"", ""dim"": 2.0, ""idf"": 3.0, ""n"": ""(2, 4)"", ""normalize"": true, ""position_weight"": 0.5}",tune,False,118,0.62595,0.62595,0.6752,0.52542,0.84746,0.94915,0.82754
typo_ms,"v7 n=(2, 4) idf=3.0 dim=2.0 norm=True/dice pw=1.0",v7,"{""denominator"": ""dice"", ""dim"": 2.0, ""idf"": 3.0, ""n"": ""(2, 4)"", ""normalize"": true, ""position_weight"": 1.0}",tune,False,118,0.65384,0.65384,0.70336,0.5678,0.87288,0.94915,0.79798
typo_ms,"v7 n=(2, 4) idf=3.0 dim=2.0 norm=True/geo pw=0.0",v7,"{""denominator"": ""geo"", ""dim"": 2.0, ""idf"": 3.0, ""n"": ""(2, 4)"", ""normalize"": true, ""position_weight"": 0.0}",tune,False,118,0.63404,0.63404,0.68356,0.5339,0.85593,0.94915,0.81443
typo_ms,"v7 n=(2, 4) idf=3.0 dim=2.0 norm=True/geo pw=0.5",v7,"{""denominator"": ""geo"", ""dim"": 2.0, ""idf"": 3.0, ""n"": ""(2, 4)"", ""normalize"": true, ""position_weight"": 0.5}",tune,False,118,0.67383,0.67383,0.71401,0.58475,0.85593,0.94915,0.83351
typo_ms,"v7 n=(2, 4) idf=3.0 dim=2.0 norm=True/geo pw=1.0",v7,"{""denominator"": ""geo"", ""dim"": 2.0, ""idf"": 3.0, ""n"": ""(2, 4)"", ""normalize"": true, ""position_weight"": 1.0}",tune,False,118,0.70235,0.70235,0.73829,0.61864,0.86441,0.94915,0.81618
typo_ms,"v7 n=(1, 2, 3) idf=0.0 dim=1.0 norm=False/dice pw=0.0",v7,"{""denominator"": ""dice"", ""dim"": 1.0, ""idf"": 0.0, ""n"": ""(1, 2, 3)"", ""normalize"": false, ""position_weight"": 0.0}",tune,False,118,0.87569,0.87569,0.8948,0.82203,0.95763,0.98305,1.44599
typo_ms,"v7 n=(1, 2, 3) idf=0.0 dim=1.0 norm=False/dice pw=0.5",v7,"{""denominator"": ""dice"", ""dim"": 1.0, ""idf"": 0.0, ""n"": ""(1, 2, 3)"", ""normalize"": false, ""position_weight"": 0.5}",tune,False,118,0.9025,0.9025,0.91434,0.86441,0.95763,1.0,1.50332
typo_ms,"v7 n=(1, 2, 3) idf=0.0 dim=1.0 norm=False/dice pw=1.0",v7,"{""denominator"": ""dice"", ""dim"": 1.0, ""idf"": 0.0, ""n"": ""(1, 2, 3)"", ""normalize"": false, ""position_weight"": 1.0}",tune,False,118,0.90383,0.90383,0.91785,0.86441,0.9661,1.0,1.62184
typo_ms,"v7 n=(1, 2, 3) idf=0.0 dim=1.0 norm=True/dice pw=0.0",v7,"{""denominator"": ""dice"", ""dim"": 1.0, ""idf"": 0.0, ""n"": ""(1, 2, 3)"", ""normalize"": true, ""position_weight"": 0.0}",tune,False,118,0.91982,0.91982,0.93944,0.87288,1.0,1.0,1.62062
typo_ms,"v7 n=(1, 2, 3) idf=0.0 dim=1.0 norm=True/dice pw=0.5",v7,"{""denominator"": ""dice"", ""dim"": 1.0, ""idf"": 0.0, ""n"": ""(1, 2, 3)"", ""normalize"": true, ""position_weight"": 0.5}",tune,False,118,0.92169,0.92169,0.93871,0.87288,0.99153,1.0,1.61413
typo_ms,"v7 n=(1, 2, 3) idf=0.0 dim=1.0 norm=True/dice pw=1.0",v7,"{""denominator"": ""dice"", ""dim"": 1.0, ""idf"": 0.0, ""n"": ""(1, 2, 3)"", ""normalize"": true, ""position_weight"": 1.0}",tune,False,118,0.92309,0.92309,0.93975,0.87288,0.99153,1.0,1.57877
typo_ms,"v7 n=(1, 2, 3) idf=0.0 dim=1.0 norm=True/geo pw=0.0",v7,"{""denominator"": ""geo"", ""dim"": 1.0, ""idf"": 0.0, ""n"": ""(1, 2, 3)"", ""normalize"": true, ""position_weight"": 0.0}",tune,False,118,0.91563,0.91563,0.93632,0.86441,1.0,1.0,1.54258
typo_ms,"v7 n=(1, 2, 3) idf=0.0 dim=1.0 norm=True/geo pw=0.5",v7,"{""denominator"": ""geo"", ""dim"": 1.0, ""idf"": 0.0, ""n"": ""(1, 2, 3)"", ""normalize"": true, ""position_weight"": 0.5}",tune,False,118,0.92141,0.92141,0.93845,0.87288,0.99153,1.0,1.54015
typo_ms,"v7 n=(1, 2, 3) idf=0.0 dim=1.0 norm=True/geo pw=1.0",v7,"{""denominator"": ""geo"", ""dim"": 1.0, ""idf"": 0.0, ""n"": ""(1, 2, 3)"", ""normalize"": true, ""position_weight"": 1.0}",tune,False,118,0.92167,0.92167,0.93864,0.87288,0.99153,1.0,1.57413
typo_ms,"v7 n=(1, 2, 3) idf=0.0 dim=2.0 norm=False/dice pw=0.0",v7,"{""denominator"": ""dice"", ""dim"": 2.0, ""idf"": 0.0, ""n"": ""(1, 2, 3)"", ""normalize"": false, ""position_weight"": 0.0}",tune,False,118,0.87312,0.87312,0.89323,0.82203,0.95763,0.98305,1.46959
typo_ms,"v7 n=(1, 2, 3) idf=0.0 dim=2.0 norm=False/dice pw=0.5",v7,"{""denominator"": ""dice"", ""dim"": 2.0, ""idf"": 0.0, ""n"": ""(1, 2, 3)"", ""normalize"": false, ""position_weight"": 0.5}",tune,False,118,0.88898,0.88898,0.90541,0.83898,0.95763,0.99153,1.44723
typo_ms,"v7 n=(1, 2, 3) idf=0.0 dim=2.0 norm=False/dice pw=1.0",v7,"{""denominator"": ""dice"", ""dim"": 2.0, ""idf"": 0.0, ""n"": ""(1, 2, 3)"", ""normalize"": false, ""position_weight"": 1.0}",tune,False,118,0.90069,0.90069,0.91374,0.85593,0.95763,0.99153,1.5099
typo_ms,"v7 n=(1, 2, 3) idf=0.0 dim=2.0 norm=True/dice pw=0.0",v7,"{""denominator"": ""dice"", ""dim"": 2.0, ""idf"": 0.0, ""n"": ""(1, 2, 3)"", ""normalize"": true, ""position_weight"": 0.0}",tune,False,118,0.93023,0.93023,0.9477,0.88136,1.0,1.0,1.61155
typo_ms,"v7 n=(1, 2, 3) idf=0.0 dim=2.0 norm=True/dice pw=0.5",v7,"{""denominator"": ""dice"", ""dim"": 2.0, ""idf"": 0.0, ""n"": ""(1, 2, 3)"", ""normalize"": true, ""position_weight"": 0.5}",tune,False,118,0.94021,0.94021,0.95523,0.89831,1.0,1.0,1.59839
typo_ms,"v7 n=(1, 2, 3) idf=0.0 dim=2.0 norm=True/dice pw=1.0",v7,"{""denominator"": ""dice"", ""dim"": 2.0, ""idf"": 0.0, ""n"": ""(1, 2, 3)"", ""normalize"": true, ""position_weight"": 1.0}",tune,False,118,0.93919,0.93919,0.9544,0.89831,1.0,1.0,1.7022
typo_ms,"v7 n=(1, 2, 3) idf=0.0 dim=2.0 norm=True/geo pw=0.0",v7,"{""denominator"": ""geo"", ""dim"": 2.0, ""idf"": 0.0, ""n"": ""(1, 2, 3)"", ""normalize"": true, ""position_weight"": 0.0}",tune,False,118,0.92998,0.92998,0.94525,0.88136,0.99153,1.0,1.71023
typo_ms,"v7 n=(1, 2, 3) idf=0.0 dim=2.0 norm=True/geo pw=0.5",v7,"{""denominator"": ""geo"", ""dim"": 2.0, ""idf"": 0.0, ""n"": ""(1, 2, 3)"", ""normalize"": true, ""position_weight"": 0.5}",tune,False,118,0.94021,0.94021,0.95523,0.89831,1.0,1.0,2.48627
typo_ms,"v7 n=(1, 2, 3) idf=0.0 dim=2.0 norm=True/geo pw=1.0",v7,"{""denominator"": ""geo"", ""dim"": 2.0, ""idf"": 0.0, ""n"": ""(1, 2, 3)"", ""normalize"": true, ""position_weight"": 1.0}",tune,False,118,0.93919,0.93919,0.9544,0.89831,1.0,1.0,2.9092
typo_ms,"v7 n=(1, 2, 3) idf=1.0 dim=1.0 norm=False/dice pw=0.0",v7,"{""denominator"": ""dice"", ""dim"": 1.0, ""idf"": 1.0, ""n"": ""(1, 2, 3)"", ""normalize"": false, ""position_weight"": 0.0}",tune,False,118,0.85392,0.85392,0.88053,0.78814,0.9661,0.98305,2.00665
typo_ms,"v7 n=(1, 2, 3) idf=1.0 dim=1.0 norm=False/dice pw=0.5",v7,"{""denominator"": ""dice"", ""dim"": 1.0, ""idf"": 1.0, ""n"": ""(1, 2, 3)"", ""normalize"": false, ""position_weight"": 0.5}",tune,False,118,0.86549,0.86549,0.88939,0.80508,0.9661,0.98305,1.86888
typo_ms,"v7 n=(1, 2, 3) idf=1.0 dim=1.0 norm=False/dice pw=1.0",v7,"{""denominator"": ""dice"", ""dim"": 1.0, ""idf"": 1.0, ""n"": ""(1, 2, 3)"", ""normalize"": false, ""position_weight"": 1.0}",tune,False,118,0.86845,0.86845,0.8918,0.80508,0.9661,0.98305,1.8048
typo_ms,"v7 n=(1, 2, 3) idf=1.0 dim=1.0 norm=True/dice pw=0.0",v7,"{""denominator"": ""dice"", ""dim"": 1.0, ""idf"": 1.0, ""n"": ""(1, 2, 3)"", ""normalize"": true, ""position_weight"": 0.0}",tune,False,118,0.89676,0.89676,0.9199,0.83898,0.99153,1.0,1.74913
typo_ms,"v7 n=(1, 2, 3) idf=1.0 dim=1.0 norm=True/dice pw=0.5",v7,"{""denominator"": ""dice"", ""dim"": 1.0, ""idf"": 1.0, ""n"": ""(1, 2, 3)"", ""normalize"": true, ""position_weight"": 0.5}",tune,False,118,0.9001,0.9001,0.92254,0.83898,0.99153,1.0,1.59636
typo_ms,"v7 n=(1, 2, 3) idf=1.0 dim=1.0 norm=True/dice pw=1.0",v7,"{""denominator"": ""dice"", ""dim"": 1.0, ""idf"": 1.0, ""n"": ""(1, 2, 3)"", ""normalize"": true, ""position_weight"": 1.0}",tune,False,118,0.89921,0.89921,0.92202,0.83898,0.99153,1.0,1.8
typo_ms,"v7 n=(1, 2, 3) idf=1.0 dim=1.0 norm=True/geo pw=0.0",v7,"{""denominator"": ""geo"", ""dim"": 1.0, ""idf"": 1.0, ""n"": ""(1, 2, 3)"", ""normalize"": true, ""position_weight"": 0.0}",tune,False,118,0.89797,0.89797,0.91825,0.84746,0.98305,1.0,1.80417
typo_ms,"v7 n=(1, 2, 3) idf=1.0 dim=1.0 norm=True/geo pw=0.5",v7,"{""denominator"": ""geo"", ""dim"": 1.0, ""idf"": 1.0, ""n"": ""(1, 2, 3)"", ""normalize"": true, ""position_weight"": 0.5}",tune,False,118,0.89963,0.89963,0.92189,0.84746,0.99153,1.0,1.8005
typo_ms,"v7 n=(1, 2, 3) idf=1.0 dim=1.0 norm=True/geo pw=1.0",v7,"{""denominator"": ""geo"", ""dim"": 1.0, ""idf"": 1.0, ""n"": ""(1, 2, 3)"", ""normalize"": true, ""position_weight"": 1.0}",tune,False,118,0.90347,0.90347,0.92508,0.84746,0.99153,1.0,1.70824
typo_ms,"v7 n=(1, 2, 3) idf=1.0 dim=2.0 norm=False/dice pw=0.0",v7,"{""denominator"": ""dice"", ""dim"": 2.0, ""idf"": 1.0, ""n"": ""(1, 2, 3)"", ""normalize"": false, ""position_weight"": 0.0}",tune,False,118,0.8509,0.8509,0.87831,0.78814,0.9661,0.98305,1.63669
typo_ms,"v7 n=(1, 2, 3) idf=1.0 dim=2.0 norm=False/dice pw=0.5",v7,"{""denominator"": ""dice"", ""dim"": 2.0, ""idf"": 1.0, ""n"": ""(1, 2, 3)"", ""normalize"": false, ""position_weight"": 0.5}",tune,False,118,0.86207,0.86207,0.88687,0.80508,0.9661,0.98305,1.65096
typo_ms,"v7 n=(1, 2, 3) idf=1.0 dim=2.0 norm=False/dice pw=1.0",v7,"{""denominator"": ""dice"", ""dim"": 2.0, ""idf"": 1.0, ""n"": ""(1, 2, 3)"", ""normalize"": false, ""position_weight"": 1.0}",tune,False,118,0.86645,0.86645,0.89047,0.80508,0.9661,0.98305,1.52417
typo_ms,"v7 n=(1, 2, 3) idf=1.0 dim=2.0 norm=True/dice pw=0.0",v7,"{""denominator"": ""dice"", ""dim"": 2.0, ""idf"": 1.0, ""n"": ""(1, 2, 3)"", ""normalize"": true, ""position_weight"": 0.0}",tune,False,118,0.88699,0.88699,0.90564,0.83051,0.9661,0.99153,1.88121
typo_ms,"v7 n=(1, 2, 3) idf=1.0 dim=2.0 norm=True/dice pw=0.5",v7,"{""denominator"": ""dice"", ""dim"": 2.0, ""idf"": 1.0, ""n"": ""(1, 2, 3)"", ""normalize"": true, ""position_weight"": 0.5}",tune,False,118,0.89426,0.89426,0.91364,0.83051,0.97458,1.0,1.82958
typo_ms,"v7 n=(1, 2, 3) idf=1.0 dim=2.0 norm=True/dice pw=1.0",v7,"{""denominator"": ""dice"", ""dim"": 2.0, ""idf"": 1.0, ""n"": ""(1, 2, 3)"", ""normalize"": true, ""position_weight"": 1.0}",tune,False,118,0.90686,0.90686,0.92776,0.84746,0.99153,1.0,1.6712
typo_ms,"v7 n=(1, 2, 3) idf=1.0 dim=2.0 norm=True/geo pw=0.0",v7,"{""denominator"": ""geo"", ""dim"": 2.0, ""idf"": 1.0, ""n"": ""(1, 2, 3)"", ""normalize"": true, ""position_weight"": 0.0}",tune,False,118,0.89118,0.89118,0.90876,0.83898,0.9661,0.99153,1.71806
typo_ms,"v7 n=(1, 2, 3) idf=1.0 dim=2.0 norm=True/geo pw=0.5",v7,"{""denominator"": ""geo"", ""dim"": 2.0, ""idf"": 1.0, ""n"": ""(1, 2, 3)"", ""normalize"": true, ""position_weight"": 0.5}",tune,False,118,0.89998,0.89998,0.91788,0.83898,0.97458,1.0,1.82621
typo_ms,"v7 n=(1, 2, 3) idf=1.0 dim=2.0 norm=True/geo pw=1.0",v7,"{""denominator"": ""geo"", ""dim"": 2.0, ""idf"": 1.0, ""n"": ""(1, 2, 3)"", ""normalize"": true, ""position_weight"": 1.0}",tune,False,118,0.90245,0.90245,0.92451,0.83898,0.99153,1.0,1.70773
typo_ms,"v7 n=(1, 2, 3) idf=2.0 dim=1.0 norm=False/dice pw=0.0",v7,"{""denominator"": ""dice"", ""dim"": 1.0, ""idf"": 2.0, ""n"": ""(1, 2, 3)"", ""normalize"": false, ""position_weight"": 0.0}",tune,False,118,0.75612,0.75612,0.80008,0.64407,0.94068,0.97458,1.55335
typo_ms,"v7 n=(1, 2, 3) idf=2.0 dim=1.0 norm=False/dice pw=0.5",v7,"{""denominator"": ""dice"", ""dim"": 1.0, ""idf"": 2.0, ""n"": ""(1, 2, 3)"", ""normalize"": false, ""position_weight"": 0.5}",tune,False,118,0.7789,0.7789,0.81961,0.67797,0.94915,0.97458,1.44717
typo_ms,"v7 n=(1, 2, 3) idf=2.0 dim=1.0 norm=False/dice pw=1.0",v7,"{""denominator"": ""dice"", ""dim"": 1.0, ""idf"": 2.0, ""n"": ""(1, 2, 3)"", ""normalize"": false, ""position_weight"": 1.0}",tune,False,118,0.79478,0.79478,0.83381,0.70339,0.95763,0.97458,1.44792
typo_ms,"v7 n=(1, 2, 3) idf=2.0 dim=1.0 norm=True/dice pw=0.0",v7,"{""denominator"": ""dice"", ""dim"": 1.0, ""idf"": 2.0, ""n"": ""(1, 2, 3)"", ""normalize"": true, ""position_weight"": 0.0}",tune,False,118,0.79025,0.79025,0.82776,0.71186,0.94915,0.97458,1.56144
typo_ms,"v7 n=(1, 2, 3) idf=2.0 dim=1.0 norm=True/dice pw=0.5",v7,"{""denominator"": ""dice"", ""dim"": 1.0, ""idf"": 2.0, ""n"": ""(1, 2, 3)"", ""normalize"": true, ""position_weight"": 0.5}",tune,False,118,0.80607,0.80607,0.83724,0.72881,0.94068,0.97458,1.60608
typo_ms,"v7 n=(1, 2, 3) idf=2.0 dim=1.0 norm=True/dice pw=1.0",v7,"{""denominator"": ""dice"", ""dim"": 1.0, ""idf"": 2.0, ""n"": ""(1, 2, 3)"", ""normalize"": true, ""position_weight"": 1.0}",tune,False,118,0.82987,0.82987,0.85298,0.75424,0.9322,0.98305,1.59118
typo_ms,"v7 n=(1, 2, 3) idf=2.0 dim=1.0 norm=True/geo pw=0.0",v7,"{""denominator"": ""geo"", ""dim"": 1.0, ""idf"": 2.0, ""n"": ""(1, 2, 3)"", ""normalize"": true, ""position_weight"": 0.0}",tune,False,118,0.8302,0.8302,0.85815,0.76271,0.94915,0.97458,1.58763
typo_ms,"v7 n=(1, 2, 3) idf=2.0 dim=1.0 norm=True/geo pw=0.5",v7,"{""denominator"": ""geo"", ""dim"": 1.0, ""idf"": 2.0, ""n"": ""(1, 2, 3)"", ""normalize"": true, ""position_weight"": 0.5}",tune,False,118,0.84576,0.84576,0.8696,0.77966,0.94915,0.98305,1.63882
typo_ms,"v7 n=(1, 2, 3) idf=2.0 dim=1.0 norm=True/geo pw=1.0",v7,"{""denominator"": ""geo"", ""dim"": 1.0, ""idf"": 2.0, ""n"": ""(1, 2, 3)"", ""normalize"": true, ""position_weight"": 1.0}",tune,False,118,0.85178,0.85178,0.87666,0.78814,0.95763,0.99153,1.65107
typo_ms,"v7 n=(1, 2, 3) idf=2.0 dim=2.0 norm=False/dice pw=0.0",v7,"{""denominator"": ""dice"", ""dim"": 2.0, ""idf"": 2.0, ""n"": ""(1, 2, 3)"", ""normalize"": false, ""position_weight"": 0.0}",tune,False,118,0.7526,0.7526,0.78983,0.64407,0.91525,0.97458,1.57532
typo_ms,"v7 n=(1, 2, 3) idf=2.0 dim=2.0 norm=False/dice pw=0.5",v7,"{""denominator"": ""dice"", ""dim"": 2.0, ""idf"": 2.0, ""n"": ""(1, 2, 3)"", ""normalize"": false, ""position_weight"": 0.5}",tune,False,118,0.77419,0.77419,0.81296,0.67797,0.94068,0.97458,1.44598
typo_ms,"v7 n=(1, 2, 3) idf=2.0 dim=2.0 norm=False/dice pw=1.0",v7,"{""denominator"": ""dice"", ""dim"": 2.0, ""idf"": 2.0, ""n"": ""(1, 2, 3)"", ""normalize"": false, ""position_weight"": 1.0}",tune,False,118,0.77644,0.77644,0.81481,0.67797,0.94068,0.97458,1.5145
typo_ms,"v7 n=(1, 2, 3) idf=2.0 dim=2.0 norm=True/dice pw=0.0",v7,"{""denominator"": ""dice"", ""dim"": 2.0, ""idf"": 2.0, ""n"": ""(1, 2, 3)"", ""normalize"": true, ""position_weight"": 0.0}",tune,False,118,0.726,0.726,0.75462,0.66102,0.85593,0.90678,1.68345
typo_ms,"v7 n=(1, 2, 3) idf=2.0 dim=2.0 norm=True/dice pw=0.5",v7,"{""denominator"": ""dice"", ""dim"": 2.0, ""idf"": 2.0, ""n"": ""(1, 2, 3)"", ""normalize"": true, ""position_weight"": 0.5}",tune,False,118,0.74936,0.74936,0.78178,0.67797,0.88983,0.9322,1.68329
typo_ms,"v7 n=(1, 2, 3) idf=2.0 dim=2.0 norm=True/dice pw=1.0",v7,"{""denominator"": ""dice"", ""dim"": 2.0, ""idf"": 2.0, ""n"": ""(1, 2, 3)"", ""normalize"": true, ""position_weight"": 1.0}",tune,False,118,0.77484,0.77484,0.80084,0.70339,0.88983,0.95763,1.7111
typo_ms,"v7 n=(1, 2, 3) idf=2.0 dim=2.0 norm=True/geo pw=0.0",v7,"{""denominator"": ""geo"", ""dim"": 2.0, ""idf"": 2.0, ""n"": ""(1, 2, 3)"", ""normalize"": true, ""position_weight"": 0.0}",tune,False,118,0.74655,0.74655,0.77641,0.68644,0.88136,0.94068,1.66199
typo_ms,"v7 n=(1, 2, 3) idf=2.0 dim=2.0 norm=True/geo pw=0.5",v7,"{""denominator"": ""geo"", ""dim"": 2.0, ""idf"": 2.0, ""n"": ""(1, 2, 3)"", ""normalize"": true, ""position_weight"": 0.5}",tune,False,118,0.77531,0.77531,0.8069,0.71186,0.91525,0.95763,1.70338
typo_ms,"v7 n=(1, 2, 3) idf=2.0 dim=2.0 norm=True/geo pw=1.0",v7,"{""denominator"": ""geo"", ""dim"": 2.0, ""idf"": 2.0, ""n"": ""(1, 2, 3)"", ""normalize"": true, ""position_weight"": 1.0}",tune,False,118,0.78906,0.78906,0.8198,0.72034,0.92373,0.97458,1.67402
typo_ms,"v7 n=(1, 2, 3) idf=3.0 dim=1.0 norm=False/dice pw=0.0",v7,"{""denominator"": ""dice"", ""dim"": 1.0, ""idf"": 3.0, ""n"": ""(1, 2, 3)"", ""normalize"": false, ""position_weight"": 0.0}",tune,False,118,0.62123,0.62123,0.68097,0.47458,0.88136,0.9661,1.50227
typo_ms,"v7 n=(1, 2, 3) idf=3.0 dim=1.0 norm=False/dice pw=0.5",v7,"{""denominator"": ""dice"", ""dim"": 1.0, ""idf"": 3.0, ""n"": ""(1, 2, 3)"", ""normalize"": false, ""position_weight"": 0.5}",tune,False,118,0.64654,0.64654,0.70275,0.5,0.88983,0.9661,1.49279
typo_ms,"v7 n=(1, 2, 3) idf=3.0 dim=1.0 norm=False/dice pw=1.0",v7,"{""denominator"": ""dice"", ""dim"": 1.0, ""idf"": 3.0, ""n"": ""(1, 2, 3)"", ""normalize"": false, ""position_weight"": 1.0}",tune,False,118,0.66236,0.66236,0.71749,0.51695,0.89831,0.9661,1.48476
typo_ms,"v7 n=(1, 2, 3) idf=3.0 dim=1.0 norm=True/dice pw=0.0",v7,"{""denominator"": ""dice"", ""dim"": 1.0, ""idf"": 3.0, ""n"": ""(1, 2, 3)"", ""normalize"": true, ""position_weight"": 0.0}",tune,False,118,0.62543,0.62543,0.67397,0.5339,0.83898,0.89831,1.66938
typo_ms,"v7 n=(1, 2, 3) idf=3.0 dim=1.0 norm=True/dice pw=0.5",v7,"{""denominator"": ""dice"", ""dim"": 1.0, ""idf"": 3.0, ""n"": ""(1, 2, 3)"", ""normalize"": true, ""position_weight"": 0.5}",tune,False,118,0.64908,0.64908,0.69395,0.55932,0.84746,0.92373,1.66598
typo_ms,"v7 n=(1, 2, 3) idf=3.0 dim=1.0 norm=True/dice pw=1.0",v7,"{""denominator"": ""dice"", ""dim"": 1.0, ""idf"": 3.0, ""n"": ""(1, 2, 3)"", ""normalize"": true, ""position_weight"": 1.0}",tune,False,118,0.66001,0.66001,0.7047,0.55932,0.85593,0.94068,1.63649
typo_ms,"v7 n=(1, 2, 3) idf=3.0 dim=1.0 norm=True/geo pw=0.0",v7,"{""denominator"": ""geo"", ""dim"": 1.0, ""idf"": 3.0, ""n"": ""(1, 2, 3)"", ""normalize"": true, ""position_weight"": 0.0}",tune,False,118,0.66429,0.66429,0.70695,0.55932,0.85593,0.94915,1.63704
typo_ms,"v7 n=(1, 2, 3) idf=3.0 dim=1.0 norm=True/geo pw=0.5",v7,"{""denominator"": ""geo"", ""dim"": 1.0, ""idf"": 3.0, ""n"": ""(1, 2, 3)"", ""normalize"": true, ""position_weight"": 0.5}",tune,False,118,0.70494,0.70494,0.74176,0.61864,0.87288,0.9661,1.64317
typo_ms,"v7 n=(1, 2, 3) idf=3.0 dim=1.0 norm=True/geo pw=1.0",v7,"{""denominator"": ""geo"", ""dim"": 1.0, ""idf"": 3.0, ""n"": ""(1, 2, 3)"", ""normalize"": true, ""position_weight"": 1.0}",tune,False,118,0.71889,0.71889,0.75718,0.62712,0.88983,0.97458,1.60511
typo_ms,"v7 n=(1, 2, 3) idf=3.0 dim=2.0 norm=False/dice pw=0.0",v7,"{""denominator"": ""dice"", ""dim"": 2.0, ""idf"": 3.0, ""n"": ""(1, 2, 3)"", ""normalize"": false, ""position_weight"": 0.0}",tune,False,118,0.60226,0.60226,0.66739,0.44915,0.88136,0.95763,1.54877
typo_ms,"v7 n=(1, 2, 3) idf=3.0 dim=2.0 norm=False/dice pw=0.5",v7,"{""denominator"": ""dice"", ""dim"": 2.0, ""idf"": 3.0, ""n"": ""(1, 2, 3)"", ""normalize"": false, ""position_weight"": 0.5}",tune,False,118,0.63629,0.63629,0.69305,0.49153,0.88136,0.97458,1.51606
typo_ms,"v7 n=(1, 2, 3) idf=3.0 dim=2.0 norm=False/dice pw=1.0",v7,"{""denominator"": ""dice"", ""dim"": 2.0, ""idf"": 3.0, ""n"": ""(1, 2, 3)"", ""normalize"": false, ""position_weight"": 1.0}",tune,False,118,0.6461,0.6461,0.70284,0.5,0.88983,0.97458,1.53087
typo_ms,"v7 n=(1, 2, 3) idf=3.0 dim=2.0 norm=True/dice pw=0.0",v7,"{""denominator"": ""dice"", ""dim"": 2.0, ""idf"": 3.0, ""n"": ""(1, 2, 3)"", ""normalize"": true, ""position_weight"": 0.0}",tune,False,118,0.58539,0.58539,0.62153,0.52542,0.74576,0.78814,2.13952
typo_ms,"v7 n=(1, 2, 3) idf=3.0 dim=2.0 norm=True/dice pw=0.5",v7,"{""denominator"": ""dice"", ""dim"": 2.0, ""idf"": 3.0, ""n"": ""(1, 2, 3)"", ""normalize"": true, ""position_weight"": 0.5}",tune,False,118,0.61635,0.61635,0.64485,0.55932,0.74576,0.81356,2.56264
typo_ms,"v7 n=(1, 2, 3) idf=3.0 dim=2.0 norm=True/dice pw=1.0",v7,"{""denominator"": ""dice"", ""dim"": 2.0, ""idf"": 3.0, ""n"": ""(1, 2, 3)"", ""normalize"": true, ""position_weight"": 1.0}",tune,False,118,0.63599,0.63599,0.66576,0.57627,0.77119,0.83898,2.38986
typo_ms,"v7 n=(1, 2, 3) idf=3.0 dim=2.0 norm=True/geo pw=0.0",v7,"{""denominator"": ""geo"", ""dim"": 2.0, ""idf"": 3.0, ""n"": ""(1, 2, 3)"", ""normalize"": true, ""position_weight"": 0.0}",tune,False,118,0.60282,0.60282,0.63342,0.5339,0.74576,0.84746,2.46246
typo_ms,"v7 n=(1, 2, 3) idf=3.0 dim=2.0 norm=True/geo pw=0.5",v7,"{""denominator"": ""geo"", ""dim"": 2.0, ""idf"": 3.0, ""n"": ""(1, 2, 3)"", ""normalize"": true, ""position_weight"": 0.5}",tune,False,118,0.63717,0.63717,0.67401,0.5678,0.80508,0.86441,2.20563
typo_ms,"v7 n=(1, 2, 3) idf=3.0 dim=2.0 norm=True/geo pw=1.0",v7,"{""denominator"": ""geo"", ""dim"": 2.0, ""idf"": 3.0, ""n"": ""(1, 2, 3)"", ""normalize"": true, ""position_weight"": 1.0}",tune,False,118,0.65905,0.65905,0.70046,0.58475,0.83898,0.87288,2.33299
typo_ms,"v7 n=(1, 2, 3) idf=0.0 dim=2.0 norm=True/dice pw=0.5",v7,"{""denominator"": ""dice"", ""dim"": 2.0, ""idf"": 0.0, ""n"": ""(1, 2, 3)"", ""normalize"": true, ""position_weight"": 0.5}",test,True,119,0.95265,0.95265,0.96232,0.92437,0.9916,1.0,2.14785
typo_ms,v7 default,v7_default,"{""denominator"": ""dice"", ""dim"": 1.0, ""idf"": 0.0, ""n"": ""(2, 4)"", ""normalize"": true, ""position_weight"": 1.0}",test,True,119,0.85286,0.85286,0.87737,0.78151,0.95798,0.9916,1.57982
typo_ms,"v7 n=(1, 2, 3) idf=0.0 dim=2.0 norm=True/dice pw=0.0",v7_pw0.0,"{""denominator"": ""dice"", ""dim"": 2.0, ""idf"": 0.0, ""n"": ""(1, 2, 3)"", ""normalize"": true, ""position_weight"": 0.0}",test,True,119,0.95078,0.95078,0.96085,0.92437,0.9916,1.0,2.72786
typo_ms,"v7 n=(1, 2, 3) idf=0.0 dim=2.0 norm=True/dice pw=0.5",v7_pw0.5,"{""denominator"": ""dice"", ""dim"": 2.0, ""idf"": 0.0, ""n"": ""(1, 2, 3)"", ""normalize"": true, ""position_weight"": 0.5}",test,True,119,0.95265,0.95265,0.96232,0.92437,0.9916,1.0,2.4007
typo_ms,"v7 n=(1, 2, 3) idf=0.0 dim=2.0 norm=True/dice pw=1.0",v7_pw1.0,"{""denominator"": ""dice"", ""dim"": 2.0, ""idf"": 0.0, ""n"": ""(1, 2, 3)"", ""normalize"": true, ""position_weight"": 1.0}",test,True,119,0.95897,0.95897,0.9671,0.93277,0.9916,1.0,1.97959
typo_ms,v7 top-50 reranked by bm25_char,v7>bm25_char,"{""depth"": 50}",test,True,119,0.84033,0.84033,0.86265,0.77311,0.94118,1.0,4.11841
typo_ms,"bm25_char n=(2,) k1=0.5 b=0.3 idf^1.0",bm25_char,"{""b"": 0.3, ""idf_exp"": 1.0, ""k1"": 0.5, ""n"": ""(2,)""}",tune,False,118,0.81487,0.81487,0.84494,0.74576,0.94068,0.95763,0.20451
typo_ms,"bm25_char n=(2,) k1=0.5 b=0.3 idf^2.0",bm25_char,"{""b"": 0.3, ""idf_exp"": 2.0, ""k1"": 0.5, ""n"": ""(2,)""}",tune,False,118,0.62827,0.62827,0.67927,0.51695,0.85593,0.94068,0.19519
typo_ms,"bm25_char n=(2,) k1=0.5 b=0.3 idf^3.0",bm25_char,"{""b"": 0.3, ""idf_exp"": 3.0, ""k1"": 0.5, ""n"": ""(2,)""}",tune,False,118,0.48872,0.48872,0.5397,0.38136,0.72881,0.89831,0.18731
typo_ms,"bm25_char n=(2,) k1=0.5 b=0.75 idf^1.0",bm25_char,"{""b"": 0.75, ""idf_exp"": 1.0, ""k1"": 0.5, ""n"": ""(2,)""}",tune,False,118,0.82357,0.82357,0.85159,0.75424,0.94068,0.97458,0.18384
typo_ms,"bm25_char n=(2,) k1=0.5 b=0.75 idf^2.0",bm25_char,"{""b"": 0.75, ""idf_exp"": 2.0, ""k1"": 0.5, ""n"": ""(2,)""}",tune,False,118,0.62981,0.62981,0.67794,0.51695,0.84746,0.94915,0.18518
typo_ms,"bm25_char n=(2,) k1=0.5 b=0.75 idf^3.0",bm25_char,"{""b"": 0.75, ""idf_exp"": 3.0, ""k1"": 0.5, ""n"": ""(2,)""}",tune,False,118,0.47496,0.47496,0.53225,0.34746,0.73729,0.89831,0.18758
typo_ms,"bm25_char n=(2,) k1=0.5 b=1.0 idf^1.0",bm25_char,"{""b"": 1.0, ""idf_exp"": 1.0, ""k1"": 0.5, ""n"": ""(2,)""}",tune,False,118,0.82154,0.82154,0.84989,0.75424,0.94068,0.97458,0.17668
typo_ms,"bm25_char n=(2,) k1=0.5 b=1.0 idf^2.0",bm25_char,"{""b"": 1.0, ""idf_exp"": 2.0, ""k1"": 0.5, ""n"": ""(2,)""}",tune,False,118,0.62225,0.62225,0.67483,0.5,0.85593,0.94915,0.18167
typo_ms,"bm25_char n=(2,) k1=0.5 b=1.0 idf^3.0",bm25_char,"{""b"": 1.0, ""idf_exp"": 3.0, ""k1"": 0.5, ""n"": ""(2,)""}",tune,False,118,0.47269,0.47269,0.53011,0.34746,0.73729,0.90678,0.19083
typo_ms,"bm25_char n=(2,) k1=1.2 b=0.3 idf^1.0",bm25_char,"{""b"": 0.3, ""idf_exp"": 1.0, ""k1"": 1.2, ""n"": ""(2,)""}",tune,False,118,0.81838,0.81838,0.84737,0.75424,0.94068,0.9661,0.20485
typo_ms,"bm25_char n=(2,) k1=1.2 b=0.3 idf^2.0",bm25_char,"{""b"": 0.3, ""idf_exp"": 2.0, ""k1"": 1.2, ""n"": ""(2,)""}",tune,False,118,0.62746,0.62746,0.67872,0.50847,0.85593,0.94068,0.1827
typo_ms,"bm25_char n=(2,) k1=1.2 b=0.3 idf^3.0",bm25_char,"{""b"": 0.3, ""idf_exp"": 3.0, ""k1"": 1.2, ""n"": ""(2,)""}",tune,False,118,0.48197,0.48197,0.53488,0.36441,0.72881,0.89831,0.17532
typo_ms,"bm25_char n=(2,) k1=1.2 b=0.75 idf^1.0",bm25_char,"{""b"": 0.75, ""idf_exp"": 1.0, ""k1"": 1.2, ""n"": ""(2,)""}",tune,False,118,0.82331,0.82331,0.85112,0.75424,0.94068,0.98305,0.17363
typo_ms,"bm25_char n=(2,) k1=1.2 b=0.75 idf^2.0",bm25_char,"{""b"": 0.75, ""idf_exp"": 2.0, ""k1"": 1.2, ""n"": ""(2,)""}",tune,False,118,0.62492,0.62492,0.67427,0.5,0.84746,0.94915,0.19991
typo_ms,"bm25_char n=(2,) k1=1.2 b=0.75 idf^3.0",bm25_char,"{""b"": 0.75, ""idf_exp"": 3.0, ""k1"": 1.2, ""n"": ""(2,)""}",tune,False,118,0.46358,0.46358,0.52309,0.33898,0.73729,0.90678,0.18588
typo_ms,"bm25_char n=(2,) k1=1.2 b=1.0 idf^1.0",bm25_char,"{""b"": 1.0, ""idf_exp"": 1.0, ""k1"": 1.2, ""n"": ""(2,)""}",tune,False,118,0.81909,0.81909,0.84784,0.74576,0.94068,0.98305,0.18988
typo_ms,"bm25_char n=(2,) k1=1.2 b=1.0 idf^2.0",bm25_char,"{""b"": 1.0, ""idf_exp"": 2.0, ""k1"": 1.2, ""n"": ""(2,)""}",tune,False,118,0.61089,0.61089,0.6664,0.4661,0.85593,0.94915,0.18049
typo_ms,"bm25_char n=(2,) k1=1.2 b=1.0 idf^3.0",bm25_char,"{""b"": 1.0, ""idf_exp"": 3.0, ""k1"": 1.2, ""n"": ""(2,)""}",tune,False,118,0.44725,0.44725,0.51032,0.31356,0.73729,0.90678,0.18803
typo_ms,"bm25_char n=(2,) k1=2.0 b=0.3 idf^1.0",bm25_char,"{""b"": 0.3, ""idf_exp"": 1.0, ""k1"": 2.0, ""n"": ""(2,)""}",tune,False,118,0.81946,0.81946,0.84815,0.75424,0.94068,0.9661,0.1847
typo_ms,"bm25_char n=(2,) k1=2.0 b=0.3 idf^2.0",bm25_char,"{""b"": 0.3, ""idf_exp"": 2.0, ""k1"": 2.0, ""n"": ""(2,)""}",tune,False,118,0.63275,0.63275,0.68259,0.51695,0.85593,0.94915,0.19402
typo_ms,"bm25_char n=(2,) k1=2.0 b=0.3 idf^3.0",bm25_char,"{""b"": 0.3, ""idf_exp"": 3.0, ""k1"": 2.0, ""n"": ""(2,)""}",tune,False,118,0.47605,0.47605,0.52999,0.36441,0.72881,0.89831,0.19956
typo_ms,"bm25_char n=(2,) k1=2.0 b=0.75 idf^1.0",bm25_char,"{""b"": 0.75, ""idf_exp"": 1.0, ""k1"": 2.0, ""n"": ""(2,)""}",tune,False,118,0.82212,0.82212,0.84992,0.75424,0.94068,0.98305,0.18787
typo_ms,"bm25_char n=(2,) k1=2.0 b=0.75 idf^2.0",bm25_char,"{""b"": 0.75, ""idf_exp"": 2.0, ""k1"": 2.0, ""n"": ""(2,)""}",tune,False,118,0.61236,0.61236,0.66743,0.47458,0.85593,0.94915,0.20269
typo_ms,"bm25_char n=(2,) k1=2.0 b=0.75 idf^3.0",bm25_char,"{""b"": 0.75, ""idf_exp"": 3.0, ""k1"": 2.0, ""n"": ""(2,)""}",tune,False,118,0.44852,0.44852,0.51121,0.32203,0.73729,0.90678,0.17458
typo_ms,"bm25_char n=(2,) k1=2.0 b=1.0 idf^1.0",bm25_char,"{""b"": 1.0, ""idf_exp"": 1.0, ""k1"": 2.0, ""n"": ""(2,)""}",tune,False,118,0.80238,0.80238,0.83524,0.71186,0.94068,0.98305,0.18064
typo_ms,"bm25_char n=(2,) k1=2.0 b=1.0 idf^2.0",bm25_char,"{""b"": 1.0, ""idf_exp"": 2.0, ""k1"": 2.0, ""n"": ""(2,)""}",tune,False,118,0.58896,0.58896,0.64941,0.44915,0.85593,0.95763,0.17692
typo_ms,"bm25_char n=(2,) k1=2.0 b=1.0 idf^3.0",bm25_char,"{""b"": 1.0, ""idf_exp"": 3.0, ""k1"": 2.0, ""n"": ""(2,)""}",tune,False,118,0.41516,0.41516,0.48084,0.27966,0.72034,0.90678,0.19053
typo_ms,"bm25_char n=(3,) k1=0.5 b=0.3 idf^1.0",bm25_char,"{""b"": 0.3, ""idf_exp"": 1.0, ""k1"": 0.5, ""n"": ""(3,)""}",tune,False,118,0.7933,0.7933,0.82045,0.72034,0.91525,0.97458,0.18371
typo_ms,"bm25_char n=(3,) k1=0.5 b=0.3 idf^2.0",bm25_char,"{""b"": 0.3, ""idf_exp"": 2.0, ""k1"": 0.5, ""n"": ""(3,)""}",tune,False,118,0.73485,0.73485,0.77225,0.62712,0.89831,0.97458,0.19378
typo_ms,"bm25_char n=(3,) k1=0.5 b=0.3 idf^3.0",bm25_char,"{""b"": 0.3, ""idf_exp"": 3.0, ""k1"": 0.5, ""n"": ""(3,)""}",tune,False,118,0.66688,0.66688,0.71042,0.55085,0.86441,0.97458,0.24447
typo_ms,"bm25_char n=(3,) k1=0.5 b=0.75 idf^1.0",bm25_char,"{""b"": 0.75, ""idf_exp"": 1.0, ""k1"": 0.5, ""n"": ""(3,)""}",tune,False,118,0.79273,0.79273,0.81986,0.72034,0.91525,0.97458,0.21173
typo_ms,"bm25_char n=(3,) k1=0.5 b=0.75 idf^2.0",bm25_char,"{""b"": 0.75, ""idf_exp"": 2.0, ""k1"": 0.5, ""n"": ""(3,)""}",tune,False,118,0.74601,0.74601,0.78059,0.64407,0.89831,0.97458,0.19992
typo_ms,"bm25_char n=(3,) k1=0.5 b=0.75 idf^3.0",bm25_char,"{""b"": 0.75, ""idf_exp"": 3.0, ""k1"": 0.5, ""n"": ""(3,)""}",tune,False,118,0.66615,0.66615,0.71509,0.54237,0.88136,0.97458,0.21622
typo_ms,"bm25_char n=(3,) k1=0.5 b=1.0 idf^1.0",bm25_char,"{""b"": 1.0, ""idf_exp"": 1.0, ""k1"": 0.5, ""n"": ""(3,)""}",tune,False,118,0.78842,0.78842,0.81661,0.71186,0.91525,0.97458,0.22352
typo_ms,"bm25_char n=(3,) k1=0.5 b=1.0 idf^2.0",bm25_char,"{""b"": 1.0, ""idf_exp"": 2.0, ""k1"": 0.5, ""n"": ""(3,)""}",tune,False,118,0.73595,0.73595,0.77323,0.62712,0.89831,0.97458,0.22475
typo_ms,"bm25_char n=(3,) k1=0.5 b=1.0 idf^3.0",bm25_char,"{""b"": 1.0, ""idf_exp"": 3.0, ""k1"": 0.5, ""n"": ""(3,)""}",tune,False,118,0.66758,0.66758,0.7162,0.54237,0.88136,0.97458,0.22245
typo_ms,"bm25_char n=(3,) k1=1.2 b=0.3 idf^1.0",bm25_char,"{""b"": 0.3, ""idf_exp"": 1.0, ""k1"": 1.2, ""n"": ""(3,)""}",tune,False,118,0.7927,0.7927,0.81986,0.72034,0.91525,0.97458,0.2264
typo_ms,"bm25_char n=(3,) k1=1.2 b=0.3 idf^2.0",bm25_char,"{""b"": 0.3, ""idf_exp"": 2.0, ""k1"": 1.2, ""n"": ""(3,)""}",tune,False,118,0.74365,0.74365,0.77877,0.64407,0.89831,0.97458,0.22359
typo_ms,"bm25_char n=(3,) k1=1.2 b=0.3 idf^3.0",bm25_char,"{""b"": 0.3, ""idf_exp"": 3.0, ""k1"": 1.2, ""n"": ""(3,)""}",tune,False,118,0.66139,0.66139,0.71113,0.54237,0.88136,0.97458,0.2185
typo_ms,"bm25_char n=(3,) k1=1.2 b=0.75 idf^1.0",bm25_char,"{""b"": 0.75, ""idf_exp"": 1.0, ""k1"": 1.2, ""n"": ""(3,)""}",tune,False,118,0.78858,0.78858,0.81661,0.71186,0.91525,0.97458,0.24363
typo_ms,"bm25_char n=(3,) k1=1.2 b=0.75 idf^2.0",bm25_char,"{""b"": 0.75, ""idf_exp"": 2.0, ""k1"": 1.2, ""n"": ""(3,)""}",tune,False,118,0.73683,0.73683,0.77382,0.62712,0.89831,0.97458,0.21991
typo_ms,"bm25_char n=(3,) k1=1.2 b=0.75 idf^3.0",bm25_char,"{""b"": 0.75, ""idf_exp"": 3.0, ""k1"": 1.2, ""n"": ""(3,)""}",tune,False,118,0.66245,0.66245,0.71233,0.5339,0.88136,0.97458,0.23593
typo_ms,"bm25_char n=(3,) k1=1.2 b=1.0 idf^1.0",bm25_char,"{""b"": 1.0, ""idf_exp"": 1.0, ""k1"": 1.2, ""n"": ""(3,)""}",tune,False,118,0.79426,0.79426,0.82087,0.72034,0.91525,0.97458,0.24056
typo_ms,"bm25_char n=(3,) k1=1.2 b=1.0 idf^2.0",bm25_char,"{""b"": 1.0, ""idf_exp"": 2.0, ""k1"": 1.2, ""n"": ""(3,)""}",tune,False,118,0.73548,0.73548,0.77271,0.62712,0.89831,0.97458,0.27273
typo_ms,"bm25_char n=(3,) k1=1.2 b=1.0 idf^3.0",bm25_char,"{""b"": 1.0, ""idf_exp"": 3.0, ""k1"": 1.2, ""n"": ""(3,)""}",tune,False,118,0.65191,0.65191,0.70676,0.51695,0.88983,0.97458,0.24471
typo_ms,"bm25_char n=(3,) k1=2.0 b=0.3 idf^1.0",bm25_char,"{""b"": 0.3, ""idf_exp"": 1.0, ""k1"": 2.0, ""n"": ""(3,)""}",tune,False,118,0.79273,0.79273,0.81986,0.72034,0.91525,0.97458,0.23516
typo_ms,"bm25_char n=(3,) k1=2.0 b=0.3 idf^2.0",bm25_char,"{""b"": 0.3, ""idf_exp"": 2.0, ""k1"": 2.0, ""n"": ""(3,)""}",tune,False,118,0.74526,0.74526,0.78007,0.64407,0.89831,0.97458,0.25496
typo_ms,"bm25_char n=(3,) k1=2.0 b=0.3 idf^3.0",bm25_char,"{""b"": 0.3, ""idf_exp"": 3.0, ""k1"": 2.0, ""n"": ""(3,)""}",tune,False,118,0.66232,0.66232,0.71202,0.54237,0.88136,0.97458,0.23887
typo_ms,"bm25_char n=(3,) k1=2.0 b=0.75 idf^1.0",bm25_char,"{""b"": 0.75, ""idf_exp"": 1.0, ""k1"": 2.0, ""n"": ""(3,)""}",tune,False,118,0.79292,0.79292,0.82221,0.72034,0.92373,0.97458,0.23786
typo_ms,"bm25_char n=(3,) k1=2.0 b=0.75 idf^2.0",bm25_char,"{""b"": 0.75, ""idf_exp"": 2.0, ""k1"": 2.0, ""n"": ""(3,)""}",tune,False,118,0.73692,0.73692,0.77382,0.62712,0.89831,0.97458,0.25982
typo_ms,"bm25_char n=(3,) k1=2.0 b=0.75 idf^3.0",bm25_char,"{""b"": 0.75, ""idf_exp"": 3.0, ""k1"": 2.0, ""n"": ""(3,)""}",tune,False,118,0.64894,0.64894,0.70229,0.50847,0.88136,0.97458,0.24004
typo_ms,"bm25_char n=(3,) k1=2.0 b=1.0 idf^1.0",bm25_char,"{""b"": 1.0, ""idf_exp"": 1.0, ""k1"": 2.0, ""n"": ""(3,)""}",tune,False,118,0.78842,0.78842,0.81452,0.71186,0.90678,0.97458,0.23308
typo_ms,"bm25_char n=(3,) k1=2.0 b=1.0 idf^2.0",bm25_char,"{""b"": 1.0, ""idf_exp"": 2.0, ""k1"": 2.0, ""n"": ""(3,)""}",tune,False,118,0.72258,0.72258,0.76282,0.61017,0.89831,0.97458,0.23244
typo_ms,"bm25_char n=(3,) k1=2.0 b=1.0 idf^3.0",bm25_char,"{""b"": 1.0, ""idf_exp"": 3.0, ""k1"": 2.0, ""n"": ""(3,)""}",tune,False,118,0.63433,0.63433,0.6934,0.49153,0.88983,0.97458,0.2611
typo_ms,"bm25_char n=(4,) k1=0.5 b=0.3 idf^1.0",bm25_char,"{""b"": 0.3, ""idf_exp"": 1.0, ""k1"": 0.5, ""n"": ""(4,)""}",tune,False,118,0.74323,0.74323,0.76866,0.66102,0.84746,0.87288,0.18903
typo_ms,"bm25_char n=(4,) k1=0.5 b=0.3 idf^2.0",bm25_char,"{""b"": 0.3, ""idf_exp"": 2.0, ""k1"": 0.5, ""n"": ""(4,)""}",tune,False,118,0.73221,0.73221,0.76034,0.64407,0.84746,0.87288,0.17465
typo_ms,"bm25_char n=(4,) k1=0.5 b=0.3 idf^3.0",bm25_char,"{""b"": 0.3, ""idf_exp"": 3.0, ""k1"": 0.5, ""n"": ""(4,)""}",tune,False,118,0.71498,0.71498,0.74757,0.61017,0.84746,0.87288,0.18801
typo_ms,"bm25_char n=(4,) k1=0.5 b=0.75 idf^1.0",bm25_char,"{""b"": 0.75, ""idf_exp"": 1.0, ""k1"": 0.5, ""n"": ""(4,)""}",tune,False,118,0.74756,0.74756,0.77179,0.66949,0.84746,0.87288,0.17709
typo_ms,"bm25_char n=(4,) k1=0.5 b=0.75 idf^2.0",bm25_char,"{""b"": 0.75, ""idf_exp"": 2.0, ""k1"": 0.5, ""n"": ""(4,)""}",tune,False,118,0.73334,0.73334,0.7613,0.64407,0.84746,0.87288,0.19922
typo_ms,"bm25_char n=(4,) k1=0.5 b=0.75 idf^3.0",bm25_char,"{""b"": 0.75, ""idf_exp"": 3.0, ""k1"": 0.5, ""n"": ""(4,)""}",tune,False,118,0.71498,0.71498,0.74757,0.61017,0.84746,0.87288,0.1825
typo_ms,"bm25_char n=(4,) k1=0.5 b=1.0 idf^1.0",bm25_char,"{""b"": 1.0, ""idf_exp"": 1.0, ""k1"": 0.5, ""n"": ""(4,)""}",tune,False,118,0.7476,0.7476,0.77179,0.66949,0.84746,0.87288,0.19893
typo_ms,"bm25_char n=(4,) k1=0.5 b=1.0 idf^2.0",bm25_char,"{""b"": 1.0, ""idf_exp"": 2.0, ""k1"": 0.5, ""n"": ""(4,)""}",tune,False,118,0.73758,0.73758,0.76442,0.65254,0.84746,0.87288,0.21188
typo_ms,"bm25_char n=(4,) k1=0.5 b=1.0 idf^3.0",bm25_char,"{""b"": 1.0, ""idf_exp"": 3.0, ""k1"": 0.5, ""n"": ""(4,)""}",tune,False,118,0.71357,0.71357,0.74646,0.61017,0.84746,0.87288,0.20072
typo_ms,"bm25_char n=(4,) k1=1.2 b=0.3 idf^1.0",bm25_char,"{""b"": 0.3, ""idf_exp"": 1.0, ""k1"": 1.2, ""n"": ""(4,)""}",tune,False,118,0.74747,0.74747,0.77179,0.66949,0.84746,0.87288,0.20162
typo_ms,"bm25_char n=(4,) k1=1.2 b=0.3 idf^2.0",bm25_char,"{""b"": 0.3, ""idf_exp"": 2.0, ""k1"": 1.2, ""n"": ""(4,)""}",tune,False,118,0.73264,0.73264,0.76071,0.64407,0.84746,0.87288,0.18427
typo_ms,"bm25_char n=(4,) k1=1.2 b=0.3 idf^3.0",bm25_char,"{""b"": 0.3, ""idf_exp"": 3.0, ""k1"": 1.2, ""n"": ""(4,)""}",tune,False,118,0.71498,0.71498,0.74757,0.61017,0.84746,0.87288,0.17133
typo_ms,"bm25_char n=(4,) k1=1.2 b=0.75 idf^1.0",bm25_char,"{""b"": 0.75, ""idf_exp"": 1.0, ""k1"": 1.2, ""n"": ""(4,)""}",tune,False,118,0.7476,0.7476,0.77179,0.66949,0.84746,0.87288,0.20177
typo_ms,"bm25_char n=(4,) k1=1.2 b=0.75 idf^2.0",bm25_char,"{""b"": 0.75, ""idf_exp"": 2.0, ""k1"": 1.2, ""n"": ""(4,)""}",tune,False,118,0.73761,0.73761,0.76442,0.65254,0.84746,0.87288,0.23186
typo_ms,"bm25_char n=(4,) k1=1.2 b=0.75 idf^3.0",bm25_char,"{""b"": 0.75, ""idf_exp"": 3.0, ""k1"": 1.2, ""n"": ""(4,)""}",tune,False,118,0.7178,0.7178,0.74958,0.61864,0.84746,0.87288,0.2345
typo_ms,"bm25_char n=(4,) k1=1.2 b=1.0 idf^1.0",bm25_char,"{""b"": 1.0, ""idf_exp"": 1.0, ""k1"": 1.2, ""n"": ""(4,)""}",tune,False,118,0.7476,0.7476,0.77179,0.66949,0.84746,0.87288,0.18102
typo_ms,"bm25_char n=(4,) k1=1.2 b=1.0 idf^2.0",bm25_char,"{""b"": 1.0, ""idf_exp"": 2.0, ""k1"": 1.2, ""n"": ""(4,)""}",tune,False,118,0.73767,0.73767,0.76442,0.65254,0.84746,0.87288,0.17956
typo_ms,"bm25_char n=(4,) k1=1.2 b=1.0 idf^3.0",bm25_char,"{""b"": 1.0, ""idf_exp"": 3.0, ""k1"": 1.2, ""n"": ""(4,)""}",tune,False,118,0.70724,0.70724,0.74163,0.60169,0.84746,0.87288,0.19071
typo_ms,"bm25_char n=(4,) k1=2.0 b=0.3 idf^1.0",bm25_char,"{""b"": 0.3, ""idf_exp"": 1.0, ""k1"": 2.0, ""n"": ""(4,)""}",tune,False,118,0.74749,0.74749,0.77179,0.66949,0.84746,0.87288,0.18895
typo_ms,"bm25_char n=(4,) k1=2.0 b=0.3 idf^2.0",bm25_char,"{""b"": 0.3, ""idf_exp"": 2.0, ""k1"": 2.0, ""n"": ""(4,)""}",tune,False,118,0.73264,0.73264,0.76071,0.64407,0.84746,0.87288,0.17877
typo_ms,"bm25_char n=(4,) k1=2.0 b=0.3 idf^3.0",bm25_char,"{""b"": 0.3, ""idf_exp"": 3.0, ""k1"": 2.0, ""n"": ""(4,)""}",tune,False,118,0.71498,0.71498,0.74757,0.61017,0.84746,0.87288,0.19269
typo_ms,"bm25_char n=(4,) k1=2.0 b=0.75 idf^1.0",bm25_char,"{""b"": 0.75, ""idf_exp"": 1.0, ""k1"": 2.0, ""n"": ""(4,)""}",tune,False,118,0.7476,0.7476,0.77179,0.66949,0.84746,0.87288,0.198
typo_ms,"bm25_char n=(4,) k1=2.0 b=0.75 idf^2.0",bm25_char,"{""b"": 0.75, ""idf_exp"": 2.0, ""k1"": 2.0, ""n"": ""(4,)""}",tune,False,118,0.73767,0.73767,0.76442,0.65254,0.84746,0.87288,0.20436
typo_ms,"bm25_char n=(4,) k1=2.0 b=0.75 idf^3.0",bm25_char,"{""b"": 0.75, ""idf_exp"": 3.0, ""k1"": 2.0, ""n"": ""(4,)""}",tune,False,118,0.71145,0.71145,0.74476,0.61017,0.84746,0.87288,0.17274
typo_ms,"bm25_char n=(4,) k1=2.0 b=1.0 idf^1.0",bm25_char,"{""b"": 1.0, ""idf_exp"": 1.0, ""k1"": 2.0, ""n"": ""(4,)""}",tune,False,118,0.74195,0.74195,0.76755,0.66102,0.84746,0.87288,0.18006
typo_ms,"bm25_char n=(4,) k1=2.0 b=1.0 idf^2.0",bm25_char,"{""b"": 1.0, ""idf_exp"": 2.0, ""k1"": 2.0, ""n"": ""(4,)""}",tune,False,118,0.73348,0.73348,0.7613,0.64407,0.84746,0.87288,0.19916
typo_ms,"bm25_char n=(4,) k1=2.0 b=1.0 idf^3.0",bm25_char,"{""b"": 1.0, ""idf_exp"": 3.0, ""k1"": 2.0, ""n"": ""(4,)""}",tune,False,118,0.7023,0.7023,0.73792,0.59322,0.84746,0.87288,0.19636
typo_ms,"bm25_char n=(2, 3) k1=0.5 b=0.3 idf^1.0",bm25_char,"{""b"": 0.3, ""idf_exp"": 1.0, ""k1"": 0.5, ""n"": ""(2, 3)""}",tune,False,118,0.84113,0.84113,0.87104,0.77966,0.9661,0.97458,0.37279
typo_ms,"bm25_char n=(2, 3) k1=0.5 b=0.3 idf^2.0",bm25_char,"{""b"": 0.3, ""idf_exp"": 2.0, ""k1"": 0.5, ""n"": ""(2, 3)""}",tune,False,118,0.78215,0.78215,0.81902,0.69492,0.94068,0.97458,0.35133
typo_ms,"bm25_char n=(2, 3) k1=0.5 b=0.3 idf^3.0",bm25_char,"{""b"": 0.3, ""idf_exp"": 3.0, ""k1"": 0.5, ""n"": ""(2, 3)""}",tune,False,118,0.65835,0.65835,0.71392,0.52542,0.89831,0.97458,0.35909
typo_ms,"bm25_char n=(2, 3) k1=0.5 b=0.75 idf^1.0",bm25_char,"{""b"": 0.75, ""idf_exp"": 1.0, ""k1"": 0.5, ""n"": ""(2, 3)""}",tune,False,118,0.8419,0.8419,0.87181,0.77966,0.9661,0.97458,0.5547
typo_ms,"bm25_char n=(2, 3) k1=0.5 b=0.75 idf^2.0",bm25_char,"{""b"": 0.75, ""idf_exp"": 2.0, ""k1"": 0.5, ""n"": ""(2, 3)""}",tune,False,118,0.78035,0.78035,0.81991,0.69492,0.94915,0.97458,0.971
typo_ms,"bm25_char n=(2, 3) k1=0.5 b=0.75 idf^3.0",bm25_char,"{""b"": 0.75, ""idf_exp"": 3.0, ""k1"": 0.5, ""n"": ""(2, 3)""}",tune,False,118,0.6545,0.6545,0.71089,0.52542,0.89831,0.9661,0.85512
typo_ms,"bm25_char n=(2, 3) k1=0.5 b=1.0 idf^1.0",bm25_char,"{""b"": 1.0, ""idf_exp"": 1.0, ""k1"": 0.5, ""n"": ""(2, 3)""}",tune,False,118,0.83849,0.83849,0.86927,0.77119,0.9661,0.97458,0.90235
typo_ms,"bm25_char n=(2, 3) k1=0.5 b=1.0 idf^2.0",bm25_char,"{""b"": 1.0, ""idf_exp"": 2.0, ""k1"": 0.5, ""n"": ""(2, 3)""}",tune,False,118,0.78228,0.78228,0.8239,0.69492,0.95763,0.97458,0.71369
typo_ms,"bm25_char n=(2, 3) k1=0.5 b=1.0 idf^3.0",bm25_char,"{""b"": 1.0, ""idf_exp"": 3.0, ""k1"": 0.5, ""n"": ""(2, 3)""}",tune,False,118,0.64968,0.64968,0.70718,0.51695,0.89831,0.9661,0.70369
typo_ms,"bm25_char n=(2, 3) k1=1.2 b=0.3 idf^1.0",bm25_char,"{""b"": 0.3, ""idf_exp"": 1.0, ""k1"": 1.2, ""n"": ""(2, 3)""}",tune,False,118,0.84234,0.84234,0.87213,0.77966,0.9661,0.97458,0.63283
typo_ms,"bm25_char n=(2, 3) k1=1.2 b=0.3 idf^2.0",bm25_char,"{""b"": 0.3, ""idf_exp"": 2.0, ""k1"": 1.2, ""n"": ""(2, 3)""}",tune,False,118,0.77662,0.77662,0.8149,0.68644,0.94068,0.97458,0.6421
typo_ms,"bm25_char n=(2, 3) k1=1.2 b=0.3 idf^3.0",bm25_char,"{""b"": 0.3, ""idf_exp"": 3.0, ""k1"": 1.2, ""n"": ""(2, 3)""}",tune,False,118,0.65693,0.65693,0.71278,0.52542,0.89831,0.97458,0.60727
typo_ms,"bm25_char n=(2, 3) k1=1.2 b=0.75 idf^1.0",bm25_char,"{""b"": 0.75, ""idf_exp"": 1.0, ""k1"": 1.2, ""n"": ""(2, 3)""}",tune,False,118,0.83778,0.83778,0.86895,0.76271,0.9661,0.97458,0.7041
typo_ms,"bm25_char n=(2, 3) k1=1.2 b=0.75 idf^2.0",bm25_char,"{""b"": 0.75, ""idf_exp"": 2.0, ""k1"": 1.2, ""n"": ""(2, 3)""}",tune,False,118,0.77649,0.77649,0.82001,0.67797,0.95763,0.97458,0.64693
typo_ms,"bm25_char n=(2, 3) k1=1.2 b=0.75 idf^3.0",bm25_char,"{""b"": 0.75, ""idf_exp"": 3.0, ""k1"": 1.2, ""n"": ""(2, 3)""}",tune,False,118,0.64097,0.64097,0.70071,0.5,0.89831,0.9661,0.6482
typo_ms,"bm25_char n=(2, 3) k1=1.2 b=1.0 idf^1.0",bm25_char,"{""b"": 1.0, ""idf_exp"": 1.0, ""k1"": 1.2, ""n"": ""(2, 3)""}",tune,False,118,0.83418,0.83418,0.86379,0.75424,0.95763,0.97458,0.64655
typo_ms,"bm25_char n=(2, 3) k1=1.2 b=1.0 idf^2.0",bm25_char,"{""b"": 1.0, ""idf_exp"": 2.0, ""k1"": 1.2, ""n"": ""(2, 3)""}",tune,False,118,0.77123,0.77123,0.81613,0.66949,0.95763,0.97458,0.65355
typo_ms,"bm25_char n=(2, 3) k1=1.2 b=1.0 idf^3.0",bm25_char,"{""b"": 1.0, ""idf_exp"": 3.0, ""k1"": 1.2, ""n"": ""(2, 3)""}",tune,False,118,0.62658,0.62658,0.68985,0.47458,0.89831,0.9661,0.67506
typo_ms,"bm25_char n=(2, 3) k1=2.0 b=0.3 idf^1.0",bm25_char,"{""b"": 0.3, ""idf_exp"": 1.0, ""k1"": 2.0, ""n"": ""(2, 3)""}",tune,False,118,0.84305,0.84305,0.87276,0.77966,0.9661,0.97458,0.66617
typo_ms,"bm25_char n=(2, 3) k1=2.0 b=0.3 idf^2.0",bm25_char,"{""b"": 0.3, ""idf_exp"": 2.0, ""k1"": 2.0, ""n"": ""(2, 3)""}",tune,False,118,0.77699,0.77699,0.81516,0.68644,0.94068,0.97458,0.69052
typo_ms,"bm25_char n=(2, 3) k1=2.0 b=0.3 idf^3.0",bm25_char,"{""b"": 0.3, ""idf_exp"": 3.0, ""k1"": 2.0, ""n"": ""(2, 3)""}",tune,False,118,0.65572,0.65572,0.71185,0.52542,0.89831,0.97458,0.77681
typo_ms,"bm25_char n=(2, 3) k1=2.0 b=0.75 idf^1.0",bm25_char,"{""b"": 0.75, ""idf_exp"": 1.0, ""k1"": 2.0, ""n"": ""(2, 3)""}",tune,False,118,0.83376,0.83376,0.86597,0.75424,0.9661,0.97458,0.67456
typo_ms,"bm25_char n=(2, 3) k1=2.0 b=0.75 idf^2.0",bm25_char,"{""b"": 0.75, ""idf_exp"": 2.0, ""k1"": 2.0, ""n"": ""(2, 3)""}",tune,False,118,0.77825,0.77825,0.81902,0.67797,0.94915,0.97458,0.74858
typo_ms,"bm25_char n=(2, 3) k1=2.0 b=0.75 idf^3.0",bm25_char,"{""b"": 0.75, ""idf_exp"": 3.0, ""k1"": 2.0, ""n"": ""(2, 3)""}",tune,False,118,0.63506,0.63506,0.6961,0.49153,0.89831,0.9661,0.66832
typo_ms,"bm25_char n=(2, 3) k1=2.0 b=1.0 idf^1.0",bm25_char,"{""b"": 1.0, ""idf_exp"": 1.0, ""k1"": 2.0, ""n"": ""(2, 3)""}",tune,False,118,0.83263,0.83263,0.86237,0.75424,0.95763,0.97458,0.65346
typo_ms,"bm25_char n=(2, 3) k1=2.0 b=1.0 idf^2.0",bm25_char,"{""b"": 1.0, ""idf_exp"": 2.0, ""k1"": 2.0, ""n"": ""(2, 3)""}",tune,False,118,0.74981,0.74981,0.79535,0.63559,0.94068,0.97458,0.5901
typo_ms,"bm25_char n=(2, 3) k1=2.0 b=1.0 idf^3.0",bm25_char,"{""b"": 1.0, ""idf_exp"": 3.0, ""k1"": 2.0, ""n"": ""(2, 3)""}",tune,False,118,0.6053,0.6053,0.67383,0.44068,0.89831,0.9661,0.7209
typo_ms,"bm25_char n=(2, 4) k1=0.5 b=0.3 idf^1.0",bm25_char,"{""b"": 0.3, ""idf_exp"": 1.0, ""k1"": 0.5, ""n"": ""(2, 4)""}",tune,False,118,0.83661,0.83661,0.8582,0.78814,0.9322,0.95763,0.67887
typo_ms,"bm25_char n=(2, 4) k1=0.5 b=0.3 idf^2.0",bm25_char,"{""b"": 0.3, ""idf_exp"": 2.0, ""k1"": 0.5, ""n"": ""(2, 4)""}",tune,False,118,0.79492,0.79492,0.82007,0.72034,0.90678,0.95763,0.60939
typo_ms,"bm25_char n=(2, 4) k1=0.5 b=0.3 idf^3.0",bm25_char,"{""b"": 0.3, ""idf_exp"": 3.0, ""k1"": 0.5, ""n"": ""(2, 4)""}",tune,False,118,0.74184,0.74184,0.77467,0.63559,0.88136,0.94915,0.65678
typo_ms,"bm25_char n=(2, 4) k1=0.5 b=0.75 idf^1.0",bm25_char,"{""b"": 0.75, ""idf_exp"": 1.0, ""k1"": 0.5, ""n"": ""(2, 4)""}",tune,False,118,0.84324,0.84324,0.86316,0.79661,0.9322,0.9661,0.45987
typo_ms,"bm25_char n=(2, 4) k1=0.5 b=0.75 idf^2.0",bm25_char,"{""b"": 0.75, ""idf_exp"": 2.0, ""k1"": 0.5, ""n"": ""(2, 4)""}",tune,False,118,0.78044,0.78044,0.81206,0.69492,0.91525,0.95763,0.61994
typo_ms,"bm25_char n=(2, 4) k1=0.5 b=0.75 idf^3.0",bm25_char,"{""b"": 0.75, ""idf_exp"": 3.0, ""k1"": 0.5, ""n"": ""(2, 4)""}",tune,False,118,0.74707,0.74707,0.77812,0.65254,0.88136,0.95763,0.52443
typo_ms,"bm25_char n=(2, 4) k1=0.5 b=1.0 idf^1.0",bm25_char,"{""b"": 1.0, ""idf_exp"": 1.0, ""k1"": 0.5, ""n"": ""(2, 4)""}",tune,False,118,0.83483,0.83483,0.85678,0.77966,0.9322,0.97458,0.50346
typo_ms,"bm25_char n=(2, 4) k1=0.5 b=1.0 idf^2.0",bm25_char,"{""b"": 1.0, ""idf_exp"": 2.0, ""k1"": 0.5, ""n"": ""(2, 4)""}",tune,False,118,0.77989,0.77989,0.81163,0.69492,0.91525,0.9661,0.63523
typo_ms,"bm25_char n=(2, 4) k1=0.5 b=1.0 idf^3.0",bm25_char,"{""b"": 1.0, ""idf_exp"": 3.0, ""k1"": 0.5, ""n"": ""(2, 4)""}",tune,False,118,0.74267,0.74267,0.77462,0.64407,0.88136,0.95763,0.52326
typo_ms,"bm25_char n=(2, 4) k1=1.2 b=0.3 idf^1.0",bm25_char,"{""b"": 0.3, ""idf_exp"": 1.0, ""k1"": 1.2, ""n"": ""(2, 4)""}",tune,False,118,0.83809,0.83809,0.85936,0.78814,0.9322,0.9661,0.54467
typo_ms,"bm25_char n=(2, 4) k1=1.2 b=0.3 idf^2.0",bm25_char,"{""b"": 0.3, ""idf_exp"": 2.0, ""k1"": 1.2, ""n"": ""(2, 4)""}",tune,False,118,0.7878,0.7878,0.81492,0.70339,0.90678,0.95763,0.61971
typo_ms,"bm25_char n=(2, 4) k1=1.2 b=0.3 idf^3.0",bm25_char,"{""b"": 0.3, ""idf_exp"": 3.0, ""k1"": 1.2, ""n"": ""(2, 4)""}",tune,False,118,0.74474,0.74474,0.77669,0.64407,0.88136,0.94915,0.65747
typo_ms,"bm25_char n=(2, 4) k1=1.2 b=0.75 idf^1.0",bm25_char,"{""b"": 0.75, ""idf_exp"": 1.0, ""k1"": 1.2, ""n"": ""(2, 4)""}",tune,False,118,0.82429,0.82429,0.84899,0.75424,0.9322,0.97458,0.61816
typo_ms,"bm25_char n=(2, 4) k1=1.2 b=0.75 idf^2.0",bm25_char,"{""b"": 0.75, ""idf_exp"": 2.0, ""k1"": 1.2, ""n"": ""(2, 4)""}",tune,False,118,0.78468,0.78468,0.81525,0.70339,0.91525,0.9661,0.60112
typo_ms,"bm25_char n=(2, 4) k1=1.2 b=0.75 idf^3.0",bm25_char,"{""b"": 0.75, ""idf_exp"": 3.0, ""k1"": 1.2, ""n"": ""(2, 4)""}",tune,False,118,0.73858,0.73858,0.77394,0.63559,0.88983,0.95763,0.63231
typo_ms,"bm25_char n=(2, 4) k1=1.2 b=1.0 idf^1.0",bm25_char,"{""b"": 1.0, ""idf_exp"": 1.0, ""k1"": 1.2, ""n"": ""(2, 4)""}",tune,False,118,0.8245,0.8245,0.84644,0.75424,0.92373,0.98305,0.59863
typo_ms,"bm25_char n=(2, 4) k1=1.2 b=1.0 idf^2.0",bm25_char,"{""b"": 1.0, ""idf_exp"": 2.0, ""k1"": 1.2, ""n"": ""(2, 4)""}",tune,False,118,0.7688,0.7688,0.80367,0.66949,0.91525,0.9661,0.54383
typo_ms,"bm25_char n=(2, 4) k1=1.2 b=1.0 idf^3.0",bm25_char,"{""b"": 1.0, ""idf_exp"": 3.0, ""k1"": 1.2, ""n"": ""(2, 4)""}",tune,False,118,0.73206,0.73206,0.7685,0.62712,0.88983,0.95763,0.65318
typo_ms,"bm25_char n=(2, 4) k1=2.0 b=0.3 idf^1.0",bm25_char,"{""b"": 0.3, ""idf_exp"": 1.0, ""k1"": 2.0, ""n"": ""(2, 4)""}",tune,False,118,0.83874,0.83874,0.85994,0.78814,0.9322,0.9661,0.47129
typo_ms,"bm25_char n=(2, 4) k1=2.0 b=0.3 idf^2.0",bm25_char,"{""b"": 0.3, ""idf_exp"": 2.0, ""k1"": 2.0, ""n"": ""(2, 4)""}",tune,False,118,0.78233,0.78233,0.81329,0.69492,0.91525,0.95763,0.64806
typo_ms,"bm25_char n=(2, 4) k1=2.0 b=0.3 idf^3.0",bm25_char,"{""b"": 0.3, ""idf_exp"": 3.0, ""k1"": 2.0, ""n"": ""(2, 4)""}",tune,False,118,0.74897,0.74897,0.77981,0.65254,0.88136,0.94915,0.65526
typo_ms,"bm25_char n=(2, 4) k1=2.0 b=0.75 idf^1.0",bm25_char,"{""b"": 0.75, ""idf_exp"": 1.0, ""k1"": 2.0, ""n"": ""(2, 4)""}",tune,False,118,0.82516,0.82516,0.84958,0.75424,0.9322,0.97458,0.62898
typo_ms,"bm25_char n=(2, 4) k1=2.0 b=0.75 idf^2.0",bm25_char,"{""b"": 0.75, ""idf_exp"": 2.0, ""k1"": 2.0, ""n"": ""(2, 4)""}",tune,False,118,0.77644,0.77644,0.8093,0.68644,0.91525,0.9661,0.56131
typo_ms,"bm25_char n=(2, 4) k1=2.0 b=0.75 idf^3.0",bm25_char,"{""b"": 0.75, ""idf_exp"": 3.0, ""k1"": 2.0, ""n"": ""(2, 4)""}",tune,False,118,0.7354,0.7354,0.77094,0.63559,0.88983,0.95763,0.59534
typo_ms,"bm25_char n=(2, 4) k1=2.0 b=1.0 idf^1.0",bm25_char,"{""b"": 1.0, ""idf_exp"": 1.0, ""k1"": 2.0, ""n"": ""(2, 4)""}",tune,False,118,0.81248,0.81248,0.84219,0.72881,0.94068,0.99153,0.58252
typo_ms,"bm25_char n=(2, 4) k1=2.0 b=1.0 idf^2.0",bm25_char,"{""b"": 1.0, ""idf_exp"": 2.0, ""k1"": 2.0, ""n"": ""(2, 4)""}",tune,False,118,0.76566,0.76566,0.79879,0.66102,0.90678,0.97458,0.59911
typo_ms,"bm25_char n=(2, 4) k1=2.0 b=1.0 idf^3.0",bm25_char,"{""b"": 1.0, ""idf_exp"": 3.0, ""k1"": 2.0, ""n"": ""(2, 4)""}",tune,False,118,0.73036,0.73036,0.76715,0.62712,0.88983,0.95763,0.61598
typo_ms,"bm25_char n=(3, 4) k1=0.5 b=0.3 idf^1.0",bm25_char,"{""b"": 0.3, ""idf_exp"": 1.0, ""k1"": 0.5, ""n"": ""(3, 4)""}",tune,False,118,0.78694,0.78694,0.81091,0.72034,0.89831,0.9661,0.60933
typo_ms,"bm25_char n=(3, 4) k1=0.5 b=0.3 idf^2.0",bm25_char,"{""b"": 0.3, ""idf_exp"": 2.0, ""k1"": 0.5, ""n"": ""(3, 4)""}",tune,False,118,0.76868,0.76868,0.79499,0.68644,0.88983,0.9661,0.55881
typo_ms,"bm25_char n=(3, 4) k1=0.5 b=0.3 idf^3.0",bm25_char,"{""b"": 0.3, ""idf_exp"": 3.0, ""k1"": 0.5, ""n"": ""(3, 4)""}",tune,False,118,0.73876,0.73876,0.77069,0.63559,0.88136,0.9661,0.61548
typo_ms,"bm25_char n=(3, 4) k1=0.5 b=0.75 idf^1.0",bm25_char,"{""b"": 0.75, ""idf_exp"": 1.0, ""k1"": 0.5, ""n"": ""(3, 4)""}",tune,False,118,0.78281,0.78281,0.80533,0.71186,0.88983,0.9661,0.65346
typo_ms,"bm25_char n=(3, 4) k1=0.5 b=0.75 idf^2.0",bm25_char,"{""b"": 0.75, ""idf_exp"": 2.0, ""k1"": 0.5, ""n"": ""(3, 4)""}",tune,False,118,0.76198,0.76198,0.79043,0.66949,0.88983,0.9661,0.60564
typo_ms,"bm25_char n=(3, 4) k1=0.5 b=0.75 idf^3.0",bm25_char,"{""b"": 0.75, ""idf_exp"": 3.0, ""k1"": 0.5, ""n"": ""(3, 4)""}",tune,False,118,0.73813,0.73813,0.77262,0.63559,0.88983,0.9661,0.59322
typo_ms,"bm25_char n=(3, 4) k1=0.5 b=1.0 idf^1.0",bm25_char,"{""b"": 1.0, ""idf_exp"": 1.0, ""k1"": 0.5, ""n"": ""(3, 4)""}",tune,False,118,0.77991,0.77991,0.80561,0.70339,0.89831,0.9661,0.57982
typo_ms,"bm25_char n=(3, 4) k1=0.5 b=1.0 idf^2.0",bm25_char,"{""b"": 1.0, ""idf_exp"": 2.0, ""k1"": 0.5, ""n"": ""(3, 4)""}",tune,False,118,0.76191,0.76191,0.79043,0.66949,0.88983,0.9661,0.48281
typo_ms,"bm25_char n=(3, 4) k1=0.5 b=1.0 idf^3.0",bm25_char,"{""b"": 1.0, ""idf_exp"": 3.0, ""k1"": 0.5, ""n"": ""(3, 4)""}",tune,False,118,0.74289,0.74289,0.7761,0.64407,0.88983,0.9661,0.56213
typo_ms,"bm25_char n=(3, 4) k1=1.2 b=0.3 idf^1.0",bm25_char,"{""b"": 0.3, ""idf_exp"": 1.0, ""k1"": 1.2, ""n"": ""(3, 4)""}",tune,False,118,0.78697,0.78697,0.80846,0.72034,0.88983,0.9661,0.58874
typo_ms,"bm25_char n=(3, 4) k1=1.2 b=0.3 idf^2.0",bm25_char,"{""b"": 0.3, ""idf_exp"": 2.0, ""k1"": 1.2, ""n"": ""(3, 4)""}",tune,False,118,0.76409,0.76409,0.78941,0.67797,0.88136,0.9661,0.40713
typo_ms,"bm25_char n=(3, 4) k1=1.2 b=0.3 idf^3.0",bm25_char,"{""b"": 0.3, ""idf_exp"": 3.0, ""k1"": 1.2, ""n"": ""(3, 4)""}",tune,False,118,0.73876,0.73876,0.77069,0.63559,0.88136,0.9661,0.60791
typo_ms,"bm25_char n=(3, 4) k1=1.2 b=0.75 idf^1.0",bm25_char,"{""b"": 0.75, ""idf_exp"": 1.0, ""k1"": 1.2, ""n"": ""(3, 4)""}",tune,False,118,0.77544,0.77544,0.79991,0.69492,0.88983,0.97458,0.56368
typo_ms,"bm25_char n=(3, 4) k1=1.2 b=0.75 idf^2.0",bm25_char,"{""b"": 0.75, ""idf_exp"": 2.0, ""k1"": 1.2, ""n"": ""(3, 4)""}",tune,False,118,0.75795,0.75795,0.78753,0.66102,0.88983,0.9661,0.50822
typo_ms,"bm25_char n=(3, 4) k1=1.2 b=0.75 idf^3.0",bm25_char,"{""b"": 0.75, ""idf_exp"": 3.0, ""k1"": 1.2, ""n"": ""(3, 4)""}",tune,False,118,0.74303,0.74303,0.77623,0.64407,0.88983,0.9661,0.54127
typo_ms,"bm25_char n=(3, 4) k1=1.2 b=1.0 idf^1.0",bm25_char,"{""b"": 1.0, ""idf_exp"": 1.0, ""k1"": 1.2, ""n"": ""(3, 4)""}",tune,False,118,0.77548,0.77548,0.80004,0.69492,0.88983,0.97458,0.54705
typo_ms,"bm25_char n=(3, 4) k1=1.2 b=1.0 idf^2.0",bm25_char,"{""b"": 1.0, ""idf_exp"": 2.0, ""k1"": 1.2, ""n"": ""(3, 4)""}",tune,False,118,0.75693,0.75693,0.78676,0.66102,0.88983,0.9661,0.6109
typo_ms,"bm25_char n=(3, 4) k1=1.2 b=1.0 idf^3.0",bm25_char,"{""b"": 1.0, ""idf_exp"": 3.0, ""k1"": 1.2, ""n"": ""(3, 4)""}",tune,False,118,0.74069,0.74069,0.77435,0.64407,0.88983,0.9661,0.6305
typo_ms,"bm25_char n=(3, 4) k1=2.0 b=0.3 idf^1.0",bm25_char,"{""b"": 0.3, ""idf_exp"": 1.0, ""k1"": 2.0, ""n"": ""(3, 4)""}",tune,False,118,0.78277,0.78277,0.80533,0.71186,0.88983,0.9661,0.58171
typo_ms,"bm25_char n=(3, 4) k1=2.0 b=0.3 idf^2.0",bm25_char,"{""b"": 0.3, ""idf_exp"": 2.0, ""k1"": 2.0, ""n"": ""(3, 4)""}",tune,False,118,0.76612,0.76612,0.79111,0.67797,0.88136,0.9661,0.61166
typo_ms,"bm25_char n=(3, 4) k1=2.0 b=0.3 idf^3.0",bm25_char,"{""b"": 0.3, ""idf_exp"": 3.0, ""k1"": 2.0, ""n"": ""(3, 4)""}",tune,False,118,0.73523,0.73523,0.76815,0.62712,0.88136,0.9661,0.5154
typo_ms,"bm25_char n=(3, 4) k1=2.0 b=0.75 idf^1.0",bm25_char,"{""b"": 0.75, ""idf_exp"": 1.0, ""k1"": 2.0, ""n"": ""(3, 4)""}",tune,False,118,0.77548,0.77548,0.80004,0.69492,0.88983,0.97458,0.52647
typo_ms,"bm25_char n=(3, 4) k1=2.0 b=0.75 idf^2.0",bm25_char,"{""b"": 0.75, ""idf_exp"": 2.0, ""k1"": 2.0, ""n"": ""(3, 4)""}",tune,False,118,0.75657,0.75657,0.78642,0.66102,0.88983,0.9661,0.44676
typo_ms,"bm25_char n=(3, 4) k1=2.0 b=0.75 idf^3.0",bm25_char,"{""b"": 0.75, ""idf_exp"": 3.0, ""k1"": 2.0, ""n"": ""(3, 4)""}",tune,False,118,0.74171,0.74171,0.77512,0.64407,0.88983,0.9661,0.59079
typo_ms,"bm25_char n=(3, 4) k1=2.0 b=1.0 idf^1.0",bm25_char,"{""b"": 1.0, ""idf_exp"": 1.0, ""k1"": 2.0, ""n"": ""(3, 4)""}",tune,False,118,0.77587,0.77587,0.80038,0.69492,0.88983,0.97458,0.56864
typo_ms,"bm25_char n=(3, 4) k1=2.0 b=1.0 idf^2.0",bm25_char,"{""b"": 1.0, ""idf_exp"": 2.0, ""k1"": 2.0, ""n"": ""(3, 4)""}",tune,False,118,0.75779,0.75779,0.78739,0.66102,0.88983,0.9661,0.55242
typo_ms,"bm25_char n=(3, 4) k1=2.0 b=1.0 idf^3.0",bm25_char,"{""b"": 1.0, ""idf_exp"": 3.0, ""k1"": 2.0, ""n"": ""(3, 4)""}",tune,False,118,0.72378,0.72378,0.76168,0.61864,0.88983,0.9661,0.61224
typo_ms,"bm25_char n=(2, 4) k1=0.5 b=0.75 idf^1.0",bm25_char,"{""b"": 0.75, ""idf_exp"": 1.0, ""k1"": 0.5, ""n"": ""(2, 4)""}",test,True,119,0.82765,0.82765,0.8495,0.76471,0.92437,0.98319,0.69433
typo_ms,"tfidf_char n=(2,)",tfidf_char,"{""n"": ""(2,)""}",tune,False,118,0.71463,0.71463,0.75498,0.61864,0.88983,0.9661,0.5632
typo_ms,"tfidf_char n=(3,)",tfidf_char,"{""n"": ""(3,)""}",tune,False,118,0.7798,0.7798,0.80794,0.72034,0.90678,0.9661,0.55072
typo_ms,"tfidf_char n=(4,)",tfidf_char,"{""n"": ""(4,)""}",tune,False,118,0.75265,0.75265,0.77528,0.68644,0.84746,0.87288,0.42223
typo_ms,"tfidf_char n=(2, 3)",tfidf_char,"{""n"": ""(2, 3)""}",tune,False,118,0.79437,0.79437,0.8255,0.72881,0.9322,0.97458,0.6418
typo_ms,"tfidf_char n=(2, 4)",tfidf_char,"{""n"": ""(2, 4)""}",tune,False,118,0.79859,0.79859,0.82303,0.72881,0.90678,0.9661,0.77561
typo_ms,"tfidf_char n=(3, 4)",tfidf_char,"{""n"": ""(3, 4)""}",tune,False,118,0.7889,0.7889,0.8124,0.72881,0.89831,0.9661,0.92588
typo_ms,"tfidf_char n=(2, 4)",tfidf_char,"{""n"": ""(2, 4)""}",test,True,119,0.74913,0.74913,0.78813,0.65546,0.91597,0.95798,0.84119
typo_ms,bm25_word k1=0.5 b=0.3,bm25_word,"{""b"": 0.3, ""idf_exp"": 1.0, ""k1"": 0.5}",tune,False,118,0.0,0.0,0.0,0.0,0.0,0.0,0.10198
typo_ms,bm25_word k1=0.5 b=0.75,bm25_word,"{""b"": 0.75, ""idf_exp"": 1.0, ""k1"": 0.5}",tune,False,118,0.0,0.0,0.0,0.0,0.0,0.0,0.07859
typo_ms,bm25_word k1=0.5 b=1.0,bm25_word,"{""b"": 1.0, ""idf_exp"": 1.0, ""k1"": 0.5}",tune,False,118,0.0,0.0,0.0,0.0,0.0,0.0,0.07276
typo_ms,bm25_word k1=1.2 b=0.3,bm25_word,"{""b"": 0.3, ""idf_exp"": 1.0, ""k1"": 1.2}",tune,False,118,0.0,0.0,0.0,0.0,0.0,0.0,0.02603
typo_ms,bm25_word k1=1.2 b=0.75,bm25_word,"{""b"": 0.75, ""idf_exp"": 1.0, ""k1"": 1.2}",tune,False,118,0.0,0.0,0.0,0.0,0.0,0.0,0.03053
typo_ms,bm25_word k1=1.2 b=1.0,bm25_word,"{""b"": 1.0, ""idf_exp"": 1.0, ""k1"": 1.2}",tune,False,118,0.0,0.0,0.0,0.0,0.0,0.0,0.03032
typo_ms,bm25_word k1=2.0 b=0.3,bm25_word,"{""b"": 0.3, ""idf_exp"": 1.0, ""k1"": 2.0}",tune,False,118,0.0,0.0,0.0,0.0,0.0,0.0,0.04938
typo_ms,bm25_word k1=2.0 b=0.75,bm25_word,"{""b"": 0.75, ""idf_exp"": 1.0, ""k1"": 2.0}",tune,False,118,0.0,0.0,0.0,0.0,0.0,0.0,0.08708
typo_ms,bm25_word k1=2.0 b=1.0,bm25_word,"{""b"": 1.0, ""idf_exp"": 1.0, ""k1"": 2.0}",tune,False,118,0.0,0.0,0.0,0.0,0.0,0.0,0.0559
typo_ms,bm25_word k1=0.5 b=0.3,bm25_word,"{""b"": 0.3, ""idf_exp"": 1.0, ""k1"": 0.5}",test,True,119,0.0,0.0,0.0,0.0,0.0,0.0,0.05785
typo_ms,damerau_levenshtein,damerau_levenshtein,"{""band"": 3}",tune,False,118,0.89188,0.89188,0.91623,0.83051,0.99153,1.0,214.68501
typo_ms,damerau_levenshtein,damerau_levenshtein,"{""band"": 3}",test,True,119,0.9429,0.9429,0.95497,0.90756,0.9916,1.0,229.61346
typo_ms,bm25_char top-50 reranked by v7,bm25_char>v7,"{""depth"": 50}",test,True,119,0.95448,0.95448,0.9618,0.93277,0.98319,0.98319,2.46657
typo_ms,v7 top-50 reranked by bm25_char,v7>bm25_char,"{""depth"": 50}",test,True,119,0.84033,0.84033,0.86265,0.77311,0.94118,1.0,2.19441
typo_ms,rrf of v7 and bm25_char,"rrf(v7,bm25_char)","{""depth"": 50, ""k"": 60}",test,True,119,0.87972,0.87972,0.90185,0.82353,0.97479,1.0,2.48819
typo_ms,tfidf_char top-50 reranked by v7,tfidf_char>v7,"{""depth"": 50}",test,True,119,0.92507,0.92507,0.93349,0.89916,0.95798,0.95798,2.2038
typo_ms,rrf of v7 and tfidf_char,"rrf(v7,tfidf_char)","{""depth"": 50, ""k"": 60}",test,True,119,0.8489,0.8489,0.8694,0.77311,0.94118,1.0,2.40518
typo_ms,bm25_char + v7 at lam=0.1,"mix(bm25_char,v7)","{""lam"": 0.1}",tune,False,118,0.85187,0.85187,0.87175,0.80508,0.94068,0.99153,2.099
typo_ms,bm25_char + v7 at lam=0.25,"mix(bm25_char,v7)","{""lam"": 0.25}",tune,False,118,0.86104,0.86104,0.88289,0.80508,0.95763,1.0,3.31213
typo_ms,bm25_char + v7 at lam=0.5,"mix(bm25_char,v7)","{""lam"": 0.5}",tune,False,118,0.88935,0.88935,0.91162,0.83898,0.98305,1.0,5.2327
typo_ms,bm25_char + v7 at lam=0.75,"mix(bm25_char,v7)","{""lam"": 0.75}",tune,False,118,0.90547,0.90547,0.92631,0.84746,0.99153,1.0,4.96489
typo_ms,bm25_char + v7 at lam=0.9,"mix(bm25_char,v7)","{""lam"": 0.9}",tune,False,118,0.93012,0.93012,0.94757,0.88136,1.0,1.0,5.20863
typo_ms,bm25_char + v7 at lam=0.9,"mix(bm25_char,v7)","{""lam"": 0.9}",test,True,119,0.93937,0.93937,0.95239,0.89916,0.9916,1.0,4.65041
typo_ms,tfidf_char + v7 at lam=0.1,"mix(tfidf_char,v7)","{""lam"": 0.1}",tune,False,118,0.80537,0.80537,0.82773,0.73729,0.90678,0.98305,4.59595
typo_ms,tfidf_char + v7 at lam=0.25,"mix(tfidf_char,v7)","{""lam"": 0.25}",tune,False,118,0.82437,0.82437,0.84562,0.76271,0.92373,0.99153,4.70471
typo_ms,tfidf_char + v7 at lam=0.5,"mix(tfidf_char,v7)","{""lam"": 0.5}",tune,False,118,0.86104,0.86104,0.8852,0.79661,0.9661,1.0,4.73949
typo_ms,tfidf_char + v7 at lam=0.75,"mix(tfidf_char,v7)","{""lam"": 0.75}",tune,False,118,0.90258,0.90258,0.92416,0.84746,0.99153,1.0,4.59257
typo_ms,tfidf_char + v7 at lam=0.9,"mix(tfidf_char,v7)","{""lam"": 0.9}",tune,False,118,0.93153,0.93153,0.94868,0.88136,1.0,1.0,4.51912
typo_ms,tfidf_char + v7 at lam=0.9,"mix(tfidf_char,v7)","{""lam"": 0.9}",test,True,119,0.92894,0.92894,0.94453,0.88235,0.9916,1.0,4.53375
