task,system,family,config,split,selected,n_queries,map,mrr,ndcg@10,hit@1,recall@10,recall@50,ms_per_query
norvig,"v7 n=(1, 2) idf=0.0 dim=1.0 norm=False/dice pw=0.0",v7,"{""denominator"": ""dice"", ""dim"": 1.0, ""idf"": 0.0, ""n"": ""(1, 2)"", ""normalize"": false, ""position_weight"": 0.0}",tune,False,150,0.72474,0.72474,0.76184,0.62667,0.88667,0.96,3.70348
norvig,"v7 n=(1, 2) idf=0.0 dim=1.0 norm=False/dice pw=0.5",v7,"{""denominator"": ""dice"", ""dim"": 1.0, ""idf"": 0.0, ""n"": ""(1, 2)"", ""normalize"": false, ""position_weight"": 0.5}",tune,False,150,0.80617,0.80617,0.8356,0.72667,0.93333,0.98,3.70541
norvig,"v7 n=(1, 2) idf=0.0 dim=1.0 norm=False/dice pw=1.0",v7,"{""denominator"": ""dice"", ""dim"": 1.0, ""idf"": 0.0, ""n"": ""(1, 2)"", ""normalize"": false, ""position_weight"": 1.0}",tune,False,150,0.81822,0.81822,0.84472,0.74667,0.93333,0.98,3.56574
norvig,"v7 n=(1, 2) idf=0.0 dim=1.0 norm=True/dice pw=0.0",v7,"{""denominator"": ""dice"", ""dim"": 1.0, ""idf"": 0.0, ""n"": ""(1, 2)"", ""normalize"": true, ""position_weight"": 0.0}",tune,False,150,0.84923,0.84923,0.88275,0.76667,0.98667,1.0,4.0075
norvig,"v7 n=(1, 2) idf=0.0 dim=1.0 norm=True/dice pw=0.5",v7,"{""denominator"": ""dice"", ""dim"": 1.0, ""idf"": 0.0, ""n"": ""(1, 2)"", ""normalize"": true, ""position_weight"": 0.5}",tune,False,150,0.85912,0.85912,0.89066,0.77333,0.98667,1.0,3.9643
norvig,"v7 n=(1, 2) idf=0.0 dim=1.0 norm=True/dice pw=1.0",v7,"{""denominator"": ""dice"", ""dim"": 1.0, ""idf"": 0.0, ""n"": ""(1, 2)"", ""normalize"": true, ""position_weight"": 1.0}",tune,False,150,0.86332,0.86332,0.89394,0.78,0.98667,1.0,4.07446
norvig,"v7 n=(1, 2) idf=0.0 dim=1.0 norm=True/geo pw=0.0",v7,"{""denominator"": ""geo"", ""dim"": 1.0, ""idf"": 0.0, ""n"": ""(1, 2)"", ""normalize"": true, ""position_weight"": 0.0}",tune,False,150,0.84748,0.84748,0.88125,0.76667,0.98667,1.0,4.14105
norvig,"v7 n=(1, 2) idf=0.0 dim=1.0 norm=True/geo pw=0.5",v7,"{""denominator"": ""geo"", ""dim"": 1.0, ""idf"": 0.0, ""n"": ""(1, 2)"", ""normalize"": true, ""position_weight"": 0.5}",tune,False,150,0.85677,0.85677,0.8887,0.77333,0.98667,1.0,4.17648
norvig,"v7 n=(1, 2) idf=0.0 dim=1.0 norm=True/geo pw=1.0",v7,"{""denominator"": ""geo"", ""dim"": 1.0, ""idf"": 0.0, ""n"": ""(1, 2)"", ""normalize"": true, ""position_weight"": 1.0}",tune,False,150,0.86244,0.86244,0.89321,0.78,0.98667,1.0,4.17415
norvig,"v7 n=(1, 2) idf=0.0 dim=2.0 norm=False/dice pw=0.0",v7,"{""denominator"": ""dice"", ""dim"": 2.0, ""idf"": 0.0, ""n"": ""(1, 2)"", ""normalize"": false, ""position_weight"": 0.0}",tune,False,150,0.69675,0.69675,0.73669,0.59333,0.87333,0.96,3.87775
norvig,"v7 n=(1, 2) idf=0.0 dim=2.0 norm=False/dice pw=0.5",v7,"{""denominator"": ""dice"", ""dim"": 2.0, ""idf"": 0.0, ""n"": ""(1, 2)"", ""normalize"": false, ""position_weight"": 0.5}",tune,False,150,0.78786,0.78786,0.81835,0.7,0.92,0.96667,3.72123
norvig,"v7 n=(1, 2) idf=0.0 dim=2.0 norm=False/dice pw=1.0",v7,"{""denominator"": ""dice"", ""dim"": 2.0, ""idf"": 0.0, ""n"": ""(1, 2)"", ""normalize"": false, ""position_weight"": 1.0}",tune,False,150,0.81849,0.81849,0.84504,0.74667,0.93333,0.98,3.7041
norvig,"v7 n=(1, 2) idf=0.0 dim=2.0 norm=True/dice pw=0.0",v7,"{""denominator"": ""dice"", ""dim"": 2.0, ""idf"": 0.0, ""n"": ""(1, 2)"", ""normalize"": true, ""position_weight"": 0.0}",tune,False,150,0.84867,0.84867,0.88027,0.77333,0.98,0.99333,4.22378
norvig,"v7 n=(1, 2) idf=0.0 dim=2.0 norm=True/dice pw=0.5",v7,"{""denominator"": ""dice"", ""dim"": 2.0, ""idf"": 0.0, ""n"": ""(1, 2)"", ""normalize"": true, ""position_weight"": 0.5}",tune,False,150,0.8615,0.8615,0.8922,0.78,0.98667,1.0,4.2083
norvig,"v7 n=(1, 2) idf=0.0 dim=2.0 norm=True/dice pw=1.0",v7,"{""denominator"": ""dice"", ""dim"": 2.0, ""idf"": 0.0, ""n"": ""(1, 2)"", ""normalize"": true, ""position_weight"": 1.0}",tune,False,150,0.86356,0.86356,0.89396,0.78,0.98667,1.0,4.14012
norvig,"v7 n=(1, 2) idf=0.0 dim=2.0 norm=True/geo pw=0.0",v7,"{""denominator"": ""geo"", ""dim"": 2.0, ""idf"": 0.0, ""n"": ""(1, 2)"", ""normalize"": true, ""position_weight"": 0.0}",tune,False,150,0.84552,0.84552,0.87565,0.77333,0.97333,0.99333,4.19089
norvig,"v7 n=(1, 2) idf=0.0 dim=2.0 norm=True/geo pw=0.5",v7,"{""denominator"": ""geo"", ""dim"": 2.0, ""idf"": 0.0, ""n"": ""(1, 2)"", ""normalize"": true, ""position_weight"": 0.5}",tune,False,150,0.86028,0.86028,0.89128,0.78,0.98667,1.0,4.26484
norvig,"v7 n=(1, 2) idf=0.0 dim=2.0 norm=True/geo pw=1.0",v7,"{""denominator"": ""geo"", ""dim"": 2.0, ""idf"": 0.0, ""n"": ""(1, 2)"", ""normalize"": true, ""position_weight"": 1.0}",tune,False,150,0.86192,0.86192,0.89273,0.78,0.98667,1.0,4.30347
norvig,"v7 n=(1, 2) idf=1.0 dim=1.0 norm=False/dice pw=0.0",v7,"{""denominator"": ""dice"", ""dim"": 1.0, ""idf"": 1.0, ""n"": ""(1, 2)"", ""normalize"": false, ""position_weight"": 0.0}",tune,False,150,0.76812,0.76812,0.80422,0.69333,0.92667,0.96667,3.8092
norvig,"v7 n=(1, 2) idf=1.0 dim=1.0 norm=False/dice pw=0.5",v7,"{""denominator"": ""dice"", ""dim"": 1.0, ""idf"": 1.0, ""n"": ""(1, 2)"", ""normalize"": false, ""position_weight"": 0.5}",tune,False,150,0.80849,0.80849,0.83676,0.74667,0.93333,0.97333,3.82474
norvig,"v7 n=(1, 2) idf=1.0 dim=1.0 norm=False/dice pw=1.0",v7,"{""denominator"": ""dice"", ""dim"": 1.0, ""idf"": 1.0, ""n"": ""(1, 2)"", ""normalize"": false, ""position_weight"": 1.0}",tune,False,150,0.81399,0.81399,0.843,0.74667,0.94,0.98,4.17154
norvig,"v7 n=(1, 2) idf=1.0 dim=1.0 norm=True/dice pw=0.0",v7,"{""denominator"": ""dice"", ""dim"": 1.0, ""idf"": 1.0, ""n"": ""(1, 2)"", ""normalize"": true, ""position_weight"": 0.0}",tune,False,150,0.86421,0.86421,0.8809,0.80667,0.94,0.99333,4.36197
norvig,"v7 n=(1, 2) idf=1.0 dim=1.0 norm=True/dice pw=0.5",v7,"{""denominator"": ""dice"", ""dim"": 1.0, ""idf"": 1.0, ""n"": ""(1, 2)"", ""normalize"": true, ""position_weight"": 0.5}",tune,False,150,0.86868,0.86868,0.88833,0.80667,0.95333,0.99333,4.98831
norvig,"v7 n=(1, 2) idf=1.0 dim=1.0 norm=True/dice pw=1.0",v7,"{""denominator"": ""dice"", ""dim"": 1.0, ""idf"": 1.0, ""n"": ""(1, 2)"", ""normalize"": true, ""position_weight"": 1.0}",tune,False,150,0.87557,0.87557,0.89518,0.82,0.96,0.99333,4.88048
norvig,"v7 n=(1, 2) idf=1.0 dim=1.0 norm=True/geo pw=0.0",v7,"{""denominator"": ""geo"", ""dim"": 1.0, ""idf"": 1.0, ""n"": ""(1, 2)"", ""normalize"": true, ""position_weight"": 0.0}",tune,False,150,0.8613,0.8613,0.87867,0.8,0.94,0.99333,4.66939
norvig,"v7 n=(1, 2) idf=1.0 dim=1.0 norm=True/geo pw=0.5",v7,"{""denominator"": ""geo"", ""dim"": 1.0, ""idf"": 1.0, ""n"": ""(1, 2)"", ""normalize"": true, ""position_weight"": 0.5}",tune,False,150,0.86816,0.86816,0.8877,0.80667,0.95333,0.99333,4.75059
norvig,"v7 n=(1, 2) idf=1.0 dim=1.0 norm=True/geo pw=1.0",v7,"{""denominator"": ""geo"", ""dim"": 1.0, ""idf"": 1.0, ""n"": ""(1, 2)"", ""normalize"": true, ""position_weight"": 1.0}",tune,False,150,0.8716,0.8716,0.89018,0.81333,0.95333,0.99333,4.81605
norvig,"v7 n=(1, 2) idf=1.0 dim=2.0 norm=False/dice pw=0.0",v7,"{""denominator"": ""dice"", ""dim"": 2.0, ""idf"": 1.0, ""n"": ""(1, 2)"", ""normalize"": false, ""position_weight"": 0.0}",tune,False,150,0.76194,0.76194,0.79584,0.68667,0.91333,0.96667,3.93902
norvig,"v7 n=(1, 2) idf=1.0 dim=2.0 norm=False/dice pw=0.5",v7,"{""denominator"": ""dice"", ""dim"": 2.0, ""idf"": 1.0, ""n"": ""(1, 2)"", ""normalize"": false, ""position_weight"": 0.5}",tune,False,150,0.79483,0.79483,0.82446,0.72667,0.92667,0.97333,4.28764
norvig,"v7 n=(1, 2) idf=1.0 dim=2.0 norm=False/dice pw=1.0",v7,"{""denominator"": ""dice"", ""dim"": 2.0, ""idf"": 1.0, ""n"": ""(1, 2)"", ""normalize"": false, ""position_weight"": 1.0}",tune,False,150,0.80899,0.80899,0.83713,0.74667,0.93333,0.97333,4.20877
norvig,"v7 n=(1, 2) idf=1.0 dim=2.0 norm=True/dice pw=0.0",v7,"{""denominator"": ""dice"", ""dim"": 2.0, ""idf"": 1.0, ""n"": ""(1, 2)"", ""normalize"": true, ""position_weight"": 0.0}",tune,False,150,0.8656,0.8656,0.88085,0.81333,0.93333,0.97333,4.57647
norvig,"v7 n=(1, 2) idf=1.0 dim=2.0 norm=True/dice pw=0.5",v7,"{""denominator"": ""dice"", ""dim"": 2.0, ""idf"": 1.0, ""n"": ""(1, 2)"", ""normalize"": true, ""position_weight"": 0.5}",tune,False,150,0.87381,0.87381,0.89233,0.82,0.95333,0.98667,4.8142
norvig,"v7 n=(1, 2) idf=1.0 dim=2.0 norm=True/dice pw=1.0",v7,"{""denominator"": ""dice"", ""dim"": 2.0, ""idf"": 1.0, ""n"": ""(1, 2)"", ""normalize"": true, ""position_weight"": 1.0}",tune,False,150,0.87826,0.87826,0.89728,0.82667,0.96,0.99333,4.58589
norvig,"v7 n=(1, 2) idf=1.0 dim=2.0 norm=True/geo pw=0.0",v7,"{""denominator"": ""geo"", ""dim"": 2.0, ""idf"": 1.0, ""n"": ""(1, 2)"", ""normalize"": true, ""position_weight"": 0.0}",tune,False,150,0.86722,0.86722,0.88213,0.81333,0.93333,0.97333,4.96458
norvig,"v7 n=(1, 2) idf=1.0 dim=2.0 norm=True/geo pw=0.5",v7,"{""denominator"": ""geo"", ""dim"": 2.0, ""idf"": 1.0, ""n"": ""(1, 2)"", ""normalize"": true, ""position_weight"": 0.5}",tune,False,150,0.87029,0.87029,0.88779,0.81333,0.94667,0.98,6.07918
norvig,"v7 n=(1, 2) idf=1.0 dim=2.0 norm=True/geo pw=1.0",v7,"{""denominator"": ""geo"", ""dim"": 2.0, ""idf"": 1.0, ""n"": ""(1, 2)"", ""normalize"": true, ""position_weight"": 1.0}",tune,False,150,0.87835,0.87835,0.89536,0.82667,0.95333,0.99333,6.33167
norvig,"v7 n=(1, 2) idf=2.0 dim=1.0 norm=False/dice pw=0.0",v7,"{""denominator"": ""dice"", ""dim"": 1.0, ""idf"": 2.0, ""n"": ""(1, 2)"", ""normalize"": false, ""position_weight"": 0.0}",tune,False,150,0.71058,0.71058,0.74691,0.63333,0.87333,0.94667,5.72253
norvig,"v7 n=(1, 2) idf=2.0 dim=1.0 norm=False/dice pw=0.5",v7,"{""denominator"": ""dice"", ""dim"": 1.0, ""idf"": 2.0, ""n"": ""(1, 2)"", ""normalize"": false, ""position_weight"": 0.5}",tune,False,150,0.73187,0.73187,0.76813,0.66,0.89333,0.95333,5.4687
norvig,"v7 n=(1, 2) idf=2.0 dim=1.0 norm=False/dice pw=1.0",v7,"{""denominator"": ""dice"", ""dim"": 1.0, ""idf"": 2.0, ""n"": ""(1, 2)"", ""normalize"": false, ""position_weight"": 1.0}",tune,False,150,0.75097,0.75097,0.78227,0.68,0.89333,0.96,5.04334
norvig,"v7 n=(1, 2) idf=2.0 dim=1.0 norm=True/dice pw=0.0",v7,"{""denominator"": ""dice"", ""dim"": 1.0, ""idf"": 2.0, ""n"": ""(1, 2)"", ""normalize"": true, ""position_weight"": 0.0}",tune,False,150,0.80503,0.80503,0.83419,0.74,0.92667,0.95333,5.93289
norvig,"v7 n=(1, 2) idf=2.0 dim=1.0 norm=True/dice pw=0.5",v7,"{""denominator"": ""dice"", ""dim"": 1.0, ""idf"": 2.0, ""n"": ""(1, 2)"", ""normalize"": true, ""position_weight"": 0.5}",tune,False,150,0.82039,0.82039,0.84582,0.75333,0.92667,0.95333,6.77141
norvig,"v7 n=(1, 2) idf=2.0 dim=1.0 norm=True/dice pw=1.0",v7,"{""denominator"": ""dice"", ""dim"": 1.0, ""idf"": 2.0, ""n"": ""(1, 2)"", ""normalize"": true, ""position_weight"": 1.0}",tune,False,150,0.83449,0.83449,0.85628,0.77333,0.92667,0.95333,6.59393
norvig,"v7 n=(1, 2) idf=2.0 dim=1.0 norm=True/geo pw=0.0",v7,"{""denominator"": ""geo"", ""dim"": 1.0, ""idf"": 2.0, ""n"": ""(1, 2)"", ""normalize"": true, ""position_weight"": 0.0}",tune,False,150,0.80071,0.80071,0.83131,0.72667,0.92667,0.94667,6.60485
norvig,"v7 n=(1, 2) idf=2.0 dim=1.0 norm=True/geo pw=0.5",v7,"{""denominator"": ""geo"", ""dim"": 1.0, ""idf"": 2.0, ""n"": ""(1, 2)"", ""normalize"": true, ""position_weight"": 0.5}",tune,False,150,0.81788,0.81788,0.84398,0.74667,0.92667,0.95333,6.07331
norvig,"v7 n=(1, 2) idf=2.0 dim=1.0 norm=True/geo pw=1.0",v7,"{""denominator"": ""geo"", ""dim"": 1.0, ""idf"": 2.0, ""n"": ""(1, 2)"", ""normalize"": true, ""position_weight"": 1.0}",tune,False,150,0.83546,0.83546,0.85695,0.77333,0.92667,0.95333,6.36913
norvig,"v7 n=(1, 2) idf=2.0 dim=2.0 norm=False/dice pw=0.0",v7,"{""denominator"": ""dice"", ""dim"": 2.0, ""idf"": 2.0, ""n"": ""(1, 2)"", ""normalize"": false, ""position_weight"": 0.0}",tune,False,150,0.70554,0.70554,0.74133,0.64,0.86667,0.92667,5.95644
norvig,"v7 n=(1, 2) idf=2.0 dim=2.0 norm=False/dice pw=0.5",v7,"{""denominator"": ""dice"", ""dim"": 2.0, ""idf"": 2.0, ""n"": ""(1, 2)"", ""normalize"": false, ""position_weight"": 0.5}",tune,False,150,0.72963,0.72963,0.7646,0.66,0.88667,0.95333,4.29718
norvig,"v7 n=(1, 2) idf=2.0 dim=2.0 norm=False/dice pw=1.0",v7,"{""denominator"": ""dice"", ""dim"": 2.0, ""idf"": 2.0, ""n"": ""(1, 2)"", ""normalize"": false, ""position_weight"": 1.0}",tune,False,150,0.74307,0.74307,0.77665,0.66667,0.89333,0.96,4.44468
norvig,"v7 n=(1, 2) idf=2.0 dim=2.0 norm=True/dice pw=0.0",v7,"{""denominator"": ""dice"", ""dim"": 2.0, ""idf"": 2.0, ""n"": ""(1, 2)"", ""normalize"": true, ""position_weight"": 0.0}",tune,False,150,0.79412,0.79412,0.8227,0.72667,0.91333,0.93333,5.05335
norvig,"v7 n=(1, 2) idf=2.0 dim=2.0 norm=True/dice pw=0.5",v7,"{""denominator"": ""dice"", ""dim"": 2.0, ""idf"": 2.0, ""n"": ""(1, 2)"", ""normalize"": true, ""position_weight"": 0.5}",tune,False,150,0.82246,0.82246,0.84744,0.76,0.92667,0.95333,4.53086
norvig,"v7 n=(1, 2) idf=2.0 dim=2.0 norm=True/dice pw=1.0",v7,"{""denominator"": ""dice"", ""dim"": 2.0, ""idf"": 2.0, ""n"": ""(1, 2)"", ""normalize"": true, ""position_weight"": 1.0}",tune,False,150,0.83105,0.83105,0.85392,0.76667,0.92667,0.95333,4.43414
norvig,"v7 n=(1, 2) idf=2.0 dim=2.0 norm=True/geo pw=0.0",v7,"{""denominator"": ""geo"", ""dim"": 2.0, ""idf"": 2.0, ""n"": ""(1, 2)"", ""normalize"": true, ""position_weight"": 0.0}",tune,False,150,0.80025,0.80025,0.83089,0.73333,0.92667,0.94,4.55506
norvig,"v7 n=(1, 2) idf=2.0 dim=2.0 norm=True/geo pw=0.5",v7,"{""denominator"": ""geo"", ""dim"": 2.0, ""idf"": 2.0, ""n"": ""(1, 2)"", ""normalize"": true, ""position_weight"": 0.5}",tune,False,150,0.82428,0.82428,0.84896,0.76,0.92667,0.94667,4.50074
norvig,"v7 n=(1, 2) idf=2.0 dim=2.0 norm=True/geo pw=1.0",v7,"{""denominator"": ""geo"", ""dim"": 2.0, ""idf"": 2.0, ""n"": ""(1, 2)"", ""normalize"": true, ""position_weight"": 1.0}",tune,False,150,0.83599,0.83599,0.8576,0.77333,0.92667,0.95333,4.45152
norvig,"v7 n=(1, 2) idf=3.0 dim=1.0 norm=False/dice pw=0.0",v7,"{""denominator"": ""dice"", ""dim"": 1.0, ""idf"": 3.0, ""n"": ""(1, 2)"", ""normalize"": false, ""position_weight"": 0.0}",tune,False,150,0.65949,0.65949,0.69652,0.6,0.82667,0.88667,3.76388
norvig,"v7 n=(1, 2) idf=3.0 dim=1.0 norm=False/dice pw=0.5",v7,"{""denominator"": ""dice"", ""dim"": 1.0, ""idf"": 3.0, ""n"": ""(1, 2)"", ""normalize"": false, ""position_weight"": 0.5}",tune,False,150,0.67237,0.67237,0.70665,0.6,0.82667,0.9,3.7309
norvig,"v7 n=(1, 2) idf=3.0 dim=1.0 norm=False/dice pw=1.0",v7,"{""denominator"": ""dice"", ""dim"": 1.0, ""idf"": 3.0, ""n"": ""(1, 2)"", ""normalize"": false, ""position_weight"": 1.0}",tune,False,150,0.68484,0.68484,0.71771,0.61333,0.83333,0.90667,4.11907
norvig,"v7 n=(1, 2) idf=3.0 dim=1.0 norm=True/dice pw=0.0",v7,"{""denominator"": ""dice"", ""dim"": 1.0, ""idf"": 3.0, ""n"": ""(1, 2)"", ""normalize"": true, ""position_weight"": 0.0}",tune,False,150,0.71028,0.71028,0.74971,0.63333,0.88,0.91333,4.17627
norvig,"v7 n=(1, 2) idf=3.0 dim=1.0 norm=True/dice pw=0.5",v7,"{""denominator"": ""dice"", ""dim"": 1.0, ""idf"": 3.0, ""n"": ""(1, 2)"", ""normalize"": true, ""position_weight"": 0.5}",tune,False,150,0.73818,0.73818,0.7708,0.67333,0.88,0.92,5.23537
norvig,"v7 n=(1, 2) idf=3.0 dim=1.0 norm=True/dice pw=1.0",v7,"{""denominator"": ""dice"", ""dim"": 1.0, ""idf"": 3.0, ""n"": ""(1, 2)"", ""normalize"": true, ""position_weight"": 1.0}",tune,False,150,0.75271,0.75271,0.78541,0.68667,0.89333,0.92,4.71616
norvig,"v7 n=(1, 2) idf=3.0 dim=1.0 norm=True/geo pw=0.0",v7,"{""denominator"": ""geo"", ""dim"": 1.0, ""idf"": 3.0, ""n"": ""(1, 2)"", ""normalize"": true, ""position_weight"": 0.0}",tune,False,150,0.71994,0.71994,0.75321,0.64667,0.86667,0.92,4.44397
norvig,"v7 n=(1, 2) idf=3.0 dim=1.0 norm=True/geo pw=0.5",v7,"{""denominator"": ""geo"", ""dim"": 1.0, ""idf"": 3.0, ""n"": ""(1, 2)"", ""normalize"": true, ""position_weight"": 0.5}",tune,False,150,0.74376,0.74376,0.77498,0.67333,0.88,0.93333,4.36431
norvig,"v7 n=(1, 2) idf=3.0 dim=1.0 norm=True/geo pw=1.0",v7,"{""denominator"": ""geo"", ""dim"": 1.0, ""idf"": 3.0, ""n"": ""(1, 2)"", ""normalize"": true, ""position_weight"": 1.0}",tune,False,150,0.75593,0.75593,0.78589,0.68667,0.88667,0.94,4.60278
norvig,"v7 n=(1, 2) idf=3.0 dim=2.0 norm=False/dice pw=0.0",v7,"{""denominator"": ""dice"", ""dim"": 2.0, ""idf"": 3.0, ""n"": ""(1, 2)"", ""normalize"": false, ""position_weight"": 0.0}",tune,False,150,0.65823,0.65823,0.69009,0.6,0.80667,0.88,3.99188
norvig,"v7 n=(1, 2) idf=3.0 dim=2.0 norm=False/dice pw=0.5",v7,"{""denominator"": ""dice"", ""dim"": 2.0, ""idf"": 3.0, ""n"": ""(1, 2)"", ""normalize"": false, ""position_weight"": 0.5}",tune,False,150,0.66875,0.66875,0.70383,0.6,0.82667,0.89333,3.91886
norvig,"v7 n=(1, 2) idf=3.0 dim=2.0 norm=False/dice pw=1.0",v7,"{""denominator"": ""dice"", ""dim"": 2.0, ""idf"": 3.0, ""n"": ""(1, 2)"", ""normalize"": false, ""position_weight"": 1.0}",tune,False,150,0.68099,0.68099,0.71533,0.60667,0.83333,0.9,4.19793
norvig,"v7 n=(1, 2) idf=3.0 dim=2.0 norm=True/dice pw=0.0",v7,"{""denominator"": ""dice"", ""dim"": 2.0, ""idf"": 3.0, ""n"": ""(1, 2)"", ""normalize"": true, ""position_weight"": 0.0}",tune,False,150,0.72482,0.72482,0.7579,0.64667,0.86667,0.90667,4.53916
norvig,"v7 n=(1, 2) idf=3.0 dim=2.0 norm=True/dice pw=0.5",v7,"{""denominator"": ""dice"", ""dim"": 2.0, ""idf"": 3.0, ""n"": ""(1, 2)"", ""normalize"": true, ""position_weight"": 0.5}",tune,False,150,0.75378,0.75378,0.78115,0.68667,0.87333,0.92,4.40383
norvig,"v7 n=(1, 2) idf=3.0 dim=2.0 norm=True/dice pw=1.0",v7,"{""denominator"": ""dice"", ""dim"": 2.0, ""idf"": 3.0, ""n"": ""(1, 2)"", ""normalize"": true, ""position_weight"": 1.0}",tune,False,150,0.7693,0.7693,0.79657,0.7,0.88667,0.92,4.66392
norvig,"v7 n=(1, 2) idf=3.0 dim=2.0 norm=True/geo pw=0.0",v7,"{""denominator"": ""geo"", ""dim"": 2.0, ""idf"": 3.0, ""n"": ""(1, 2)"", ""normalize"": true, ""position_weight"": 0.0}",tune,False,150,0.72015,0.72015,0.75622,0.64,0.87333,0.90667,4.54176
norvig,"v7 n=(1, 2) idf=3.0 dim=2.0 norm=True/geo pw=0.5",v7,"{""denominator"": ""geo"", ""dim"": 2.0, ""idf"": 3.0, ""n"": ""(1, 2)"", ""normalize"": true, ""position_weight"": 0.5}",tune,False,150,0.75797,0.75797,0.78617,0.68667,0.88,0.92,4.72342
norvig,"v7 n=(1, 2) idf=3.0 dim=2.0 norm=True/geo pw=1.0",v7,"{""denominator"": ""geo"", ""dim"": 2.0, ""idf"": 3.0, ""n"": ""(1, 2)"", ""normalize"": true, ""position_weight"": 1.0}",tune,False,150,0.77199,0.77199,0.80222,0.7,0.9,0.92667,4.77441
norvig,"v7 n=(2,) idf=0.0 dim=1.0 norm=False/dice pw=0.0",v7,"{""denominator"": ""dice"", ""dim"": 1.0, ""idf"": 0.0, ""n"": ""(2,)"", ""normalize"": false, ""position_weight"": 0.0}",tune,False,150,0.76045,0.76045,0.78753,0.69333,0.88667,0.97333,1.60076
norvig,"v7 n=(2,) idf=0.0 dim=1.0 norm=False/dice pw=0.5",v7,"{""denominator"": ""dice"", ""dim"": 1.0, ""idf"": 0.0, ""n"": ""(2,)"", ""normalize"": false, ""position_weight"": 0.5}",tune,False,150,0.82817,0.82817,0.85182,0.76,0.93333,0.98667,1.34122
norvig,"v7 n=(2,) idf=0.0 dim=1.0 norm=False/dice pw=1.0",v7,"{""denominator"": ""dice"", ""dim"": 1.0, ""idf"": 0.0, ""n"": ""(2,)"", ""normalize"": false, ""position_weight"": 1.0}",tune,False,150,0.82818,0.82818,0.85182,0.76,0.93333,0.98667,1.43748
norvig,"v7 n=(2,) idf=0.0 dim=1.0 norm=True/dice pw=0.0",v7,"{""denominator"": ""dice"", ""dim"": 1.0, ""idf"": 0.0, ""n"": ""(2,)"", ""normalize"": true, ""position_weight"": 0.0}",tune,False,150,0.81494,0.81494,0.85023,0.73333,0.96667,0.99333,1.44445
norvig,"v7 n=(2,) idf=0.0 dim=1.0 norm=True/dice pw=0.5",v7,"{""denominator"": ""dice"", ""dim"": 1.0, ""idf"": 0.0, ""n"": ""(2,)"", ""normalize"": true, ""position_weight"": 0.5}",tune,False,150,0.82748,0.82748,0.86203,0.74667,0.97333,0.99333,1.45328
norvig,"v7 n=(2,) idf=0.0 dim=1.0 norm=True/dice pw=1.0",v7,"{""denominator"": ""dice"", ""dim"": 1.0, ""idf"": 0.0, ""n"": ""(2,)"", ""normalize"": true, ""position_weight"": 1.0}",tune,False,150,0.82815,0.82815,0.86263,0.74667,0.97333,0.99333,1.41395
norvig,"v7 n=(2,) idf=0.0 dim=1.0 norm=True/geo pw=0.0",v7,"{""denominator"": ""geo"", ""dim"": 1.0, ""idf"": 0.0, ""n"": ""(2,)"", ""normalize"": true, ""position_weight"": 0.0}",tune,False,150,0.80336,0.80336,0.83949,0.72,0.96,0.99333,1.4166
norvig,"v7 n=(2,) idf=0.0 dim=1.0 norm=True/geo pw=0.5",v7,"{""denominator"": ""geo"", ""dim"": 1.0, ""idf"": 0.0, ""n"": ""(2,)"", ""normalize"": true, ""position_weight"": 0.5}",tune,False,150,0.82285,0.82285,0.85657,0.74,0.96667,0.99333,1.40961
norvig,"v7 n=(2,) idf=0.0 dim=1.0 norm=True/geo pw=1.0",v7,"{""denominator"": ""geo"", ""dim"": 1.0, ""idf"": 0.0, ""n"": ""(2,)"", ""normalize"": true, ""position_weight"": 1.0}",tune,False,150,0.82432,0.82432,0.85979,0.74,0.97333,0.99333,1.49416
norvig,"v7 n=(2,) idf=1.0 dim=1.0 norm=False/dice pw=0.0",v7,"{""denominator"": ""dice"", ""dim"": 1.0, ""idf"": 1.0, ""n"": ""(2,)"", ""normalize"": false, ""position_weight"": 0.0}",tune,False,150,0.7542,0.7542,0.79002,0.68667,0.91333,0.96,1.14974
norvig,"v7 n=(2,) idf=1.0 dim=1.0 norm=False/dice pw=0.5",v7,"{""denominator"": ""dice"", ""dim"": 1.0, ""idf"": 1.0, ""n"": ""(2,)"", ""normalize"": false, ""position_weight"": 0.5}",tune,False,150,0.78372,0.78372,0.8162,0.71333,0.92667,0.97333,1.3277
norvig,"v7 n=(2,) idf=1.0 dim=1.0 norm=False/dice pw=1.0",v7,"{""denominator"": ""dice"", ""dim"": 1.0, ""idf"": 1.0, ""n"": ""(2,)"", ""normalize"": false, ""position_weight"": 1.0}",tune,False,150,0.79442,0.79442,0.82621,0.72667,0.93333,0.97333,1.1972
norvig,"v7 n=(2,) idf=1.0 dim=1.0 norm=True/dice pw=0.0",v7,"{""denominator"": ""dice"", ""dim"": 1.0, ""idf"": 1.0, ""n"": ""(2,)"", ""normalize"": true, ""position_weight"": 0.0}",tune,False,150,0.80175,0.80175,0.83117,0.72667,0.93333,0.99333,1.48039
norvig,"v7 n=(2,) idf=1.0 dim=1.0 norm=True/dice pw=0.5",v7,"{""denominator"": ""dice"", ""dim"": 1.0, ""idf"": 1.0, ""n"": ""(2,)"", ""normalize"": true, ""position_weight"": 0.5}",tune,False,150,0.80932,0.80932,0.83686,0.73333,0.93333,0.99333,1.48734
norvig,"v7 n=(2,) idf=1.0 dim=1.0 norm=True/dice pw=1.0",v7,"{""denominator"": ""dice"", ""dim"": 1.0, ""idf"": 1.0, ""n"": ""(2,)"", ""normalize"": true, ""position_weight"": 1.0}",tune,False,150,0.81637,0.81637,0.84207,0.74,0.93333,0.99333,1.54889
norvig,"v7 n=(2,) idf=1.0 dim=1.0 norm=True/geo pw=0.0",v7,"{""denominator"": ""geo"", ""dim"": 1.0, ""idf"": 1.0, ""n"": ""(2,)"", ""normalize"": true, ""position_weight"": 0.0}",tune,False,150,0.79544,0.79544,0.82271,0.72,0.92,0.99333,1.55
norvig,"v7 n=(2,) idf=1.0 dim=1.0 norm=True/geo pw=0.5",v7,"{""denominator"": ""geo"", ""dim"": 1.0, ""idf"": 1.0, ""n"": ""(2,)"", ""normalize"": true, ""position_weight"": 0.5}",tune,False,150,0.80399,0.80399,0.83114,0.72667,0.92667,0.99333,1.43307
norvig,"v7 n=(2,) idf=1.0 dim=1.0 norm=True/geo pw=1.0",v7,"{""denominator"": ""geo"", ""dim"": 1.0, ""idf"": 1.0, ""n"": ""(2,)"", ""normalize"": true, ""position_weight"": 1.0}",tune,False,150,0.80733,0.80733,0.83548,0.72667,0.93333,0.99333,1.48175
norvig,"v7 n=(2,) idf=2.0 dim=1.0 norm=False/dice pw=0.0",v7,"{""denominator"": ""dice"", ""dim"": 1.0, ""idf"": 2.0, ""n"": ""(2,)"", ""normalize"": false, ""position_weight"": 0.0}",tune,False,150,0.70342,0.70342,0.74326,0.63333,0.88,0.93333,1.18638
norvig,"v7 n=(2,) idf=2.0 dim=1.0 norm=False/dice pw=0.5",v7,"{""denominator"": ""dice"", ""dim"": 1.0, ""idf"": 2.0, ""n"": ""(2,)"", ""normalize"": false, ""position_weight"": 0.5}",tune,False,150,0.72879,0.72879,0.76411,0.66,0.88667,0.95333,1.17181
norvig,"v7 n=(2,) idf=2.0 dim=1.0 norm=False/dice pw=1.0",v7,"{""denominator"": ""dice"", ""dim"": 1.0, ""idf"": 2.0, ""n"": ""(2,)"", ""normalize"": false, ""position_weight"": 1.0}",tune,False,150,0.74244,0.74244,0.77464,0.66667,0.88667,0.95333,1.22421
norvig,"v7 n=(2,) idf=2.0 dim=1.0 norm=True/dice pw=0.0",v7,"{""denominator"": ""dice"", ""dim"": 1.0, ""idf"": 2.0, ""n"": ""(2,)"", ""normalize"": true, ""position_weight"": 0.0}",tune,False,150,0.73487,0.73487,0.76164,0.66667,0.86,0.95333,1.58409
norvig,"v7 n=(2,) idf=2.0 dim=1.0 norm=True/dice pw=0.5",v7,"{""denominator"": ""dice"", ""dim"": 1.0, ""idf"": 2.0, ""n"": ""(2,)"", ""normalize"": true, ""position_weight"": 0.5}",tune,False,150,0.7532,0.7532,0.77871,0.68667,0.87333,0.96,1.64929
norvig,"v7 n=(2,) idf=2.0 dim=1.0 norm=True/dice pw=1.0",v7,"{""denominator"": ""dice"", ""dim"": 1.0, ""idf"": 2.0, ""n"": ""(2,)"", ""normalize"": true, ""position_weight"": 1.0}",tune,False,150,0.76286,0.76286,0.78957,0.69333,0.88667,0.96667,1.47528
norvig,"v7 n=(2,) idf=2.0 dim=1.0 norm=True/geo pw=0.0",v7,"{""denominator"": ""geo"", ""dim"": 1.0, ""idf"": 2.0, ""n"": ""(2,)"", ""normalize"": true, ""position_weight"": 0.0}",tune,False,150,0.73206,0.73206,0.75952,0.66,0.86,0.95333,1.56975
norvig,"v7 n=(2,) idf=2.0 dim=1.0 norm=True/geo pw=0.5",v7,"{""denominator"": ""geo"", ""dim"": 1.0, ""idf"": 2.0, ""n"": ""(2,)"", ""normalize"": true, ""position_weight"": 0.5}",tune,False,150,0.75226,0.75226,0.77983,0.68667,0.88,0.96667,1.51778
norvig,"v7 n=(2,) idf=2.0 dim=1.0 norm=True/geo pw=1.0",v7,"{""denominator"": ""geo"", ""dim"": 1.0, ""idf"": 2.0, ""n"": ""(2,)"", ""normalize"": true, ""position_weight"": 1.0}",tune,False,150,0.76017,0.76017,0.78754,0.69333,0.88667,0.96667,1.55241
norvig,"v7 n=(2,) idf=3.0 dim=1.0 norm=False/dice pw=0.0",v7,"{""denominator"": ""dice"", ""dim"": 1.0, ""idf"": 3.0, ""n"": ""(2,)"", ""normalize"": false, ""position_weight"": 0.0}",tune,False,150,0.65571,0.65571,0.68821,0.59333,0.80667,0.88,1.14603
norvig,"v7 n=(2,) idf=3.0 dim=1.0 norm=False/dice pw=0.5",v7,"{""denominator"": ""dice"", ""dim"": 1.0, ""idf"": 3.0, ""n"": ""(2,)"", ""normalize"": false, ""position_weight"": 0.5}",tune,False,150,0.66875,0.66875,0.70383,0.6,0.82667,0.89333,1.57367
norvig,"v7 n=(2,) idf=3.0 dim=1.0 norm=False/dice pw=1.0",v7,"{""denominator"": ""dice"", ""dim"": 1.0, ""idf"": 3.0, ""n"": ""(2,)"", ""normalize"": false, ""position_weight"": 1.0}",tune,False,150,0.67919,0.67919,0.71388,0.60667,0.83333,0.9,1.47419
norvig,"v7 n=(2,) idf=3.0 dim=1.0 norm=True/dice pw=0.0",v7,"{""denominator"": ""dice"", ""dim"": 1.0, ""idf"": 3.0, ""n"": ""(2,)"", ""normalize"": true, ""position_weight"": 0.0}",tune,False,150,0.64681,0.64681,0.6873,0.56667,0.82667,0.9,2.03271
norvig,"v7 n=(2,) idf=3.0 dim=1.0 norm=True/dice pw=0.5",v7,"{""denominator"": ""dice"", ""dim"": 1.0, ""idf"": 3.0, ""n"": ""(2,)"", ""normalize"": true, ""position_weight"": 0.5}",tune,False,150,0.6663,0.6663,0.70376,0.59333,0.83333,0.9,1.60641
norvig,"v7 n=(2,) idf=3.0 dim=1.0 norm=True/dice pw=1.0",v7,"{""denominator"": ""dice"", ""dim"": 1.0, ""idf"": 3.0, ""n"": ""(2,)"", ""normalize"": true, ""position_weight"": 1.0}",tune,False,150,0.67872,0.67872,0.715,0.60667,0.84,0.90667,1.86844
norvig,"v7 n=(2,) idf=3.0 dim=1.0 norm=True/geo pw=0.0",v7,"{""denominator"": ""geo"", ""dim"": 1.0, ""idf"": 3.0, ""n"": ""(2,)"", ""normalize"": true, ""position_weight"": 0.0}",tune,False,150,0.64797,0.64797,0.6884,0.56,0.82667,0.9,1.93757
norvig,"v7 n=(2,) idf=3.0 dim=1.0 norm=True/geo pw=0.5",v7,"{""denominator"": ""geo"", ""dim"": 1.0, ""idf"": 3.0, ""n"": ""(2,)"", ""normalize"": true, ""position_weight"": 0.5}",tune,False,150,0.66766,0.66766,0.70297,0.59333,0.82667,0.9,2.18477
norvig,"v7 n=(2,) idf=3.0 dim=1.0 norm=True/geo pw=1.0",v7,"{""denominator"": ""geo"", ""dim"": 1.0, ""idf"": 3.0, ""n"": ""(2,)"", ""normalize"": true, ""position_weight"": 1.0}",tune,False,150,0.67872,0.67872,0.71291,0.60667,0.83333,0.90667,1.78019
norvig,"v7 n=(2, 3) idf=0.0 dim=1.0 norm=False/dice pw=0.0",v7,"{""denominator"": ""dice"", ""dim"": 1.0, ""idf"": 0.0, ""n"": ""(2, 3)"", ""normalize"": false, ""position_weight"": 0.0}",tune,False,150,0.76395,0.76395,0.7922,0.69333,0.89333,0.96,1.47108
norvig,"v7 n=(2, 3) idf=0.0 dim=1.0 norm=False/dice pw=0.5",v7,"{""denominator"": ""dice"", ""dim"": 1.0, ""idf"": 0.0, ""n"": ""(2, 3)"", ""normalize"": false, ""position_weight"": 0.5}",tune,False,150,0.80141,0.80141,0.82789,0.73333,0.92,0.98,1.47096
norvig,"v7 n=(2, 3) idf=0.0 dim=1.0 norm=False/dice pw=1.0",v7,"{""denominator"": ""dice"", ""dim"": 1.0, ""idf"": 0.0, ""n"": ""(2, 3)"", ""normalize"": false, ""position_weight"": 1.0}",tune,False,150,0.80151,0.80151,0.82799,0.73333,0.92,0.98,1.56545
norvig,"v7 n=(2, 3) idf=0.0 dim=1.0 norm=True/dice pw=0.0",v7,"{""denominator"": ""dice"", ""dim"": 1.0, ""idf"": 0.0, ""n"": ""(2, 3)"", ""normalize"": true, ""position_weight"": 0.0}",tune,False,150,0.78503,0.78503,0.81683,0.7,0.92667,0.98,1.85748
norvig,"v7 n=(2, 3) idf=0.0 dim=1.0 norm=True/dice pw=0.5",v7,"{""denominator"": ""dice"", ""dim"": 1.0, ""idf"": 0.0, ""n"": ""(2, 3)"", ""normalize"": true, ""position_weight"": 0.5}",tune,False,150,0.79145,0.79145,0.82177,0.70667,0.92667,0.98,1.92126
norvig,"v7 n=(2, 3) idf=0.0 dim=1.0 norm=True/dice pw=1.0",v7,"{""denominator"": ""dice"", ""dim"": 1.0, ""idf"": 0.0, ""n"": ""(2, 3)"", ""normalize"": true, ""position_weight"": 1.0}",tune,False,150,0.79763,0.79763,0.82651,0.71333,0.92667,0.98,2.09051
norvig,"v7 n=(2, 3) idf=0.0 dim=1.0 norm=True/geo pw=0.0",v7,"{""denominator"": ""geo"", ""dim"": 1.0, ""idf"": 0.0, ""n"": ""(2, 3)"", ""normalize"": true, ""position_weight"": 0.0}",tune,False,150,0.78413,0.78413,0.81634,0.7,0.92667,0.98,1.98082
norvig,"v7 n=(2, 3) idf=0.0 dim=1.0 norm=True/geo pw=0.5",v7,"{""denominator"": ""geo"", ""dim"": 1.0, ""idf"": 0.0, ""n"": ""(2, 3)"", ""normalize"": true, ""position_weight"": 0.5}",tune,False,150,0.79028,0.79028,0.82101,0.70667,0.92667,0.98,2.03476
norvig,"v7 n=(2, 3) idf=0.0 dim=1.0 norm=True/geo pw=1.0",v7,"{""denominator"": ""geo"", ""dim"": 1.0, ""idf"": 0.0, ""n"": ""(2, 3)"", ""normalize"": true, ""position_weight"": 1.0}",tune,False,150,0.79277,0.79277,0.82292,0.70667,0.92667,0.98,1.96375
norvig,"v7 n=(2, 3) idf=0.0 dim=2.0 norm=False/dice pw=0.0",v7,"{""denominator"": ""dice"", ""dim"": 2.0, ""idf"": 0.0, ""n"": ""(2, 3)"", ""normalize"": false, ""position_weight"": 0.0}",tune,False,150,0.76432,0.76432,0.7922,0.69333,0.89333,0.96667,1.78541
norvig,"v7 n=(2, 3) idf=0.0 dim=2.0 norm=False/dice pw=0.5",v7,"{""denominator"": ""dice"", ""dim"": 2.0, ""idf"": 0.0, ""n"": ""(2, 3)"", ""normalize"": false, ""position_weight"": 0.5}",tune,False,150,0.80136,0.80136,0.82779,0.73333,0.92,0.98,1.67426
norvig,"v7 n=(2, 3) idf=0.0 dim=2.0 norm=False/dice pw=1.0",v7,"{""denominator"": ""dice"", ""dim"": 2.0, ""idf"": 0.0, ""n"": ""(2, 3)"", ""normalize"": false, ""position_weight"": 1.0}",tune,False,150,0.80163,0.80163,0.828,0.73333,0.92,0.98,1.70796
norvig,"v7 n=(2, 3) idf=0.0 dim=2.0 norm=True/dice pw=0.0",v7,"{""denominator"": ""dice"", ""dim"": 2.0, ""idf"": 0.0, ""n"": ""(2, 3)"", ""normalize"": true, ""position_weight"": 0.0}",tune,False,150,0.7891,0.7891,0.8234,0.7,0.94,0.99333,2.10326
norvig,"v7 n=(2, 3) idf=0.0 dim=2.0 norm=True/dice pw=0.5",v7,"{""denominator"": ""dice"", ""dim"": 2.0, ""idf"": 0.0, ""n"": ""(2, 3)"", ""normalize"": true, ""position_weight"": 0.5}",tune,False,150,0.79831,0.79831,0.83027,0.71333,0.94,0.99333,2.12729
norvig,"v7 n=(2, 3) idf=0.0 dim=2.0 norm=True/dice pw=1.0",v7,"{""denominator"": ""dice"", ""dim"": 2.0, ""idf"": 0.0, ""n"": ""(2, 3)"", ""normalize"": true, ""position_weight"": 1.0}",tune,False,150,0.80919,0.80919,0.84047,0.72667,0.94667,0.99333,2.14767
norvig,"v7 n=(2, 3) idf=0.0 dim=2.0 norm=True/geo pw=0.0",v7,"{""denominator"": ""geo"", ""dim"": 2.0, ""idf"": 0.0, ""n"": ""(2, 3)"", ""normalize"": true, ""position_weight"": 0.0}",tune,False,150,0.78814,0.78814,0.82106,0.7,0.93333,0.99333,2.16057
norvig,"v7 n=(2, 3) idf=0.0 dim=2.0 norm=True/geo pw=0.5",v7,"{""denominator"": ""geo"", ""dim"": 2.0, ""idf"": 0.0, ""n"": ""(2, 3)"", ""normalize"": true, ""position_weight"": 0.5}",tune,False,150,0.79458,0.79458,0.82766,0.70667,0.94,0.99333,2.21187
norvig,"v7 n=(2, 3) idf=0.0 dim=2.0 norm=True/geo pw=1.0",v7,"{""denominator"": ""geo"", ""dim"": 2.0, ""idf"": 0.0, ""n"": ""(2, 3)"", ""normalize"": true, ""position_weight"": 1.0}",tune,False,150,0.80642,0.80642,0.8364,0.72667,0.94,0.99333,2.22495
norvig,"v7 n=(2, 3) idf=1.0 dim=1.0 norm=False/dice pw=0.0",v7,"{""denominator"": ""dice"", ""dim"": 1.0, ""idf"": 1.0, ""n"": ""(2, 3)"", ""normalize"": false, ""position_weight"": 0.0}",tune,False,150,0.75371,0.75371,0.79201,0.68,0.92,0.95333,1.43122
norvig,"v7 n=(2, 3) idf=1.0 dim=1.0 norm=False/dice pw=0.5",v7,"{""denominator"": ""dice"", ""dim"": 1.0, ""idf"": 1.0, ""n"": ""(2, 3)"", ""normalize"": false, ""position_weight"": 0.5}",tune,False,150,0.77659,0.77659,0.81159,0.70667,0.92667,0.95333,1.43804
norvig,"v7 n=(2, 3) idf=1.0 dim=1.0 norm=False/dice pw=1.0",v7,"{""denominator"": ""dice"", ""dim"": 1.0, ""idf"": 1.0, ""n"": ""(2, 3)"", ""normalize"": false, ""position_weight"": 1.0}",tune,False,150,0.78998,0.78998,0.82196,0.72,0.92667,0.95333,1.45117
norvig,"v7 n=(2, 3) idf=1.0 dim=1.0 norm=True/dice pw=0.0",v7,"{""denominator"": ""dice"", ""dim"": 1.0, ""idf"": 1.0, ""n"": ""(2, 3)"", ""normalize"": true, ""position_weight"": 0.0}",tune,False,150,0.78059,0.78059,0.81359,0.70667,0.92667,0.98,2.23206
norvig,"v7 n=(2, 3) idf=1.0 dim=1.0 norm=True/dice pw=0.5",v7,"{""denominator"": ""dice"", ""dim"": 1.0, ""idf"": 1.0, ""n"": ""(2, 3)"", ""normalize"": true, ""position_weight"": 0.5}",tune,False,150,0.79337,0.79337,0.82535,0.72,0.93333,0.98,2.41552
norvig,"v7 n=(2, 3) idf=1.0 dim=1.0 norm=True/dice pw=1.0",v7,"{""denominator"": ""dice"", ""dim"": 1.0, ""idf"": 1.0, ""n"": ""(2, 3)"", ""normalize"": true, ""position_weight"": 1.0}",tune,False,150,0.7962,0.7962,0.8296,0.72,0.94,0.98,2.22016
norvig,"v7 n=(2, 3) idf=1.0 dim=1.0 norm=True/geo pw=0.0",v7,"{""denominator"": ""geo"", ""dim"": 1.0, ""idf"": 1.0, ""n"": ""(2, 3)"", ""normalize"": true, ""position_weight"": 0.0}",tune,False,150,0.77181,0.77181,0.80709,0.69333,0.92667,0.97333,2.36697
norvig,"v7 n=(2, 3) idf=1.0 dim=1.0 norm=True/geo pw=0.5",v7,"{""denominator"": ""geo"", ""dim"": 1.0, ""idf"": 1.0, ""n"": ""(2, 3)"", ""normalize"": true, ""position_weight"": 0.5}",tune,False,150,0.78048,0.78048,0.81373,0.7,0.92667,0.98,2.26014
norvig,"v7 n=(2, 3) idf=1.0 dim=1.0 norm=True/geo pw=1.0",v7,"{""denominator"": ""geo"", ""dim"": 1.0, ""idf"": 1.0, ""n"": ""(2, 3)"", ""normalize"": true, ""position_weight"": 1.0}",tune,False,150,0.79016,0.79016,0.82305,0.71333,0.93333,0.98,1.98409
norvig,"v7 n=(2, 3) idf=1.0 dim=2.0 norm=False/dice pw=0.0",v7,"{""denominator"": ""dice"", ""dim"": 2.0, ""idf"": 1.0, ""n"": ""(2, 3)"", ""normalize"": false, ""position_weight"": 0.0}",tune,False,150,0.75247,0.75247,0.79096,0.68,0.92,0.95333,1.7422
norvig,"v7 n=(2, 3) idf=1.0 dim=2.0 norm=False/dice pw=0.5",v7,"{""denominator"": ""dice"", ""dim"": 2.0, ""idf"": 1.0, ""n"": ""(2, 3)"", ""normalize"": false, ""position_weight"": 0.5}",tune,False,150,0.77659,0.77659,0.81159,0.70667,0.92667,0.95333,1.80567
norvig,"v7 n=(2, 3) idf=1.0 dim=2.0 norm=False/dice pw=1.0",v7,"{""denominator"": ""dice"", ""dim"": 2.0, ""idf"": 1.0, ""n"": ""(2, 3)"", ""normalize"": false, ""position_weight"": 1.0}",tune,False,150,0.77816,0.77816,0.81309,0.7,0.92667,0.95333,1.72354
norvig,"v7 n=(2, 3) idf=1.0 dim=2.0 norm=True/dice pw=0.0",v7,"{""denominator"": ""dice"", ""dim"": 2.0, ""idf"": 1.0, ""n"": ""(2, 3)"", ""normalize"": true, ""position_weight"": 0.0}",tune,False,150,0.78415,0.78415,0.81797,0.70667,0.93333,0.99333,2.2565
norvig,"v7 n=(2, 3) idf=1.0 dim=2.0 norm=True/dice pw=0.5",v7,"{""denominator"": ""dice"", ""dim"": 2.0, ""idf"": 1.0, ""n"": ""(2, 3)"", ""normalize"": true, ""position_weight"": 0.5}",tune,False,150,0.7954,0.7954,0.82851,0.72,0.94,0.99333,2.32432
norvig,"v7 n=(2, 3) idf=1.0 dim=2.0 norm=True/dice pw=1.0",v7,"{""denominator"": ""dice"", ""dim"": 2.0, ""idf"": 1.0, ""n"": ""(2, 3)"", ""normalize"": true, ""position_weight"": 1.0}",tune,False,150,0.79802,0.79802,0.83068,0.72,0.94,0.99333,2.19111
norvig,"v7 n=(2, 3) idf=1.0 dim=2.0 norm=True/geo pw=0.0",v7,"{""denominator"": ""geo"", ""dim"": 2.0, ""idf"": 1.0, ""n"": ""(2, 3)"", ""normalize"": true, ""position_weight"": 0.0}",tune,False,150,0.7737,0.7737,0.80815,0.69333,0.92667,0.99333,2.23245
norvig,"v7 n=(2, 3) idf=1.0 dim=2.0 norm=True/geo pw=0.5",v7,"{""denominator"": ""geo"", ""dim"": 2.0, ""idf"": 1.0, ""n"": ""(2, 3)"", ""normalize"": true, ""position_weight"": 0.5}",tune,False,150,0.78297,0.78297,0.81925,0.7,0.94,0.99333,2.49822
norvig,"v7 n=(2, 3) idf=1.0 dim=2.0 norm=True/geo pw=1.0",v7,"{""denominator"": ""geo"", ""dim"": 2.0, ""idf"": 1.0, ""n"": ""(2, 3)"", ""normalize"": true, ""position_weight"": 1.0}",tune,False,150,0.7927,0.7927,0.82666,0.71333,0.94,0.99333,2.36862
norvig,"v7 n=(2, 3) idf=2.0 dim=1.0 norm=False/dice pw=0.0",v7,"{""denominator"": ""dice"", ""dim"": 1.0, ""idf"": 2.0, ""n"": ""(2, 3)"", ""normalize"": false, ""position_weight"": 0.0}",tune,False,150,0.70479,0.70479,0.73953,0.63333,0.86667,0.94667,1.44309
norvig,"v7 n=(2, 3) idf=2.0 dim=1.0 norm=False/dice pw=0.5",v7,"{""denominator"": ""dice"", ""dim"": 1.0, ""idf"": 2.0, ""n"": ""(2, 3)"", ""normalize"": false, ""position_weight"": 0.5}",tune,False,150,0.71903,0.71903,0.75405,0.64667,0.88,0.95333,1.56055
norvig,"v7 n=(2, 3) idf=2.0 dim=1.0 norm=False/dice pw=1.0",v7,"{""denominator"": ""dice"", ""dim"": 1.0, ""idf"": 2.0, ""n"": ""(2, 3)"", ""normalize"": false, ""position_weight"": 1.0}",tune,False,150,0.72989,0.72989,0.76609,0.66,0.89333,0.95333,1.54043
norvig,"v7 n=(2, 3) idf=2.0 dim=1.0 norm=True/dice pw=0.0",v7,"{""denominator"": ""dice"", ""dim"": 1.0, ""idf"": 2.0, ""n"": ""(2, 3)"", ""normalize"": true, ""position_weight"": 0.0}",tune,False,150,0.71801,0.71801,0.75385,0.63333,0.88,0.95333,2.22668
norvig,"v7 n=(2, 3) idf=2.0 dim=1.0 norm=True/dice pw=0.5",v7,"{""denominator"": ""dice"", ""dim"": 1.0, ""idf"": 2.0, ""n"": ""(2, 3)"", ""normalize"": true, ""position_weight"": 0.5}",tune,False,150,0.72849,0.72849,0.76339,0.64667,0.88667,0.96,2.05236
norvig,"v7 n=(2, 3) idf=2.0 dim=1.0 norm=True/dice pw=1.0",v7,"{""denominator"": ""dice"", ""dim"": 1.0, ""idf"": 2.0, ""n"": ""(2, 3)"", ""normalize"": true, ""position_weight"": 1.0}",tune,False,150,0.74163,0.74163,0.77522,0.66,0.89333,0.96667,2.00081
norvig,"v7 n=(2, 3) idf=2.0 dim=1.0 norm=True/geo pw=0.0",v7,"{""denominator"": ""geo"", ""dim"": 1.0, ""idf"": 2.0, ""n"": ""(2, 3)"", ""normalize"": true, ""position_weight"": 0.0}",tune,False,150,0.71126,0.71126,0.7488,0.62,0.88,0.96,2.12014
norvig,"v7 n=(2, 3) idf=2.0 dim=1.0 norm=True/geo pw=0.5",v7,"{""denominator"": ""geo"", ""dim"": 1.0, ""idf"": 2.0, ""n"": ""(2, 3)"", ""normalize"": true, ""position_weight"": 0.5}",tune,False,150,0.72765,0.72765,0.76273,0.64667,0.88667,0.96,2.12608
norvig,"v7 n=(2, 3) idf=2.0 dim=1.0 norm=True/geo pw=1.0",v7,"{""denominator"": ""geo"", ""dim"": 1.0, ""idf"": 2.0, ""n"": ""(2, 3)"", ""normalize"": true, ""position_weight"": 1.0}",tune,False,150,0.7315,0.7315,0.76747,0.64667,0.89333,0.96667,2.15332
norvig,"v7 n=(2, 3) idf=2.0 dim=2.0 norm=False/dice pw=0.0",v7,"{""denominator"": ""dice"", ""dim"": 2.0, ""idf"": 2.0, ""n"": ""(2, 3)"", ""normalize"": false, ""position_weight"": 0.0}",tune,False,150,0.71085,0.71085,0.74387,0.64667,0.86667,0.95333,1.88998
norvig,"v7 n=(2, 3) idf=2.0 dim=2.0 norm=False/dice pw=0.5",v7,"{""denominator"": ""dice"", ""dim"": 2.0, ""idf"": 2.0, ""n"": ""(2, 3)"", ""normalize"": false, ""position_weight"": 0.5}",tune,False,150,0.7216,0.7216,0.75224,0.65333,0.86667,0.95333,1.87027
norvig,"v7 n=(2, 3) idf=2.0 dim=2.0 norm=False/dice pw=1.0",v7,"{""denominator"": ""dice"", ""dim"": 2.0, ""idf"": 2.0, ""n"": ""(2, 3)"", ""normalize"": false, ""position_weight"": 1.0}",tune,False,150,0.72021,0.72021,0.75487,0.64667,0.88,0.95333,1.72026
norvig,"v7 n=(2, 3) idf=2.0 dim=2.0 norm=True/dice pw=0.0",v7,"{""denominator"": ""dice"", ""dim"": 2.0, ""idf"": 2.0, ""n"": ""(2, 3)"", ""normalize"": true, ""position_weight"": 0.0}",tune,False,150,0.71524,0.71524,0.75177,0.63333,0.88,0.95333,2.3443
norvig,"v7 n=(2, 3) idf=2.0 dim=2.0 norm=True/dice pw=0.5",v7,"{""denominator"": ""dice"", ""dim"": 2.0, ""idf"": 2.0, ""n"": ""(2, 3)"", ""normalize"": true, ""position_weight"": 0.5}",tune,False,150,0.72665,0.72665,0.76392,0.64667,0.89333,0.95333,2.32451
norvig,"v7 n=(2, 3) idf=2.0 dim=2.0 norm=True/dice pw=1.0",v7,"{""denominator"": ""dice"", ""dim"": 2.0, ""idf"": 2.0, ""n"": ""(2, 3)"", ""normalize"": true, ""position_weight"": 1.0}",tune,False,150,0.7356,0.7356,0.7708,0.65333,0.89333,0.96667,2.20992
norvig,"v7 n=(2, 3) idf=2.0 dim=2.0 norm=True/geo pw=0.0",v7,"{""denominator"": ""geo"", ""dim"": 2.0, ""idf"": 2.0, ""n"": ""(2, 3)"", ""normalize"": true, ""position_weight"": 0.0}",tune,False,150,0.70742,0.70742,0.74414,0.62,0.87333,0.94667,2.34392
norvig,"v7 n=(2, 3) idf=2.0 dim=2.0 norm=True/geo pw=0.5",v7,"{""denominator"": ""geo"", ""dim"": 2.0, ""idf"": 2.0, ""n"": ""(2, 3)"", ""normalize"": true, ""position_weight"": 0.5}",tune,False,150,0.72248,0.72248,0.75875,0.64,0.88667,0.96,2.63581
norvig,"v7 n=(2, 3) idf=2.0 dim=2.0 norm=True/geo pw=1.0",v7,"{""denominator"": ""geo"", ""dim"": 2.0, ""idf"": 2.0, ""n"": ""(2, 3)"", ""normalize"": true, ""position_weight"": 1.0}",tune,False,150,0.7295,0.7295,0.76605,0.64667,0.89333,0.96667,2.74494
norvig,"v7 n=(2, 3) idf=3.0 dim=1.0 norm=False/dice pw=0.0",v7,"{""denominator"": ""dice"", ""dim"": 1.0, ""idf"": 3.0, ""n"": ""(2, 3)"", ""normalize"": false, ""position_weight"": 0.0}",tune,False,150,0.61631,0.61631,0.65231,0.52667,0.79333,0.94,1.39707
norvig,"v7 n=(2, 3) idf=3.0 dim=1.0 norm=False/dice pw=0.5",v7,"{""denominator"": ""dice"", ""dim"": 1.0, ""idf"": 3.0, ""n"": ""(2, 3)"", ""normalize"": false, ""position_weight"": 0.5}",tune,False,150,0.64024,0.64024,0.68144,0.54667,0.83333,0.94,1.53
norvig,"v7 n=(2, 3) idf=3.0 dim=1.0 norm=False/dice pw=1.0",v7,"{""denominator"": ""dice"", ""dim"": 1.0, ""idf"": 3.0, ""n"": ""(2, 3)"", ""normalize"": false, ""position_weight"": 1.0}",tune,False,150,0.65665,0.65665,0.69574,0.56667,0.84,0.94667,1.5135
norvig,"v7 n=(2, 3) idf=3.0 dim=1.0 norm=True/dice pw=0.0",v7,"{""denominator"": ""dice"", ""dim"": 1.0, ""idf"": 3.0, ""n"": ""(2, 3)"", ""normalize"": true, ""position_weight"": 0.0}",tune,False,150,0.61675,0.61675,0.66686,0.51333,0.84,0.94,2.06288
norvig,"v7 n=(2, 3) idf=3.0 dim=1.0 norm=True/dice pw=0.5",v7,"{""denominator"": ""dice"", ""dim"": 1.0, ""idf"": 3.0, ""n"": ""(2, 3)"", ""normalize"": true, ""position_weight"": 0.5}",tune,False,150,0.64069,0.64069,0.68536,0.54,0.84,0.94,2.11672
norvig,"v7 n=(2, 3) idf=3.0 dim=1.0 norm=True/dice pw=1.0",v7,"{""denominator"": ""dice"", ""dim"": 1.0, ""idf"": 3.0, ""n"": ""(2, 3)"", ""normalize"": true, ""position_weight"": 1.0}",tune,False,150,0.65809,0.65809,0.70048,0.56,0.84667,0.94,2.06697
norvig,"v7 n=(2, 3) idf=3.0 dim=1.0 norm=True/geo pw=0.0",v7,"{""denominator"": ""geo"", ""dim"": 1.0, ""idf"": 3.0, ""n"": ""(2, 3)"", ""normalize"": true, ""position_weight"": 0.0}",tune,False,150,0.61069,0.61069,0.66426,0.5,0.84667,0.94,2.06375
norvig,"v7 n=(2, 3) idf=3.0 dim=1.0 norm=True/geo pw=0.5",v7,"{""denominator"": ""geo"", ""dim"": 1.0, ""idf"": 3.0, ""n"": ""(2, 3)"", ""normalize"": true, ""position_weight"": 0.5}",tune,False,150,0.63725,0.63725,0.68615,0.54,0.85333,0.94,2.15719
norvig,"v7 n=(2, 3) idf=3.0 dim=1.0 norm=True/geo pw=1.0",v7,"{""denominator"": ""geo"", ""dim"": 1.0, ""idf"": 3.0, ""n"": ""(2, 3)"", ""normalize"": true, ""position_weight"": 1.0}",tune,False,150,0.66115,0.66115,0.70444,0.56667,0.85333,0.94,2.08254
norvig,"v7 n=(2, 3) idf=3.0 dim=2.0 norm=False/dice pw=0.0",v7,"{""denominator"": ""dice"", ""dim"": 2.0, ""idf"": 3.0, ""n"": ""(2, 3)"", ""normalize"": false, ""position_weight"": 0.0}",tune,False,150,0.59243,0.59243,0.62894,0.5,0.77333,0.94,1.69392
norvig,"v7 n=(2, 3) idf=3.0 dim=2.0 norm=False/dice pw=0.5",v7,"{""denominator"": ""dice"", ""dim"": 2.0, ""idf"": 3.0, ""n"": ""(2, 3)"", ""normalize"": false, ""position_weight"": 0.5}",tune,False,150,0.61522,0.61522,0.64961,0.52,0.78667,0.94,1.78521
norvig,"v7 n=(2, 3) idf=3.0 dim=2.0 norm=False/dice pw=1.0",v7,"{""denominator"": ""dice"", ""dim"": 2.0, ""idf"": 3.0, ""n"": ""(2, 3)"", ""normalize"": false, ""position_weight"": 1.0}",tune,False,150,0.62871,0.62871,0.66733,0.53333,0.81333,0.94667,1.6095
norvig,"v7 n=(2, 3) idf=3.0 dim=2.0 norm=True/dice pw=0.0",v7,"{""denominator"": ""dice"", ""dim"": 2.0, ""idf"": 3.0, ""n"": ""(2, 3)"", ""normalize"": true, ""position_weight"": 0.0}",tune,False,150,0.62166,0.62166,0.66957,0.52667,0.83333,0.91333,2.37543
norvig,"v7 n=(2, 3) idf=3.0 dim=2.0 norm=True/dice pw=0.5",v7,"{""denominator"": ""dice"", ""dim"": 2.0, ""idf"": 3.0, ""n"": ""(2, 3)"", ""normalize"": true, ""position_weight"": 0.5}",tune,False,150,0.65052,0.65052,0.69117,0.56,0.83333,0.93333,2.21038
norvig,"v7 n=(2, 3) idf=3.0 dim=2.0 norm=True/dice pw=1.0",v7,"{""denominator"": ""dice"", ""dim"": 2.0, ""idf"": 3.0, ""n"": ""(2, 3)"", ""normalize"": true, ""position_weight"": 1.0}",tune,False,150,0.66499,0.66499,0.704,0.58,0.84,0.94,2.39485
norvig,"v7 n=(2, 3) idf=3.0 dim=2.0 norm=True/geo pw=0.0",v7,"{""denominator"": ""geo"", ""dim"": 2.0, ""idf"": 3.0, ""n"": ""(2, 3)"", ""normalize"": true, ""position_weight"": 0.0}",tune,False,150,0.61185,0.61185,0.66413,0.50667,0.84,0.91333,2.28863
norvig,"v7 n=(2, 3) idf=3.0 dim=2.0 norm=True/geo pw=0.5",v7,"{""denominator"": ""geo"", ""dim"": 2.0, ""idf"": 3.0, ""n"": ""(2, 3)"", ""normalize"": true, ""position_weight"": 0.5}",tune,False,150,0.64705,0.64705,0.69056,0.55333,0.84,0.92667,2.39142
norvig,"v7 n=(2, 3) idf=3.0 dim=2.0 norm=True/geo pw=1.0",v7,"{""denominator"": ""geo"", ""dim"": 2.0, ""idf"": 3.0, ""n"": ""(2, 3)"", ""normalize"": true, ""position_weight"": 1.0}",tune,False,150,0.66469,0.66469,0.70743,0.57333,0.85333,0.94,2.32265
norvig,"v7 n=(2, 4) idf=0.0 dim=1.0 norm=False/dice pw=0.0",v7,"{""denominator"": ""dice"", ""dim"": 1.0, ""idf"": 0.0, ""n"": ""(2, 4)"", ""normalize"": false, ""position_weight"": 0.0}",tune,False,150,0.71916,0.71916,0.759,0.64,0.89333,0.94667,1.47839
norvig,"v7 n=(2, 4) idf=0.0 dim=1.0 norm=False/dice pw=0.5",v7,"{""denominator"": ""dice"", ""dim"": 1.0, ""idf"": 0.0, ""n"": ""(2, 4)"", ""normalize"": false, ""position_weight"": 0.5}",tune,False,150,0.78951,0.78951,0.81963,0.72,0.92,0.96667,1.41401
norvig,"v7 n=(2, 4) idf=0.0 dim=1.0 norm=False/dice pw=1.0",v7,"{""denominator"": ""dice"", ""dim"": 1.0, ""idf"": 0.0, ""n"": ""(2, 4)"", ""normalize"": false, ""position_weight"": 1.0}",tune,False,150,0.78951,0.78951,0.81963,0.72,0.92,0.96667,1.33508
norvig,"v7 n=(2, 4) idf=0.0 dim=1.0 norm=True/dice pw=0.0",v7,"{""denominator"": ""dice"", ""dim"": 1.0, ""idf"": 0.0, ""n"": ""(2, 4)"", ""normalize"": true, ""position_weight"": 0.0}",tune,False,150,0.74706,0.74706,0.78167,0.66,0.9,0.97333,1.86461
norvig,"v7 n=(2, 4) idf=0.0 dim=1.0 norm=True/dice pw=0.5",v7,"{""denominator"": ""dice"", ""dim"": 1.0, ""idf"": 0.0, ""n"": ""(2, 4)"", ""normalize"": true, ""position_weight"": 0.5}",tune,False,150,0.75231,0.75231,0.78551,0.66667,0.9,0.97333,1.84946
norvig,"v7 n=(2, 4) idf=0.0 dim=1.0 norm=True/dice pw=1.0",v7,"{""denominator"": ""dice"", ""dim"": 1.0, ""idf"": 0.0, ""n"": ""(2, 4)"", ""normalize"": true, ""position_weight"": 1.0}",tune,False,150,0.75019,0.75019,0.78393,0.66,0.9,0.97333,1.96816
norvig,"v7 n=(2, 4) idf=0.0 dim=1.0 norm=True/geo pw=0.0",v7,"{""denominator"": ""geo"", ""dim"": 1.0, ""idf"": 0.0, ""n"": ""(2, 4)"", ""normalize"": true, ""position_weight"": 0.0}",tune,False,150,0.74414,0.74414,0.77767,0.66,0.89333,0.96667,1.97969
norvig,"v7 n=(2, 4) idf=0.0 dim=1.0 norm=True/geo pw=0.5",v7,"{""denominator"": ""geo"", ""dim"": 1.0, ""idf"": 0.0, ""n"": ""(2, 4)"", ""normalize"": true, ""position_weight"": 0.5}",tune,False,150,0.75065,0.75065,0.78427,0.66667,0.9,0.97333,2.04339
norvig,"v7 n=(2, 4) idf=0.0 dim=1.0 norm=True/geo pw=1.0",v7,"{""denominator"": ""geo"", ""dim"": 1.0, ""idf"": 0.0, ""n"": ""(2, 4)"", ""normalize"": true, ""position_weight"": 1.0}",tune,False,150,0.74895,0.74895,0.78305,0.66,0.9,0.97333,1.98839
norvig,"v7 n=(2, 4) idf=0.0 dim=2.0 norm=False/dice pw=0.0",v7,"{""denominator"": ""dice"", ""dim"": 2.0, ""idf"": 0.0, ""n"": ""(2, 4)"", ""normalize"": false, ""position_weight"": 0.0}",tune,False,150,0.7672,0.7672,0.79702,0.69333,0.9,0.96,1.68156
norvig,"v7 n=(2, 4) idf=0.0 dim=2.0 norm=False/dice pw=0.5",v7,"{""denominator"": ""dice"", ""dim"": 2.0, ""idf"": 0.0, ""n"": ""(2, 4)"", ""normalize"": false, ""position_weight"": 0.5}",tune,False,150,0.79923,0.79923,0.82632,0.73333,0.92,0.97333,1.65335
norvig,"v7 n=(2, 4) idf=0.0 dim=2.0 norm=False/dice pw=1.0",v7,"{""denominator"": ""dice"", ""dim"": 2.0, ""idf"": 0.0, ""n"": ""(2, 4)"", ""normalize"": false, ""position_weight"": 1.0}",tune,False,150,0.8036,0.8036,0.82924,0.74,0.92,0.98667,1.55231
norvig,"v7 n=(2, 4) idf=0.0 dim=2.0 norm=True/dice pw=0.0",v7,"{""denominator"": ""dice"", ""dim"": 2.0, ""idf"": 0.0, ""n"": ""(2, 4)"", ""normalize"": true, ""position_weight"": 0.0}",tune,False,150,0.77449,0.77449,0.80925,0.68,0.92667,0.99333,2.12851
norvig,"v7 n=(2, 4) idf=0.0 dim=2.0 norm=True/dice pw=0.5",v7,"{""denominator"": ""dice"", ""dim"": 2.0, ""idf"": 0.0, ""n"": ""(2, 4)"", ""normalize"": true, ""position_weight"": 0.5}",tune,False,150,0.78104,0.78104,0.81578,0.68667,0.93333,0.99333,2.12489
norvig,"v7 n=(2, 4) idf=0.0 dim=2.0 norm=True/dice pw=1.0",v7,"{""denominator"": ""dice"", ""dim"": 2.0, ""idf"": 0.0, ""n"": ""(2, 4)"", ""normalize"": true, ""position_weight"": 1.0}",tune,False,150,0.78488,0.78488,0.81882,0.68667,0.93333,0.99333,2.09751
norvig,"v7 n=(2, 4) idf=0.0 dim=2.0 norm=True/geo pw=0.0",v7,"{""denominator"": ""geo"", ""dim"": 2.0, ""idf"": 0.0, ""n"": ""(2, 4)"", ""normalize"": true, ""position_weight"": 0.0}",tune,False,150,0.77288,0.77288,0.80449,0.68,0.91333,0.99333,2.20031
norvig,"v7 n=(2, 4) idf=0.0 dim=2.0 norm=True/geo pw=0.5",v7,"{""denominator"": ""geo"", ""dim"": 2.0, ""idf"": 0.0, ""n"": ""(2, 4)"", ""normalize"": true, ""position_weight"": 0.5}",tune,False,150,0.7783,0.7783,0.81205,0.68667,0.92667,0.99333,2.25735
norvig,"v7 n=(2, 4) idf=0.0 dim=2.0 norm=True/geo pw=1.0",v7,"{""denominator"": ""geo"", ""dim"": 2.0, ""idf"": 0.0, ""n"": ""(2, 4)"", ""normalize"": true, ""position_weight"": 1.0}",tune,False,150,0.78115,0.78115,0.8159,0.68667,0.93333,0.99333,2.08661
norvig,"v7 n=(2, 4) idf=1.0 dim=1.0 norm=False/dice pw=0.0",v7,"{""denominator"": ""dice"", ""dim"": 1.0, ""idf"": 1.0, ""n"": ""(2, 4)"", ""normalize"": false, ""position_weight"": 0.0}",tune,False,150,0.68272,0.68272,0.72135,0.60667,0.86,0.94,1.43997
norvig,"v7 n=(2, 4) idf=1.0 dim=1.0 norm=False/dice pw=0.5",v7,"{""denominator"": ""dice"", ""dim"": 1.0, ""idf"": 1.0, ""n"": ""(2, 4)"", ""normalize"": false, ""position_weight"": 0.5}",tune,False,150,0.71417,0.71417,0.7472,0.64,0.86667,0.94667,1.45338
norvig,"v7 n=(2, 4) idf=1.0 dim=1.0 norm=False/dice pw=1.0",v7,"{""denominator"": ""dice"", ""dim"": 1.0, ""idf"": 1.0, ""n"": ""(2, 4)"", ""normalize"": false, ""position_weight"": 1.0}",tune,False,150,0.71459,0.71459,0.74938,0.64,0.87333,0.94667,1.45233
norvig,"v7 n=(2, 4) idf=1.0 dim=1.0 norm=True/dice pw=0.0",v7,"{""denominator"": ""dice"", ""dim"": 1.0, ""idf"": 1.0, ""n"": ""(2, 4)"", ""normalize"": true, ""position_weight"": 0.0}",tune,False,150,0.72904,0.72904,0.76925,0.63333,0.90667,0.97333,2.03375
norvig,"v7 n=(2, 4) idf=1.0 dim=1.0 norm=True/dice pw=0.5",v7,"{""denominator"": ""dice"", ""dim"": 1.0, ""idf"": 1.0, ""n"": ""(2, 4)"", ""normalize"": true, ""position_weight"": 0.5}",tune,False,150,0.73502,0.73502,0.7759,0.64,0.91333,0.97333,1.97275
norvig,"v7 n=(2, 4) idf=1.0 dim=1.0 norm=True/dice pw=1.0",v7,"{""denominator"": ""dice"", ""dim"": 1.0, ""idf"": 1.0, ""n"": ""(2, 4)"", ""normalize"": true, ""position_weight"": 1.0}",tune,False,150,0.74031,0.74031,0.77996,0.64667,0.91333,0.97333,2.06673
norvig,"v7 n=(2, 4) idf=1.0 dim=1.0 norm=True/geo pw=0.0",v7,"{""denominator"": ""geo"", ""dim"": 1.0, ""idf"": 1.0, ""n"": ""(2, 4)"", ""normalize"": true, ""position_weight"": 0.0}",tune,False,150,0.72519,0.72519,0.76465,0.62667,0.9,0.96667,2.07682
norvig,"v7 n=(2, 4) idf=1.0 dim=1.0 norm=True/geo pw=0.5",v7,"{""denominator"": ""geo"", ""dim"": 1.0, ""idf"": 1.0, ""n"": ""(2, 4)"", ""normalize"": true, ""position_weight"": 0.5}",tune,False,150,0.73354,0.73354,0.77474,0.64,0.91333,0.96667,2.10635
norvig,"v7 n=(2, 4) idf=1.0 dim=1.0 norm=True/geo pw=1.0",v7,"{""denominator"": ""geo"", ""dim"": 1.0, ""idf"": 1.0, ""n"": ""(2, 4)"", ""normalize"": true, ""position_weight"": 1.0}",tune,False,150,0.73692,0.73692,0.77542,0.64667,0.90667,0.96667,1.99998
norvig,"v7 n=(2, 4) idf=1.0 dim=2.0 norm=False/dice pw=0.0",v7,"{""denominator"": ""dice"", ""dim"": 2.0, ""idf"": 1.0, ""n"": ""(2, 4)"", ""normalize"": false, ""position_weight"": 0.0}",tune,False,150,0.70258,0.70258,0.73899,0.62667,0.86667,0.93333,1.61362
norvig,"v7 n=(2, 4) idf=1.0 dim=2.0 norm=False/dice pw=0.5",v7,"{""denominator"": ""dice"", ""dim"": 2.0, ""idf"": 1.0, ""n"": ""(2, 4)"", ""normalize"": false, ""position_weight"": 0.5}",tune,False,150,0.72036,0.72036,0.7518,0.64667,0.86667,0.96,1.70411
norvig,"v7 n=(2, 4) idf=1.0 dim=2.0 norm=False/dice pw=1.0",v7,"{""denominator"": ""dice"", ""dim"": 2.0, ""idf"": 1.0, ""n"": ""(2, 4)"", ""normalize"": false, ""position_weight"": 1.0}",tune,False,150,0.72929,0.72929,0.76407,0.65333,0.88667,0.96667,1.68478
norvig,"v7 n=(2, 4) idf=1.0 dim=2.0 norm=True/dice pw=0.0",v7,"{""denominator"": ""dice"", ""dim"": 2.0, ""idf"": 1.0, ""n"": ""(2, 4)"", ""normalize"": true, ""position_weight"": 0.0}",tune,False,150,0.77158,0.77158,0.8085,0.68667,0.93333,0.99333,2.52885
norvig,"v7 n=(2, 4) idf=1.0 dim=2.0 norm=True/dice pw=0.5",v7,"{""denominator"": ""dice"", ""dim"": 2.0, ""idf"": 1.0, ""n"": ""(2, 4)"", ""normalize"": true, ""position_weight"": 0.5}",tune,False,150,0.77908,0.77908,0.81814,0.69333,0.94667,0.99333,2.26254
norvig,"v7 n=(2, 4) idf=1.0 dim=2.0 norm=True/dice pw=1.0",v7,"{""denominator"": ""dice"", ""dim"": 2.0, ""idf"": 1.0, ""n"": ""(2, 4)"", ""normalize"": true, ""position_weight"": 1.0}",tune,False,150,0.78838,0.78838,0.82537,0.7,0.94667,0.99333,2.10232
norvig,"v7 n=(2, 4) idf=1.0 dim=2.0 norm=True/geo pw=0.0",v7,"{""denominator"": ""geo"", ""dim"": 2.0, ""idf"": 1.0, ""n"": ""(2, 4)"", ""normalize"": true, ""position_weight"": 0.0}",tune,False,150,0.7644,0.7644,0.80298,0.68,0.93333,0.99333,2.53773
norvig,"v7 n=(2, 4) idf=1.0 dim=2.0 norm=True/geo pw=0.5",v7,"{""denominator"": ""geo"", ""dim"": 2.0, ""idf"": 1.0, ""n"": ""(2, 4)"", ""normalize"": true, ""position_weight"": 0.5}",tune,False,150,0.77173,0.77173,0.81045,0.68667,0.94,0.99333,2.32386
norvig,"v7 n=(2, 4) idf=1.0 dim=2.0 norm=True/geo pw=1.0",v7,"{""denominator"": ""geo"", ""dim"": 2.0, ""idf"": 1.0, ""n"": ""(2, 4)"", ""normalize"": true, ""position_weight"": 1.0}",tune,False,150,0.77774,0.77774,0.81727,0.68667,0.94667,0.99333,2.35319
norvig,"v7 n=(2, 4) idf=2.0 dim=1.0 norm=False/dice pw=0.0",v7,"{""denominator"": ""dice"", ""dim"": 1.0, ""idf"": 2.0, ""n"": ""(2, 4)"", ""normalize"": false, ""position_weight"": 0.0}",tune,False,150,0.64025,0.64025,0.68109,0.55333,0.82667,0.92667,2.0315
norvig,"v7 n=(2, 4) idf=2.0 dim=1.0 norm=False/dice pw=0.5",v7,"{""denominator"": ""dice"", ""dim"": 1.0, ""idf"": 2.0, ""n"": ""(2, 4)"", ""normalize"": false, ""position_weight"": 0.5}",tune,False,150,0.65366,0.65366,0.69299,0.56667,0.83333,0.92667,1.62273
norvig,"v7 n=(2, 4) idf=2.0 dim=1.0 norm=False/dice pw=1.0",v7,"{""denominator"": ""dice"", ""dim"": 1.0, ""idf"": 2.0, ""n"": ""(2, 4)"", ""normalize"": false, ""position_weight"": 1.0}",tune,False,150,0.65996,0.65996,0.69964,0.57333,0.84,0.92667,1.58063
norvig,"v7 n=(2, 4) idf=2.0 dim=1.0 norm=True/dice pw=0.0",v7,"{""denominator"": ""dice"", ""dim"": 1.0, ""idf"": 2.0, ""n"": ""(2, 4)"", ""normalize"": true, ""position_weight"": 0.0}",tune,False,150,0.71222,0.71222,0.75183,0.62667,0.88667,0.94667,2.26074
norvig,"v7 n=(2, 4) idf=2.0 dim=1.0 norm=True/dice pw=0.5",v7,"{""denominator"": ""dice"", ""dim"": 1.0, ""idf"": 2.0, ""n"": ""(2, 4)"", ""normalize"": true, ""position_weight"": 0.5}",tune,False,150,0.71227,0.71227,0.7555,0.62,0.9,0.95333,2.53717
norvig,"v7 n=(2, 4) idf=2.0 dim=1.0 norm=True/dice pw=1.0",v7,"{""denominator"": ""dice"", ""dim"": 1.0, ""idf"": 2.0, ""n"": ""(2, 4)"", ""normalize"": true, ""position_weight"": 1.0}",tune,False,150,0.71774,0.71774,0.75976,0.62667,0.9,0.95333,2.93735
norvig,"v7 n=(2, 4) idf=2.0 dim=1.0 norm=True/geo pw=0.0",v7,"{""denominator"": ""geo"", ""dim"": 1.0, ""idf"": 2.0, ""n"": ""(2, 4)"", ""normalize"": true, ""position_weight"": 0.0}",tune,False,150,0.70121,0.70121,0.74362,0.60667,0.88667,0.94667,3.60722
norvig,"v7 n=(2, 4) idf=2.0 dim=1.0 norm=True/geo pw=0.5",v7,"{""denominator"": ""geo"", ""dim"": 1.0, ""idf"": 2.0, ""n"": ""(2, 4)"", ""normalize"": true, ""position_weight"": 0.5}",tune,False,150,0.7084,0.7084,0.75253,0.61333,0.9,0.95333,3.26573
norvig,"v7 n=(2, 4) idf=2.0 dim=1.0 norm=True/geo pw=1.0",v7,"{""denominator"": ""geo"", ""dim"": 1.0, ""idf"": 2.0, ""n"": ""(2, 4)"", ""normalize"": true, ""position_weight"": 1.0}",tune,False,150,0.71388,0.71388,0.75687,0.62,0.9,0.95333,2.72288
norvig,"v7 n=(2, 4) idf=2.0 dim=2.0 norm=False/dice pw=0.0",v7,"{""denominator"": ""dice"", ""dim"": 2.0, ""idf"": 2.0, ""n"": ""(2, 4)"", ""normalize"": false, ""position_weight"": 0.0}",tune,False,150,0.59609,0.59609,0.64531,0.49333,0.82,0.92667,2.37656
norvig,"v7 n=(2, 4) idf=2.0 dim=2.0 norm=False/dice pw=0.5",v7,"{""denominator"": ""dice"", ""dim"": 2.0, ""idf"": 2.0, ""n"": ""(2, 4)"", ""normalize"": false, ""position_weight"": 0.5}",tune,False,150,0.60786,0.60786,0.65621,0.5,0.82667,0.92667,2.22871
norvig,"v7 n=(2, 4) idf=2.0 dim=2.0 norm=False/dice pw=1.0",v7,"{""denominator"": ""dice"", ""dim"": 2.0, ""idf"": 2.0, ""n"": ""(2, 4)"", ""normalize"": false, ""position_weight"": 1.0}",tune,False,150,0.61671,0.61671,0.66458,0.51333,0.83333,0.92667,2.17677
norvig,"v7 n=(2, 4) idf=2.0 dim=2.0 norm=True/dice pw=0.0",v7,"{""denominator"": ""dice"", ""dim"": 2.0, ""idf"": 2.0, ""n"": ""(2, 4)"", ""normalize"": true, ""position_weight"": 0.0}",tune,False,150,0.72292,0.72292,0.75667,0.63333,0.87333,0.94667,3.18553
norvig,"v7 n=(2, 4) idf=2.0 dim=2.0 norm=True/dice pw=0.5",v7,"{""denominator"": ""dice"", ""dim"": 2.0, ""idf"": 2.0, ""n"": ""(2, 4)"", ""normalize"": true, ""position_weight"": 0.5}",tune,False,150,0.72762,0.72762,0.7616,0.63333,0.88,0.96667,3.16513
norvig,"v7 n=(2, 4) idf=2.0 dim=2.0 norm=True/dice pw=1.0",v7,"{""denominator"": ""dice"", ""dim"": 2.0, ""idf"": 2.0, ""n"": ""(2, 4)"", ""normalize"": true, ""position_weight"": 1.0}",tune,False,150,0.73427,0.73427,0.77044,0.64,0.89333,0.96,3.79181
norvig,"v7 n=(2, 4) idf=2.0 dim=2.0 norm=True/geo pw=0.0",v7,"{""denominator"": ""geo"", ""dim"": 2.0, ""idf"": 2.0, ""n"": ""(2, 4)"", ""normalize"": true, ""position_weight"": 0.0}",tune,False,150,0.71516,0.71516,0.75058,0.62667,0.87333,0.94667,3.05172
norvig,"v7 n=(2, 4) idf=2.0 dim=2.0 norm=True/geo pw=0.5",v7,"{""denominator"": ""geo"", ""dim"": 2.0, ""idf"": 2.0, ""n"": ""(2, 4)"", ""normalize"": true, ""position_weight"": 0.5}",tune,False,150,0.72085,0.72085,0.75829,0.62667,0.88667,0.96,2.47487
norvig,"v7 n=(2, 4) idf=2.0 dim=2.0 norm=True/geo pw=1.0",v7,"{""denominator"": ""geo"", ""dim"": 2.0, ""idf"": 2.0, ""n"": ""(2, 4)"", ""normalize"": true, ""position_weight"": 1.0}",tune,False,150,0.72556,0.72556,0.76168,0.63333,0.88667,0.96,2.28326
norvig,"v7 n=(2, 4) idf=3.0 dim=1.0 norm=False/dice pw=0.0",v7,"{""denominator"": ""dice"", ""dim"": 1.0, ""idf"": 3.0, ""n"": ""(2, 4)"", ""normalize"": false, ""position_weight"": 0.0}",tune,False,150,0.58035,0.58035,0.62769,0.48,0.8,0.91333,1.49549
norvig,"v7 n=(2, 4) idf=3.0 dim=1.0 norm=False/dice pw=0.5",v7,"{""denominator"": ""dice"", ""dim"": 1.0, ""idf"": 3.0, ""n"": ""(2, 4)"", ""normalize"": false, ""position_weight"": 0.5}",tune,False,150,0.59495,0.59495,0.64072,0.49333,0.80667,0.92,1.46254
norvig,"v7 n=(2, 4) idf=3.0 dim=1.0 norm=False/dice pw=1.0",v7,"{""denominator"": ""dice"", ""dim"": 1.0, ""idf"": 3.0, ""n"": ""(2, 4)"", ""normalize"": false, ""position_weight"": 1.0}",tune,False,150,0.59393,0.59393,0.64019,0.48667,0.80667,0.92,1.45119
norvig,"v7 n=(2, 4) idf=3.0 dim=1.0 norm=True/dice pw=0.0",v7,"{""denominator"": ""dice"", ""dim"": 1.0, ""idf"": 3.0, ""n"": ""(2, 4)"", ""normalize"": true, ""position_weight"": 0.0}",tune,False,150,0.63761,0.63761,0.68541,0.53333,0.84667,0.92667,2.0646
norvig,"v7 n=(2, 4) idf=3.0 dim=1.0 norm=True/dice pw=0.5",v7,"{""denominator"": ""dice"", ""dim"": 1.0, ""idf"": 3.0, ""n"": ""(2, 4)"", ""normalize"": true, ""position_weight"": 0.5}",tune,False,150,0.66195,0.66195,0.70357,0.56667,0.84667,0.93333,2.09471
norvig,"v7 n=(2, 4) idf=3.0 dim=1.0 norm=True/dice pw=1.0",v7,"{""denominator"": ""dice"", ""dim"": 1.0, ""idf"": 3.0, ""n"": ""(2, 4)"", ""normalize"": true, ""position_weight"": 1.0}",tune,False,150,0.67971,0.67971,0.71679,0.59333,0.84667,0.93333,2.09442
norvig,"v7 n=(2, 4) idf=3.0 dim=1.0 norm=True/geo pw=0.0",v7,"{""denominator"": ""geo"", ""dim"": 1.0, ""idf"": 3.0, ""n"": ""(2, 4)"", ""normalize"": true, ""position_weight"": 0.0}",tune,False,150,0.6263,0.6263,0.67877,0.51333,0.85333,0.92667,2.07137
norvig,"v7 n=(2, 4) idf=3.0 dim=1.0 norm=True/geo pw=0.5",v7,"{""denominator"": ""geo"", ""dim"": 1.0, ""idf"": 3.0, ""n"": ""(2, 4)"", ""normalize"": true, ""position_weight"": 0.5}",tune,False,150,0.64597,0.64597,0.69379,0.53333,0.85333,0.93333,2.12518
norvig,"v7 n=(2, 4) idf=3.0 dim=1.0 norm=True/geo pw=1.0",v7,"{""denominator"": ""geo"", ""dim"": 1.0, ""idf"": 3.0, ""n"": ""(2, 4)"", ""normalize"": true, ""position_weight"": 1.0}",tune,False,150,0.67392,0.67392,0.71431,0.58,0.85333,0.93333,2.06217
norvig,"v7 n=(2, 4) idf=3.0 dim=2.0 norm=False/dice pw=0.0",v7,"{""denominator"": ""dice"", ""dim"": 2.0, ""idf"": 3.0, ""n"": ""(2, 4)"", ""normalize"": false, ""position_weight"": 0.0}",tune,False,150,0.54571,0.54571,0.59695,0.44667,0.78667,0.90667,1.5494
norvig,"v7 n=(2, 4) idf=3.0 dim=2.0 norm=False/dice pw=0.5",v7,"{""denominator"": ""dice"", ""dim"": 2.0, ""idf"": 3.0, ""n"": ""(2, 4)"", ""normalize"": false, ""position_weight"": 0.5}",tune,False,150,0.54989,0.54989,0.60669,0.42667,0.80667,0.90667,1.79267
norvig,"v7 n=(2, 4) idf=3.0 dim=2.0 norm=False/dice pw=1.0",v7,"{""denominator"": ""dice"", ""dim"": 2.0, ""idf"": 3.0, ""n"": ""(2, 4)"", ""normalize"": false, ""position_weight"": 1.0}",tune,False,150,0.54553,0.54553,0.60347,0.42,0.80667,0.90667,1.61197
norvig,"v7 n=(2, 4) idf=3.0 dim=2.0 norm=True/dice pw=0.0",v7,"{""denominator"": ""dice"", ""dim"": 2.0, ""idf"": 3.0, ""n"": ""(2, 4)"", ""normalize"": true, ""position_weight"": 0.0}",tune,False,150,0.63876,0.63876,0.68698,0.54,0.84667,0.90667,2.32127
norvig,"v7 n=(2, 4) idf=3.0 dim=2.0 norm=True/dice pw=0.5",v7,"{""denominator"": ""dice"", ""dim"": 2.0, ""idf"": 3.0, ""n"": ""(2, 4)"", ""normalize"": true, ""position_weight"": 0.5}",tune,False,150,0.65702,0.65702,0.70098,0.56,0.84667,0.90667,2.33779
norvig,"v7 n=(2, 4) idf=3.0 dim=2.0 norm=True/dice pw=1.0",v7,"{""denominator"": ""dice"", ""dim"": 2.0, ""idf"": 3.0, ""n"": ""(2, 4)"", ""normalize"": true, ""position_weight"": 1.0}",tune,False,150,0.66743,0.66743,0.70857,0.57333,0.84667,0.91333,2.2764
norvig,"v7 n=(2, 4) idf=3.0 dim=2.0 norm=True/geo pw=0.0",v7,"{""denominator"": ""geo"", ""dim"": 2.0, ""idf"": 3.0, ""n"": ""(2, 4)"", ""normalize"": true, ""position_weight"": 0.0}",tune,False,150,0.62063,0.62063,0.6712,0.50667,0.84,0.91333,2.5276
norvig,"v7 n=(2, 4) idf=3.0 dim=2.0 norm=True/geo pw=0.5",v7,"{""denominator"": ""geo"", ""dim"": 2.0, ""idf"": 3.0, ""n"": ""(2, 4)"", ""normalize"": true, ""position_weight"": 0.5}",tune,False,150,0.64503,0.64503,0.69356,0.54,0.85333,0.91333,2.29296
norvig,"v7 n=(2, 4) idf=3.0 dim=2.0 norm=True/geo pw=1.0",v7,"{""denominator"": ""geo"", ""dim"": 2.0, ""idf"": 3.0, ""n"": ""(2, 4)"", ""normalize"": true, ""position_weight"": 1.0}",tune,False,150,0.65724,0.65724,0.70275,0.55333,0.85333,0.92,2.28163
norvig,"v7 n=(1, 2, 3) idf=0.0 dim=1.0 norm=False/dice pw=0.0",v7,"{""denominator"": ""dice"", ""dim"": 1.0, ""idf"": 0.0, ""n"": ""(1, 2, 3)"", ""normalize"": false, ""position_weight"": 0.0}",tune,False,150,0.75481,0.75481,0.78891,0.67333,0.90667,0.97333,3.82452
norvig,"v7 n=(1, 2, 3) idf=0.0 dim=1.0 norm=False/dice pw=0.5",v7,"{""denominator"": ""dice"", ""dim"": 1.0, ""idf"": 0.0, ""n"": ""(1, 2, 3)"", ""normalize"": false, ""position_weight"": 0.5}",tune,False,150,0.80326,0.80326,0.83476,0.73333,0.94,0.97333,3.66195
norvig,"v7 n=(1, 2, 3) idf=0.0 dim=1.0 norm=False/dice pw=1.0",v7,"{""denominator"": ""dice"", ""dim"": 1.0, ""idf"": 0.0, ""n"": ""(1, 2, 3)"", ""normalize"": false, ""position_weight"": 1.0}",tune,False,150,0.80583,0.80583,0.837,0.73333,0.94,0.97333,4.11796
norvig,"v7 n=(1, 2, 3) idf=0.0 dim=1.0 norm=True/dice pw=0.0",v7,"{""denominator"": ""dice"", ""dim"": 1.0, ""idf"": 0.0, ""n"": ""(1, 2, 3)"", ""normalize"": true, ""position_weight"": 0.0}",tune,False,150,0.8243,0.8243,0.85802,0.73333,0.96667,1.0,4.40967
norvig,"v7 n=(1, 2, 3) idf=0.0 dim=1.0 norm=True/dice pw=0.5",v7,"{""denominator"": ""dice"", ""dim"": 1.0, ""idf"": 0.0, ""n"": ""(1, 2, 3)"", ""normalize"": true, ""position_weight"": 0.5}",tune,False,150,0.83831,0.83831,0.86856,0.75333,0.96667,1.0,4.45303
norvig,"v7 n=(1, 2, 3) idf=0.0 dim=1.0 norm=True/dice pw=1.0",v7,"{""denominator"": ""dice"", ""dim"": 1.0, ""idf"": 0.0, ""n"": ""(1, 2, 3)"", ""normalize"": true, ""position_weight"": 1.0}",tune,False,150,0.84144,0.84144,0.87082,0.76,0.96667,1.0,4.71075
norvig,"v7 n=(1, 2, 3) idf=0.0 dim=1.0 norm=True/geo pw=0.0",v7,"{""denominator"": ""geo"", ""dim"": 1.0, ""idf"": 0.0, ""n"": ""(1, 2, 3)"", ""normalize"": true, ""position_weight"": 0.0}",tune,False,150,0.80647,0.80647,0.84285,0.70667,0.96,1.0,4.7179
norvig,"v7 n=(1, 2, 3) idf=0.0 dim=1.0 norm=True/geo pw=0.5",v7,"{""denominator"": ""geo"", ""dim"": 1.0, ""idf"": 0.0, ""n"": ""(1, 2, 3)"", ""normalize"": true, ""position_weight"": 0.5}",tune,False,150,0.83073,0.83073,0.86278,0.74667,0.96667,1.0,4.71957
norvig,"v7 n=(1, 2, 3) idf=0.0 dim=1.0 norm=True/geo pw=1.0",v7,"{""denominator"": ""geo"", ""dim"": 1.0, ""idf"": 0.0, ""n"": ""(1, 2, 3)"", ""normalize"": true, ""position_weight"": 1.0}",tune,False,150,0.83433,0.83433,0.86532,0.75333,0.96667,1.0,4.61219
norvig,"v7 n=(1, 2, 3) idf=0.0 dim=2.0 norm=False/dice pw=0.0",v7,"{""denominator"": ""dice"", ""dim"": 2.0, ""idf"": 0.0, ""n"": ""(1, 2, 3)"", ""normalize"": false, ""position_weight"": 0.0}",tune,False,150,0.74077,0.74077,0.77875,0.64667,0.90667,0.96667,4.0093
norvig,"v7 n=(1, 2, 3) idf=0.0 dim=2.0 norm=False/dice pw=0.5",v7,"{""denominator"": ""dice"", ""dim"": 2.0, ""idf"": 0.0, ""n"": ""(1, 2, 3)"", ""normalize"": false, ""position_weight"": 0.5}",tune,False,150,0.7922,0.7922,0.82119,0.71333,0.92,0.97333,4.13671
norvig,"v7 n=(1, 2, 3) idf=0.0 dim=2.0 norm=False/dice pw=1.0",v7,"{""denominator"": ""dice"", ""dim"": 2.0, ""idf"": 0.0, ""n"": ""(1, 2, 3)"", ""normalize"": false, ""position_weight"": 1.0}",tune,False,150,0.80737,0.80737,0.83654,0.73333,0.93333,0.97333,3.97633
norvig,"v7 n=(1, 2, 3) idf=0.0 dim=2.0 norm=True/dice pw=0.0",v7,"{""denominator"": ""dice"", ""dim"": 2.0, ""idf"": 0.0, ""n"": ""(1, 2, 3)"", ""normalize"": true, ""position_weight"": 0.0}",tune,False,150,0.84233,0.84233,0.8752,0.76,0.98,1.0,4.70727
norvig,"v7 n=(1, 2, 3) idf=0.0 dim=2.0 norm=True/dice pw=0.5",v7,"{""denominator"": ""dice"", ""dim"": 2.0, ""idf"": 0.0, ""n"": ""(1, 2, 3)"", ""normalize"": true, ""position_weight"": 0.5}",tune,False,150,0.85173,0.85173,0.88247,0.77333,0.98,1.0,4.76419
norvig,"v7 n=(1, 2, 3) idf=0.0 dim=2.0 norm=True/dice pw=1.0",v7,"{""denominator"": ""dice"", ""dim"": 2.0, ""idf"": 0.0, ""n"": ""(1, 2, 3)"", ""normalize"": true, ""position_weight"": 1.0}",tune,False,150,0.85302,0.85302,0.88389,0.76667,0.98,1.0,4.70171
norvig,"v7 n=(1, 2, 3) idf=0.0 dim=2.0 norm=True/geo pw=0.0",v7,"{""denominator"": ""geo"", ""dim"": 2.0, ""idf"": 0.0, ""n"": ""(1, 2, 3)"", ""normalize"": true, ""position_weight"": 0.0}",tune,False,150,0.83633,0.83633,0.87049,0.75333,0.98,1.0,5.40526
norvig,"v7 n=(1, 2, 3) idf=0.0 dim=2.0 norm=True/geo pw=0.5",v7,"{""denominator"": ""geo"", ""dim"": 2.0, ""idf"": 0.0, ""n"": ""(1, 2, 3)"", ""normalize"": true, ""position_weight"": 0.5}",tune,False,150,0.85017,0.85017,0.87938,0.77333,0.97333,1.0,5.09657
norvig,"v7 n=(1, 2, 3) idf=0.0 dim=2.0 norm=True/geo pw=1.0",v7,"{""denominator"": ""geo"", ""dim"": 2.0, ""idf"": 0.0, ""n"": ""(1, 2, 3)"", ""normalize"": true, ""position_weight"": 1.0}",tune,False,150,0.84977,0.84977,0.88123,0.76667,0.98,1.0,5.03146
norvig,"v7 n=(1, 2, 3) idf=1.0 dim=1.0 norm=False/dice pw=0.0",v7,"{""denominator"": ""dice"", ""dim"": 1.0, ""idf"": 1.0, ""n"": ""(1, 2, 3)"", ""normalize"": false, ""position_weight"": 0.0}",tune,False,150,0.77823,0.77823,0.81255,0.72,0.92667,0.95333,4.08335
norvig,"v7 n=(1, 2, 3) idf=1.0 dim=1.0 norm=False/dice pw=0.5",v7,"{""denominator"": ""dice"", ""dim"": 1.0, ""idf"": 1.0, ""n"": ""(1, 2, 3)"", ""normalize"": false, ""position_weight"": 0.5}",tune,False,150,0.78734,0.78734,0.82007,0.72,0.92667,0.95333,3.95506
norvig,"v7 n=(1, 2, 3) idf=1.0 dim=1.0 norm=False/dice pw=1.0",v7,"{""denominator"": ""dice"", ""dim"": 1.0, ""idf"": 1.0, ""n"": ""(1, 2, 3)"", ""normalize"": false, ""position_weight"": 1.0}",tune,False,150,0.80342,0.80342,0.83204,0.74,0.92667,0.96667,4.05865
norvig,"v7 n=(1, 2, 3) idf=1.0 dim=1.0 norm=True/dice pw=0.0",v7,"{""denominator"": ""dice"", ""dim"": 1.0, ""idf"": 1.0, ""n"": ""(1, 2, 3)"", ""normalize"": true, ""position_weight"": 0.0}",tune,False,150,0.82205,0.82205,0.85293,0.74667,0.95333,0.99333,4.65321
norvig,"v7 n=(1, 2, 3) idf=1.0 dim=1.0 norm=True/dice pw=0.5",v7,"{""denominator"": ""dice"", ""dim"": 1.0, ""idf"": 1.0, ""n"": ""(1, 2, 3)"", ""normalize"": true, ""position_weight"": 0.5}",tune,False,150,0.83538,0.83538,0.86296,0.76,0.95333,0.99333,4.85289
norvig,"v7 n=(1, 2, 3) idf=1.0 dim=1.0 norm=True/dice pw=1.0",v7,"{""denominator"": ""dice"", ""dim"": 1.0, ""idf"": 1.0, ""n"": ""(1, 2, 3)"", ""normalize"": true, ""position_weight"": 1.0}",tune,False,150,0.83618,0.83618,0.86351,0.76,0.95333,0.99333,4.70782
norvig,"v7 n=(1, 2, 3) idf=1.0 dim=1.0 norm=True/geo pw=0.0",v7,"{""denominator"": ""geo"", ""dim"": 1.0, ""idf"": 1.0, ""n"": ""(1, 2, 3)"", ""normalize"": true, ""position_weight"": 0.0}",tune,False,150,0.81582,0.81582,0.84809,0.74,0.95333,0.99333,4.73009
norvig,"v7 n=(1, 2, 3) idf=1.0 dim=1.0 norm=True/geo pw=0.5",v7,"{""denominator"": ""geo"", ""dim"": 1.0, ""idf"": 1.0, ""n"": ""(1, 2, 3)"", ""normalize"": true, ""position_weight"": 0.5}",tune,False,150,0.82885,0.82885,0.85811,0.75333,0.95333,0.99333,6.11483
norvig,"v7 n=(1, 2, 3) idf=1.0 dim=1.0 norm=True/geo pw=1.0",v7,"{""denominator"": ""geo"", ""dim"": 1.0, ""idf"": 1.0, ""n"": ""(1, 2, 3)"", ""normalize"": true, ""position_weight"": 1.0}",tune,False,150,0.83599,0.83599,0.86351,0.76,0.95333,0.99333,6.04216
norvig,"v7 n=(1, 2, 3) idf=1.0 dim=2.0 norm=False/dice pw=0.0",v7,"{""denominator"": ""dice"", ""dim"": 2.0, ""idf"": 1.0, ""n"": ""(1, 2, 3)"", ""normalize"": false, ""position_weight"": 0.0}",tune,False,150,0.77031,0.77031,0.80641,0.70667,0.92667,0.95333,6.03362
norvig,"v7 n=(1, 2, 3) idf=1.0 dim=2.0 norm=False/dice pw=0.5",v7,"{""denominator"": ""dice"", ""dim"": 2.0, ""idf"": 1.0, ""n"": ""(1, 2, 3)"", ""normalize"": false, ""position_weight"": 0.5}",tune,False,150,0.78156,0.78156,0.81544,0.71333,0.92667,0.95333,4.58948
norvig,"v7 n=(1, 2, 3) idf=1.0 dim=2.0 norm=False/dice pw=1.0",v7,"{""denominator"": ""dice"", ""dim"": 2.0, ""idf"": 1.0, ""n"": ""(1, 2, 3)"", ""normalize"": false, ""position_weight"": 1.0}",tune,False,150,0.78881,0.78881,0.82096,0.72,0.92667,0.96,4.38697
norvig,"v7 n=(1, 2, 3) idf=1.0 dim=2.0 norm=True/dice pw=0.0",v7,"{""denominator"": ""dice"", ""dim"": 2.0, ""idf"": 1.0, ""n"": ""(1, 2, 3)"", ""normalize"": true, ""position_weight"": 0.0}",tune,False,150,0.8443,0.8443,0.87007,0.77333,0.95333,0.98667,4.99778
norvig,"v7 n=(1, 2, 3) idf=1.0 dim=2.0 norm=True/dice pw=0.5",v7,"{""denominator"": ""dice"", ""dim"": 2.0, ""idf"": 1.0, ""n"": ""(1, 2, 3)"", ""normalize"": true, ""position_weight"": 0.5}",tune,False,150,0.85663,0.85663,0.88076,0.78667,0.96,0.99333,4.97671
norvig,"v7 n=(1, 2, 3) idf=1.0 dim=2.0 norm=True/dice pw=1.0",v7,"{""denominator"": ""dice"", ""dim"": 2.0, ""idf"": 1.0, ""n"": ""(1, 2, 3)"", ""normalize"": true, ""position_weight"": 1.0}",tune,False,150,0.85879,0.85879,0.88613,0.78667,0.97333,0.99333,5.18648
norvig,"v7 n=(1, 2, 3) idf=1.0 dim=2.0 norm=True/geo pw=0.0",v7,"{""denominator"": ""geo"", ""dim"": 2.0, ""idf"": 1.0, ""n"": ""(1, 2, 3)"", ""normalize"": true, ""position_weight"": 0.0}",tune,False,150,0.82976,0.82976,0.85929,0.75333,0.95333,0.98,4.96835
norvig,"v7 n=(1, 2, 3) idf=1.0 dim=2.0 norm=True/geo pw=0.5",v7,"{""denominator"": ""geo"", ""dim"": 2.0, ""idf"": 1.0, ""n"": ""(1, 2, 3)"", ""normalize"": true, ""position_weight"": 0.5}",tune,False,150,0.84936,0.84936,0.87528,0.78,0.96,0.99333,4.98442
norvig,"v7 n=(1, 2, 3) idf=1.0 dim=2.0 norm=True/geo pw=1.0",v7,"{""denominator"": ""geo"", ""dim"": 2.0, ""idf"": 1.0, ""n"": ""(1, 2, 3)"", ""normalize"": true, ""position_weight"": 1.0}",tune,False,150,0.85511,0.85511,0.88154,0.78,0.96667,0.99333,5.27941
norvig,"v7 n=(1, 2, 3) idf=2.0 dim=1.0 norm=False/dice pw=0.0",v7,"{""denominator"": ""dice"", ""dim"": 1.0, ""idf"": 2.0, ""n"": ""(1, 2, 3)"", ""normalize"": false, ""position_weight"": 0.0}",tune,False,150,0.72247,0.72247,0.75453,0.66,0.87333,0.95333,3.89518
norvig,"v7 n=(1, 2, 3) idf=2.0 dim=1.0 norm=False/dice pw=0.5",v7,"{""denominator"": ""dice"", ""dim"": 1.0, ""idf"": 2.0, ""n"": ""(1, 2, 3)"", ""normalize"": false, ""position_weight"": 0.5}",tune,False,150,0.72937,0.72937,0.76566,0.66,0.89333,0.95333,3.92966
norvig,"v7 n=(1, 2, 3) idf=2.0 dim=1.0 norm=False/dice pw=1.0",v7,"{""denominator"": ""dice"", ""dim"": 1.0, ""idf"": 2.0, ""n"": ""(1, 2, 3)"", ""normalize"": false, ""position_weight"": 1.0}",tune,False,150,0.73537,0.73537,0.77213,0.66667,0.9,0.95333,4.01108
norvig,"v7 n=(1, 2, 3) idf=2.0 dim=1.0 norm=True/dice pw=0.0",v7,"{""denominator"": ""dice"", ""dim"": 1.0, ""idf"": 2.0, ""n"": ""(1, 2, 3)"", ""normalize"": true, ""position_weight"": 0.0}",tune,False,150,0.78731,0.78731,0.81803,0.72,0.92,0.96,4.9486
norvig,"v7 n=(1, 2, 3) idf=2.0 dim=1.0 norm=True/dice pw=0.5",v7,"{""denominator"": ""dice"", ""dim"": 1.0, ""idf"": 2.0, ""n"": ""(1, 2, 3)"", ""normalize"": true, ""position_weight"": 0.5}",tune,False,150,0.79991,0.79991,0.82945,0.73333,0.92667,0.96667,4.65444
norvig,"v7 n=(1, 2, 3) idf=2.0 dim=1.0 norm=True/dice pw=1.0",v7,"{""denominator"": ""dice"", ""dim"": 1.0, ""idf"": 2.0, ""n"": ""(1, 2, 3)"", ""normalize"": true, ""position_weight"": 1.0}",tune,False,150,0.80503,0.80503,0.83335,0.74,0.92667,0.96667,4.70189
norvig,"v7 n=(1, 2, 3) idf=2.0 dim=1.0 norm=True/geo pw=0.0",v7,"{""denominator"": ""geo"", ""dim"": 1.0, ""idf"": 2.0, ""n"": ""(1, 2, 3)"", ""normalize"": true, ""position_weight"": 0.0}",tune,False,150,0.773,0.773,0.80749,0.69333,0.92,0.95333,4.85628
norvig,"v7 n=(1, 2, 3) idf=2.0 dim=1.0 norm=True/geo pw=0.5",v7,"{""denominator"": ""geo"", ""dim"": 1.0, ""idf"": 2.0, ""n"": ""(1, 2, 3)"", ""normalize"": true, ""position_weight"": 0.5}",tune,False,150,0.79308,0.79308,0.82413,0.72667,0.92667,0.96,5.05508
norvig,"v7 n=(1, 2, 3) idf=2.0 dim=1.0 norm=True/geo pw=1.0",v7,"{""denominator"": ""geo"", ""dim"": 1.0, ""idf"": 2.0, ""n"": ""(1, 2, 3)"", ""normalize"": true, ""position_weight"": 1.0}",tune,False,150,0.80659,0.80659,0.83441,0.74,0.92667,0.96667,4.87102
norvig,"v7 n=(1, 2, 3) idf=2.0 dim=2.0 norm=False/dice pw=0.0",v7,"{""denominator"": ""dice"", ""dim"": 2.0, ""idf"": 2.0, ""n"": ""(1, 2, 3)"", ""normalize"": false, ""position_weight"": 0.0}",tune,False,150,0.71526,0.71526,0.74722,0.65333,0.86667,0.95333,4.30375
norvig,"v7 n=(1, 2, 3) idf=2.0 dim=2.0 norm=False/dice pw=0.5",v7,"{""denominator"": ""dice"", ""dim"": 2.0, ""idf"": 2.0, ""n"": ""(1, 2, 3)"", ""normalize"": false, ""position_weight"": 0.5}",tune,False,150,0.72169,0.72169,0.75224,0.65333,0.86667,0.95333,4.11975
norvig,"v7 n=(1, 2, 3) idf=2.0 dim=2.0 norm=False/dice pw=1.0",v7,"{""denominator"": ""dice"", ""dim"": 2.0, ""idf"": 2.0, ""n"": ""(1, 2, 3)"", ""normalize"": false, ""position_weight"": 1.0}",tune,False,150,0.72389,0.72389,0.75941,0.65333,0.88667,0.95333,4.33649
norvig,"v7 n=(1, 2, 3) idf=2.0 dim=2.0 norm=True/dice pw=0.0",v7,"{""denominator"": ""dice"", ""dim"": 2.0, ""idf"": 2.0, ""n"": ""(1, 2, 3)"", ""normalize"": true, ""position_weight"": 0.0}",tune,False,150,0.79953,0.79953,0.82994,0.72667,0.92667,0.95333,4.89856
norvig,"v7 n=(1, 2, 3) idf=2.0 dim=2.0 norm=True/dice pw=0.5",v7,"{""denominator"": ""dice"", ""dim"": 2.0, ""idf"": 2.0, ""n"": ""(1, 2, 3)"", ""normalize"": true, ""position_weight"": 0.5}",tune,False,150,0.81998,0.81998,0.84671,0.76,0.93333,0.96,4.85727
norvig,"v7 n=(1, 2, 3) idf=2.0 dim=2.0 norm=True/dice pw=1.0",v7,"{""denominator"": ""dice"", ""dim"": 2.0, ""idf"": 2.0, ""n"": ""(1, 2, 3)"", ""normalize"": true, ""position_weight"": 1.0}",tune,False,150,0.82562,0.82562,0.85284,0.76667,0.94,0.96,4.94705
norvig,"v7 n=(1, 2, 3) idf=2.0 dim=2.0 norm=True/geo pw=0.0",v7,"{""denominator"": ""geo"", ""dim"": 2.0, ""idf"": 2.0, ""n"": ""(1, 2, 3)"", ""normalize"": true, ""position_weight"": 0.0}",tune,False,150,0.78964,0.78964,0.82235,0.71333,0.92667,0.95333,5.64246
norvig,"v7 n=(1, 2, 3) idf=2.0 dim=2.0 norm=True/geo pw=0.5",v7,"{""denominator"": ""geo"", ""dim"": 2.0, ""idf"": 2.0, ""n"": ""(1, 2, 3)"", ""normalize"": true, ""position_weight"": 0.5}",tune,False,150,0.81326,0.81326,0.83995,0.74667,0.92667,0.95333,5.22008
norvig,"v7 n=(1, 2, 3) idf=2.0 dim=2.0 norm=True/geo pw=1.0",v7,"{""denominator"": ""geo"", ""dim"": 2.0, ""idf"": 2.0, ""n"": ""(1, 2, 3)"", ""normalize"": true, ""position_weight"": 1.0}",tune,False,150,0.82674,0.82674,0.85365,0.76667,0.94,0.96,5.25103
norvig,"v7 n=(1, 2, 3) idf=3.0 dim=1.0 norm=False/dice pw=0.0",v7,"{""denominator"": ""dice"", ""dim"": 1.0, ""idf"": 3.0, ""n"": ""(1, 2, 3)"", ""normalize"": false, ""position_weight"": 0.0}",tune,False,150,0.62245,0.62245,0.65701,0.53333,0.79333,0.94,4.15593
norvig,"v7 n=(1, 2, 3) idf=3.0 dim=1.0 norm=False/dice pw=0.5",v7,"{""denominator"": ""dice"", ""dim"": 1.0, ""idf"": 3.0, ""n"": ""(1, 2, 3)"", ""normalize"": false, ""position_weight"": 0.5}",tune,False,150,0.64064,0.64064,0.68176,0.54667,0.83333,0.94,4.04025
norvig,"v7 n=(1, 2, 3) idf=3.0 dim=1.0 norm=False/dice pw=1.0",v7,"{""denominator"": ""dice"", ""dim"": 1.0, ""idf"": 3.0, ""n"": ""(1, 2, 3)"", ""normalize"": false, ""position_weight"": 1.0}",tune,False,150,0.65784,0.65784,0.69667,0.56667,0.84,0.94667,4.02453
norvig,"v7 n=(1, 2, 3) idf=3.0 dim=1.0 norm=True/dice pw=0.0",v7,"{""denominator"": ""dice"", ""dim"": 1.0, ""idf"": 3.0, ""n"": ""(1, 2, 3)"", ""normalize"": true, ""position_weight"": 0.0}",tune,False,150,0.71277,0.71277,0.75832,0.62667,0.90667,0.94,4.76779
norvig,"v7 n=(1, 2, 3) idf=3.0 dim=1.0 norm=True/dice pw=0.5",v7,"{""denominator"": ""dice"", ""dim"": 1.0, ""idf"": 3.0, ""n"": ""(1, 2, 3)"", ""normalize"": true, ""position_weight"": 0.5}",tune,False,150,0.74747,0.74747,0.78462,0.67333,0.90667,0.94,4.76387
norvig,"v7 n=(1, 2, 3) idf=3.0 dim=1.0 norm=True/dice pw=1.0",v7,"{""denominator"": ""dice"", ""dim"": 1.0, ""idf"": 3.0, ""n"": ""(1, 2, 3)"", ""normalize"": true, ""position_weight"": 1.0}",tune,False,150,0.75945,0.75945,0.79366,0.68667,0.90667,0.94,5.17953
norvig,"v7 n=(1, 2, 3) idf=3.0 dim=1.0 norm=True/geo pw=0.0",v7,"{""denominator"": ""geo"", ""dim"": 1.0, ""idf"": 3.0, ""n"": ""(1, 2, 3)"", ""normalize"": true, ""position_weight"": 0.0}",tune,False,150,0.71013,0.71013,0.75276,0.62,0.89333,0.94,4.82152
norvig,"v7 n=(1, 2, 3) idf=3.0 dim=1.0 norm=True/geo pw=0.5",v7,"{""denominator"": ""geo"", ""dim"": 1.0, ""idf"": 3.0, ""n"": ""(1, 2, 3)"", ""normalize"": true, ""position_weight"": 0.5}",tune,False,150,0.74325,0.74325,0.78148,0.66667,0.90667,0.94,4.93258
norvig,"v7 n=(1, 2, 3) idf=3.0 dim=1.0 norm=True/geo pw=1.0",v7,"{""denominator"": ""geo"", ""dim"": 1.0, ""idf"": 3.0, ""n"": ""(1, 2, 3)"", ""normalize"": true, ""position_weight"": 1.0}",tune,False,150,0.75762,0.75762,0.79422,0.68667,0.91333,0.94,4.77968
norvig,"v7 n=(1, 2, 3) idf=3.0 dim=2.0 norm=False/dice pw=0.0",v7,"{""denominator"": ""dice"", ""dim"": 2.0, ""idf"": 3.0, ""n"": ""(1, 2, 3)"", ""normalize"": false, ""position_weight"": 0.0}",tune,False,150,0.59692,0.59692,0.63236,0.50667,0.77333,0.94,4.68365
norvig,"v7 n=(1, 2, 3) idf=3.0 dim=2.0 norm=False/dice pw=0.5",v7,"{""denominator"": ""dice"", ""dim"": 2.0, ""idf"": 3.0, ""n"": ""(1, 2, 3)"", ""normalize"": false, ""position_weight"": 0.5}",tune,False,150,0.61557,0.61557,0.65364,0.52,0.8,0.94,4.88429
norvig,"v7 n=(1, 2, 3) idf=3.0 dim=2.0 norm=False/dice pw=1.0",v7,"{""denominator"": ""dice"", ""dim"": 2.0, ""idf"": 3.0, ""n"": ""(1, 2, 3)"", ""normalize"": false, ""position_weight"": 1.0}",tune,False,150,0.62873,0.62873,0.66733,0.53333,0.81333,0.94667,4.45554
norvig,"v7 n=(1, 2, 3) idf=3.0 dim=2.0 norm=True/dice pw=0.0",v7,"{""denominator"": ""dice"", ""dim"": 2.0, ""idf"": 3.0, ""n"": ""(1, 2, 3)"", ""normalize"": true, ""position_weight"": 0.0}",tune,False,150,0.73585,0.73585,0.77264,0.66,0.89333,0.93333,4.98963
norvig,"v7 n=(1, 2, 3) idf=3.0 dim=2.0 norm=True/dice pw=0.5",v7,"{""denominator"": ""dice"", ""dim"": 2.0, ""idf"": 3.0, ""n"": ""(1, 2, 3)"", ""normalize"": true, ""position_weight"": 0.5}",tune,False,150,0.754,0.754,0.7861,0.68,0.89333,0.93333,5.25796
norvig,"v7 n=(1, 2, 3) idf=3.0 dim=2.0 norm=True/dice pw=1.0",v7,"{""denominator"": ""dice"", ""dim"": 2.0, ""idf"": 3.0, ""n"": ""(1, 2, 3)"", ""normalize"": true, ""position_weight"": 1.0}",tune,False,150,0.76685,0.76685,0.80182,0.68667,0.91333,0.94,6.08411
norvig,"v7 n=(1, 2, 3) idf=3.0 dim=2.0 norm=True/geo pw=0.0",v7,"{""denominator"": ""geo"", ""dim"": 2.0, ""idf"": 3.0, ""n"": ""(1, 2, 3)"", ""normalize"": true, ""position_weight"": 0.0}",tune,False,150,0.73412,0.73412,0.77122,0.65333,0.89333,0.93333,6.15057
norvig,"v7 n=(1, 2, 3) idf=3.0 dim=2.0 norm=True/geo pw=0.5",v7,"{""denominator"": ""geo"", ""dim"": 2.0, ""idf"": 3.0, ""n"": ""(1, 2, 3)"", ""normalize"": true, ""position_weight"": 0.5}",tune,False,150,0.76156,0.76156,0.79575,0.68667,0.90667,0.93333,5.71318
norvig,"v7 n=(1, 2, 3) idf=3.0 dim=2.0 norm=True/geo pw=1.0",v7,"{""denominator"": ""geo"", ""dim"": 2.0, ""idf"": 3.0, ""n"": ""(1, 2, 3)"", ""normalize"": true, ""position_weight"": 1.0}",tune,False,150,0.77459,0.77459,0.80752,0.7,0.91333,0.94,7.28259
norvig,"v7 n=(1, 2) idf=1.0 dim=2.0 norm=True/geo pw=1.0",v7,"{""denominator"": ""geo"", ""dim"": 2.0, ""idf"": 1.0, ""n"": ""(1, 2)"", ""normalize"": true, ""position_weight"": 1.0}",test,True,150,0.87043,0.87043,0.8819,0.83333,0.92667,0.99333,5.97229
norvig,v7 default,v7_default,"{""denominator"": ""dice"", ""dim"": 1.0, ""idf"": 0.0, ""n"": ""(2, 4)"", ""normalize"": true, ""position_weight"": 1.0}",test,True,150,0.75881,0.75881,0.78889,0.68667,0.89333,0.96667,2.19865
norvig,"v7 n=(1, 2) idf=1.0 dim=2.0 norm=True/geo pw=0.0",v7_pw0.0,"{""denominator"": ""geo"", ""dim"": 2.0, ""idf"": 1.0, ""n"": ""(1, 2)"", ""normalize"": true, ""position_weight"": 0.0}",test,True,150,0.84839,0.84839,0.86505,0.8,0.92,0.95333,5.0137
norvig,"v7 n=(1, 2) idf=1.0 dim=2.0 norm=True/dice pw=0.5",v7_pw0.5,"{""denominator"": ""dice"", ""dim"": 2.0, ""idf"": 1.0, ""n"": ""(1, 2)"", ""normalize"": true, ""position_weight"": 0.5}",test,True,150,0.86874,0.86874,0.88155,0.83333,0.92667,0.97333,4.50174
norvig,"v7 n=(1, 2) idf=1.0 dim=2.0 norm=True/geo pw=1.0",v7_pw1.0,"{""denominator"": ""geo"", ""dim"": 2.0, ""idf"": 1.0, ""n"": ""(1, 2)"", ""normalize"": true, ""position_weight"": 1.0}",test,True,150,0.87043,0.87043,0.8819,0.83333,0.92667,0.99333,4.97212
norvig,v7 top-50 reranked by bm25_char,v7>bm25_char,"{""depth"": 50}",test,True,150,0.80111,0.80111,0.83665,0.71333,0.95333,0.99333,7.25271
norvig,"bm25_char n=(2,) k1=0.5 b=0.3 idf^1.0",bm25_char,"{""b"": 0.3, ""idf_exp"": 1.0, ""k1"": 0.5, ""n"": ""(2,)""}",tune,False,150,0.76871,0.76871,0.805,0.68667,0.92667,0.97333,1.3632
norvig,"bm25_char n=(2,) k1=0.5 b=0.3 idf^2.0",bm25_char,"{""b"": 0.3, ""idf_exp"": 2.0, ""k1"": 0.5, ""n"": ""(2,)""}",tune,False,150,0.71069,0.71069,0.74848,0.63333,0.88,0.95333,1.40224
norvig,"bm25_char n=(2,) k1=0.5 b=0.3 idf^3.0",bm25_char,"{""b"": 0.3, ""idf_exp"": 3.0, ""k1"": 0.5, ""n"": ""(2,)""}",tune,False,150,0.6575,0.6575,0.69685,0.58667,0.83333,0.88,1.44006
norvig,"bm25_char n=(2,) k1=0.5 b=0.75 idf^1.0",bm25_char,"{""b"": 0.75, ""idf_exp"": 1.0, ""k1"": 0.5, ""n"": ""(2,)""}",tune,False,150,0.79706,0.79706,0.83009,0.72667,0.94,0.97333,1.31353
norvig,"bm25_char n=(2,) k1=0.5 b=0.75 idf^2.0",bm25_char,"{""b"": 0.75, ""idf_exp"": 2.0, ""k1"": 0.5, ""n"": ""(2,)""}",tune,False,150,0.72796,0.72796,0.76355,0.64667,0.88667,0.96667,1.42494
norvig,"bm25_char n=(2,) k1=0.5 b=0.75 idf^3.0",bm25_char,"{""b"": 0.75, ""idf_exp"": 3.0, ""k1"": 0.5, ""n"": ""(2,)""}",tune,False,150,0.65201,0.65201,0.69291,0.56667,0.83333,0.88667,1.3719
norvig,"bm25_char n=(2,) k1=0.5 b=1.0 idf^1.0",bm25_char,"{""b"": 1.0, ""idf_exp"": 1.0, ""k1"": 0.5, ""n"": ""(2,)""}",tune,False,150,0.80116,0.80116,0.83506,0.72667,0.94667,0.98,1.34189
norvig,"bm25_char n=(2,) k1=0.5 b=1.0 idf^2.0",bm25_char,"{""b"": 1.0, ""idf_exp"": 2.0, ""k1"": 0.5, ""n"": ""(2,)""}",tune,False,150,0.72291,0.72291,0.76147,0.63333,0.89333,0.96667,1.39551
norvig,"bm25_char n=(2,) k1=0.5 b=1.0 idf^3.0",bm25_char,"{""b"": 1.0, ""idf_exp"": 3.0, ""k1"": 0.5, ""n"": ""(2,)""}",tune,False,150,0.65029,0.65029,0.68594,0.56667,0.81333,0.89333,1.41372
norvig,"bm25_char n=(2,) k1=1.2 b=0.3 idf^1.0",bm25_char,"{""b"": 0.3, ""idf_exp"": 1.0, ""k1"": 1.2, ""n"": ""(2,)""}",tune,False,150,0.77173,0.77173,0.80922,0.68667,0.93333,0.97333,1.42618
norvig,"bm25_char n=(2,) k1=1.2 b=0.3 idf^2.0",bm25_char,"{""b"": 0.3, ""idf_exp"": 2.0, ""k1"": 1.2, ""n"": ""(2,)""}",tune,False,150,0.71395,0.71395,0.74911,0.63333,0.87333,0.96,1.39041
norvig,"bm25_char n=(2,) k1=1.2 b=0.3 idf^3.0",bm25_char,"{""b"": 0.3, ""idf_exp"": 3.0, ""k1"": 1.2, ""n"": ""(2,)""}",tune,False,150,0.65861,0.65861,0.6943,0.58,0.82,0.88,1.39214
norvig,"bm25_char n=(2,) k1=1.2 b=0.75 idf^1.0",bm25_char,"{""b"": 0.75, ""idf_exp"": 1.0, ""k1"": 1.2, ""n"": ""(2,)""}",tune,False,150,0.80294,0.80294,0.8363,0.72667,0.94667,0.99333,1.39521
norvig,"bm25_char n=(2,) k1=1.2 b=0.75 idf^2.0",bm25_char,"{""b"": 0.75, ""idf_exp"": 2.0, ""k1"": 1.2, ""n"": ""(2,)""}",tune,False,150,0.72355,0.72355,0.75788,0.64,0.88,0.96667,1.36438
norvig,"bm25_char n=(2,) k1=1.2 b=0.75 idf^3.0",bm25_char,"{""b"": 0.75, ""idf_exp"": 3.0, ""k1"": 1.2, ""n"": ""(2,)""}",tune,False,150,0.63677,0.63677,0.6758,0.55333,0.81333,0.89333,1.37524
norvig,"bm25_char n=(2,) k1=1.2 b=1.0 idf^1.0",bm25_char,"{""b"": 1.0, ""idf_exp"": 1.0, ""k1"": 1.2, ""n"": ""(2,)""}",tune,False,150,0.80587,0.80587,0.83629,0.73333,0.94,0.99333,1.40055
norvig,"bm25_char n=(2,) k1=1.2 b=1.0 idf^2.0",bm25_char,"{""b"": 1.0, ""idf_exp"": 2.0, ""k1"": 1.2, ""n"": ""(2,)""}",tune,False,150,0.69177,0.69177,0.72984,0.6,0.86667,0.96667,1.40918
norvig,"bm25_char n=(2,) k1=1.2 b=1.0 idf^3.0",bm25_char,"{""b"": 1.0, ""idf_exp"": 3.0, ""k1"": 1.2, ""n"": ""(2,)""}",tune,False,150,0.5975,0.5975,0.64029,0.49333,0.79333,0.89333,1.54561
norvig,"bm25_char n=(2,) k1=2.0 b=0.3 idf^1.0",bm25_char,"{""b"": 0.3, ""idf_exp"": 1.0, ""k1"": 2.0, ""n"": ""(2,)""}",tune,False,150,0.77561,0.77561,0.81203,0.69333,0.93333,0.97333,1.51233
norvig,"bm25_char n=(2,) k1=2.0 b=0.3 idf^2.0",bm25_char,"{""b"": 0.3, ""idf_exp"": 2.0, ""k1"": 2.0, ""n"": ""(2,)""}",tune,False,150,0.71594,0.71594,0.74893,0.62667,0.86667,0.96,1.45205
norvig,"bm25_char n=(2,) k1=2.0 b=0.3 idf^3.0",bm25_char,"{""b"": 0.3, ""idf_exp"": 3.0, ""k1"": 2.0, ""n"": ""(2,)""}",tune,False,150,0.65944,0.65944,0.69307,0.58,0.81333,0.88667,1.42909
norvig,"bm25_char n=(2,) k1=2.0 b=0.75 idf^1.0",bm25_char,"{""b"": 0.75, ""idf_exp"": 1.0, ""k1"": 2.0, ""n"": ""(2,)""}",tune,False,150,0.80088,0.80088,0.83294,0.72,0.94,0.99333,1.41752
norvig,"bm25_char n=(2,) k1=2.0 b=0.75 idf^2.0",bm25_char,"{""b"": 0.75, ""idf_exp"": 2.0, ""k1"": 2.0, ""n"": ""(2,)""}",tune,False,150,0.70501,0.70501,0.7421,0.61333,0.87333,0.96667,1.41309
norvig,"bm25_char n=(2,) k1=2.0 b=0.75 idf^3.0",bm25_char,"{""b"": 0.75, ""idf_exp"": 3.0, ""k1"": 2.0, ""n"": ""(2,)""}",tune,False,150,0.61519,0.61519,0.65748,0.52,0.80667,0.89333,1.40908
norvig,"bm25_char n=(2,) k1=2.0 b=1.0 idf^1.0",bm25_char,"{""b"": 1.0, ""idf_exp"": 1.0, ""k1"": 2.0, ""n"": ""(2,)""}",tune,False,150,0.76614,0.76614,0.80461,0.66667,0.93333,0.99333,1.37775
norvig,"bm25_char n=(2,) k1=2.0 b=1.0 idf^2.0",bm25_char,"{""b"": 1.0, ""idf_exp"": 2.0, ""k1"": 2.0, ""n"": ""(2,)""}",tune,False,150,0.65986,0.65986,0.70535,0.56,0.86667,0.96667,1.81276
norvig,"bm25_char n=(2,) k1=2.0 b=1.0 idf^3.0",bm25_char,"{""b"": 1.0, ""idf_exp"": 3.0, ""k1"": 2.0, ""n"": ""(2,)""}",tune,False,150,0.52886,0.52886,0.58806,0.39333,0.79333,0.9,1.63592
norvig,"bm25_char n=(3,) k1=0.5 b=0.3 idf^1.0",bm25_char,"{""b"": 0.3, ""idf_exp"": 1.0, ""k1"": 0.5, ""n"": ""(3,)""}",tune,False,150,0.71332,0.71332,0.74095,0.64,0.84667,0.95333,2.22202
norvig,"bm25_char n=(3,) k1=0.5 b=0.3 idf^2.0",bm25_char,"{""b"": 0.3, ""idf_exp"": 2.0, ""k1"": 0.5, ""n"": ""(3,)""}",tune,False,150,0.68787,0.68787,0.71576,0.62,0.82667,0.94667,1.97111
norvig,"bm25_char n=(3,) k1=0.5 b=0.3 idf^3.0",bm25_char,"{""b"": 0.3, ""idf_exp"": 3.0, ""k1"": 0.5, ""n"": ""(3,)""}",tune,False,150,0.59721,0.59721,0.63152,0.50667,0.76667,0.94,1.89906
norvig,"bm25_char n=(3,) k1=0.5 b=0.75 idf^1.0",bm25_char,"{""b"": 0.75, ""idf_exp"": 1.0, ""k1"": 0.5, ""n"": ""(3,)""}",tune,False,150,0.70969,0.70969,0.74565,0.62667,0.87333,0.95333,1.75466
norvig,"bm25_char n=(3,) k1=0.5 b=0.75 idf^2.0",bm25_char,"{""b"": 0.75, ""idf_exp"": 2.0, ""k1"": 0.5, ""n"": ""(3,)""}",tune,False,150,0.66545,0.66545,0.6988,0.58,0.82667,0.94,1.73529
norvig,"bm25_char n=(3,) k1=0.5 b=0.75 idf^3.0",bm25_char,"{""b"": 0.75, ""idf_exp"": 3.0, ""k1"": 0.5, ""n"": ""(3,)""}",tune,False,150,0.56881,0.56881,0.60936,0.46,0.76667,0.94667,1.71513
norvig,"bm25_char n=(3,) k1=0.5 b=1.0 idf^1.0",bm25_char,"{""b"": 1.0, ""idf_exp"": 1.0, ""k1"": 0.5, ""n"": ""(3,)""}",tune,False,150,0.71296,0.71296,0.74985,0.62667,0.88,0.96,1.67744
norvig,"bm25_char n=(3,) k1=0.5 b=1.0 idf^2.0",bm25_char,"{""b"": 1.0, ""idf_exp"": 2.0, ""k1"": 0.5, ""n"": ""(3,)""}",tune,False,150,0.6528,0.6528,0.68532,0.56,0.81333,0.94667,2.15679
norvig,"bm25_char n=(3,) k1=0.5 b=1.0 idf^3.0",bm25_char,"{""b"": 1.0, ""idf_exp"": 3.0, ""k1"": 0.5, ""n"": ""(3,)""}",tune,False,150,0.54978,0.54978,0.59271,0.43333,0.76,0.94667,3.01148
norvig,"bm25_char n=(3,) k1=1.2 b=0.3 idf^1.0",bm25_char,"{""b"": 0.3, ""idf_exp"": 1.0, ""k1"": 1.2, ""n"": ""(3,)""}",tune,False,150,0.71453,0.71453,0.74367,0.64,0.85333,0.95333,2.95269
norvig,"bm25_char n=(3,) k1=1.2 b=0.3 idf^2.0",bm25_char,"{""b"": 0.3, ""idf_exp"": 2.0, ""k1"": 1.2, ""n"": ""(3,)""}",tune,False,150,0.67691,0.67691,0.70739,0.6,0.82667,0.94667,2.28765
norvig,"bm25_char n=(3,) k1=1.2 b=0.3 idf^3.0",bm25_char,"{""b"": 0.3, ""idf_exp"": 3.0, ""k1"": 1.2, ""n"": ""(3,)""}",tune,False,150,0.58486,0.58486,0.62172,0.48667,0.76667,0.94667,1.77378
norvig,"bm25_char n=(3,) k1=1.2 b=0.75 idf^1.0",bm25_char,"{""b"": 0.75, ""idf_exp"": 1.0, ""k1"": 1.2, ""n"": ""(3,)""}",tune,False,150,0.70765,0.70765,0.74796,0.61333,0.88667,0.96,1.75527
norvig,"bm25_char n=(3,) k1=1.2 b=0.75 idf^2.0",bm25_char,"{""b"": 0.75, ""idf_exp"": 2.0, ""k1"": 1.2, ""n"": ""(3,)""}",tune,False,150,0.62319,0.62319,0.66481,0.50667,0.82,0.95333,1.7092
norvig,"bm25_char n=(3,) k1=1.2 b=0.75 idf^3.0",bm25_char,"{""b"": 0.75, ""idf_exp"": 3.0, ""k1"": 1.2, ""n"": ""(3,)""}",tune,False,150,0.52404,0.52404,0.57331,0.38667,0.76,0.95333,1.67521
norvig,"bm25_char n=(3,) k1=1.2 b=1.0 idf^1.0",bm25_char,"{""b"": 1.0, ""idf_exp"": 1.0, ""k1"": 1.2, ""n"": ""(3,)""}",tune,False,150,0.68951,0.68951,0.73057,0.58,0.87333,0.96,1.70208
norvig,"bm25_char n=(3,) k1=1.2 b=1.0 idf^2.0",bm25_char,"{""b"": 1.0, ""idf_exp"": 2.0, ""k1"": 1.2, ""n"": ""(3,)""}",tune,False,150,0.60201,0.60201,0.65647,0.46667,0.84667,0.96,1.70448
norvig,"bm25_char n=(3,) k1=1.2 b=1.0 idf^3.0",bm25_char,"{""b"": 1.0, ""idf_exp"": 3.0, ""k1"": 1.2, ""n"": ""(3,)""}",tune,False,150,0.48984,0.48984,0.54501,0.34667,0.75333,0.96,1.70885
norvig,"bm25_char n=(3,) k1=2.0 b=0.3 idf^1.0",bm25_char,"{""b"": 0.3, ""idf_exp"": 1.0, ""k1"": 2.0, ""n"": ""(3,)""}",tune,False,150,0.70857,0.70857,0.74117,0.62667,0.86,0.95333,1.73692
norvig,"bm25_char n=(3,) k1=2.0 b=0.3 idf^2.0",bm25_char,"{""b"": 0.3, ""idf_exp"": 2.0, ""k1"": 2.0, ""n"": ""(3,)""}",tune,False,150,0.6752,0.6752,0.70603,0.6,0.82667,0.94,1.75415
norvig,"bm25_char n=(3,) k1=2.0 b=0.3 idf^3.0",bm25_char,"{""b"": 0.3, ""idf_exp"": 3.0, ""k1"": 2.0, ""n"": ""(3,)""}",tune,False,150,0.58079,0.58079,0.61871,0.48,0.76667,0.94667,1.52262
norvig,"bm25_char n=(3,) k1=2.0 b=0.75 idf^1.0",bm25_char,"{""b"": 0.75, ""idf_exp"": 1.0, ""k1"": 2.0, ""n"": ""(3,)""}",tune,False,150,0.70155,0.70155,0.74152,0.6,0.88,0.96,1.7655
norvig,"bm25_char n=(3,) k1=2.0 b=0.75 idf^2.0",bm25_char,"{""b"": 0.75, ""idf_exp"": 2.0, ""k1"": 2.0, ""n"": ""(3,)""}",tune,False,150,0.60749,0.60749,0.65852,0.48,0.84,0.96,1.70466
norvig,"bm25_char n=(3,) k1=2.0 b=0.75 idf^3.0",bm25_char,"{""b"": 0.75, ""idf_exp"": 3.0, ""k1"": 2.0, ""n"": ""(3,)""}",tune,False,150,0.50373,0.50373,0.558,0.36,0.76,0.95333,1.70949
norvig,"bm25_char n=(3,) k1=2.0 b=1.0 idf^1.0",bm25_char,"{""b"": 1.0, ""idf_exp"": 1.0, ""k1"": 2.0, ""n"": ""(3,)""}",tune,False,150,0.65077,0.65077,0.70238,0.50667,0.87333,0.96,1.73751
norvig,"bm25_char n=(3,) k1=2.0 b=1.0 idf^2.0",bm25_char,"{""b"": 1.0, ""idf_exp"": 2.0, ""k1"": 2.0, ""n"": ""(3,)""}",tune,False,150,0.56057,0.56057,0.62538,0.4,0.84667,0.96,1.69487
norvig,"bm25_char n=(3,) k1=2.0 b=1.0 idf^3.0",bm25_char,"{""b"": 1.0, ""idf_exp"": 3.0, ""k1"": 2.0, ""n"": ""(3,)""}",tune,False,150,0.46485,0.46485,0.52971,0.31333,0.76667,0.96,1.77776
norvig,"bm25_char n=(4,) k1=0.5 b=0.3 idf^1.0",bm25_char,"{""b"": 0.3, ""idf_exp"": 1.0, ""k1"": 0.5, ""n"": ""(4,)""}",tune,False,150,0.57024,0.57024,0.62132,0.46,0.8,0.88667,1.71
norvig,"bm25_char n=(4,) k1=0.5 b=0.3 idf^2.0",bm25_char,"{""b"": 0.3, ""idf_exp"": 2.0, ""k1"": 0.5, ""n"": ""(4,)""}",tune,False,150,0.5346,0.5346,0.59546,0.42,0.80667,0.88,1.83937
norvig,"bm25_char n=(4,) k1=0.5 b=0.3 idf^3.0",bm25_char,"{""b"": 0.3, ""idf_exp"": 3.0, ""k1"": 0.5, ""n"": ""(4,)""}",tune,False,150,0.49223,0.49223,0.54678,0.37333,0.74667,0.88,1.77195
norvig,"bm25_char n=(4,) k1=0.5 b=0.75 idf^1.0",bm25_char,"{""b"": 0.75, ""idf_exp"": 1.0, ""k1"": 0.5, ""n"": ""(4,)""}",tune,False,150,0.55967,0.55967,0.61322,0.44,0.8,0.89333,1.64568
norvig,"bm25_char n=(4,) k1=0.5 b=0.75 idf^2.0",bm25_char,"{""b"": 0.75, ""idf_exp"": 2.0, ""k1"": 0.5, ""n"": ""(4,)""}",tune,False,150,0.51964,0.51964,0.58019,0.4,0.79333,0.89333,1.72999
norvig,"bm25_char n=(4,) k1=0.5 b=0.75 idf^3.0",bm25_char,"{""b"": 0.75, ""idf_exp"": 3.0, ""k1"": 0.5, ""n"": ""(4,)""}",tune,False,150,0.46326,0.46326,0.52848,0.32667,0.76,0.88667,1.71204
norvig,"bm25_char n=(4,) k1=0.5 b=1.0 idf^1.0",bm25_char,"{""b"": 1.0, ""idf_exp"": 1.0, ""k1"": 0.5, ""n"": ""(4,)""}",tune,False,150,0.55599,0.55599,0.61014,0.44,0.8,0.89333,1.67336
norvig,"bm25_char n=(4,) k1=0.5 b=1.0 idf^2.0",bm25_char,"{""b"": 1.0, ""idf_exp"": 2.0, ""k1"": 0.5, ""n"": ""(4,)""}",tune,False,150,0.50301,0.50301,0.56339,0.38,0.78,0.89333,2.14968
norvig,"bm25_char n=(4,) k1=0.5 b=1.0 idf^3.0",bm25_char,"{""b"": 1.0, ""idf_exp"": 3.0, ""k1"": 0.5, ""n"": ""(4,)""}",tune,False,150,0.45711,0.45711,0.52191,0.32,0.75333,0.88667,1.96828
norvig,"bm25_char n=(4,) k1=1.2 b=0.3 idf^1.0",bm25_char,"{""b"": 0.3, ""idf_exp"": 1.0, ""k1"": 1.2, ""n"": ""(4,)""}",tune,False,150,0.56277,0.56277,0.61566,0.44667,0.8,0.89333,1.79485
norvig,"bm25_char n=(4,) k1=1.2 b=0.3 idf^2.0",bm25_char,"{""b"": 0.3, ""idf_exp"": 2.0, ""k1"": 1.2, ""n"": ""(4,)""}",tune,False,150,0.52889,0.52889,0.59105,0.41333,0.80667,0.88667,1.80299
norvig,"bm25_char n=(4,) k1=1.2 b=0.3 idf^3.0",bm25_char,"{""b"": 0.3, ""idf_exp"": 3.0, ""k1"": 1.2, ""n"": ""(4,)""}",tune,False,150,0.47982,0.47982,0.54098,0.35333,0.76,0.88667,1.61554
norvig,"bm25_char n=(4,) k1=1.2 b=0.75 idf^1.0",bm25_char,"{""b"": 0.75, ""idf_exp"": 1.0, ""k1"": 1.2, ""n"": ""(4,)""}",tune,False,150,0.54434,0.54434,0.6032,0.42,0.80667,0.89333,1.85189
norvig,"bm25_char n=(4,) k1=1.2 b=0.75 idf^2.0",bm25_char,"{""b"": 0.75, ""idf_exp"": 2.0, ""k1"": 1.2, ""n"": ""(4,)""}",tune,False,150,0.48693,0.48693,0.55124,0.36,0.78,0.89333,1.78687
norvig,"bm25_char n=(4,) k1=1.2 b=0.75 idf^3.0",bm25_char,"{""b"": 0.75, ""idf_exp"": 3.0, ""k1"": 1.2, ""n"": ""(4,)""}",tune,False,150,0.45503,0.45503,0.51999,0.32,0.75333,0.89333,1.71312
norvig,"bm25_char n=(4,) k1=1.2 b=1.0 idf^1.0",bm25_char,"{""b"": 1.0, ""idf_exp"": 1.0, ""k1"": 1.2, ""n"": ""(4,)""}",tune,False,150,0.51485,0.51485,0.58088,0.38667,0.80667,0.89333,1.63501
norvig,"bm25_char n=(4,) k1=1.2 b=1.0 idf^2.0",bm25_char,"{""b"": 1.0, ""idf_exp"": 2.0, ""k1"": 1.2, ""n"": ""(4,)""}",tune,False,150,0.47415,0.47415,0.54147,0.34,0.78,0.89333,1.66197
norvig,"bm25_char n=(4,) k1=1.2 b=1.0 idf^3.0",bm25_char,"{""b"": 1.0, ""idf_exp"": 3.0, ""k1"": 1.2, ""n"": ""(4,)""}",tune,False,150,0.44226,0.44226,0.51161,0.31333,0.76,0.89333,1.65934
norvig,"bm25_char n=(4,) k1=2.0 b=0.3 idf^1.0",bm25_char,"{""b"": 0.3, ""idf_exp"": 1.0, ""k1"": 2.0, ""n"": ""(4,)""}",tune,False,150,0.56348,0.56348,0.61615,0.44667,0.8,0.89333,1.69361
norvig,"bm25_char n=(4,) k1=2.0 b=0.3 idf^2.0",bm25_char,"{""b"": 0.3, ""idf_exp"": 2.0, ""k1"": 2.0, ""n"": ""(4,)""}",tune,False,150,0.52671,0.52671,0.58742,0.41333,0.8,0.88667,1.66818
norvig,"bm25_char n=(4,) k1=2.0 b=0.3 idf^3.0",bm25_char,"{""b"": 0.3, ""idf_exp"": 3.0, ""k1"": 2.0, ""n"": ""(4,)""}",tune,False,150,0.47626,0.47626,0.53824,0.34667,0.76,0.88667,1.75694
norvig,"bm25_char n=(4,) k1=2.0 b=0.75 idf^1.0",bm25_char,"{""b"": 0.75, ""idf_exp"": 1.0, ""k1"": 2.0, ""n"": ""(4,)""}",tune,False,150,0.52837,0.52837,0.59097,0.40667,0.80667,0.89333,1.66288
norvig,"bm25_char n=(4,) k1=2.0 b=0.75 idf^2.0",bm25_char,"{""b"": 0.75, ""idf_exp"": 2.0, ""k1"": 2.0, ""n"": ""(4,)""}",tune,False,150,0.48276,0.48276,0.54797,0.35333,0.78,0.89333,1.69884
norvig,"bm25_char n=(4,) k1=2.0 b=0.75 idf^3.0",bm25_char,"{""b"": 0.75, ""idf_exp"": 3.0, ""k1"": 2.0, ""n"": ""(4,)""}",tune,False,150,0.44029,0.44029,0.51051,0.30667,0.76,0.89333,1.70641
norvig,"bm25_char n=(4,) k1=2.0 b=1.0 idf^1.0",bm25_char,"{""b"": 1.0, ""idf_exp"": 1.0, ""k1"": 2.0, ""n"": ""(4,)""}",tune,False,150,0.49198,0.49198,0.56391,0.34667,0.80667,0.88667,1.67979
norvig,"bm25_char n=(4,) k1=2.0 b=1.0 idf^2.0",bm25_char,"{""b"": 1.0, ""idf_exp"": 2.0, ""k1"": 2.0, ""n"": ""(4,)""}",tune,False,150,0.45931,0.45931,0.53321,0.33333,0.79333,0.89333,1.66723
norvig,"bm25_char n=(4,) k1=2.0 b=1.0 idf^3.0",bm25_char,"{""b"": 1.0, ""idf_exp"": 3.0, ""k1"": 2.0, ""n"": ""(4,)""}",tune,False,150,0.42201,0.42201,0.49571,0.29333,0.76,0.89333,1.68981
norvig,"bm25_char n=(2, 3) k1=0.5 b=0.3 idf^1.0",bm25_char,"{""b"": 0.3, ""idf_exp"": 1.0, ""k1"": 0.5, ""n"": ""(2, 3)""}",tune,False,150,0.78005,0.78005,0.81215,0.71333,0.92,0.96,1.63722
norvig,"bm25_char n=(2, 3) k1=0.5 b=0.3 idf^2.0",bm25_char,"{""b"": 0.3, ""idf_exp"": 2.0, ""k1"": 0.5, ""n"": ""(2, 3)""}",tune,False,150,0.71285,0.71285,0.74716,0.64,0.87333,0.96,1.63723
norvig,"bm25_char n=(2, 3) k1=0.5 b=0.3 idf^3.0",bm25_char,"{""b"": 0.3, ""idf_exp"": 3.0, ""k1"": 0.5, ""n"": ""(2, 3)""}",tune,False,150,0.62628,0.62628,0.66177,0.53333,0.8,0.94667,1.79915
norvig,"bm25_char n=(2, 3) k1=0.5 b=0.75 idf^1.0",bm25_char,"{""b"": 0.75, ""idf_exp"": 1.0, ""k1"": 0.5, ""n"": ""(2, 3)""}",tune,False,150,0.77625,0.77625,0.81095,0.7,0.92667,0.96667,1.6863
norvig,"bm25_char n=(2, 3) k1=0.5 b=0.75 idf^2.0",bm25_char,"{""b"": 0.75, ""idf_exp"": 2.0, ""k1"": 0.5, ""n"": ""(2, 3)""}",tune,False,150,0.71491,0.71491,0.75094,0.63333,0.88,0.96667,1.65047
norvig,"bm25_char n=(2, 3) k1=0.5 b=0.75 idf^3.0",bm25_char,"{""b"": 0.75, ""idf_exp"": 3.0, ""k1"": 0.5, ""n"": ""(2, 3)""}",tune,False,150,0.61286,0.61286,0.64957,0.50667,0.79333,0.94667,1.64344
norvig,"bm25_char n=(2, 3) k1=0.5 b=1.0 idf^1.0",bm25_char,"{""b"": 1.0, ""idf_exp"": 1.0, ""k1"": 0.5, ""n"": ""(2, 3)""}",tune,False,150,0.77687,0.77687,0.80752,0.7,0.91333,0.97333,1.6651
norvig,"bm25_char n=(2, 3) k1=0.5 b=1.0 idf^2.0",bm25_char,"{""b"": 1.0, ""idf_exp"": 2.0, ""k1"": 0.5, ""n"": ""(2, 3)""}",tune,False,150,0.70467,0.70467,0.74326,0.61333,0.88,0.96667,1.64968
norvig,"bm25_char n=(2, 3) k1=0.5 b=1.0 idf^3.0",bm25_char,"{""b"": 1.0, ""idf_exp"": 3.0, ""k1"": 0.5, ""n"": ""(2, 3)""}",tune,False,150,0.59746,0.59746,0.63983,0.48,0.8,0.94667,1.50596
norvig,"bm25_char n=(2, 3) k1=1.2 b=0.3 idf^1.0",bm25_char,"{""b"": 0.3, ""idf_exp"": 1.0, ""k1"": 1.2, ""n"": ""(2, 3)""}",tune,False,150,0.77726,0.77726,0.81173,0.70667,0.92667,0.96667,1.65652
norvig,"bm25_char n=(2, 3) k1=1.2 b=0.3 idf^2.0",bm25_char,"{""b"": 0.3, ""idf_exp"": 2.0, ""k1"": 1.2, ""n"": ""(2, 3)""}",tune,False,150,0.71153,0.71153,0.74999,0.63333,0.88667,0.96667,2.67497
norvig,"bm25_char n=(2, 3) k1=1.2 b=0.3 idf^3.0",bm25_char,"{""b"": 0.3, ""idf_exp"": 3.0, ""k1"": 1.2, ""n"": ""(2, 3)""}",tune,False,150,0.62795,0.62795,0.66286,0.53333,0.8,0.94667,2.06519
norvig,"bm25_char n=(2, 3) k1=1.2 b=0.75 idf^1.0",bm25_char,"{""b"": 0.75, ""idf_exp"": 1.0, ""k1"": 1.2, ""n"": ""(2, 3)""}",tune,False,150,0.7733,0.7733,0.80478,0.69333,0.91333,0.97333,1.63568
norvig,"bm25_char n=(2, 3) k1=1.2 b=0.75 idf^2.0",bm25_char,"{""b"": 0.75, ""idf_exp"": 2.0, ""k1"": 1.2, ""n"": ""(2, 3)""}",tune,False,150,0.69474,0.69474,0.7375,0.6,0.88667,0.96667,2.21296
norvig,"bm25_char n=(2, 3) k1=1.2 b=0.75 idf^3.0",bm25_char,"{""b"": 0.75, ""idf_exp"": 3.0, ""k1"": 1.2, ""n"": ""(2, 3)""}",tune,False,150,0.57824,0.57824,0.62526,0.45333,0.8,0.96,1.8891
norvig,"bm25_char n=(2, 3) k1=1.2 b=1.0 idf^1.0",bm25_char,"{""b"": 1.0, ""idf_exp"": 1.0, ""k1"": 1.2, ""n"": ""(2, 3)""}",tune,False,150,0.76412,0.76412,0.79948,0.68,0.92,0.98,1.67269
norvig,"bm25_char n=(2, 3) k1=1.2 b=1.0 idf^2.0",bm25_char,"{""b"": 1.0, ""idf_exp"": 2.0, ""k1"": 1.2, ""n"": ""(2, 3)""}",tune,False,150,0.67275,0.67275,0.72087,0.56,0.88667,0.96667,1.65426
norvig,"bm25_char n=(2, 3) k1=1.2 b=1.0 idf^3.0",bm25_char,"{""b"": 1.0, ""idf_exp"": 3.0, ""k1"": 1.2, ""n"": ""(2, 3)""}",tune,False,150,0.52303,0.52303,0.58143,0.37333,0.79333,0.96,1.70326
norvig,"bm25_char n=(2, 3) k1=2.0 b=0.3 idf^1.0",bm25_char,"{""b"": 0.3, ""idf_exp"": 1.0, ""k1"": 2.0, ""n"": ""(2, 3)""}",tune,False,150,0.77664,0.77664,0.80927,0.70667,0.92,0.96667,1.56725
norvig,"bm25_char n=(2, 3) k1=2.0 b=0.3 idf^2.0",bm25_char,"{""b"": 0.3, ""idf_exp"": 2.0, ""k1"": 2.0, ""n"": ""(2, 3)""}",tune,False,150,0.71147,0.71147,0.74996,0.63333,0.88667,0.96667,1.71331
norvig,"bm25_char n=(2, 3) k1=2.0 b=0.3 idf^3.0",bm25_char,"{""b"": 0.3, ""idf_exp"": 3.0, ""k1"": 2.0, ""n"": ""(2, 3)""}",tune,False,150,0.62709,0.62709,0.66025,0.53333,0.79333,0.94667,1.66874
norvig,"bm25_char n=(2, 3) k1=2.0 b=0.75 idf^1.0",bm25_char,"{""b"": 0.75, ""idf_exp"": 1.0, ""k1"": 2.0, ""n"": ""(2, 3)""}",tune,False,150,0.77155,0.77155,0.80304,0.69333,0.91333,0.98,1.59505
norvig,"bm25_char n=(2, 3) k1=2.0 b=0.75 idf^2.0",bm25_char,"{""b"": 0.75, ""idf_exp"": 2.0, ""k1"": 2.0, ""n"": ""(2, 3)""}",tune,False,150,0.67712,0.67712,0.72433,0.56667,0.88667,0.96667,1.64458
norvig,"bm25_char n=(2, 3) k1=2.0 b=0.75 idf^3.0",bm25_char,"{""b"": 0.75, ""idf_exp"": 3.0, ""k1"": 2.0, ""n"": ""(2, 3)""}",tune,False,150,0.54148,0.54148,0.60101,0.4,0.81333,0.96,1.60823
norvig,"bm25_char n=(2, 3) k1=2.0 b=1.0 idf^1.0",bm25_char,"{""b"": 1.0, ""idf_exp"": 1.0, ""k1"": 2.0, ""n"": ""(2, 3)""}",tune,False,150,0.74755,0.74755,0.78333,0.65333,0.90667,0.98667,1.76692
norvig,"bm25_char n=(2, 3) k1=2.0 b=1.0 idf^2.0",bm25_char,"{""b"": 1.0, ""idf_exp"": 2.0, ""k1"": 2.0, ""n"": ""(2, 3)""}",tune,False,150,0.61516,0.61516,0.67579,0.46667,0.88,0.96667,1.80449
norvig,"bm25_char n=(2, 3) k1=2.0 b=1.0 idf^3.0",bm25_char,"{""b"": 1.0, ""idf_exp"": 3.0, ""k1"": 2.0, ""n"": ""(2, 3)""}",tune,False,150,0.5033,0.5033,0.56613,0.34,0.79333,0.96667,1.71057
norvig,"bm25_char n=(2, 4) k1=0.5 b=0.3 idf^1.0",bm25_char,"{""b"": 0.3, ""idf_exp"": 1.0, ""k1"": 0.5, ""n"": ""(2, 4)""}",tune,False,150,0.70062,0.70062,0.73515,0.62,0.86,0.94667,1.56408
norvig,"bm25_char n=(2, 4) k1=0.5 b=0.3 idf^2.0",bm25_char,"{""b"": 0.3, ""idf_exp"": 2.0, ""k1"": 0.5, ""n"": ""(2, 4)""}",tune,False,150,0.64957,0.64957,0.68995,0.56,0.83333,0.92667,1.69647
norvig,"bm25_char n=(2, 4) k1=0.5 b=0.3 idf^3.0",bm25_char,"{""b"": 0.3, ""idf_exp"": 3.0, ""k1"": 0.5, ""n"": ""(2, 4)""}",tune,False,150,0.57566,0.57566,0.62421,0.46667,0.8,0.91333,1.72742
norvig,"bm25_char n=(2, 4) k1=0.5 b=0.75 idf^1.0",bm25_char,"{""b"": 0.75, ""idf_exp"": 1.0, ""k1"": 0.5, ""n"": ""(2, 4)""}",tune,False,150,0.70148,0.70148,0.73384,0.61333,0.85333,0.94667,1.67058
norvig,"bm25_char n=(2, 4) k1=0.5 b=0.75 idf^2.0",bm25_char,"{""b"": 0.75, ""idf_exp"": 2.0, ""k1"": 0.5, ""n"": ""(2, 4)""}",tune,False,150,0.62473,0.62473,0.67072,0.51333,0.83333,0.94667,2.35895
norvig,"bm25_char n=(2, 4) k1=0.5 b=0.75 idf^3.0",bm25_char,"{""b"": 0.75, ""idf_exp"": 3.0, ""k1"": 0.5, ""n"": ""(2, 4)""}",tune,False,150,0.5346,0.5346,0.59191,0.4,0.79333,0.91333,2.13278
norvig,"bm25_char n=(2, 4) k1=0.5 b=1.0 idf^1.0",bm25_char,"{""b"": 1.0, ""idf_exp"": 1.0, ""k1"": 0.5, ""n"": ""(2, 4)""}",tune,False,150,0.69667,0.69667,0.73415,0.6,0.86667,0.94667,1.83645
norvig,"bm25_char n=(2, 4) k1=0.5 b=1.0 idf^2.0",bm25_char,"{""b"": 1.0, ""idf_exp"": 2.0, ""k1"": 0.5, ""n"": ""(2, 4)""}",tune,False,150,0.60843,0.60843,0.65663,0.48667,0.82667,0.94667,1.65052
norvig,"bm25_char n=(2, 4) k1=0.5 b=1.0 idf^3.0",bm25_char,"{""b"": 1.0, ""idf_exp"": 3.0, ""k1"": 0.5, ""n"": ""(2, 4)""}",tune,False,150,0.51464,0.51464,0.57627,0.38,0.79333,0.92,2.15957
norvig,"bm25_char n=(2, 4) k1=1.2 b=0.3 idf^1.0",bm25_char,"{""b"": 0.3, ""idf_exp"": 1.0, ""k1"": 1.2, ""n"": ""(2, 4)""}",tune,False,150,0.70369,0.70369,0.7375,0.62,0.86,0.94667,1.75218
norvig,"bm25_char n=(2, 4) k1=1.2 b=0.3 idf^2.0",bm25_char,"{""b"": 0.3, ""idf_exp"": 2.0, ""k1"": 1.2, ""n"": ""(2, 4)""}",tune,False,150,0.6395,0.6395,0.6819,0.54667,0.83333,0.94,1.56266
norvig,"bm25_char n=(2, 4) k1=1.2 b=0.3 idf^3.0",bm25_char,"{""b"": 0.3, ""idf_exp"": 3.0, ""k1"": 1.2, ""n"": ""(2, 4)""}",tune,False,150,0.56697,0.56697,0.61798,0.44667,0.8,0.91333,1.48894
norvig,"bm25_char n=(2, 4) k1=1.2 b=0.75 idf^1.0",bm25_char,"{""b"": 0.75, ""idf_exp"": 1.0, ""k1"": 1.2, ""n"": ""(2, 4)""}",tune,False,150,0.69048,0.69048,0.73132,0.58667,0.87333,0.95333,1.58434
norvig,"bm25_char n=(2, 4) k1=1.2 b=0.75 idf^2.0",bm25_char,"{""b"": 0.75, ""idf_exp"": 2.0, ""k1"": 1.2, ""n"": ""(2, 4)""}",tune,False,150,0.5857,0.5857,0.64136,0.44667,0.83333,0.94667,1.57948
norvig,"bm25_char n=(2, 4) k1=1.2 b=0.75 idf^3.0",bm25_char,"{""b"": 0.75, ""idf_exp"": 3.0, ""k1"": 1.2, ""n"": ""(2, 4)""}",tune,False,150,0.49769,0.49769,0.55933,0.36,0.78,0.92,1.50937
norvig,"bm25_char n=(2, 4) k1=1.2 b=1.0 idf^1.0",bm25_char,"{""b"": 1.0, ""idf_exp"": 1.0, ""k1"": 1.2, ""n"": ""(2, 4)""}",tune,False,150,0.67874,0.67874,0.72642,0.56,0.88667,0.96,1.55336
norvig,"bm25_char n=(2, 4) k1=1.2 b=1.0 idf^2.0",bm25_char,"{""b"": 1.0, ""idf_exp"": 2.0, ""k1"": 1.2, ""n"": ""(2, 4)""}",tune,False,150,0.56715,0.56715,0.62501,0.42667,0.82667,0.94,1.57096
norvig,"bm25_char n=(2, 4) k1=1.2 b=1.0 idf^3.0",bm25_char,"{""b"": 1.0, ""idf_exp"": 3.0, ""k1"": 1.2, ""n"": ""(2, 4)""}",tune,False,150,0.47441,0.47441,0.53961,0.33333,0.77333,0.92,1.61821
norvig,"bm25_char n=(2, 4) k1=2.0 b=0.3 idf^1.0",bm25_char,"{""b"": 0.3, ""idf_exp"": 1.0, ""k1"": 2.0, ""n"": ""(2, 4)""}",tune,False,150,0.70053,0.70053,0.73331,0.61333,0.85333,0.94667,1.58092
norvig,"bm25_char n=(2, 4) k1=2.0 b=0.3 idf^2.0",bm25_char,"{""b"": 0.3, ""idf_exp"": 2.0, ""k1"": 2.0, ""n"": ""(2, 4)""}",tune,False,150,0.62608,0.62608,0.67182,0.52,0.83333,0.94,1.56268
norvig,"bm25_char n=(2, 4) k1=2.0 b=0.3 idf^3.0",bm25_char,"{""b"": 0.3, ""idf_exp"": 3.0, ""k1"": 2.0, ""n"": ""(2, 4)""}",tune,False,150,0.55147,0.55147,0.60446,0.42667,0.79333,0.91333,1.5584
norvig,"bm25_char n=(2, 4) k1=2.0 b=0.75 idf^1.0",bm25_char,"{""b"": 0.75, ""idf_exp"": 1.0, ""k1"": 2.0, ""n"": ""(2, 4)""}",tune,False,150,0.69009,0.69009,0.73469,0.58,0.88667,0.96,1.56377
norvig,"bm25_char n=(2, 4) k1=2.0 b=0.75 idf^2.0",bm25_char,"{""b"": 0.75, ""idf_exp"": 2.0, ""k1"": 2.0, ""n"": ""(2, 4)""}",tune,False,150,0.56989,0.56989,0.62717,0.43333,0.82667,0.94,1.51419
norvig,"bm25_char n=(2, 4) k1=2.0 b=0.75 idf^3.0",bm25_char,"{""b"": 0.75, ""idf_exp"": 3.0, ""k1"": 2.0, ""n"": ""(2, 4)""}",tune,False,150,0.47873,0.47873,0.54483,0.33333,0.78,0.92,1.5081
norvig,"bm25_char n=(2, 4) k1=2.0 b=1.0 idf^1.0",bm25_char,"{""b"": 1.0, ""idf_exp"": 1.0, ""k1"": 2.0, ""n"": ""(2, 4)""}",tune,False,150,0.63769,0.63769,0.69582,0.48667,0.88667,0.96,1.53499
norvig,"bm25_char n=(2, 4) k1=2.0 b=1.0 idf^2.0",bm25_char,"{""b"": 1.0, ""idf_exp"": 2.0, ""k1"": 2.0, ""n"": ""(2, 4)""}",tune,False,150,0.53702,0.53702,0.60007,0.38667,0.82,0.94,1.57761
norvig,"bm25_char n=(2, 4) k1=2.0 b=1.0 idf^3.0",bm25_char,"{""b"": 1.0, ""idf_exp"": 3.0, ""k1"": 2.0, ""n"": ""(2, 4)""}",tune,False,150,0.46037,0.46037,0.52881,0.32,0.77333,0.92,1.51546
norvig,"bm25_char n=(3, 4) k1=0.5 b=0.3 idf^1.0",bm25_char,"{""b"": 0.3, ""idf_exp"": 1.0, ""k1"": 0.5, ""n"": ""(3, 4)""}",tune,False,150,0.67505,0.67505,0.70316,0.59333,0.81333,0.93333,1.80677
norvig,"bm25_char n=(3, 4) k1=0.5 b=0.3 idf^2.0",bm25_char,"{""b"": 0.3, ""idf_exp"": 2.0, ""k1"": 0.5, ""n"": ""(3, 4)""}",tune,False,150,0.63203,0.63203,0.66543,0.53333,0.79333,0.94,1.87173
norvig,"bm25_char n=(3, 4) k1=0.5 b=0.3 idf^3.0",bm25_char,"{""b"": 0.3, ""idf_exp"": 3.0, ""k1"": 0.5, ""n"": ""(3, 4)""}",tune,False,150,0.55119,0.55119,0.60198,0.43333,0.78667,0.92667,1.84262
norvig,"bm25_char n=(3, 4) k1=0.5 b=0.75 idf^1.0",bm25_char,"{""b"": 0.75, ""idf_exp"": 1.0, ""k1"": 0.5, ""n"": ""(3, 4)""}",tune,False,150,0.65582,0.65582,0.69052,0.55333,0.82,0.94667,1.89842
norvig,"bm25_char n=(3, 4) k1=0.5 b=0.75 idf^2.0",bm25_char,"{""b"": 0.75, ""idf_exp"": 2.0, ""k1"": 0.5, ""n"": ""(3, 4)""}",tune,False,150,0.59179,0.59179,0.63632,0.48,0.8,0.94667,1.84622
norvig,"bm25_char n=(3, 4) k1=0.5 b=0.75 idf^3.0",bm25_char,"{""b"": 0.75, ""idf_exp"": 3.0, ""k1"": 0.5, ""n"": ""(3, 4)""}",tune,False,150,0.51875,0.51875,0.57514,0.39333,0.78,0.93333,2.32866
norvig,"bm25_char n=(3, 4) k1=0.5 b=1.0 idf^1.0",bm25_char,"{""b"": 1.0, ""idf_exp"": 1.0, ""k1"": 0.5, ""n"": ""(3, 4)""}",tune,False,150,0.64294,0.64294,0.68108,0.52667,0.82,0.94667,2.7681
norvig,"bm25_char n=(3, 4) k1=0.5 b=1.0 idf^2.0",bm25_char,"{""b"": 1.0, ""idf_exp"": 2.0, ""k1"": 0.5, ""n"": ""(3, 4)""}",tune,False,150,0.57761,0.57761,0.62339,0.46667,0.79333,0.94667,2.4615
norvig,"bm25_char n=(3, 4) k1=0.5 b=1.0 idf^3.0",bm25_char,"{""b"": 1.0, ""idf_exp"": 3.0, ""k1"": 0.5, ""n"": ""(3, 4)""}",tune,False,150,0.50715,0.50715,0.56443,0.37333,0.77333,0.93333,2.70279
norvig,"bm25_char n=(3, 4) k1=1.2 b=0.3 idf^1.0",bm25_char,"{""b"": 0.3, ""idf_exp"": 1.0, ""k1"": 1.2, ""n"": ""(3, 4)""}",tune,False,150,0.66809,0.66809,0.69965,0.58,0.82,0.94667,2.73207
norvig,"bm25_char n=(3, 4) k1=1.2 b=0.3 idf^2.0",bm25_char,"{""b"": 0.3, ""idf_exp"": 2.0, ""k1"": 1.2, ""n"": ""(3, 4)""}",tune,False,150,0.60662,0.60662,0.64809,0.49333,0.8,0.94,3.53021
norvig,"bm25_char n=(3, 4) k1=1.2 b=0.3 idf^3.0",bm25_char,"{""b"": 0.3, ""idf_exp"": 3.0, ""k1"": 1.2, ""n"": ""(3, 4)""}",tune,False,150,0.54525,0.54525,0.59734,0.42667,0.78667,0.93333,4.21092
norvig,"bm25_char n=(3, 4) k1=1.2 b=0.75 idf^1.0",bm25_char,"{""b"": 0.75, ""idf_exp"": 1.0, ""k1"": 1.2, ""n"": ""(3, 4)""}",tune,False,150,0.64118,0.64118,0.67977,0.52,0.82,0.94667,4.11992
norvig,"bm25_char n=(3, 4) k1=1.2 b=0.75 idf^2.0",bm25_char,"{""b"": 0.75, ""idf_exp"": 2.0, ""k1"": 1.2, ""n"": ""(3, 4)""}",tune,False,150,0.55871,0.55871,0.61063,0.44,0.8,0.94667,3.6753
norvig,"bm25_char n=(3, 4) k1=1.2 b=0.75 idf^3.0",bm25_char,"{""b"": 0.75, ""idf_exp"": 3.0, ""k1"": 1.2, ""n"": ""(3, 4)""}",tune,False,150,0.49135,0.49135,0.55055,0.34667,0.76667,0.94,3.51199
norvig,"bm25_char n=(3, 4) k1=1.2 b=1.0 idf^1.0",bm25_char,"{""b"": 1.0, ""idf_exp"": 1.0, ""k1"": 1.2, ""n"": ""(3, 4)""}",tune,False,150,0.60379,0.60379,0.65528,0.46,0.83333,0.94667,3.51006
norvig,"bm25_char n=(3, 4) k1=1.2 b=1.0 idf^2.0",bm25_char,"{""b"": 1.0, ""idf_exp"": 2.0, ""k1"": 1.2, ""n"": ""(3, 4)""}",tune,False,150,0.54008,0.54008,0.5966,0.41333,0.8,0.94667,3.36014
norvig,"bm25_char n=(3, 4) k1=1.2 b=1.0 idf^3.0",bm25_char,"{""b"": 1.0, ""idf_exp"": 3.0, ""k1"": 1.2, ""n"": ""(3, 4)""}",tune,False,150,0.46446,0.46446,0.52774,0.32,0.76,0.94,3.31318
norvig,"bm25_char n=(3, 4) k1=2.0 b=0.3 idf^1.0",bm25_char,"{""b"": 0.3, ""idf_exp"": 1.0, ""k1"": 2.0, ""n"": ""(3, 4)""}",tune,False,150,0.66194,0.66194,0.69327,0.56667,0.81333,0.94667,2.93353
norvig,"bm25_char n=(3, 4) k1=2.0 b=0.3 idf^2.0",bm25_char,"{""b"": 0.3, ""idf_exp"": 2.0, ""k1"": 2.0, ""n"": ""(3, 4)""}",tune,False,150,0.5947,0.5947,0.63887,0.48,0.8,0.94,2.13628
norvig,"bm25_char n=(3, 4) k1=2.0 b=0.3 idf^3.0",bm25_char,"{""b"": 0.3, ""idf_exp"": 3.0, ""k1"": 2.0, ""n"": ""(3, 4)""}",tune,False,150,0.53142,0.53142,0.58498,0.40667,0.78,0.93333,2.02355
norvig,"bm25_char n=(3, 4) k1=2.0 b=0.75 idf^1.0",bm25_char,"{""b"": 0.75, ""idf_exp"": 1.0, ""k1"": 2.0, ""n"": ""(3, 4)""}",tune,False,150,0.61547,0.61547,0.66261,0.47333,0.82667,0.94667,1.96596
norvig,"bm25_char n=(3, 4) k1=2.0 b=0.75 idf^2.0",bm25_char,"{""b"": 0.75, ""idf_exp"": 2.0, ""k1"": 2.0, ""n"": ""(3, 4)""}",tune,False,150,0.54937,0.54937,0.60358,0.42667,0.8,0.94667,1.76276
norvig,"bm25_char n=(3, 4) k1=2.0 b=0.75 idf^3.0",bm25_char,"{""b"": 0.75, ""idf_exp"": 3.0, ""k1"": 2.0, ""n"": ""(3, 4)""}",tune,False,150,0.47145,0.47145,0.53319,0.32667,0.76,0.94,1.76734
norvig,"bm25_char n=(3, 4) k1=2.0 b=1.0 idf^1.0",bm25_char,"{""b"": 1.0, ""idf_exp"": 1.0, ""k1"": 2.0, ""n"": ""(3, 4)""}",tune,False,150,0.5722,0.5722,0.62759,0.42,0.82,0.94667,1.82355
norvig,"bm25_char n=(3, 4) k1=2.0 b=1.0 idf^2.0",bm25_char,"{""b"": 1.0, ""idf_exp"": 2.0, ""k1"": 2.0, ""n"": ""(3, 4)""}",tune,False,150,0.50682,0.50682,0.57146,0.36667,0.8,0.94667,1.98972
norvig,"bm25_char n=(3, 4) k1=2.0 b=1.0 idf^3.0",bm25_char,"{""b"": 1.0, ""idf_exp"": 3.0, ""k1"": 2.0, ""n"": ""(3, 4)""}",tune,False,150,0.44812,0.44812,0.51487,0.30667,0.76,0.93333,1.94832
norvig,"bm25_char n=(2,) k1=1.2 b=1.0 idf^1.0",bm25_char,"{""b"": 1.0, ""idf_exp"": 1.0, ""k1"": 1.2, ""n"": ""(2,)""}",test,True,150,0.79748,0.79748,0.8271,0.71333,0.92667,0.98,1.42996
norvig,"tfidf_char n=(2,)",tfidf_char,"{""n"": ""(2,)""}",tune,False,150,0.73587,0.73587,0.76244,0.66667,0.86,0.95333,1.303
norvig,"tfidf_char n=(3,)",tfidf_char,"{""n"": ""(3,)""}",tune,False,150,0.59975,0.59975,0.65289,0.47333,0.84,0.94667,2.05546
norvig,"tfidf_char n=(4,)",tfidf_char,"{""n"": ""(4,)""}",tune,False,150,0.49192,0.49192,0.56094,0.36,0.8,0.89333,2.10022
norvig,"tfidf_char n=(2, 3)",tfidf_char,"{""n"": ""(2, 3)""}",tune,False,150,0.67361,0.67361,0.72041,0.56,0.88,0.96667,1.65931
norvig,"tfidf_char n=(2, 4)",tfidf_char,"{""n"": ""(2, 4)""}",tune,False,150,0.57029,0.57029,0.62598,0.42,0.82,0.94667,1.67111
norvig,"tfidf_char n=(3, 4)",tfidf_char,"{""n"": ""(3, 4)""}",tune,False,150,0.52939,0.52939,0.59012,0.37333,0.8,0.93333,1.97719
norvig,"tfidf_char n=(2,)",tfidf_char,"{""n"": ""(2,)""}",test,True,150,0.7444,0.7444,0.77386,0.66667,0.88,0.97333,1.53358
norvig,bm25_word k1=0.5 b=0.3,bm25_word,"{""b"": 0.3, ""idf_exp"": 1.0, ""k1"": 0.5}",tune,False,150,0.0,0.0,0.0,0.0,0.0,0.0,0.23234
norvig,bm25_word k1=0.5 b=0.75,bm25_word,"{""b"": 0.75, ""idf_exp"": 1.0, ""k1"": 0.5}",tune,False,150,0.0,0.0,0.0,0.0,0.0,0.0,0.22577
norvig,bm25_word k1=0.5 b=1.0,bm25_word,"{""b"": 1.0, ""idf_exp"": 1.0, ""k1"": 0.5}",tune,False,150,0.0,0.0,0.0,0.0,0.0,0.0,0.23026
norvig,bm25_word k1=1.2 b=0.3,bm25_word,"{""b"": 0.3, ""idf_exp"": 1.0, ""k1"": 1.2}",tune,False,150,0.0,0.0,0.0,0.0,0.0,0.0,0.23776
norvig,bm25_word k1=1.2 b=0.75,bm25_word,"{""b"": 0.75, ""idf_exp"": 1.0, ""k1"": 1.2}",tune,False,150,0.0,0.0,0.0,0.0,0.0,0.0,0.16636
norvig,bm25_word k1=1.2 b=1.0,bm25_word,"{""b"": 1.0, ""idf_exp"": 1.0, ""k1"": 1.2}",tune,False,150,0.0,0.0,0.0,0.0,0.0,0.0,0.25261
norvig,bm25_word k1=2.0 b=0.3,bm25_word,"{""b"": 0.3, ""idf_exp"": 1.0, ""k1"": 2.0}",tune,False,150,0.0,0.0,0.0,0.0,0.0,0.0,0.24888
norvig,bm25_word k1=2.0 b=0.75,bm25_word,"{""b"": 0.75, ""idf_exp"": 1.0, ""k1"": 2.0}",tune,False,150,0.0,0.0,0.0,0.0,0.0,0.0,0.22955
norvig,bm25_word k1=2.0 b=1.0,bm25_word,"{""b"": 1.0, ""idf_exp"": 1.0, ""k1"": 2.0}",tune,False,150,0.0,0.0,0.0,0.0,0.0,0.0,0.23031
norvig,bm25_word k1=0.5 b=0.3,bm25_word,"{""b"": 0.3, ""idf_exp"": 1.0, ""k1"": 0.5}",test,True,150,0.0,0.0,0.0,0.0,0.0,0.0,0.21076
norvig,damerau_levenshtein,damerau_levenshtein,"{""band"": 3}",tune,False,150,0.80131,0.80131,0.83706,0.70667,0.95333,1.0,1550.25449
norvig,damerau_levenshtein,damerau_levenshtein,"{""band"": 3}",test,True,150,0.77917,0.77917,0.82129,0.68,0.95333,0.96667,1381.07414
norvig,bm25_char top-50 reranked by v7,bm25_char>v7,"{""depth"": 50}",test,True,150,0.87132,0.87132,0.884,0.83333,0.93333,0.98,7.86718
norvig,v7 top-50 reranked by bm25_char,v7>bm25_char,"{""depth"": 50}",test,True,150,0.80111,0.80111,0.83665,0.71333,0.95333,0.99333,7.14964
norvig,rrf of v7 and bm25_char,"rrf(v7,bm25_char)","{""depth"": 50, ""k"": 60}",test,True,150,0.84978,0.84978,0.87328,0.79333,0.95333,0.98,10.5135
norvig,tfidf_char top-50 reranked by v7,tfidf_char>v7,"{""depth"": 50}",test,True,150,0.86917,0.86917,0.88087,0.83333,0.92667,0.97333,9.79973
norvig,rrf of v7 and tfidf_char,"rrf(v7,tfidf_char)","{""depth"": 50, ""k"": 60}",test,True,150,0.81832,0.81832,0.84044,0.74667,0.92,0.98667,8.10767
norvig,bm25_char + v7 at lam=0.1,"mix(bm25_char,v7)","{""lam"": 0.1}",tune,False,150,0.80956,0.80956,0.84284,0.73333,0.95333,0.99333,11.21255
norvig,bm25_char + v7 at lam=0.25,"mix(bm25_char,v7)","{""lam"": 0.25}",tune,False,150,0.82423,0.82423,0.85406,0.74667,0.95333,0.99333,12.57834
norvig,bm25_char + v7 at lam=0.5,"mix(bm25_char,v7)","{""lam"": 0.5}",tune,False,150,0.84592,0.84592,0.87261,0.77333,0.96,0.99333,11.69568
norvig,bm25_char + v7 at lam=0.75,"mix(bm25_char,v7)","{""lam"": 0.75}",tune,False,150,0.86896,0.86896,0.88818,0.80667,0.95333,0.99333,9.87749
norvig,bm25_char + v7 at lam=0.9,"mix(bm25_char,v7)","{""lam"": 0.9}",tune,False,150,0.87219,0.87219,0.89079,0.81333,0.95333,0.99333,11.33391
norvig,bm25_char + v7 at lam=0.9,"mix(bm25_char,v7)","{""lam"": 0.9}",test,True,150,0.87163,0.87163,0.88432,0.83333,0.93333,0.99333,11.28303
norvig,tfidf_char + v7 at lam=0.1,"mix(tfidf_char,v7)","{""lam"": 0.1}",tune,False,150,0.7521,0.7521,0.77783,0.68,0.87333,0.96667,11.15629
norvig,tfidf_char + v7 at lam=0.25,"mix(tfidf_char,v7)","{""lam"": 0.25}",tune,False,150,0.77503,0.77503,0.80598,0.70667,0.91333,0.98,10.41308
norvig,tfidf_char + v7 at lam=0.5,"mix(tfidf_char,v7)","{""lam"": 0.5}",tune,False,150,0.80574,0.80574,0.83482,0.72667,0.93333,0.98667,10.98424
norvig,tfidf_char + v7 at lam=0.75,"mix(tfidf_char,v7)","{""lam"": 0.75}",tune,False,150,0.84431,0.84431,0.87,0.77333,0.95333,0.99333,11.08433
norvig,tfidf_char + v7 at lam=0.9,"mix(tfidf_char,v7)","{""lam"": 0.9}",tune,False,150,0.87097,0.87097,0.88997,0.81333,0.95333,0.99333,11.67369
norvig,tfidf_char + v7 at lam=0.9,"mix(tfidf_char,v7)","{""lam"": 0.9}",test,True,150,0.86172,0.86172,0.87548,0.81333,0.92667,0.98667,10.70339
