task,system,family,config,split,selected,n_queries,map,mrr,ndcg@10,hit@1,recall@10,recall@50,ms_per_query
typo_hard,"v7 n=(1, 2) idf=0.0 dim=1.0 norm=False/dice pw=0.0",v7,"{""denominator"": ""dice"", ""dim"": 1.0, ""idf"": 0.0, ""n"": ""(1, 2)"", ""normalize"": false, ""position_weight"": 0.0}",tune,False,124,0.72094,0.72094,0.74902,0.64516,0.84677,0.91129,5.50588
typo_hard,"v7 n=(1, 2) idf=0.0 dim=1.0 norm=False/dice pw=0.5",v7,"{""denominator"": ""dice"", ""dim"": 1.0, ""idf"": 0.0, ""n"": ""(1, 2)"", ""normalize"": false, ""position_weight"": 0.5}",tune,False,124,0.75603,0.75603,0.77955,0.68548,0.8629,0.92742,4.81012
typo_hard,"v7 n=(1, 2) idf=0.0 dim=1.0 norm=False/dice pw=1.0",v7,"{""denominator"": ""dice"", ""dim"": 1.0, ""idf"": 0.0, ""n"": ""(1, 2)"", ""normalize"": false, ""position_weight"": 1.0}",tune,False,124,0.75772,0.75772,0.7809,0.68548,0.8629,0.92742,5.2913
typo_hard,"v7 n=(1, 2) idf=0.0 dim=1.0 norm=True/dice pw=0.0",v7,"{""denominator"": ""dice"", ""dim"": 1.0, ""idf"": 0.0, ""n"": ""(1, 2)"", ""normalize"": true, ""position_weight"": 0.0}",tune,False,124,0.82648,0.82648,0.85178,0.76613,0.93548,0.97581,5.28486
typo_hard,"v7 n=(1, 2) idf=0.0 dim=1.0 norm=True/dice pw=0.5",v7,"{""denominator"": ""dice"", ""dim"": 1.0, ""idf"": 0.0, ""n"": ""(1, 2)"", ""normalize"": true, ""position_weight"": 0.5}",tune,False,124,0.83466,0.83466,0.85829,0.77419,0.93548,0.97581,5.21175
typo_hard,"v7 n=(1, 2) idf=0.0 dim=1.0 norm=True/dice pw=1.0",v7,"{""denominator"": ""dice"", ""dim"": 1.0, ""idf"": 0.0, ""n"": ""(1, 2)"", ""normalize"": true, ""position_weight"": 1.0}",tune,False,124,0.83637,0.83637,0.86193,0.76613,0.94355,0.97581,4.96687
typo_hard,"v7 n=(1, 2) idf=0.0 dim=1.0 norm=True/geo pw=0.0",v7,"{""denominator"": ""geo"", ""dim"": 1.0, ""idf"": 0.0, ""n"": ""(1, 2)"", ""normalize"": true, ""position_weight"": 0.0}",tune,False,124,0.82399,0.82399,0.84783,0.76613,0.92742,0.96774,4.3604
typo_hard,"v7 n=(1, 2) idf=0.0 dim=1.0 norm=True/geo pw=0.5",v7,"{""denominator"": ""geo"", ""dim"": 1.0, ""idf"": 0.0, ""n"": ""(1, 2)"", ""normalize"": true, ""position_weight"": 0.5}",tune,False,124,0.83357,0.83357,0.85532,0.77419,0.92742,0.96774,4.3521
typo_hard,"v7 n=(1, 2) idf=0.0 dim=1.0 norm=True/geo pw=1.0",v7,"{""denominator"": ""geo"", ""dim"": 1.0, ""idf"": 0.0, ""n"": ""(1, 2)"", ""normalize"": true, ""position_weight"": 1.0}",tune,False,124,0.83012,0.83012,0.85278,0.75806,0.92742,0.97581,4.62576
typo_hard,"v7 n=(1, 2) idf=0.0 dim=2.0 norm=False/dice pw=0.0",v7,"{""denominator"": ""dice"", ""dim"": 2.0, ""idf"": 0.0, ""n"": ""(1, 2)"", ""normalize"": false, ""position_weight"": 0.0}",tune,False,124,0.7046,0.7046,0.73485,0.62903,0.83871,0.90323,4.50517
typo_hard,"v7 n=(1, 2) idf=0.0 dim=2.0 norm=False/dice pw=0.5",v7,"{""denominator"": ""dice"", ""dim"": 2.0, ""idf"": 0.0, ""n"": ""(1, 2)"", ""normalize"": false, ""position_weight"": 0.5}",tune,False,124,0.74315,0.74315,0.77232,0.66935,0.87097,0.90323,4.31488
typo_hard,"v7 n=(1, 2) idf=0.0 dim=2.0 norm=False/dice pw=1.0",v7,"{""denominator"": ""dice"", ""dim"": 2.0, ""idf"": 0.0, ""n"": ""(1, 2)"", ""normalize"": false, ""position_weight"": 1.0}",tune,False,124,0.76653,0.76653,0.79662,0.70161,0.89516,0.91935,4.13967
typo_hard,"v7 n=(1, 2) idf=0.0 dim=2.0 norm=True/dice pw=0.0",v7,"{""denominator"": ""dice"", ""dim"": 2.0, ""idf"": 0.0, ""n"": ""(1, 2)"", ""normalize"": true, ""position_weight"": 0.0}",tune,False,124,0.82483,0.82483,0.84621,0.77419,0.91935,0.96774,4.76787
typo_hard,"v7 n=(1, 2) idf=0.0 dim=2.0 norm=True/dice pw=0.5",v7,"{""denominator"": ""dice"", ""dim"": 2.0, ""idf"": 0.0, ""n"": ""(1, 2)"", ""normalize"": true, ""position_weight"": 0.5}",tune,False,124,0.83202,0.83202,0.85344,0.77419,0.92742,0.97581,4.272
typo_hard,"v7 n=(1, 2) idf=0.0 dim=2.0 norm=True/dice pw=1.0",v7,"{""denominator"": ""dice"", ""dim"": 2.0, ""idf"": 0.0, ""n"": ""(1, 2)"", ""normalize"": true, ""position_weight"": 1.0}",tune,False,124,0.83198,0.83198,0.85816,0.76613,0.94355,0.98387,4.7901
typo_hard,"v7 n=(1, 2) idf=0.0 dim=2.0 norm=True/geo pw=0.0",v7,"{""denominator"": ""geo"", ""dim"": 2.0, ""idf"": 0.0, ""n"": ""(1, 2)"", ""normalize"": true, ""position_weight"": 0.0}",tune,False,124,0.81777,0.81777,0.83896,0.76613,0.91129,0.95161,6.30202
typo_hard,"v7 n=(1, 2) idf=0.0 dim=2.0 norm=True/geo pw=0.5",v7,"{""denominator"": ""geo"", ""dim"": 2.0, ""idf"": 0.0, ""n"": ""(1, 2)"", ""normalize"": true, ""position_weight"": 0.5}",tune,False,124,0.82851,0.82851,0.85107,0.76613,0.92742,0.97581,5.58285
typo_hard,"v7 n=(1, 2) idf=0.0 dim=2.0 norm=True/geo pw=1.0",v7,"{""denominator"": ""geo"", ""dim"": 2.0, ""idf"": 0.0, ""n"": ""(1, 2)"", ""normalize"": true, ""position_weight"": 1.0}",tune,False,124,0.83249,0.83249,0.85644,0.76613,0.93548,0.97581,4.65774
typo_hard,"v7 n=(1, 2) idf=1.0 dim=1.0 norm=False/dice pw=0.0",v7,"{""denominator"": ""dice"", ""dim"": 1.0, ""idf"": 1.0, ""n"": ""(1, 2)"", ""normalize"": false, ""position_weight"": 0.0}",tune,False,124,0.6758,0.6758,0.70079,0.59677,0.79032,0.89516,3.90745
typo_hard,"v7 n=(1, 2) idf=1.0 dim=1.0 norm=False/dice pw=0.5",v7,"{""denominator"": ""dice"", ""dim"": 1.0, ""idf"": 1.0, ""n"": ""(1, 2)"", ""normalize"": false, ""position_weight"": 0.5}",tune,False,124,0.70745,0.70745,0.7285,0.64516,0.80645,0.91129,3.6121
typo_hard,"v7 n=(1, 2) idf=1.0 dim=1.0 norm=False/dice pw=1.0",v7,"{""denominator"": ""dice"", ""dim"": 1.0, ""idf"": 1.0, ""n"": ""(1, 2)"", ""normalize"": false, ""position_weight"": 1.0}",tune,False,124,0.70777,0.70777,0.73052,0.6371,0.81452,0.91935,3.82298
typo_hard,"v7 n=(1, 2) idf=1.0 dim=1.0 norm=True/dice pw=0.0",v7,"{""denominator"": ""dice"", ""dim"": 1.0, ""idf"": 1.0, ""n"": ""(1, 2)"", ""normalize"": true, ""position_weight"": 0.0}",tune,False,124,0.75838,0.75838,0.78596,0.68548,0.87903,0.92742,4.30273
typo_hard,"v7 n=(1, 2) idf=1.0 dim=1.0 norm=True/dice pw=0.5",v7,"{""denominator"": ""dice"", ""dim"": 1.0, ""idf"": 1.0, ""n"": ""(1, 2)"", ""normalize"": true, ""position_weight"": 0.5}",tune,False,124,0.78399,0.78399,0.80745,0.71774,0.8871,0.93548,4.08128
typo_hard,"v7 n=(1, 2) idf=1.0 dim=1.0 norm=True/dice pw=1.0",v7,"{""denominator"": ""dice"", ""dim"": 1.0, ""idf"": 1.0, ""n"": ""(1, 2)"", ""normalize"": true, ""position_weight"": 1.0}",tune,False,124,0.79221,0.79221,0.81535,0.72581,0.89516,0.96774,5.42358
typo_hard,"v7 n=(1, 2) idf=1.0 dim=1.0 norm=True/geo pw=0.0",v7,"{""denominator"": ""geo"", ""dim"": 1.0, ""idf"": 1.0, ""n"": ""(1, 2)"", ""normalize"": true, ""position_weight"": 0.0}",tune,False,124,0.74805,0.74805,0.77831,0.66935,0.87903,0.91935,5.94649
typo_hard,"v7 n=(1, 2) idf=1.0 dim=1.0 norm=True/geo pw=0.5",v7,"{""denominator"": ""geo"", ""dim"": 1.0, ""idf"": 1.0, ""n"": ""(1, 2)"", ""normalize"": true, ""position_weight"": 0.5}",tune,False,124,0.78131,0.78131,0.80551,0.71774,0.8871,0.92742,6.10301
typo_hard,"v7 n=(1, 2) idf=1.0 dim=1.0 norm=True/geo pw=1.0",v7,"{""denominator"": ""geo"", ""dim"": 1.0, ""idf"": 1.0, ""n"": ""(1, 2)"", ""normalize"": true, ""position_weight"": 1.0}",tune,False,124,0.79348,0.79348,0.81645,0.73387,0.89516,0.95161,6.12748
typo_hard,"v7 n=(1, 2) idf=1.0 dim=2.0 norm=False/dice pw=0.0",v7,"{""denominator"": ""dice"", ""dim"": 2.0, ""idf"": 1.0, ""n"": ""(1, 2)"", ""normalize"": false, ""position_weight"": 0.0}",tune,False,124,0.68798,0.68798,0.7124,0.62903,0.79839,0.85484,5.69053
typo_hard,"v7 n=(1, 2) idf=1.0 dim=2.0 norm=False/dice pw=0.5",v7,"{""denominator"": ""dice"", ""dim"": 2.0, ""idf"": 1.0, ""n"": ""(1, 2)"", ""normalize"": false, ""position_weight"": 0.5}",tune,False,124,0.69536,0.69536,0.72016,0.62903,0.80645,0.87903,5.47425
typo_hard,"v7 n=(1, 2) idf=1.0 dim=2.0 norm=False/dice pw=1.0",v7,"{""denominator"": ""dice"", ""dim"": 2.0, ""idf"": 1.0, ""n"": ""(1, 2)"", ""normalize"": false, ""position_weight"": 1.0}",tune,False,124,0.6989,0.6989,0.72492,0.62903,0.81452,0.89516,5.8821
typo_hard,"v7 n=(1, 2) idf=1.0 dim=2.0 norm=True/dice pw=0.0",v7,"{""denominator"": ""dice"", ""dim"": 2.0, ""idf"": 1.0, ""n"": ""(1, 2)"", ""normalize"": true, ""position_weight"": 0.0}",tune,False,124,0.7466,0.7466,0.76671,0.68548,0.83871,0.91129,6.13157
typo_hard,"v7 n=(1, 2) idf=1.0 dim=2.0 norm=True/dice pw=0.5",v7,"{""denominator"": ""dice"", ""dim"": 2.0, ""idf"": 1.0, ""n"": ""(1, 2)"", ""normalize"": true, ""position_weight"": 0.5}",tune,False,124,0.78047,0.78047,0.80233,0.72581,0.87903,0.92742,6.20102
typo_hard,"v7 n=(1, 2) idf=1.0 dim=2.0 norm=True/dice pw=1.0",v7,"{""denominator"": ""dice"", ""dim"": 2.0, ""idf"": 1.0, ""n"": ""(1, 2)"", ""normalize"": true, ""position_weight"": 1.0}",tune,False,124,0.78764,0.78764,0.81454,0.72581,0.90323,0.93548,5.90352
typo_hard,"v7 n=(1, 2) idf=1.0 dim=2.0 norm=True/geo pw=0.0",v7,"{""denominator"": ""geo"", ""dim"": 2.0, ""idf"": 1.0, ""n"": ""(1, 2)"", ""normalize"": true, ""position_weight"": 0.0}",tune,False,124,0.74947,0.74947,0.76705,0.68548,0.83065,0.90323,6.63032
typo_hard,"v7 n=(1, 2) idf=1.0 dim=2.0 norm=True/geo pw=0.5",v7,"{""denominator"": ""geo"", ""dim"": 2.0, ""idf"": 1.0, ""n"": ""(1, 2)"", ""normalize"": true, ""position_weight"": 0.5}",tune,False,124,0.78219,0.78219,0.80375,0.72581,0.87903,0.92742,6.26474
typo_hard,"v7 n=(1, 2) idf=1.0 dim=2.0 norm=True/geo pw=1.0",v7,"{""denominator"": ""geo"", ""dim"": 2.0, ""idf"": 1.0, ""n"": ""(1, 2)"", ""normalize"": true, ""position_weight"": 1.0}",tune,False,124,0.78881,0.78881,0.81338,0.72581,0.89516,0.92742,6.1303
typo_hard,"v7 n=(1, 2) idf=2.0 dim=1.0 norm=False/dice pw=0.0",v7,"{""denominator"": ""dice"", ""dim"": 1.0, ""idf"": 2.0, ""n"": ""(1, 2)"", ""normalize"": false, ""position_weight"": 0.0}",tune,False,124,0.45744,0.45744,0.49205,0.37097,0.62903,0.79032,5.59919
typo_hard,"v7 n=(1, 2) idf=2.0 dim=1.0 norm=False/dice pw=0.5",v7,"{""denominator"": ""dice"", ""dim"": 1.0, ""idf"": 2.0, ""n"": ""(1, 2)"", ""normalize"": false, ""position_weight"": 0.5}",tune,False,124,0.47113,0.47113,0.51091,0.37903,0.66129,0.80645,5.81579
typo_hard,"v7 n=(1, 2) idf=2.0 dim=1.0 norm=False/dice pw=1.0",v7,"{""denominator"": ""dice"", ""dim"": 1.0, ""idf"": 2.0, ""n"": ""(1, 2)"", ""normalize"": false, ""position_weight"": 1.0}",tune,False,124,0.47719,0.47719,0.52022,0.37097,0.67742,0.81452,5.13247
typo_hard,"v7 n=(1, 2) idf=2.0 dim=1.0 norm=True/dice pw=0.0",v7,"{""denominator"": ""dice"", ""dim"": 1.0, ""idf"": 2.0, ""n"": ""(1, 2)"", ""normalize"": true, ""position_weight"": 0.0}",tune,False,124,0.55855,0.55855,0.59218,0.49194,0.70968,0.77419,5.88941
typo_hard,"v7 n=(1, 2) idf=2.0 dim=1.0 norm=True/dice pw=0.5",v7,"{""denominator"": ""dice"", ""dim"": 1.0, ""idf"": 2.0, ""n"": ""(1, 2)"", ""normalize"": true, ""position_weight"": 0.5}",tune,False,124,0.58988,0.58988,0.61842,0.52419,0.71774,0.77419,5.59527
typo_hard,"v7 n=(1, 2) idf=2.0 dim=1.0 norm=True/dice pw=1.0",v7,"{""denominator"": ""dice"", ""dim"": 1.0, ""idf"": 2.0, ""n"": ""(1, 2)"", ""normalize"": true, ""position_weight"": 1.0}",tune,False,124,0.60358,0.60358,0.63017,0.53226,0.72581,0.82258,5.88311
typo_hard,"v7 n=(1, 2) idf=2.0 dim=1.0 norm=True/geo pw=0.0",v7,"{""denominator"": ""geo"", ""dim"": 1.0, ""idf"": 2.0, ""n"": ""(1, 2)"", ""normalize"": true, ""position_weight"": 0.0}",tune,False,124,0.56703,0.56703,0.60451,0.49194,0.73387,0.79839,5.82635
typo_hard,"v7 n=(1, 2) idf=2.0 dim=1.0 norm=True/geo pw=0.5",v7,"{""denominator"": ""geo"", ""dim"": 1.0, ""idf"": 2.0, ""n"": ""(1, 2)"", ""normalize"": true, ""position_weight"": 0.5}",tune,False,124,0.60302,0.60302,0.63318,0.53226,0.74194,0.83065,5.97956
typo_hard,"v7 n=(1, 2) idf=2.0 dim=1.0 norm=True/geo pw=1.0",v7,"{""denominator"": ""geo"", ""dim"": 1.0, ""idf"": 2.0, ""n"": ""(1, 2)"", ""normalize"": true, ""position_weight"": 1.0}",tune,False,124,0.61526,0.61526,0.64607,0.54032,0.75806,0.84677,6.10241
typo_hard,"v7 n=(1, 2) idf=2.0 dim=2.0 norm=False/dice pw=0.0",v7,"{""denominator"": ""dice"", ""dim"": 2.0, ""idf"": 2.0, ""n"": ""(1, 2)"", ""normalize"": false, ""position_weight"": 0.0}",tune,False,124,0.45247,0.45247,0.48423,0.3629,0.6129,0.79032,6.20575
typo_hard,"v7 n=(1, 2) idf=2.0 dim=2.0 norm=False/dice pw=0.5",v7,"{""denominator"": ""dice"", ""dim"": 2.0, ""idf"": 2.0, ""n"": ""(1, 2)"", ""normalize"": false, ""position_weight"": 0.5}",tune,False,124,0.47564,0.47564,0.51099,0.37903,0.64516,0.80645,5.95575
typo_hard,"v7 n=(1, 2) idf=2.0 dim=2.0 norm=False/dice pw=1.0",v7,"{""denominator"": ""dice"", ""dim"": 2.0, ""idf"": 2.0, ""n"": ""(1, 2)"", ""normalize"": false, ""position_weight"": 1.0}",tune,False,124,0.48577,0.48577,0.52535,0.37903,0.66935,0.81452,6.17443
typo_hard,"v7 n=(1, 2) idf=2.0 dim=2.0 norm=True/dice pw=0.0",v7,"{""denominator"": ""dice"", ""dim"": 2.0, ""idf"": 2.0, ""n"": ""(1, 2)"", ""normalize"": true, ""position_weight"": 0.0}",tune,False,124,0.49595,0.49595,0.52405,0.42742,0.62903,0.72581,6.24742
typo_hard,"v7 n=(1, 2) idf=2.0 dim=2.0 norm=True/dice pw=0.5",v7,"{""denominator"": ""dice"", ""dim"": 2.0, ""idf"": 2.0, ""n"": ""(1, 2)"", ""normalize"": true, ""position_weight"": 0.5}",tune,False,124,0.54403,0.54403,0.57607,0.46774,0.68548,0.75806,6.62626
typo_hard,"v7 n=(1, 2) idf=2.0 dim=2.0 norm=True/dice pw=1.0",v7,"{""denominator"": ""dice"", ""dim"": 2.0, ""idf"": 2.0, ""n"": ""(1, 2)"", ""normalize"": true, ""position_weight"": 1.0}",tune,False,124,0.58032,0.58032,0.60282,0.51613,0.68548,0.76613,6.13944
typo_hard,"v7 n=(1, 2) idf=2.0 dim=2.0 norm=True/geo pw=0.0",v7,"{""denominator"": ""geo"", ""dim"": 2.0, ""idf"": 2.0, ""n"": ""(1, 2)"", ""normalize"": true, ""position_weight"": 0.0}",tune,False,124,0.51683,0.51683,0.54853,0.44355,0.66129,0.73387,6.41122
typo_hard,"v7 n=(1, 2) idf=2.0 dim=2.0 norm=True/geo pw=0.5",v7,"{""denominator"": ""geo"", ""dim"": 2.0, ""idf"": 2.0, ""n"": ""(1, 2)"", ""normalize"": true, ""position_weight"": 0.5}",tune,False,124,0.56003,0.56003,0.5947,0.48387,0.70968,0.76613,6.17715
typo_hard,"v7 n=(1, 2) idf=2.0 dim=2.0 norm=True/geo pw=1.0",v7,"{""denominator"": ""geo"", ""dim"": 2.0, ""idf"": 2.0, ""n"": ""(1, 2)"", ""normalize"": true, ""position_weight"": 1.0}",tune,False,124,0.59354,0.59354,0.62149,0.51613,0.71774,0.79032,6.20533
typo_hard,"v7 n=(1, 2) idf=3.0 dim=1.0 norm=False/dice pw=0.0",v7,"{""denominator"": ""dice"", ""dim"": 1.0, ""idf"": 3.0, ""n"": ""(1, 2)"", ""normalize"": false, ""position_weight"": 0.0}",tune,False,124,0.2985,0.2985,0.32306,0.22581,0.42742,0.60484,5.15676
typo_hard,"v7 n=(1, 2) idf=3.0 dim=1.0 norm=False/dice pw=0.5",v7,"{""denominator"": ""dice"", ""dim"": 1.0, ""idf"": 3.0, ""n"": ""(1, 2)"", ""normalize"": false, ""position_weight"": 0.5}",tune,False,124,0.32025,0.32025,0.3506,0.24194,0.46774,0.6129,5.1101
typo_hard,"v7 n=(1, 2) idf=3.0 dim=1.0 norm=False/dice pw=1.0",v7,"{""denominator"": ""dice"", ""dim"": 1.0, ""idf"": 3.0, ""n"": ""(1, 2)"", ""normalize"": false, ""position_weight"": 1.0}",tune,False,124,0.33701,0.33701,0.3669,0.25806,0.48387,0.62903,5.00844
typo_hard,"v7 n=(1, 2) idf=3.0 dim=1.0 norm=True/dice pw=0.0",v7,"{""denominator"": ""dice"", ""dim"": 1.0, ""idf"": 3.0, ""n"": ""(1, 2)"", ""normalize"": true, ""position_weight"": 0.0}",tune,False,124,0.36755,0.36755,0.40174,0.29032,0.53226,0.66129,6.03873
typo_hard,"v7 n=(1, 2) idf=3.0 dim=1.0 norm=True/dice pw=0.5",v7,"{""denominator"": ""dice"", ""dim"": 1.0, ""idf"": 3.0, ""n"": ""(1, 2)"", ""normalize"": true, ""position_weight"": 0.5}",tune,False,124,0.41775,0.41775,0.45107,0.34677,0.57258,0.67742,5.70998
typo_hard,"v7 n=(1, 2) idf=3.0 dim=1.0 norm=True/dice pw=1.0",v7,"{""denominator"": ""dice"", ""dim"": 1.0, ""idf"": 3.0, ""n"": ""(1, 2)"", ""normalize"": true, ""position_weight"": 1.0}",tune,False,124,0.42705,0.42705,0.46201,0.34677,0.58871,0.70968,5.58722
typo_hard,"v7 n=(1, 2) idf=3.0 dim=1.0 norm=True/geo pw=0.0",v7,"{""denominator"": ""geo"", ""dim"": 1.0, ""idf"": 3.0, ""n"": ""(1, 2)"", ""normalize"": true, ""position_weight"": 0.0}",tune,False,124,0.37182,0.37182,0.41319,0.29032,0.56452,0.68548,5.90713
typo_hard,"v7 n=(1, 2) idf=3.0 dim=1.0 norm=True/geo pw=0.5",v7,"{""denominator"": ""geo"", ""dim"": 1.0, ""idf"": 3.0, ""n"": ""(1, 2)"", ""normalize"": true, ""position_weight"": 0.5}",tune,False,124,0.42676,0.42676,0.46332,0.34677,0.59677,0.72581,6.39685
typo_hard,"v7 n=(1, 2) idf=3.0 dim=1.0 norm=True/geo pw=1.0",v7,"{""denominator"": ""geo"", ""dim"": 1.0, ""idf"": 3.0, ""n"": ""(1, 2)"", ""normalize"": true, ""position_weight"": 1.0}",tune,False,124,0.44185,0.44185,0.47669,0.34677,0.60484,0.72581,6.24682
typo_hard,"v7 n=(1, 2) idf=3.0 dim=2.0 norm=False/dice pw=0.0",v7,"{""denominator"": ""dice"", ""dim"": 2.0, ""idf"": 3.0, ""n"": ""(1, 2)"", ""normalize"": false, ""position_weight"": 0.0}",tune,False,124,0.29868,0.29868,0.32248,0.22581,0.42742,0.6129,6.29142
typo_hard,"v7 n=(1, 2) idf=3.0 dim=2.0 norm=False/dice pw=0.5",v7,"{""denominator"": ""dice"", ""dim"": 2.0, ""idf"": 3.0, ""n"": ""(1, 2)"", ""normalize"": false, ""position_weight"": 0.5}",tune,False,124,0.31871,0.31871,0.35087,0.24194,0.47581,0.62097,5.96582
typo_hard,"v7 n=(1, 2) idf=3.0 dim=2.0 norm=False/dice pw=1.0",v7,"{""denominator"": ""dice"", ""dim"": 2.0, ""idf"": 3.0, ""n"": ""(1, 2)"", ""normalize"": false, ""position_weight"": 1.0}",tune,False,124,0.33735,0.33735,0.36911,0.25806,0.49194,0.6371,6.06033
typo_hard,"v7 n=(1, 2) idf=3.0 dim=2.0 norm=True/dice pw=0.0",v7,"{""denominator"": ""dice"", ""dim"": 2.0, ""idf"": 3.0, ""n"": ""(1, 2)"", ""normalize"": true, ""position_weight"": 0.0}",tune,False,124,0.37455,0.37455,0.39725,0.32258,0.48387,0.56452,5.87734
typo_hard,"v7 n=(1, 2) idf=3.0 dim=2.0 norm=True/dice pw=0.5",v7,"{""denominator"": ""dice"", ""dim"": 2.0, ""idf"": 3.0, ""n"": ""(1, 2)"", ""normalize"": true, ""position_weight"": 0.5}",tune,False,124,0.41738,0.41738,0.44638,0.3629,0.54839,0.59677,5.95816
typo_hard,"v7 n=(1, 2) idf=3.0 dim=2.0 norm=True/dice pw=1.0",v7,"{""denominator"": ""dice"", ""dim"": 2.0, ""idf"": 3.0, ""n"": ""(1, 2)"", ""normalize"": true, ""position_weight"": 1.0}",tune,False,124,0.41814,0.41814,0.45164,0.33871,0.56452,0.62097,6.35251
typo_hard,"v7 n=(1, 2) idf=3.0 dim=2.0 norm=True/geo pw=0.0",v7,"{""denominator"": ""geo"", ""dim"": 2.0, ""idf"": 3.0, ""n"": ""(1, 2)"", ""normalize"": true, ""position_weight"": 0.0}",tune,False,124,0.37793,0.37793,0.40593,0.32258,0.50806,0.58065,6.22898
typo_hard,"v7 n=(1, 2) idf=3.0 dim=2.0 norm=True/geo pw=0.5",v7,"{""denominator"": ""geo"", ""dim"": 2.0, ""idf"": 3.0, ""n"": ""(1, 2)"", ""normalize"": true, ""position_weight"": 0.5}",tune,False,124,0.42625,0.42625,0.45697,0.37097,0.56452,0.6371,5.43866
typo_hard,"v7 n=(1, 2) idf=3.0 dim=2.0 norm=True/geo pw=1.0",v7,"{""denominator"": ""geo"", ""dim"": 2.0, ""idf"": 3.0, ""n"": ""(1, 2)"", ""normalize"": true, ""position_weight"": 1.0}",tune,False,124,0.4307,0.4307,0.46284,0.35484,0.57258,0.64516,5.99988
typo_hard,"v7 n=(2,) idf=0.0 dim=1.0 norm=False/dice pw=0.0",v7,"{""denominator"": ""dice"", ""dim"": 1.0, ""idf"": 0.0, ""n"": ""(2,)"", ""normalize"": false, ""position_weight"": 0.0}",tune,False,124,0.67373,0.67373,0.70461,0.59677,0.80645,0.85484,1.36847
typo_hard,"v7 n=(2,) idf=0.0 dim=1.0 norm=False/dice pw=0.5",v7,"{""denominator"": ""dice"", ""dim"": 1.0, ""idf"": 0.0, ""n"": ""(2,)"", ""normalize"": false, ""position_weight"": 0.5}",tune,False,124,0.70867,0.70867,0.73582,0.6371,0.83065,0.91129,1.23608
typo_hard,"v7 n=(2,) idf=0.0 dim=1.0 norm=False/dice pw=1.0",v7,"{""denominator"": ""dice"", ""dim"": 1.0, ""idf"": 0.0, ""n"": ""(2,)"", ""normalize"": false, ""position_weight"": 1.0}",tune,False,124,0.71293,0.71293,0.73904,0.64516,0.83065,0.91129,1.35963
typo_hard,"v7 n=(2,) idf=0.0 dim=1.0 norm=True/dice pw=0.0",v7,"{""denominator"": ""dice"", ""dim"": 1.0, ""idf"": 0.0, ""n"": ""(2,)"", ""normalize"": true, ""position_weight"": 0.0}",tune,False,124,0.69882,0.69882,0.73441,0.62097,0.85484,0.90323,1.48886
typo_hard,"v7 n=(2,) idf=0.0 dim=1.0 norm=True/dice pw=0.5",v7,"{""denominator"": ""dice"", ""dim"": 1.0, ""idf"": 0.0, ""n"": ""(2,)"", ""normalize"": true, ""position_weight"": 0.5}",tune,False,124,0.71511,0.71511,0.7493,0.64516,0.8629,0.91129,1.58817
typo_hard,"v7 n=(2,) idf=0.0 dim=1.0 norm=True/dice pw=1.0",v7,"{""denominator"": ""dice"", ""dim"": 1.0, ""idf"": 0.0, ""n"": ""(2,)"", ""normalize"": true, ""position_weight"": 1.0}",tune,False,124,0.71727,0.71727,0.75071,0.64516,0.8629,0.91935,1.69843
typo_hard,"v7 n=(2,) idf=0.0 dim=1.0 norm=True/geo pw=0.0",v7,"{""denominator"": ""geo"", ""dim"": 1.0, ""idf"": 0.0, ""n"": ""(2,)"", ""normalize"": true, ""position_weight"": 0.0}",tune,False,124,0.69035,0.69035,0.72767,0.6129,0.85484,0.89516,1.33422
typo_hard,"v7 n=(2,) idf=0.0 dim=1.0 norm=True/geo pw=0.5",v7,"{""denominator"": ""geo"", ""dim"": 1.0, ""idf"": 0.0, ""n"": ""(2,)"", ""normalize"": true, ""position_weight"": 0.5}",tune,False,124,0.71073,0.71073,0.74553,0.64516,0.8629,0.90323,1.64284
typo_hard,"v7 n=(2,) idf=0.0 dim=1.0 norm=True/geo pw=1.0",v7,"{""denominator"": ""geo"", ""dim"": 1.0, ""idf"": 0.0, ""n"": ""(2,)"", ""normalize"": true, ""position_weight"": 1.0}",tune,False,124,0.71423,0.71423,0.74798,0.64516,0.8629,0.92742,1.62691
typo_hard,"v7 n=(2,) idf=1.0 dim=1.0 norm=False/dice pw=0.0",v7,"{""denominator"": ""dice"", ""dim"": 1.0, ""idf"": 1.0, ""n"": ""(2,)"", ""normalize"": false, ""position_weight"": 0.0}",tune,False,124,0.66912,0.66912,0.68595,0.6129,0.75806,0.85484,1.29912
typo_hard,"v7 n=(2,) idf=1.0 dim=1.0 norm=False/dice pw=0.5",v7,"{""denominator"": ""dice"", ""dim"": 1.0, ""idf"": 1.0, ""n"": ""(2,)"", ""normalize"": false, ""position_weight"": 0.5}",tune,False,124,0.68081,0.68081,0.70847,0.62097,0.80645,0.8629,1.41615
typo_hard,"v7 n=(2,) idf=1.0 dim=1.0 norm=False/dice pw=1.0",v7,"{""denominator"": ""dice"", ""dim"": 1.0, ""idf"": 1.0, ""n"": ""(2,)"", ""normalize"": false, ""position_weight"": 1.0}",tune,False,124,0.69354,0.69354,0.7205,0.6371,0.81452,0.8629,1.39171
typo_hard,"v7 n=(2,) idf=1.0 dim=1.0 norm=True/dice pw=0.0",v7,"{""denominator"": ""dice"", ""dim"": 1.0, ""idf"": 1.0, ""n"": ""(2,)"", ""normalize"": true, ""position_weight"": 0.0}",tune,False,124,0.69092,0.69092,0.71813,0.62097,0.81452,0.89516,1.94817
typo_hard,"v7 n=(2,) idf=1.0 dim=1.0 norm=True/dice pw=0.5",v7,"{""denominator"": ""dice"", ""dim"": 1.0, ""idf"": 1.0, ""n"": ""(2,)"", ""normalize"": true, ""position_weight"": 0.5}",tune,False,124,0.70489,0.70489,0.73066,0.6371,0.82258,0.90323,1.79117
typo_hard,"v7 n=(2,) idf=1.0 dim=1.0 norm=True/dice pw=1.0",v7,"{""denominator"": ""dice"", ""dim"": 1.0, ""idf"": 1.0, ""n"": ""(2,)"", ""normalize"": true, ""position_weight"": 1.0}",tune,False,124,0.7057,0.7057,0.73106,0.6371,0.82258,0.91129,1.92362
typo_hard,"v7 n=(2,) idf=1.0 dim=1.0 norm=True/geo pw=0.0",v7,"{""denominator"": ""geo"", ""dim"": 1.0, ""idf"": 1.0, ""n"": ""(2,)"", ""normalize"": true, ""position_weight"": 0.0}",tune,False,124,0.68804,0.68804,0.71159,0.62097,0.79839,0.8871,2.09238
typo_hard,"v7 n=(2,) idf=1.0 dim=1.0 norm=True/geo pw=0.5",v7,"{""denominator"": ""geo"", ""dim"": 1.0, ""idf"": 1.0, ""n"": ""(2,)"", ""normalize"": true, ""position_weight"": 0.5}",tune,False,124,0.70034,0.70034,0.72284,0.6371,0.80645,0.90323,1.99081
typo_hard,"v7 n=(2,) idf=1.0 dim=1.0 norm=True/geo pw=1.0",v7,"{""denominator"": ""geo"", ""dim"": 1.0, ""idf"": 1.0, ""n"": ""(2,)"", ""normalize"": true, ""position_weight"": 1.0}",tune,False,124,0.69904,0.69904,0.72389,0.62903,0.81452,0.91129,2.17411
typo_hard,"v7 n=(2,) idf=2.0 dim=1.0 norm=False/dice pw=0.0",v7,"{""denominator"": ""dice"", ""dim"": 1.0, ""idf"": 2.0, ""n"": ""(2,)"", ""normalize"": false, ""position_weight"": 0.0}",tune,False,124,0.44673,0.44673,0.47756,0.35484,0.60484,0.78226,1.48802
typo_hard,"v7 n=(2,) idf=2.0 dim=1.0 norm=False/dice pw=0.5",v7,"{""denominator"": ""dice"", ""dim"": 1.0, ""idf"": 2.0, ""n"": ""(2,)"", ""normalize"": false, ""position_weight"": 0.5}",tune,False,124,0.47361,0.47361,0.50887,0.37903,0.64516,0.81452,1.43424
typo_hard,"v7 n=(2,) idf=2.0 dim=1.0 norm=False/dice pw=1.0",v7,"{""denominator"": ""dice"", ""dim"": 1.0, ""idf"": 2.0, ""n"": ""(2,)"", ""normalize"": false, ""position_weight"": 1.0}",tune,False,124,0.48367,0.48367,0.52357,0.37903,0.66935,0.82258,1.47667
typo_hard,"v7 n=(2,) idf=2.0 dim=1.0 norm=True/dice pw=0.0",v7,"{""denominator"": ""dice"", ""dim"": 1.0, ""idf"": 2.0, ""n"": ""(2,)"", ""normalize"": true, ""position_weight"": 0.0}",tune,False,124,0.53806,0.53806,0.57947,0.44355,0.72581,0.84677,2.10834
typo_hard,"v7 n=(2,) idf=2.0 dim=1.0 norm=True/dice pw=0.5",v7,"{""denominator"": ""dice"", ""dim"": 1.0, ""idf"": 2.0, ""n"": ""(2,)"", ""normalize"": true, ""position_weight"": 0.5}",tune,False,124,0.57199,0.57199,0.60701,0.48387,0.73387,0.85484,1.97461
typo_hard,"v7 n=(2,) idf=2.0 dim=1.0 norm=True/dice pw=1.0",v7,"{""denominator"": ""dice"", ""dim"": 1.0, ""idf"": 2.0, ""n"": ""(2,)"", ""normalize"": true, ""position_weight"": 1.0}",tune,False,124,0.58597,0.58597,0.61947,0.5,0.74194,0.85484,1.76339
typo_hard,"v7 n=(2,) idf=2.0 dim=1.0 norm=True/geo pw=0.0",v7,"{""denominator"": ""geo"", ""dim"": 1.0, ""idf"": 2.0, ""n"": ""(2,)"", ""normalize"": true, ""position_weight"": 0.0}",tune,False,124,0.5547,0.5547,0.59223,0.46774,0.72581,0.83065,1.78885
typo_hard,"v7 n=(2,) idf=2.0 dim=1.0 norm=True/geo pw=0.5",v7,"{""denominator"": ""geo"", ""dim"": 1.0, ""idf"": 2.0, ""n"": ""(2,)"", ""normalize"": true, ""position_weight"": 0.5}",tune,False,124,0.57015,0.57015,0.6082,0.48387,0.74194,0.83871,1.83801
typo_hard,"v7 n=(2,) idf=2.0 dim=1.0 norm=True/geo pw=1.0",v7,"{""denominator"": ""geo"", ""dim"": 1.0, ""idf"": 2.0, ""n"": ""(2,)"", ""normalize"": true, ""position_weight"": 1.0}",tune,False,124,0.59373,0.59373,0.62786,0.51613,0.75,0.84677,1.9202
typo_hard,"v7 n=(2,) idf=3.0 dim=1.0 norm=False/dice pw=0.0",v7,"{""denominator"": ""dice"", ""dim"": 1.0, ""idf"": 3.0, ""n"": ""(2,)"", ""normalize"": false, ""position_weight"": 0.0}",tune,False,124,0.2931,0.2931,0.32056,0.21774,0.43548,0.62097,1.73411
typo_hard,"v7 n=(2,) idf=3.0 dim=1.0 norm=False/dice pw=0.5",v7,"{""denominator"": ""dice"", ""dim"": 1.0, ""idf"": 3.0, ""n"": ""(2,)"", ""normalize"": false, ""position_weight"": 0.5}",tune,False,124,0.31319,0.31319,0.34628,0.23387,0.47581,0.6371,1.99132
typo_hard,"v7 n=(2,) idf=3.0 dim=1.0 norm=False/dice pw=1.0",v7,"{""denominator"": ""dice"", ""dim"": 1.0, ""idf"": 3.0, ""n"": ""(2,)"", ""normalize"": false, ""position_weight"": 1.0}",tune,False,124,0.33625,0.33625,0.36785,0.25806,0.49194,0.65323,1.56788
typo_hard,"v7 n=(2,) idf=3.0 dim=1.0 norm=True/dice pw=0.0",v7,"{""denominator"": ""dice"", ""dim"": 1.0, ""idf"": 3.0, ""n"": ""(2,)"", ""normalize"": true, ""position_weight"": 0.0}",tune,False,124,0.31808,0.31808,0.35607,0.22581,0.50806,0.71774,1.99482
typo_hard,"v7 n=(2,) idf=3.0 dim=1.0 norm=True/dice pw=0.5",v7,"{""denominator"": ""dice"", ""dim"": 1.0, ""idf"": 3.0, ""n"": ""(2,)"", ""normalize"": true, ""position_weight"": 0.5}",tune,False,124,0.34009,0.34009,0.37655,0.24194,0.52419,0.74194,1.90045
typo_hard,"v7 n=(2,) idf=3.0 dim=1.0 norm=True/dice pw=1.0",v7,"{""denominator"": ""dice"", ""dim"": 1.0, ""idf"": 3.0, ""n"": ""(2,)"", ""normalize"": true, ""position_weight"": 1.0}",tune,False,124,0.3603,0.3603,0.39984,0.26613,0.55645,0.75,1.7389
typo_hard,"v7 n=(2,) idf=3.0 dim=1.0 norm=True/geo pw=0.0",v7,"{""denominator"": ""geo"", ""dim"": 1.0, ""idf"": 3.0, ""n"": ""(2,)"", ""normalize"": true, ""position_weight"": 0.0}",tune,False,124,0.32266,0.32266,0.36168,0.21774,0.52419,0.75,1.81848
typo_hard,"v7 n=(2,) idf=3.0 dim=1.0 norm=True/geo pw=0.5",v7,"{""denominator"": ""geo"", ""dim"": 1.0, ""idf"": 3.0, ""n"": ""(2,)"", ""normalize"": true, ""position_weight"": 0.5}",tune,False,124,0.35031,0.35031,0.39335,0.24194,0.56452,0.75806,1.79196
typo_hard,"v7 n=(2,) idf=3.0 dim=1.0 norm=True/geo pw=1.0",v7,"{""denominator"": ""geo"", ""dim"": 1.0, ""idf"": 3.0, ""n"": ""(2,)"", ""normalize"": true, ""position_weight"": 1.0}",tune,False,124,0.3926,0.3926,0.43355,0.29839,0.59677,0.76613,2.08342
typo_hard,"v7 n=(2, 3) idf=0.0 dim=1.0 norm=False/dice pw=0.0",v7,"{""denominator"": ""dice"", ""dim"": 1.0, ""idf"": 0.0, ""n"": ""(2, 3)"", ""normalize"": false, ""position_weight"": 0.0}",tune,False,124,0.69328,0.69328,0.71536,0.62903,0.79839,0.89516,2.60226
typo_hard,"v7 n=(2, 3) idf=0.0 dim=1.0 norm=False/dice pw=0.5",v7,"{""denominator"": ""dice"", ""dim"": 1.0, ""idf"": 0.0, ""n"": ""(2, 3)"", ""normalize"": false, ""position_weight"": 0.5}",tune,False,124,0.70617,0.70617,0.73629,0.6371,0.83871,0.89516,2.16762
typo_hard,"v7 n=(2, 3) idf=0.0 dim=1.0 norm=False/dice pw=1.0",v7,"{""denominator"": ""dice"", ""dim"": 1.0, ""idf"": 0.0, ""n"": ""(2, 3)"", ""normalize"": false, ""position_weight"": 1.0}",tune,False,124,0.70705,0.70705,0.73685,0.6371,0.83871,0.89516,1.8647
typo_hard,"v7 n=(2, 3) idf=0.0 dim=1.0 norm=True/dice pw=0.0",v7,"{""denominator"": ""dice"", ""dim"": 1.0, ""idf"": 0.0, ""n"": ""(2, 3)"", ""normalize"": true, ""position_weight"": 0.0}",tune,False,124,0.69874,0.69874,0.72481,0.62097,0.82258,0.91129,2.63254
typo_hard,"v7 n=(2, 3) idf=0.0 dim=1.0 norm=True/dice pw=0.5",v7,"{""denominator"": ""dice"", ""dim"": 1.0, ""idf"": 0.0, ""n"": ""(2, 3)"", ""normalize"": true, ""position_weight"": 0.5}",tune,False,124,0.70365,0.70365,0.72627,0.62903,0.81452,0.91129,2.36234
typo_hard,"v7 n=(2, 3) idf=0.0 dim=1.0 norm=True/dice pw=1.0",v7,"{""denominator"": ""dice"", ""dim"": 1.0, ""idf"": 0.0, ""n"": ""(2, 3)"", ""normalize"": true, ""position_weight"": 1.0}",tune,False,124,0.70598,0.70598,0.73015,0.62903,0.82258,0.91129,2.16341
typo_hard,"v7 n=(2, 3) idf=0.0 dim=1.0 norm=True/geo pw=0.0",v7,"{""denominator"": ""geo"", ""dim"": 1.0, ""idf"": 0.0, ""n"": ""(2, 3)"", ""normalize"": true, ""position_weight"": 0.0}",tune,False,124,0.69279,0.69279,0.71819,0.62097,0.81452,0.91129,2.21114
typo_hard,"v7 n=(2, 3) idf=0.0 dim=1.0 norm=True/geo pw=0.5",v7,"{""denominator"": ""geo"", ""dim"": 1.0, ""idf"": 0.0, ""n"": ""(2, 3)"", ""normalize"": true, ""position_weight"": 0.5}",tune,False,124,0.70143,0.70143,0.72479,0.62903,0.81452,0.91129,2.06554
typo_hard,"v7 n=(2, 3) idf=0.0 dim=1.0 norm=True/geo pw=1.0",v7,"{""denominator"": ""geo"", ""dim"": 1.0, ""idf"": 0.0, ""n"": ""(2, 3)"", ""normalize"": true, ""position_weight"": 1.0}",tune,False,124,0.69876,0.69876,0.72273,0.62097,0.81452,0.91129,2.18315
typo_hard,"v7 n=(2, 3) idf=0.0 dim=2.0 norm=False/dice pw=0.0",v7,"{""denominator"": ""dice"", ""dim"": 2.0, ""idf"": 0.0, ""n"": ""(2, 3)"", ""normalize"": false, ""position_weight"": 0.0}",tune,False,124,0.70029,0.70029,0.72099,0.6371,0.79839,0.8871,2.19454
typo_hard,"v7 n=(2, 3) idf=0.0 dim=2.0 norm=False/dice pw=0.5",v7,"{""denominator"": ""dice"", ""dim"": 2.0, ""idf"": 0.0, ""n"": ""(2, 3)"", ""normalize"": false, ""position_weight"": 0.5}",tune,False,124,0.71253,0.71253,0.74139,0.64516,0.83871,0.90323,1.98904
typo_hard,"v7 n=(2, 3) idf=0.0 dim=2.0 norm=False/dice pw=1.0",v7,"{""denominator"": ""dice"", ""dim"": 2.0, ""idf"": 0.0, ""n"": ""(2, 3)"", ""normalize"": false, ""position_weight"": 1.0}",tune,False,124,0.71361,0.71361,0.74195,0.64516,0.83871,0.91129,1.85645
typo_hard,"v7 n=(2, 3) idf=0.0 dim=2.0 norm=True/dice pw=0.0",v7,"{""denominator"": ""dice"", ""dim"": 2.0, ""idf"": 0.0, ""n"": ""(2, 3)"", ""normalize"": true, ""position_weight"": 0.0}",tune,False,124,0.70773,0.70773,0.73383,0.62097,0.83065,0.91935,2.75347
typo_hard,"v7 n=(2, 3) idf=0.0 dim=2.0 norm=True/dice pw=0.5",v7,"{""denominator"": ""dice"", ""dim"": 2.0, ""idf"": 0.0, ""n"": ""(2, 3)"", ""normalize"": true, ""position_weight"": 0.5}",tune,False,124,0.71315,0.71315,0.74466,0.62903,0.85484,0.91935,2.76875
typo_hard,"v7 n=(2, 3) idf=0.0 dim=2.0 norm=True/dice pw=1.0",v7,"{""denominator"": ""dice"", ""dim"": 2.0, ""idf"": 0.0, ""n"": ""(2, 3)"", ""normalize"": true, ""position_weight"": 1.0}",tune,False,124,0.72295,0.72295,0.75167,0.64516,0.85484,0.91935,2.85037
typo_hard,"v7 n=(2, 3) idf=0.0 dim=2.0 norm=True/geo pw=0.0",v7,"{""denominator"": ""geo"", ""dim"": 2.0, ""idf"": 0.0, ""n"": ""(2, 3)"", ""normalize"": true, ""position_weight"": 0.0}",tune,False,124,0.70333,0.70333,0.72838,0.62097,0.82258,0.91935,2.64868
typo_hard,"v7 n=(2, 3) idf=0.0 dim=2.0 norm=True/geo pw=0.5",v7,"{""denominator"": ""geo"", ""dim"": 2.0, ""idf"": 0.0, ""n"": ""(2, 3)"", ""normalize"": true, ""position_weight"": 0.5}",tune,False,124,0.70798,0.70798,0.73591,0.62903,0.83871,0.91935,2.57534
typo_hard,"v7 n=(2, 3) idf=0.0 dim=2.0 norm=True/geo pw=1.0",v7,"{""denominator"": ""geo"", ""dim"": 2.0, ""idf"": 0.0, ""n"": ""(2, 3)"", ""normalize"": true, ""position_weight"": 1.0}",tune,False,124,0.7073,0.7073,0.73997,0.62097,0.85484,0.91935,2.91218
typo_hard,"v7 n=(2, 3) idf=1.0 dim=1.0 norm=False/dice pw=0.0",v7,"{""denominator"": ""dice"", ""dim"": 1.0, ""idf"": 1.0, ""n"": ""(2, 3)"", ""normalize"": false, ""position_weight"": 0.0}",tune,False,124,0.66977,0.66977,0.69092,0.6129,0.77419,0.85484,1.84584
typo_hard,"v7 n=(2, 3) idf=1.0 dim=1.0 norm=False/dice pw=0.5",v7,"{""denominator"": ""dice"", ""dim"": 1.0, ""idf"": 1.0, ""n"": ""(2, 3)"", ""normalize"": false, ""position_weight"": 0.5}",tune,False,124,0.68167,0.68167,0.70893,0.62097,0.80645,0.87903,1.80458
typo_hard,"v7 n=(2, 3) idf=1.0 dim=1.0 norm=False/dice pw=1.0",v7,"{""denominator"": ""dice"", ""dim"": 1.0, ""idf"": 1.0, ""n"": ""(2, 3)"", ""normalize"": false, ""position_weight"": 1.0}",tune,False,124,0.69184,0.69184,0.71901,0.62903,0.81452,0.87903,1.69837
typo_hard,"v7 n=(2, 3) idf=1.0 dim=1.0 norm=True/dice pw=0.0",v7,"{""denominator"": ""dice"", ""dim"": 1.0, ""idf"": 1.0, ""n"": ""(2, 3)"", ""normalize"": true, ""position_weight"": 0.0}",tune,False,124,0.68924,0.68924,0.71876,0.62097,0.82258,0.89516,2.62253
typo_hard,"v7 n=(2, 3) idf=1.0 dim=1.0 norm=True/dice pw=0.5",v7,"{""denominator"": ""dice"", ""dim"": 1.0, ""idf"": 1.0, ""n"": ""(2, 3)"", ""normalize"": true, ""position_weight"": 0.5}",tune,False,124,0.70497,0.70497,0.73323,0.6371,0.83065,0.89516,2.24309
typo_hard,"v7 n=(2, 3) idf=1.0 dim=1.0 norm=True/dice pw=1.0",v7,"{""denominator"": ""dice"", ""dim"": 1.0, ""idf"": 1.0, ""n"": ""(2, 3)"", ""normalize"": true, ""position_weight"": 1.0}",tune,False,124,0.71072,0.71072,0.7377,0.6371,0.83065,0.89516,2.56187
typo_hard,"v7 n=(2, 3) idf=1.0 dim=1.0 norm=True/geo pw=0.0",v7,"{""denominator"": ""geo"", ""dim"": 1.0, ""idf"": 1.0, ""n"": ""(2, 3)"", ""normalize"": true, ""position_weight"": 0.0}",tune,False,124,0.67619,0.67619,0.70644,0.6129,0.81452,0.89516,2.43937
typo_hard,"v7 n=(2, 3) idf=1.0 dim=1.0 norm=True/geo pw=0.5",v7,"{""denominator"": ""geo"", ""dim"": 1.0, ""idf"": 1.0, ""n"": ""(2, 3)"", ""normalize"": true, ""position_weight"": 0.5}",tune,False,124,0.68754,0.68754,0.71973,0.62097,0.83065,0.89516,2.64086
typo_hard,"v7 n=(2, 3) idf=1.0 dim=1.0 norm=True/geo pw=1.0",v7,"{""denominator"": ""geo"", ""dim"": 1.0, ""idf"": 1.0, ""n"": ""(2, 3)"", ""normalize"": true, ""position_weight"": 1.0}",tune,False,124,0.69541,0.69541,0.72602,0.62097,0.83065,0.89516,2.57461
typo_hard,"v7 n=(2, 3) idf=1.0 dim=2.0 norm=False/dice pw=0.0",v7,"{""denominator"": ""dice"", ""dim"": 2.0, ""idf"": 1.0, ""n"": ""(2, 3)"", ""normalize"": false, ""position_weight"": 0.0}",tune,False,124,0.67237,0.67237,0.69756,0.6129,0.79032,0.8629,2.02528
typo_hard,"v7 n=(2, 3) idf=1.0 dim=2.0 norm=False/dice pw=0.5",v7,"{""denominator"": ""dice"", ""dim"": 2.0, ""idf"": 1.0, ""n"": ""(2, 3)"", ""normalize"": false, ""position_weight"": 0.5}",tune,False,124,0.68854,0.68854,0.71432,0.62903,0.80645,0.8871,2.11319
typo_hard,"v7 n=(2, 3) idf=1.0 dim=2.0 norm=False/dice pw=1.0",v7,"{""denominator"": ""dice"", ""dim"": 2.0, ""idf"": 1.0, ""n"": ""(2, 3)"", ""normalize"": false, ""position_weight"": 1.0}",tune,False,124,0.69797,0.69797,0.72124,0.6371,0.80645,0.8871,2.56935
typo_hard,"v7 n=(2, 3) idf=1.0 dim=2.0 norm=True/dice pw=0.0",v7,"{""denominator"": ""dice"", ""dim"": 2.0, ""idf"": 1.0, ""n"": ""(2, 3)"", ""normalize"": true, ""position_weight"": 0.0}",tune,False,124,0.69092,0.69092,0.72039,0.62097,0.82258,0.90323,2.89602
typo_hard,"v7 n=(2, 3) idf=1.0 dim=2.0 norm=True/dice pw=0.5",v7,"{""denominator"": ""dice"", ""dim"": 2.0, ""idf"": 1.0, ""n"": ""(2, 3)"", ""normalize"": true, ""position_weight"": 0.5}",tune,False,124,0.7107,0.7107,0.73526,0.64516,0.82258,0.90323,3.08913
typo_hard,"v7 n=(2, 3) idf=1.0 dim=2.0 norm=True/dice pw=1.0",v7,"{""denominator"": ""dice"", ""dim"": 2.0, ""idf"": 1.0, ""n"": ""(2, 3)"", ""normalize"": true, ""position_weight"": 1.0}",tune,False,124,0.71488,0.71488,0.74026,0.64516,0.83065,0.91129,2.5012
typo_hard,"v7 n=(2, 3) idf=1.0 dim=2.0 norm=True/geo pw=0.0",v7,"{""denominator"": ""geo"", ""dim"": 2.0, ""idf"": 1.0, ""n"": ""(2, 3)"", ""normalize"": true, ""position_weight"": 0.0}",tune,False,124,0.6799,0.6799,0.7119,0.6129,0.82258,0.90323,2.5591
typo_hard,"v7 n=(2, 3) idf=1.0 dim=2.0 norm=True/geo pw=0.5",v7,"{""denominator"": ""geo"", ""dim"": 2.0, ""idf"": 1.0, ""n"": ""(2, 3)"", ""normalize"": true, ""position_weight"": 0.5}",tune,False,124,0.70073,0.70073,0.72764,0.6371,0.82258,0.91129,2.86714
typo_hard,"v7 n=(2, 3) idf=1.0 dim=2.0 norm=True/geo pw=1.0",v7,"{""denominator"": ""geo"", ""dim"": 2.0, ""idf"": 1.0, ""n"": ""(2, 3)"", ""normalize"": true, ""position_weight"": 1.0}",tune,False,124,0.70784,0.70784,0.7351,0.6371,0.83065,0.91129,3.0567
typo_hard,"v7 n=(2, 3) idf=2.0 dim=1.0 norm=False/dice pw=0.0",v7,"{""denominator"": ""dice"", ""dim"": 1.0, ""idf"": 2.0, ""n"": ""(2, 3)"", ""normalize"": false, ""position_weight"": 0.0}",tune,False,124,0.57247,0.57247,0.6004,0.5,0.70968,0.84677,1.91303
typo_hard,"v7 n=(2, 3) idf=2.0 dim=1.0 norm=False/dice pw=0.5",v7,"{""denominator"": ""dice"", ""dim"": 1.0, ""idf"": 2.0, ""n"": ""(2, 3)"", ""normalize"": false, ""position_weight"": 0.5}",tune,False,124,0.57724,0.57724,0.60734,0.5,0.72581,0.85484,2.07154
typo_hard,"v7 n=(2, 3) idf=2.0 dim=1.0 norm=False/dice pw=1.0",v7,"{""denominator"": ""dice"", ""dim"": 1.0, ""idf"": 2.0, ""n"": ""(2, 3)"", ""normalize"": false, ""position_weight"": 1.0}",tune,False,124,0.59099,0.59099,0.62394,0.51613,0.75,0.8629,1.89824
typo_hard,"v7 n=(2, 3) idf=2.0 dim=1.0 norm=True/dice pw=0.0",v7,"{""denominator"": ""dice"", ""dim"": 1.0, ""idf"": 2.0, ""n"": ""(2, 3)"", ""normalize"": true, ""position_weight"": 0.0}",tune,False,124,0.61603,0.61603,0.64532,0.54839,0.75806,0.87097,2.82802
typo_hard,"v7 n=(2, 3) idf=2.0 dim=1.0 norm=True/dice pw=0.5",v7,"{""denominator"": ""dice"", ""dim"": 1.0, ""idf"": 2.0, ""n"": ""(2, 3)"", ""normalize"": true, ""position_weight"": 0.5}",tune,False,124,0.62613,0.62613,0.65752,0.55645,0.77419,0.87097,2.56565
typo_hard,"v7 n=(2, 3) idf=2.0 dim=1.0 norm=True/dice pw=1.0",v7,"{""denominator"": ""dice"", ""dim"": 1.0, ""idf"": 2.0, ""n"": ""(2, 3)"", ""normalize"": true, ""position_weight"": 1.0}",tune,False,124,0.62802,0.62802,0.65895,0.54839,0.77419,0.87097,3.09578
typo_hard,"v7 n=(2, 3) idf=2.0 dim=1.0 norm=True/geo pw=0.0",v7,"{""denominator"": ""geo"", ""dim"": 1.0, ""idf"": 2.0, ""n"": ""(2, 3)"", ""normalize"": true, ""position_weight"": 0.0}",tune,False,124,0.6181,0.6181,0.64983,0.54839,0.76613,0.8629,2.91097
typo_hard,"v7 n=(2, 3) idf=2.0 dim=1.0 norm=True/geo pw=0.5",v7,"{""denominator"": ""geo"", ""dim"": 1.0, ""idf"": 2.0, ""n"": ""(2, 3)"", ""normalize"": true, ""position_weight"": 0.5}",tune,False,124,0.62784,0.62784,0.65928,0.55645,0.77419,0.87903,2.73117
typo_hard,"v7 n=(2, 3) idf=2.0 dim=1.0 norm=True/geo pw=1.0",v7,"{""denominator"": ""geo"", ""dim"": 1.0, ""idf"": 2.0, ""n"": ""(2, 3)"", ""normalize"": true, ""position_weight"": 1.0}",tune,False,124,0.63313,0.63313,0.66578,0.55645,0.78226,0.87903,3.03474
typo_hard,"v7 n=(2, 3) idf=2.0 dim=2.0 norm=False/dice pw=0.0",v7,"{""denominator"": ""dice"", ""dim"": 2.0, ""idf"": 2.0, ""n"": ""(2, 3)"", ""normalize"": false, ""position_weight"": 0.0}",tune,False,124,0.56151,0.56151,0.59074,0.48387,0.70161,0.83065,2.39287
typo_hard,"v7 n=(2, 3) idf=2.0 dim=2.0 norm=False/dice pw=0.5",v7,"{""denominator"": ""dice"", ""dim"": 2.0, ""idf"": 2.0, ""n"": ""(2, 3)"", ""normalize"": false, ""position_weight"": 0.5}",tune,False,124,0.56981,0.56981,0.60047,0.49194,0.71774,0.84677,2.1576
typo_hard,"v7 n=(2, 3) idf=2.0 dim=2.0 norm=False/dice pw=1.0",v7,"{""denominator"": ""dice"", ""dim"": 2.0, ""idf"": 2.0, ""n"": ""(2, 3)"", ""normalize"": false, ""position_weight"": 1.0}",tune,False,124,0.5774,0.5774,0.60985,0.5,0.73387,0.85484,2.33513
typo_hard,"v7 n=(2, 3) idf=2.0 dim=2.0 norm=True/dice pw=0.0",v7,"{""denominator"": ""dice"", ""dim"": 2.0, ""idf"": 2.0, ""n"": ""(2, 3)"", ""normalize"": true, ""position_weight"": 0.0}",tune,False,124,0.60225,0.60225,0.63147,0.53226,0.74194,0.84677,2.71916
typo_hard,"v7 n=(2, 3) idf=2.0 dim=2.0 norm=True/dice pw=0.5",v7,"{""denominator"": ""dice"", ""dim"": 2.0, ""idf"": 2.0, ""n"": ""(2, 3)"", ""normalize"": true, ""position_weight"": 0.5}",tune,False,124,0.61256,0.61256,0.64371,0.54032,0.75806,0.85484,2.42795
typo_hard,"v7 n=(2, 3) idf=2.0 dim=2.0 norm=True/dice pw=1.0",v7,"{""denominator"": ""dice"", ""dim"": 2.0, ""idf"": 2.0, ""n"": ""(2, 3)"", ""normalize"": true, ""position_weight"": 1.0}",tune,False,124,0.62408,0.62408,0.65715,0.54839,0.77419,0.85484,3.0578
typo_hard,"v7 n=(2, 3) idf=2.0 dim=2.0 norm=True/geo pw=0.0",v7,"{""denominator"": ""geo"", ""dim"": 2.0, ""idf"": 2.0, ""n"": ""(2, 3)"", ""normalize"": true, ""position_weight"": 0.0}",tune,False,124,0.59882,0.59882,0.63181,0.52419,0.75,0.83871,2.59604
typo_hard,"v7 n=(2, 3) idf=2.0 dim=2.0 norm=True/geo pw=0.5",v7,"{""denominator"": ""geo"", ""dim"": 2.0, ""idf"": 2.0, ""n"": ""(2, 3)"", ""normalize"": true, ""position_weight"": 0.5}",tune,False,124,0.62096,0.62096,0.65051,0.55645,0.75806,0.84677,3.00365
typo_hard,"v7 n=(2, 3) idf=2.0 dim=2.0 norm=True/geo pw=1.0",v7,"{""denominator"": ""geo"", ""dim"": 2.0, ""idf"": 2.0, ""n"": ""(2, 3)"", ""normalize"": true, ""position_weight"": 1.0}",tune,False,124,0.62918,0.62918,0.65919,0.55645,0.76613,0.84677,2.85637
typo_hard,"v7 n=(2, 3) idf=3.0 dim=1.0 norm=False/dice pw=0.0",v7,"{""denominator"": ""dice"", ""dim"": 1.0, ""idf"": 3.0, ""n"": ""(2, 3)"", ""normalize"": false, ""position_weight"": 0.0}",tune,False,124,0.43013,0.43013,0.47866,0.31452,0.64516,0.76613,1.45919
typo_hard,"v7 n=(2, 3) idf=3.0 dim=1.0 norm=False/dice pw=0.5",v7,"{""denominator"": ""dice"", ""dim"": 1.0, ""idf"": 3.0, ""n"": ""(2, 3)"", ""normalize"": false, ""position_weight"": 0.5}",tune,False,124,0.43823,0.43823,0.48575,0.32258,0.65323,0.79839,1.93262
typo_hard,"v7 n=(2, 3) idf=3.0 dim=1.0 norm=False/dice pw=1.0",v7,"{""denominator"": ""dice"", ""dim"": 1.0, ""idf"": 3.0, ""n"": ""(2, 3)"", ""normalize"": false, ""position_weight"": 1.0}",tune,False,124,0.45894,0.45894,0.50315,0.34677,0.66129,0.81452,1.7746
typo_hard,"v7 n=(2, 3) idf=3.0 dim=1.0 norm=True/dice pw=0.0",v7,"{""denominator"": ""dice"", ""dim"": 1.0, ""idf"": 3.0, ""n"": ""(2, 3)"", ""normalize"": true, ""position_weight"": 0.0}",tune,False,124,0.45888,0.45888,0.49801,0.35484,0.64516,0.79839,2.8137
typo_hard,"v7 n=(2, 3) idf=3.0 dim=1.0 norm=True/dice pw=0.5",v7,"{""denominator"": ""dice"", ""dim"": 1.0, ""idf"": 3.0, ""n"": ""(2, 3)"", ""normalize"": true, ""position_weight"": 0.5}",tune,False,124,0.47692,0.47692,0.51829,0.37097,0.66935,0.81452,2.62453
typo_hard,"v7 n=(2, 3) idf=3.0 dim=1.0 norm=True/dice pw=1.0",v7,"{""denominator"": ""dice"", ""dim"": 1.0, ""idf"": 3.0, ""n"": ""(2, 3)"", ""normalize"": true, ""position_weight"": 1.0}",tune,False,124,0.49118,0.49118,0.53339,0.3871,0.68548,0.83065,2.25986
typo_hard,"v7 n=(2, 3) idf=3.0 dim=1.0 norm=True/geo pw=0.0",v7,"{""denominator"": ""geo"", ""dim"": 1.0, ""idf"": 3.0, ""n"": ""(2, 3)"", ""normalize"": true, ""position_weight"": 0.0}",tune,False,124,0.47595,0.47595,0.51692,0.37903,0.66935,0.80645,2.6234
typo_hard,"v7 n=(2, 3) idf=3.0 dim=1.0 norm=True/geo pw=0.5",v7,"{""denominator"": ""geo"", ""dim"": 1.0, ""idf"": 3.0, ""n"": ""(2, 3)"", ""normalize"": true, ""position_weight"": 0.5}",tune,False,124,0.49428,0.49428,0.53777,0.39516,0.69355,0.81452,2.65697
typo_hard,"v7 n=(2, 3) idf=3.0 dim=1.0 norm=True/geo pw=1.0",v7,"{""denominator"": ""geo"", ""dim"": 1.0, ""idf"": 3.0, ""n"": ""(2, 3)"", ""normalize"": true, ""position_weight"": 1.0}",tune,False,124,0.51063,0.51063,0.5522,0.41129,0.70161,0.82258,2.24961
typo_hard,"v7 n=(2, 3) idf=3.0 dim=2.0 norm=False/dice pw=0.0",v7,"{""denominator"": ""dice"", ""dim"": 2.0, ""idf"": 3.0, ""n"": ""(2, 3)"", ""normalize"": false, ""position_weight"": 0.0}",tune,False,124,0.41711,0.41711,0.47118,0.29839,0.65323,0.75806,2.04084
typo_hard,"v7 n=(2, 3) idf=3.0 dim=2.0 norm=False/dice pw=0.5",v7,"{""denominator"": ""dice"", ""dim"": 2.0, ""idf"": 3.0, ""n"": ""(2, 3)"", ""normalize"": false, ""position_weight"": 0.5}",tune,False,124,0.43065,0.43065,0.48351,0.31452,0.66129,0.78226,2.0287
typo_hard,"v7 n=(2, 3) idf=3.0 dim=2.0 norm=False/dice pw=1.0",v7,"{""denominator"": ""dice"", ""dim"": 2.0, ""idf"": 3.0, ""n"": ""(2, 3)"", ""normalize"": false, ""position_weight"": 1.0}",tune,False,124,0.45512,0.45512,0.49927,0.34677,0.65323,0.79839,2.14775
typo_hard,"v7 n=(2, 3) idf=3.0 dim=2.0 norm=True/dice pw=0.0",v7,"{""denominator"": ""dice"", ""dim"": 2.0, ""idf"": 3.0, ""n"": ""(2, 3)"", ""normalize"": true, ""position_weight"": 0.0}",tune,False,124,0.39424,0.39424,0.44055,0.28226,0.6129,0.76613,2.73053
typo_hard,"v7 n=(2, 3) idf=3.0 dim=2.0 norm=True/dice pw=0.5",v7,"{""denominator"": ""dice"", ""dim"": 2.0, ""idf"": 3.0, ""n"": ""(2, 3)"", ""normalize"": true, ""position_weight"": 0.5}",tune,False,124,0.42189,0.42189,0.4638,0.31452,0.62097,0.77419,3.17215
typo_hard,"v7 n=(2, 3) idf=3.0 dim=2.0 norm=True/dice pw=1.0",v7,"{""denominator"": ""dice"", ""dim"": 2.0, ""idf"": 3.0, ""n"": ""(2, 3)"", ""normalize"": true, ""position_weight"": 1.0}",tune,False,124,0.45224,0.45224,0.48865,0.35484,0.62903,0.78226,2.58165
typo_hard,"v7 n=(2, 3) idf=3.0 dim=2.0 norm=True/geo pw=0.0",v7,"{""denominator"": ""geo"", ""dim"": 2.0, ""idf"": 3.0, ""n"": ""(2, 3)"", ""normalize"": true, ""position_weight"": 0.0}",tune,False,124,0.41157,0.41157,0.46001,0.29839,0.6371,0.79032,2.89772
typo_hard,"v7 n=(2, 3) idf=3.0 dim=2.0 norm=True/geo pw=0.5",v7,"{""denominator"": ""geo"", ""dim"": 2.0, ""idf"": 3.0, ""n"": ""(2, 3)"", ""normalize"": true, ""position_weight"": 0.5}",tune,False,124,0.44542,0.44542,0.49219,0.33871,0.66129,0.79032,3.19321
typo_hard,"v7 n=(2, 3) idf=3.0 dim=2.0 norm=True/geo pw=1.0",v7,"{""denominator"": ""geo"", ""dim"": 2.0, ""idf"": 3.0, ""n"": ""(2, 3)"", ""normalize"": true, ""position_weight"": 1.0}",tune,False,124,0.48366,0.48366,0.52095,0.39516,0.66129,0.79032,2.98979
typo_hard,"v7 n=(2, 4) idf=0.0 dim=1.0 norm=False/dice pw=0.0",v7,"{""denominator"": ""dice"", ""dim"": 1.0, ""idf"": 0.0, ""n"": ""(2, 4)"", ""normalize"": false, ""position_weight"": 0.0}",tune,False,124,0.66357,0.66357,0.69044,0.59677,0.79032,0.87903,2.21337
typo_hard,"v7 n=(2, 4) idf=0.0 dim=1.0 norm=False/dice pw=0.5",v7,"{""denominator"": ""dice"", ""dim"": 1.0, ""idf"": 0.0, ""n"": ""(2, 4)"", ""normalize"": false, ""position_weight"": 0.5}",tune,False,124,0.70105,0.70105,0.72632,0.6371,0.82258,0.91129,1.75245
typo_hard,"v7 n=(2, 4) idf=0.0 dim=1.0 norm=False/dice pw=1.0",v7,"{""denominator"": ""dice"", ""dim"": 1.0, ""idf"": 0.0, ""n"": ""(2, 4)"", ""normalize"": false, ""position_weight"": 1.0}",tune,False,124,0.70844,0.70844,0.73207,0.64516,0.82258,0.91129,1.76602
typo_hard,"v7 n=(2, 4) idf=0.0 dim=1.0 norm=True/dice pw=0.0",v7,"{""denominator"": ""dice"", ""dim"": 1.0, ""idf"": 0.0, ""n"": ""(2, 4)"", ""normalize"": true, ""position_weight"": 0.0}",tune,False,124,0.67001,0.67001,0.70579,0.58871,0.83871,0.91935,2.35187
typo_hard,"v7 n=(2, 4) idf=0.0 dim=1.0 norm=True/dice pw=0.5",v7,"{""denominator"": ""dice"", ""dim"": 1.0, ""idf"": 0.0, ""n"": ""(2, 4)"", ""normalize"": true, ""position_weight"": 0.5}",tune,False,124,0.67827,0.67827,0.71481,0.58871,0.84677,0.91935,2.38899
typo_hard,"v7 n=(2, 4) idf=0.0 dim=1.0 norm=True/dice pw=1.0",v7,"{""denominator"": ""dice"", ""dim"": 1.0, ""idf"": 0.0, ""n"": ""(2, 4)"", ""normalize"": true, ""position_weight"": 1.0}",tune,False,124,0.68387,0.68387,0.7213,0.59677,0.85484,0.91935,2.58448
typo_hard,"v7 n=(2, 4) idf=0.0 dim=1.0 norm=True/geo pw=0.0",v7,"{""denominator"": ""geo"", ""dim"": 1.0, ""idf"": 0.0, ""n"": ""(2, 4)"", ""normalize"": true, ""position_weight"": 0.0}",tune,False,124,0.64452,0.64452,0.6842,0.55645,0.83065,0.91935,2.65609
typo_hard,"v7 n=(2, 4) idf=0.0 dim=1.0 norm=True/geo pw=0.5",v7,"{""denominator"": ""geo"", ""dim"": 1.0, ""idf"": 0.0, ""n"": ""(2, 4)"", ""normalize"": true, ""position_weight"": 0.5}",tune,False,124,0.66756,0.66756,0.70684,0.57258,0.84677,0.91935,2.96533
typo_hard,"v7 n=(2, 4) idf=0.0 dim=1.0 norm=True/geo pw=1.0",v7,"{""denominator"": ""geo"", ""dim"": 1.0, ""idf"": 0.0, ""n"": ""(2, 4)"", ""normalize"": true, ""position_weight"": 1.0}",tune,False,124,0.67265,0.67265,0.71053,0.58065,0.84677,0.92742,2.49994
typo_hard,"v7 n=(2, 4) idf=0.0 dim=2.0 norm=False/dice pw=0.0",v7,"{""denominator"": ""dice"", ""dim"": 2.0, ""idf"": 0.0, ""n"": ""(2, 4)"", ""normalize"": false, ""position_weight"": 0.0}",tune,False,124,0.69557,0.69557,0.72209,0.6371,0.81452,0.87903,2.34334
typo_hard,"v7 n=(2, 4) idf=0.0 dim=2.0 norm=False/dice pw=0.5",v7,"{""denominator"": ""dice"", ""dim"": 2.0, ""idf"": 0.0, ""n"": ""(2, 4)"", ""normalize"": false, ""position_weight"": 0.5}",tune,False,124,0.71721,0.71721,0.74204,0.65323,0.83065,0.90323,2.31434
typo_hard,"v7 n=(2, 4) idf=0.0 dim=2.0 norm=False/dice pw=1.0",v7,"{""denominator"": ""dice"", ""dim"": 2.0, ""idf"": 0.0, ""n"": ""(2, 4)"", ""normalize"": false, ""position_weight"": 1.0}",tune,False,124,0.71795,0.71795,0.7449,0.65323,0.83871,0.90323,2.02622
typo_hard,"v7 n=(2, 4) idf=0.0 dim=2.0 norm=True/dice pw=0.0",v7,"{""denominator"": ""dice"", ""dim"": 2.0, ""idf"": 0.0, ""n"": ""(2, 4)"", ""normalize"": true, ""position_weight"": 0.0}",tune,False,124,0.70448,0.70448,0.7403,0.62903,0.8629,0.91935,2.76234
typo_hard,"v7 n=(2, 4) idf=0.0 dim=2.0 norm=True/dice pw=0.5",v7,"{""denominator"": ""dice"", ""dim"": 2.0, ""idf"": 0.0, ""n"": ""(2, 4)"", ""normalize"": true, ""position_weight"": 0.5}",tune,False,124,0.71339,0.71339,0.74741,0.6371,0.8629,0.91935,2.7608
typo_hard,"v7 n=(2, 4) idf=0.0 dim=2.0 norm=True/dice pw=1.0",v7,"{""denominator"": ""dice"", ""dim"": 2.0, ""idf"": 0.0, ""n"": ""(2, 4)"", ""normalize"": true, ""position_weight"": 1.0}",tune,False,124,0.7248,0.7248,0.75594,0.65323,0.8629,0.91935,2.57145
typo_hard,"v7 n=(2, 4) idf=0.0 dim=2.0 norm=True/geo pw=0.0",v7,"{""denominator"": ""geo"", ""dim"": 2.0, ""idf"": 0.0, ""n"": ""(2, 4)"", ""normalize"": true, ""position_weight"": 0.0}",tune,False,124,0.69318,0.69318,0.73155,0.6129,0.8629,0.91935,2.97498
typo_hard,"v7 n=(2, 4) idf=0.0 dim=2.0 norm=True/geo pw=0.5",v7,"{""denominator"": ""geo"", ""dim"": 2.0, ""idf"": 0.0, ""n"": ""(2, 4)"", ""normalize"": true, ""position_weight"": 0.5}",tune,False,124,0.70262,0.70262,0.73916,0.62097,0.8629,0.91935,2.89828
typo_hard,"v7 n=(2, 4) idf=0.0 dim=2.0 norm=True/geo pw=1.0",v7,"{""denominator"": ""geo"", ""dim"": 2.0, ""idf"": 0.0, ""n"": ""(2, 4)"", ""normalize"": true, ""position_weight"": 1.0}",tune,False,124,0.70424,0.70424,0.74022,0.62097,0.8629,0.92742,2.73738
typo_hard,"v7 n=(2, 4) idf=1.0 dim=1.0 norm=False/dice pw=0.0",v7,"{""denominator"": ""dice"", ""dim"": 1.0, ""idf"": 1.0, ""n"": ""(2, 4)"", ""normalize"": false, ""position_weight"": 0.0}",tune,False,124,0.62161,0.62161,0.65229,0.54839,0.76613,0.87903,1.95715
typo_hard,"v7 n=(2, 4) idf=1.0 dim=1.0 norm=False/dice pw=0.5",v7,"{""denominator"": ""dice"", ""dim"": 1.0, ""idf"": 1.0, ""n"": ""(2, 4)"", ""normalize"": false, ""position_weight"": 0.5}",tune,False,124,0.64283,0.64283,0.67148,0.57258,0.78226,0.90323,1.99082
typo_hard,"v7 n=(2, 4) idf=1.0 dim=1.0 norm=False/dice pw=1.0",v7,"{""denominator"": ""dice"", ""dim"": 1.0, ""idf"": 1.0, ""n"": ""(2, 4)"", ""normalize"": false, ""position_weight"": 1.0}",tune,False,124,0.65472,0.65472,0.68248,0.58871,0.79032,0.90323,2.00765
typo_hard,"v7 n=(2, 4) idf=1.0 dim=1.0 norm=True/dice pw=0.0",v7,"{""denominator"": ""dice"", ""dim"": 1.0, ""idf"": 1.0, ""n"": ""(2, 4)"", ""normalize"": true, ""position_weight"": 0.0}",tune,False,124,0.66599,0.66599,0.70028,0.58871,0.82258,0.90323,2.3636
typo_hard,"v7 n=(2, 4) idf=1.0 dim=1.0 norm=True/dice pw=0.5",v7,"{""denominator"": ""dice"", ""dim"": 1.0, ""idf"": 1.0, ""n"": ""(2, 4)"", ""normalize"": true, ""position_weight"": 0.5}",tune,False,124,0.67438,0.67438,0.70851,0.59677,0.83065,0.91935,2.61826
typo_hard,"v7 n=(2, 4) idf=1.0 dim=1.0 norm=True/dice pw=1.0",v7,"{""denominator"": ""dice"", ""dim"": 1.0, ""idf"": 1.0, ""n"": ""(2, 4)"", ""normalize"": true, ""position_weight"": 1.0}",tune,False,124,0.67945,0.67945,0.7146,0.60484,0.83871,0.91935,2.67606
typo_hard,"v7 n=(2, 4) idf=1.0 dim=1.0 norm=True/geo pw=0.0",v7,"{""denominator"": ""geo"", ""dim"": 1.0, ""idf"": 1.0, ""n"": ""(2, 4)"", ""normalize"": true, ""position_weight"": 0.0}",tune,False,124,0.64857,0.64857,0.68686,0.57258,0.82258,0.90323,2.84761
typo_hard,"v7 n=(2, 4) idf=1.0 dim=1.0 norm=True/geo pw=0.5",v7,"{""denominator"": ""geo"", ""dim"": 1.0, ""idf"": 1.0, ""n"": ""(2, 4)"", ""normalize"": true, ""position_weight"": 0.5}",tune,False,124,0.66109,0.66109,0.69851,0.58065,0.83065,0.91129,2.85637
typo_hard,"v7 n=(2, 4) idf=1.0 dim=1.0 norm=True/geo pw=1.0",v7,"{""denominator"": ""geo"", ""dim"": 1.0, ""idf"": 1.0, ""n"": ""(2, 4)"", ""normalize"": true, ""position_weight"": 1.0}",tune,False,124,0.66834,0.66834,0.70628,0.58871,0.83871,0.91935,2.61112
typo_hard,"v7 n=(2, 4) idf=1.0 dim=2.0 norm=False/dice pw=0.0",v7,"{""denominator"": ""dice"", ""dim"": 2.0, ""idf"": 1.0, ""n"": ""(2, 4)"", ""normalize"": false, ""position_weight"": 0.0}",tune,False,124,0.64036,0.64036,0.67144,0.56452,0.78226,0.87097,2.23745
typo_hard,"v7 n=(2, 4) idf=1.0 dim=2.0 norm=False/dice pw=0.5",v7,"{""denominator"": ""dice"", ""dim"": 2.0, ""idf"": 1.0, ""n"": ""(2, 4)"", ""normalize"": false, ""position_weight"": 0.5}",tune,False,124,0.65812,0.65812,0.68837,0.58065,0.79839,0.90323,2.20755
typo_hard,"v7 n=(2, 4) idf=1.0 dim=2.0 norm=False/dice pw=1.0",v7,"{""denominator"": ""dice"", ""dim"": 2.0, ""idf"": 1.0, ""n"": ""(2, 4)"", ""normalize"": false, ""position_weight"": 1.0}",tune,False,124,0.67037,0.67037,0.70215,0.59677,0.81452,0.90323,1.94579
typo_hard,"v7 n=(2, 4) idf=1.0 dim=2.0 norm=True/dice pw=0.0",v7,"{""denominator"": ""dice"", ""dim"": 2.0, ""idf"": 1.0, ""n"": ""(2, 4)"", ""normalize"": true, ""position_weight"": 0.0}",tune,False,124,0.69924,0.69924,0.72662,0.6371,0.82258,0.90323,3.20904
typo_hard,"v7 n=(2, 4) idf=1.0 dim=2.0 norm=True/dice pw=0.5",v7,"{""denominator"": ""dice"", ""dim"": 2.0, ""idf"": 1.0, ""n"": ""(2, 4)"", ""normalize"": true, ""position_weight"": 0.5}",tune,False,124,0.70164,0.70164,0.72837,0.62903,0.82258,0.91129,2.57259
typo_hard,"v7 n=(2, 4) idf=1.0 dim=2.0 norm=True/dice pw=1.0",v7,"{""denominator"": ""dice"", ""dim"": 2.0, ""idf"": 1.0, ""n"": ""(2, 4)"", ""normalize"": true, ""position_weight"": 1.0}",tune,False,124,0.70284,0.70284,0.72887,0.62903,0.82258,0.91129,2.35375
typo_hard,"v7 n=(2, 4) idf=1.0 dim=2.0 norm=True/geo pw=0.0",v7,"{""denominator"": ""geo"", ""dim"": 2.0, ""idf"": 1.0, ""n"": ""(2, 4)"", ""normalize"": true, ""position_weight"": 0.0}",tune,False,124,0.68973,0.68973,0.71934,0.62903,0.82258,0.90323,2.43411
typo_hard,"v7 n=(2, 4) idf=1.0 dim=2.0 norm=True/geo pw=0.5",v7,"{""denominator"": ""geo"", ""dim"": 2.0, ""idf"": 1.0, ""n"": ""(2, 4)"", ""normalize"": true, ""position_weight"": 0.5}",tune,False,124,0.69664,0.69664,0.72458,0.62903,0.82258,0.91129,2.82813
typo_hard,"v7 n=(2, 4) idf=1.0 dim=2.0 norm=True/geo pw=1.0",v7,"{""denominator"": ""geo"", ""dim"": 2.0, ""idf"": 1.0, ""n"": ""(2, 4)"", ""normalize"": true, ""position_weight"": 1.0}",tune,False,124,0.70304,0.70304,0.72663,0.6371,0.81452,0.91129,2.38311
typo_hard,"v7 n=(2, 4) idf=2.0 dim=1.0 norm=False/dice pw=0.0",v7,"{""denominator"": ""dice"", ""dim"": 1.0, ""idf"": 2.0, ""n"": ""(2, 4)"", ""normalize"": false, ""position_weight"": 0.0}",tune,False,124,0.57181,0.57181,0.60096,0.49194,0.70968,0.82258,1.45426
typo_hard,"v7 n=(2, 4) idf=2.0 dim=1.0 norm=False/dice pw=0.5",v7,"{""denominator"": ""dice"", ""dim"": 1.0, ""idf"": 2.0, ""n"": ""(2, 4)"", ""normalize"": false, ""position_weight"": 0.5}",tune,False,124,0.59864,0.59864,0.62231,0.53226,0.71774,0.8629,1.54061
typo_hard,"v7 n=(2, 4) idf=2.0 dim=1.0 norm=False/dice pw=1.0",v7,"{""denominator"": ""dice"", ""dim"": 1.0, ""idf"": 2.0, ""n"": ""(2, 4)"", ""normalize"": false, ""position_weight"": 1.0}",tune,False,124,0.60058,0.60058,0.62341,0.53226,0.71774,0.87097,1.57195
typo_hard,"v7 n=(2, 4) idf=2.0 dim=1.0 norm=True/dice pw=0.0",v7,"{""denominator"": ""dice"", ""dim"": 1.0, ""idf"": 2.0, ""n"": ""(2, 4)"", ""normalize"": true, ""position_weight"": 0.0}",tune,False,124,0.61789,0.61789,0.64956,0.54839,0.76613,0.8629,2.12341
typo_hard,"v7 n=(2, 4) idf=2.0 dim=1.0 norm=True/dice pw=0.5",v7,"{""denominator"": ""dice"", ""dim"": 1.0, ""idf"": 2.0, ""n"": ""(2, 4)"", ""normalize"": true, ""position_weight"": 0.5}",tune,False,124,0.61892,0.61892,0.65229,0.54839,0.77419,0.87097,2.15924
typo_hard,"v7 n=(2, 4) idf=2.0 dim=1.0 norm=True/dice pw=1.0",v7,"{""denominator"": ""dice"", ""dim"": 1.0, ""idf"": 2.0, ""n"": ""(2, 4)"", ""normalize"": true, ""position_weight"": 1.0}",tune,False,124,0.64047,0.64047,0.66833,0.58065,0.77419,0.87097,2.04516
typo_hard,"v7 n=(2, 4) idf=2.0 dim=1.0 norm=True/geo pw=0.0",v7,"{""denominator"": ""geo"", ""dim"": 1.0, ""idf"": 2.0, ""n"": ""(2, 4)"", ""normalize"": true, ""position_weight"": 0.0}",tune,False,124,0.60606,0.60606,0.6389,0.53226,0.75806,0.8629,2.24447
typo_hard,"v7 n=(2, 4) idf=2.0 dim=1.0 norm=True/geo pw=0.5",v7,"{""denominator"": ""geo"", ""dim"": 1.0, ""idf"": 2.0, ""n"": ""(2, 4)"", ""normalize"": true, ""position_weight"": 0.5}",tune,False,124,0.62289,0.62289,0.65357,0.54839,0.76613,0.87097,2.28409
typo_hard,"v7 n=(2, 4) idf=2.0 dim=1.0 norm=True/geo pw=1.0",v7,"{""denominator"": ""geo"", ""dim"": 1.0, ""idf"": 2.0, ""n"": ""(2, 4)"", ""normalize"": true, ""position_weight"": 1.0}",tune,False,124,0.63811,0.63811,0.66464,0.57258,0.76613,0.87097,2.38942
typo_hard,"v7 n=(2, 4) idf=2.0 dim=2.0 norm=False/dice pw=0.0",v7,"{""denominator"": ""dice"", ""dim"": 2.0, ""idf"": 2.0, ""n"": ""(2, 4)"", ""normalize"": false, ""position_weight"": 0.0}",tune,False,124,0.55904,0.55904,0.59552,0.46774,0.72581,0.83065,1.8207
typo_hard,"v7 n=(2, 4) idf=2.0 dim=2.0 norm=False/dice pw=0.5",v7,"{""denominator"": ""dice"", ""dim"": 2.0, ""idf"": 2.0, ""n"": ""(2, 4)"", ""normalize"": false, ""position_weight"": 0.5}",tune,False,124,0.58177,0.58177,0.61417,0.5,0.73387,0.8629,1.69548
typo_hard,"v7 n=(2, 4) idf=2.0 dim=2.0 norm=False/dice pw=1.0",v7,"{""denominator"": ""dice"", ""dim"": 2.0, ""idf"": 2.0, ""n"": ""(2, 4)"", ""normalize"": false, ""position_weight"": 1.0}",tune,False,124,0.59298,0.59298,0.62215,0.52419,0.73387,0.8629,1.82028
typo_hard,"v7 n=(2, 4) idf=2.0 dim=2.0 norm=True/dice pw=0.0",v7,"{""denominator"": ""dice"", ""dim"": 2.0, ""idf"": 2.0, ""n"": ""(2, 4)"", ""normalize"": true, ""position_weight"": 0.0}",tune,False,124,0.5991,0.5991,0.62979,0.53226,0.74194,0.84677,2.23336
typo_hard,"v7 n=(2, 4) idf=2.0 dim=2.0 norm=True/dice pw=0.5",v7,"{""denominator"": ""dice"", ""dim"": 2.0, ""idf"": 2.0, ""n"": ""(2, 4)"", ""normalize"": true, ""position_weight"": 0.5}",tune,False,124,0.60509,0.60509,0.63657,0.53226,0.75,0.84677,2.48292
typo_hard,"v7 n=(2, 4) idf=2.0 dim=2.0 norm=True/dice pw=1.0",v7,"{""denominator"": ""dice"", ""dim"": 2.0, ""idf"": 2.0, ""n"": ""(2, 4)"", ""normalize"": true, ""position_weight"": 1.0}",tune,False,124,0.61354,0.61354,0.64219,0.54032,0.75,0.8629,2.22649
typo_hard,"v7 n=(2, 4) idf=2.0 dim=2.0 norm=True/geo pw=0.0",v7,"{""denominator"": ""geo"", ""dim"": 2.0, ""idf"": 2.0, ""n"": ""(2, 4)"", ""normalize"": true, ""position_weight"": 0.0}",tune,False,124,0.5959,0.5959,0.63041,0.52419,0.75,0.83871,2.21879
typo_hard,"v7 n=(2, 4) idf=2.0 dim=2.0 norm=True/geo pw=0.5",v7,"{""denominator"": ""geo"", ""dim"": 2.0, ""idf"": 2.0, ""n"": ""(2, 4)"", ""normalize"": true, ""position_weight"": 0.5}",tune,False,124,0.6064,0.6064,0.6385,0.52419,0.75,0.83871,2.32231
typo_hard,"v7 n=(2, 4) idf=2.0 dim=2.0 norm=True/geo pw=1.0",v7,"{""denominator"": ""geo"", ""dim"": 2.0, ""idf"": 2.0, ""n"": ""(2, 4)"", ""normalize"": true, ""position_weight"": 1.0}",tune,False,124,0.62411,0.62411,0.65359,0.54839,0.75806,0.85484,2.24893
typo_hard,"v7 n=(2, 4) idf=3.0 dim=1.0 norm=False/dice pw=0.0",v7,"{""denominator"": ""dice"", ""dim"": 1.0, ""idf"": 3.0, ""n"": ""(2, 4)"", ""normalize"": false, ""position_weight"": 0.0}",tune,False,124,0.5107,0.5107,0.54658,0.40323,0.67742,0.80645,1.18171
typo_hard,"v7 n=(2, 4) idf=3.0 dim=1.0 norm=False/dice pw=0.5",v7,"{""denominator"": ""dice"", ""dim"": 1.0, ""idf"": 3.0, ""n"": ""(2, 4)"", ""normalize"": false, ""position_weight"": 0.5}",tune,False,124,0.52669,0.52669,0.56486,0.42742,0.70161,0.81452,1.19078
typo_hard,"v7 n=(2, 4) idf=3.0 dim=1.0 norm=False/dice pw=1.0",v7,"{""denominator"": ""dice"", ""dim"": 1.0, ""idf"": 3.0, ""n"": ""(2, 4)"", ""normalize"": false, ""position_weight"": 1.0}",tune,False,124,0.5411,0.5411,0.57577,0.45161,0.70161,0.81452,1.1496
typo_hard,"v7 n=(2, 4) idf=3.0 dim=1.0 norm=True/dice pw=0.0",v7,"{""denominator"": ""dice"", ""dim"": 1.0, ""idf"": 3.0, ""n"": ""(2, 4)"", ""normalize"": true, ""position_weight"": 0.0}",tune,False,124,0.50394,0.50394,0.54458,0.41935,0.69355,0.79032,1.5577
typo_hard,"v7 n=(2, 4) idf=3.0 dim=1.0 norm=True/dice pw=0.5",v7,"{""denominator"": ""dice"", ""dim"": 1.0, ""idf"": 3.0, ""n"": ""(2, 4)"", ""normalize"": true, ""position_weight"": 0.5}",tune,False,124,0.51751,0.51751,0.56183,0.42742,0.71774,0.80645,1.59884
typo_hard,"v7 n=(2, 4) idf=3.0 dim=1.0 norm=True/dice pw=1.0",v7,"{""denominator"": ""dice"", ""dim"": 1.0, ""idf"": 3.0, ""n"": ""(2, 4)"", ""normalize"": true, ""position_weight"": 1.0}",tune,False,124,0.53194,0.53194,0.57509,0.44355,0.72581,0.81452,1.46975
typo_hard,"v7 n=(2, 4) idf=3.0 dim=1.0 norm=True/geo pw=0.0",v7,"{""denominator"": ""geo"", ""dim"": 1.0, ""idf"": 3.0, ""n"": ""(2, 4)"", ""normalize"": true, ""position_weight"": 0.0}",tune,False,124,0.50712,0.50712,0.55193,0.41935,0.70968,0.79032,1.67429
typo_hard,"v7 n=(2, 4) idf=3.0 dim=1.0 norm=True/geo pw=0.5",v7,"{""denominator"": ""geo"", ""dim"": 1.0, ""idf"": 3.0, ""n"": ""(2, 4)"", ""normalize"": true, ""position_weight"": 0.5}",tune,False,124,0.53229,0.53229,0.57349,0.44355,0.71774,0.79839,1.55346
typo_hard,"v7 n=(2, 4) idf=3.0 dim=1.0 norm=True/geo pw=1.0",v7,"{""denominator"": ""geo"", ""dim"": 1.0, ""idf"": 3.0, ""n"": ""(2, 4)"", ""normalize"": true, ""position_weight"": 1.0}",tune,False,124,0.54094,0.54094,0.5801,0.45161,0.71774,0.80645,1.63493
typo_hard,"v7 n=(2, 4) idf=3.0 dim=2.0 norm=False/dice pw=0.0",v7,"{""denominator"": ""dice"", ""dim"": 2.0, ""idf"": 3.0, ""n"": ""(2, 4)"", ""normalize"": false, ""position_weight"": 0.0}",tune,False,124,0.49233,0.49233,0.52783,0.39516,0.66129,0.79032,1.12375
typo_hard,"v7 n=(2, 4) idf=3.0 dim=2.0 norm=False/dice pw=0.5",v7,"{""denominator"": ""dice"", ""dim"": 2.0, ""idf"": 3.0, ""n"": ""(2, 4)"", ""normalize"": false, ""position_weight"": 0.5}",tune,False,124,0.50996,0.50996,0.5477,0.41935,0.68548,0.79839,1.3375
typo_hard,"v7 n=(2, 4) idf=3.0 dim=2.0 norm=False/dice pw=1.0",v7,"{""denominator"": ""dice"", ""dim"": 2.0, ""idf"": 3.0, ""n"": ""(2, 4)"", ""normalize"": false, ""position_weight"": 1.0}",tune,False,124,0.52004,0.52004,0.55529,0.43548,0.68548,0.79839,1.0934
typo_hard,"v7 n=(2, 4) idf=3.0 dim=2.0 norm=True/dice pw=0.0",v7,"{""denominator"": ""dice"", ""dim"": 2.0, ""idf"": 3.0, ""n"": ""(2, 4)"", ""normalize"": true, ""position_weight"": 0.0}",tune,False,124,0.41103,0.41103,0.45324,0.32258,0.6129,0.77419,1.9405
typo_hard,"v7 n=(2, 4) idf=3.0 dim=2.0 norm=True/dice pw=0.5",v7,"{""denominator"": ""dice"", ""dim"": 2.0, ""idf"": 3.0, ""n"": ""(2, 4)"", ""normalize"": true, ""position_weight"": 0.5}",tune,False,124,0.4417,0.4417,0.47667,0.34677,0.6129,0.77419,1.7119
typo_hard,"v7 n=(2, 4) idf=3.0 dim=2.0 norm=True/dice pw=1.0",v7,"{""denominator"": ""dice"", ""dim"": 2.0, ""idf"": 3.0, ""n"": ""(2, 4)"", ""normalize"": true, ""position_weight"": 1.0}",tune,False,124,0.47534,0.47534,0.50776,0.40323,0.6371,0.78226,1.58603
typo_hard,"v7 n=(2, 4) idf=3.0 dim=2.0 norm=True/geo pw=0.0",v7,"{""denominator"": ""geo"", ""dim"": 2.0, ""idf"": 3.0, ""n"": ""(2, 4)"", ""normalize"": true, ""position_weight"": 0.0}",tune,False,124,0.41809,0.41809,0.46183,0.32258,0.62903,0.78226,2.44509
typo_hard,"v7 n=(2, 4) idf=3.0 dim=2.0 norm=True/geo pw=0.5",v7,"{""denominator"": ""geo"", ""dim"": 2.0, ""idf"": 3.0, ""n"": ""(2, 4)"", ""normalize"": true, ""position_weight"": 0.5}",tune,False,124,0.46233,0.46233,0.49976,0.3871,0.64516,0.78226,2.62238
typo_hard,"v7 n=(2, 4) idf=3.0 dim=2.0 norm=True/geo pw=1.0",v7,"{""denominator"": ""geo"", ""dim"": 2.0, ""idf"": 3.0, ""n"": ""(2, 4)"", ""normalize"": true, ""position_weight"": 1.0}",tune,False,124,0.48562,0.48562,0.52407,0.41129,0.66935,0.78226,2.2981
typo_hard,"v7 n=(1, 2, 3) idf=0.0 dim=1.0 norm=False/dice pw=0.0",v7,"{""denominator"": ""dice"", ""dim"": 1.0, ""idf"": 0.0, ""n"": ""(1, 2, 3)"", ""normalize"": false, ""position_weight"": 0.0}",tune,False,124,0.74276,0.74276,0.7673,0.67742,0.85484,0.92742,3.44303
typo_hard,"v7 n=(1, 2, 3) idf=0.0 dim=1.0 norm=False/dice pw=0.5",v7,"{""denominator"": ""dice"", ""dim"": 1.0, ""idf"": 0.0, ""n"": ""(1, 2, 3)"", ""normalize"": false, ""position_weight"": 0.5}",tune,False,124,0.77278,0.77278,0.78977,0.71774,0.85484,0.93548,3.09026
typo_hard,"v7 n=(1, 2, 3) idf=0.0 dim=1.0 norm=False/dice pw=1.0",v7,"{""denominator"": ""dice"", ""dim"": 1.0, ""idf"": 0.0, ""n"": ""(1, 2, 3)"", ""normalize"": false, ""position_weight"": 1.0}",tune,False,124,0.77586,0.77586,0.79203,0.71774,0.85484,0.94355,3.12252
typo_hard,"v7 n=(1, 2, 3) idf=0.0 dim=1.0 norm=True/dice pw=0.0",v7,"{""denominator"": ""dice"", ""dim"": 1.0, ""idf"": 0.0, ""n"": ""(1, 2, 3)"", ""normalize"": true, ""position_weight"": 0.0}",tune,False,124,0.81779,0.81779,0.84151,0.75806,0.91935,0.95161,3.52776
typo_hard,"v7 n=(1, 2, 3) idf=0.0 dim=1.0 norm=True/dice pw=0.5",v7,"{""denominator"": ""dice"", ""dim"": 1.0, ""idf"": 0.0, ""n"": ""(1, 2, 3)"", ""normalize"": true, ""position_weight"": 0.5}",tune,False,124,0.81994,0.81994,0.84259,0.75806,0.91935,0.96774,3.73863
typo_hard,"v7 n=(1, 2, 3) idf=0.0 dim=1.0 norm=True/dice pw=1.0",v7,"{""denominator"": ""dice"", ""dim"": 1.0, ""idf"": 0.0, ""n"": ""(1, 2, 3)"", ""normalize"": true, ""position_weight"": 1.0}",tune,False,124,0.82107,0.82107,0.84556,0.75806,0.92742,0.96774,3.68804
typo_hard,"v7 n=(1, 2, 3) idf=0.0 dim=1.0 norm=True/geo pw=0.0",v7,"{""denominator"": ""geo"", ""dim"": 1.0, ""idf"": 0.0, ""n"": ""(1, 2, 3)"", ""normalize"": true, ""position_weight"": 0.0}",tune,False,124,0.80806,0.80806,0.83389,0.74194,0.91935,0.95968,3.92171
typo_hard,"v7 n=(1, 2, 3) idf=0.0 dim=1.0 norm=True/geo pw=0.5",v7,"{""denominator"": ""geo"", ""dim"": 1.0, ""idf"": 0.0, ""n"": ""(1, 2, 3)"", ""normalize"": true, ""position_weight"": 0.5}",tune,False,124,0.81373,0.81373,0.83822,0.75,0.91935,0.95161,3.72436
typo_hard,"v7 n=(1, 2, 3) idf=0.0 dim=1.0 norm=True/geo pw=1.0",v7,"{""denominator"": ""geo"", ""dim"": 1.0, ""idf"": 0.0, ""n"": ""(1, 2, 3)"", ""normalize"": true, ""position_weight"": 1.0}",tune,False,124,0.81627,0.81627,0.83982,0.75,0.91935,0.95968,3.75663
typo_hard,"v7 n=(1, 2, 3) idf=0.0 dim=2.0 norm=False/dice pw=0.0",v7,"{""denominator"": ""dice"", ""dim"": 2.0, ""idf"": 0.0, ""n"": ""(1, 2, 3)"", ""normalize"": false, ""position_weight"": 0.0}",tune,False,124,0.72511,0.72511,0.75223,0.64516,0.84677,0.91935,3.43213
typo_hard,"v7 n=(1, 2, 3) idf=0.0 dim=2.0 norm=False/dice pw=0.5",v7,"{""denominator"": ""dice"", ""dim"": 2.0, ""idf"": 0.0, ""n"": ""(1, 2, 3)"", ""normalize"": false, ""position_weight"": 0.5}",tune,False,124,0.76733,0.76733,0.79288,0.70161,0.87903,0.91935,3.2317
typo_hard,"v7 n=(1, 2, 3) idf=0.0 dim=2.0 norm=False/dice pw=1.0",v7,"{""denominator"": ""dice"", ""dim"": 2.0, ""idf"": 0.0, ""n"": ""(1, 2, 3)"", ""normalize"": false, ""position_weight"": 1.0}",tune,False,124,0.78469,0.78469,0.80573,0.72581,0.87903,0.92742,4.78434
typo_hard,"v7 n=(1, 2, 3) idf=0.0 dim=2.0 norm=True/dice pw=0.0",v7,"{""denominator"": ""dice"", ""dim"": 2.0, ""idf"": 0.0, ""n"": ""(1, 2, 3)"", ""normalize"": true, ""position_weight"": 0.0}",tune,False,124,0.83152,0.83152,0.85634,0.77419,0.93548,0.96774,5.945
typo_hard,"v7 n=(1, 2, 3) idf=0.0 dim=2.0 norm=True/dice pw=0.5",v7,"{""denominator"": ""dice"", ""dim"": 2.0, ""idf"": 0.0, ""n"": ""(1, 2, 3)"", ""normalize"": true, ""position_weight"": 0.5}",tune,False,124,0.83769,0.83769,0.86051,0.77419,0.93548,0.97581,5.56323
typo_hard,"v7 n=(1, 2, 3) idf=0.0 dim=2.0 norm=True/dice pw=1.0",v7,"{""denominator"": ""dice"", ""dim"": 2.0, ""idf"": 0.0, ""n"": ""(1, 2, 3)"", ""normalize"": true, ""position_weight"": 1.0}",tune,False,124,0.84479,0.84479,0.87054,0.78226,0.95161,0.97581,5.90507
typo_hard,"v7 n=(1, 2, 3) idf=0.0 dim=2.0 norm=True/geo pw=0.0",v7,"{""denominator"": ""geo"", ""dim"": 2.0, ""idf"": 0.0, ""n"": ""(1, 2, 3)"", ""normalize"": true, ""position_weight"": 0.0}",tune,False,124,0.82944,0.82944,0.85498,0.77419,0.93548,0.94355,6.17886
typo_hard,"v7 n=(1, 2, 3) idf=0.0 dim=2.0 norm=True/geo pw=0.5",v7,"{""denominator"": ""geo"", ""dim"": 2.0, ""idf"": 0.0, ""n"": ""(1, 2, 3)"", ""normalize"": true, ""position_weight"": 0.5}",tune,False,124,0.83618,0.83618,0.85722,0.77419,0.92742,0.96774,5.04614
typo_hard,"v7 n=(1, 2, 3) idf=0.0 dim=2.0 norm=True/geo pw=1.0",v7,"{""denominator"": ""geo"", ""dim"": 2.0, ""idf"": 0.0, ""n"": ""(1, 2, 3)"", ""normalize"": true, ""position_weight"": 1.0}",tune,False,124,0.8386,0.8386,0.86352,0.77419,0.94355,0.97581,5.90992
typo_hard,"v7 n=(1, 2, 3) idf=1.0 dim=1.0 norm=False/dice pw=0.0",v7,"{""denominator"": ""dice"", ""dim"": 1.0, ""idf"": 1.0, ""n"": ""(1, 2, 3)"", ""normalize"": false, ""position_weight"": 0.0}",tune,False,124,0.69766,0.69766,0.72287,0.64516,0.81452,0.87903,3.88417
typo_hard,"v7 n=(1, 2, 3) idf=1.0 dim=1.0 norm=False/dice pw=0.5",v7,"{""denominator"": ""dice"", ""dim"": 1.0, ""idf"": 1.0, ""n"": ""(1, 2, 3)"", ""normalize"": false, ""position_weight"": 0.5}",tune,False,124,0.69871,0.69871,0.72586,0.6371,0.82258,0.8871,4.39261
typo_hard,"v7 n=(1, 2, 3) idf=1.0 dim=1.0 norm=False/dice pw=1.0",v7,"{""denominator"": ""dice"", ""dim"": 1.0, ""idf"": 1.0, ""n"": ""(1, 2, 3)"", ""normalize"": false, ""position_weight"": 1.0}",tune,False,124,0.71093,0.71093,0.74162,0.64516,0.84677,0.90323,4.1212
typo_hard,"v7 n=(1, 2, 3) idf=1.0 dim=1.0 norm=True/dice pw=0.0",v7,"{""denominator"": ""dice"", ""dim"": 1.0, ""idf"": 1.0, ""n"": ""(1, 2, 3)"", ""normalize"": true, ""position_weight"": 0.0}",tune,False,124,0.77323,0.77323,0.79381,0.71774,0.87097,0.95161,4.84124
typo_hard,"v7 n=(1, 2, 3) idf=1.0 dim=1.0 norm=True/dice pw=0.5",v7,"{""denominator"": ""dice"", ""dim"": 1.0, ""idf"": 1.0, ""n"": ""(1, 2, 3)"", ""normalize"": true, ""position_weight"": 0.5}",tune,False,124,0.78866,0.78866,0.80932,0.74194,0.8871,0.95161,5.32377
typo_hard,"v7 n=(1, 2, 3) idf=1.0 dim=1.0 norm=True/dice pw=1.0",v7,"{""denominator"": ""dice"", ""dim"": 1.0, ""idf"": 1.0, ""n"": ""(1, 2, 3)"", ""normalize"": true, ""position_weight"": 1.0}",tune,False,124,0.79656,0.79656,0.81774,0.75,0.89516,0.95161,4.35207
typo_hard,"v7 n=(1, 2, 3) idf=1.0 dim=1.0 norm=True/geo pw=0.0",v7,"{""denominator"": ""geo"", ""dim"": 1.0, ""idf"": 1.0, ""n"": ""(1, 2, 3)"", ""normalize"": true, ""position_weight"": 0.0}",tune,False,124,0.76908,0.76908,0.7887,0.70968,0.8629,0.94355,4.77205
typo_hard,"v7 n=(1, 2, 3) idf=1.0 dim=1.0 norm=True/geo pw=0.5",v7,"{""denominator"": ""geo"", ""dim"": 1.0, ""idf"": 1.0, ""n"": ""(1, 2, 3)"", ""normalize"": true, ""position_weight"": 0.5}",tune,False,124,0.78369,0.78369,0.80334,0.73387,0.87903,0.95161,4.6631
typo_hard,"v7 n=(1, 2, 3) idf=1.0 dim=1.0 norm=True/geo pw=1.0",v7,"{""denominator"": ""geo"", ""dim"": 1.0, ""idf"": 1.0, ""n"": ""(1, 2, 3)"", ""normalize"": true, ""position_weight"": 1.0}",tune,False,124,0.79394,0.79394,0.81539,0.75,0.89516,0.95161,4.62216
typo_hard,"v7 n=(1, 2, 3) idf=1.0 dim=2.0 norm=False/dice pw=0.0",v7,"{""denominator"": ""dice"", ""dim"": 2.0, ""idf"": 1.0, ""n"": ""(1, 2, 3)"", ""normalize"": false, ""position_weight"": 0.0}",tune,False,124,0.69685,0.69685,0.71998,0.64516,0.80645,0.8871,4.28433
typo_hard,"v7 n=(1, 2, 3) idf=1.0 dim=2.0 norm=False/dice pw=0.5",v7,"{""denominator"": ""dice"", ""dim"": 2.0, ""idf"": 1.0, ""n"": ""(1, 2, 3)"", ""normalize"": false, ""position_weight"": 0.5}",tune,False,124,0.70041,0.70041,0.72514,0.6371,0.81452,0.8871,5.0034
typo_hard,"v7 n=(1, 2, 3) idf=1.0 dim=2.0 norm=False/dice pw=1.0",v7,"{""denominator"": ""dice"", ""dim"": 2.0, ""idf"": 1.0, ""n"": ""(1, 2, 3)"", ""normalize"": false, ""position_weight"": 1.0}",tune,False,124,0.70882,0.70882,0.73567,0.64516,0.83065,0.89516,6.41125
typo_hard,"v7 n=(1, 2, 3) idf=1.0 dim=2.0 norm=True/dice pw=0.0",v7,"{""denominator"": ""dice"", ""dim"": 2.0, ""idf"": 1.0, ""n"": ""(1, 2, 3)"", ""normalize"": true, ""position_weight"": 0.0}",tune,False,124,0.76194,0.76194,0.78233,0.69355,0.85484,0.91935,6.40521
typo_hard,"v7 n=(1, 2, 3) idf=1.0 dim=2.0 norm=True/dice pw=0.5",v7,"{""denominator"": ""dice"", ""dim"": 2.0, ""idf"": 1.0, ""n"": ""(1, 2, 3)"", ""normalize"": true, ""position_weight"": 0.5}",tune,False,124,0.78854,0.78854,0.81307,0.73387,0.89516,0.93548,7.03575
typo_hard,"v7 n=(1, 2, 3) idf=1.0 dim=2.0 norm=True/dice pw=1.0",v7,"{""denominator"": ""dice"", ""dim"": 2.0, ""idf"": 1.0, ""n"": ""(1, 2, 3)"", ""normalize"": true, ""position_weight"": 1.0}",tune,False,124,0.79548,0.79548,0.82012,0.74194,0.90323,0.94355,5.76404
typo_hard,"v7 n=(1, 2, 3) idf=1.0 dim=2.0 norm=True/geo pw=0.0",v7,"{""denominator"": ""geo"", ""dim"": 2.0, ""idf"": 1.0, ""n"": ""(1, 2, 3)"", ""normalize"": true, ""position_weight"": 0.0}",tune,False,124,0.77198,0.77198,0.78986,0.71774,0.85484,0.91129,5.81941
typo_hard,"v7 n=(1, 2, 3) idf=1.0 dim=2.0 norm=True/geo pw=0.5",v7,"{""denominator"": ""geo"", ""dim"": 2.0, ""idf"": 1.0, ""n"": ""(1, 2, 3)"", ""normalize"": true, ""position_weight"": 0.5}",tune,False,124,0.78919,0.78919,0.81362,0.73387,0.89516,0.92742,5.88797
typo_hard,"v7 n=(1, 2, 3) idf=1.0 dim=2.0 norm=True/geo pw=1.0",v7,"{""denominator"": ""geo"", ""dim"": 2.0, ""idf"": 1.0, ""n"": ""(1, 2, 3)"", ""normalize"": true, ""position_weight"": 1.0}",tune,False,124,0.79651,0.79651,0.82113,0.74194,0.90323,0.94355,6.02181
typo_hard,"v7 n=(1, 2, 3) idf=2.0 dim=1.0 norm=False/dice pw=0.0",v7,"{""denominator"": ""dice"", ""dim"": 1.0, ""idf"": 2.0, ""n"": ""(1, 2, 3)"", ""normalize"": false, ""position_weight"": 0.0}",tune,False,124,0.58216,0.58216,0.61209,0.51613,0.72581,0.83065,4.96521
typo_hard,"v7 n=(1, 2, 3) idf=2.0 dim=1.0 norm=False/dice pw=0.5",v7,"{""denominator"": ""dice"", ""dim"": 1.0, ""idf"": 2.0, ""n"": ""(1, 2, 3)"", ""normalize"": false, ""position_weight"": 0.5}",tune,False,124,0.5822,0.5822,0.61556,0.5,0.74194,0.87097,5.89115
typo_hard,"v7 n=(1, 2, 3) idf=2.0 dim=1.0 norm=False/dice pw=1.0",v7,"{""denominator"": ""dice"", ""dim"": 1.0, ""idf"": 2.0, ""n"": ""(1, 2, 3)"", ""normalize"": false, ""position_weight"": 1.0}",tune,False,124,0.59106,0.59106,0.62688,0.50806,0.75806,0.87097,6.28844
typo_hard,"v7 n=(1, 2, 3) idf=2.0 dim=1.0 norm=True/dice pw=0.0",v7,"{""denominator"": ""dice"", ""dim"": 1.0, ""idf"": 2.0, ""n"": ""(1, 2, 3)"", ""normalize"": true, ""position_weight"": 0.0}",tune,False,124,0.63886,0.63886,0.67248,0.55645,0.79032,0.85484,7.27947
typo_hard,"v7 n=(1, 2, 3) idf=2.0 dim=1.0 norm=True/dice pw=0.5",v7,"{""denominator"": ""dice"", ""dim"": 1.0, ""idf"": 2.0, ""n"": ""(1, 2, 3)"", ""normalize"": true, ""position_weight"": 0.5}",tune,False,124,0.68472,0.68472,0.71606,0.62097,0.82258,0.8629,7.79762
typo_hard,"v7 n=(1, 2, 3) idf=2.0 dim=1.0 norm=True/dice pw=1.0",v7,"{""denominator"": ""dice"", ""dim"": 1.0, ""idf"": 2.0, ""n"": ""(1, 2, 3)"", ""normalize"": true, ""position_weight"": 1.0}",tune,False,124,0.69801,0.69801,0.72837,0.62903,0.83065,0.87097,9.32995
typo_hard,"v7 n=(1, 2, 3) idf=2.0 dim=1.0 norm=True/geo pw=0.0",v7,"{""denominator"": ""geo"", ""dim"": 1.0, ""idf"": 2.0, ""n"": ""(1, 2, 3)"", ""normalize"": true, ""position_weight"": 0.0}",tune,False,124,0.6614,0.6614,0.69642,0.58065,0.81452,0.85484,7.3578
typo_hard,"v7 n=(1, 2, 3) idf=2.0 dim=1.0 norm=True/geo pw=0.5",v7,"{""denominator"": ""geo"", ""dim"": 1.0, ""idf"": 2.0, ""n"": ""(1, 2, 3)"", ""normalize"": true, ""position_weight"": 0.5}",tune,False,124,0.69272,0.69272,0.72672,0.62097,0.83871,0.8629,6.69042
typo_hard,"v7 n=(1, 2, 3) idf=2.0 dim=1.0 norm=True/geo pw=1.0",v7,"{""denominator"": ""geo"", ""dim"": 1.0, ""idf"": 2.0, ""n"": ""(1, 2, 3)"", ""normalize"": true, ""position_weight"": 1.0}",tune,False,124,0.70322,0.70322,0.73493,0.6371,0.83871,0.8629,8.41996
typo_hard,"v7 n=(1, 2, 3) idf=2.0 dim=2.0 norm=False/dice pw=0.0",v7,"{""denominator"": ""dice"", ""dim"": 2.0, ""idf"": 2.0, ""n"": ""(1, 2, 3)"", ""normalize"": false, ""position_weight"": 0.0}",tune,False,124,0.56764,0.56764,0.59736,0.49194,0.70968,0.83065,7.91351
typo_hard,"v7 n=(1, 2, 3) idf=2.0 dim=2.0 norm=False/dice pw=0.5",v7,"{""denominator"": ""dice"", ""dim"": 2.0, ""idf"": 2.0, ""n"": ""(1, 2, 3)"", ""normalize"": false, ""position_weight"": 0.5}",tune,False,124,0.57204,0.57204,0.60225,0.49194,0.71774,0.84677,6.82118
typo_hard,"v7 n=(1, 2, 3) idf=2.0 dim=2.0 norm=False/dice pw=1.0",v7,"{""denominator"": ""dice"", ""dim"": 2.0, ""idf"": 2.0, ""n"": ""(1, 2, 3)"", ""normalize"": false, ""position_weight"": 1.0}",tune,False,124,0.58055,0.58055,0.61472,0.5,0.74194,0.85484,6.23682
typo_hard,"v7 n=(1, 2, 3) idf=2.0 dim=2.0 norm=True/dice pw=0.0",v7,"{""denominator"": ""dice"", ""dim"": 2.0, ""idf"": 2.0, ""n"": ""(1, 2, 3)"", ""normalize"": true, ""position_weight"": 0.0}",tune,False,124,0.5717,0.5717,0.59721,0.50806,0.68548,0.75,5.99655
typo_hard,"v7 n=(1, 2, 3) idf=2.0 dim=2.0 norm=True/dice pw=0.5",v7,"{""denominator"": ""dice"", ""dim"": 2.0, ""idf"": 2.0, ""n"": ""(1, 2, 3)"", ""normalize"": true, ""position_weight"": 0.5}",tune,False,124,0.62113,0.62113,0.64505,0.56452,0.72581,0.77419,5.93994
typo_hard,"v7 n=(1, 2, 3) idf=2.0 dim=2.0 norm=True/dice pw=1.0",v7,"{""denominator"": ""dice"", ""dim"": 2.0, ""idf"": 2.0, ""n"": ""(1, 2, 3)"", ""normalize"": true, ""position_weight"": 1.0}",tune,False,124,0.62855,0.62855,0.65013,0.56452,0.72581,0.80645,4.98792
typo_hard,"v7 n=(1, 2, 3) idf=2.0 dim=2.0 norm=True/geo pw=0.0",v7,"{""denominator"": ""geo"", ""dim"": 2.0, ""idf"": 2.0, ""n"": ""(1, 2, 3)"", ""normalize"": true, ""position_weight"": 0.0}",tune,False,124,0.59501,0.59501,0.62377,0.51613,0.71774,0.75806,4.71672
typo_hard,"v7 n=(1, 2, 3) idf=2.0 dim=2.0 norm=True/geo pw=0.5",v7,"{""denominator"": ""geo"", ""dim"": 2.0, ""idf"": 2.0, ""n"": ""(1, 2, 3)"", ""normalize"": true, ""position_weight"": 0.5}",tune,False,124,0.63717,0.63717,0.66131,0.57258,0.74194,0.80645,4.79903
typo_hard,"v7 n=(1, 2, 3) idf=2.0 dim=2.0 norm=True/geo pw=1.0",v7,"{""denominator"": ""geo"", ""dim"": 2.0, ""idf"": 2.0, ""n"": ""(1, 2, 3)"", ""normalize"": true, ""position_weight"": 1.0}",tune,False,124,0.64816,0.64816,0.67054,0.58065,0.75,0.83065,4.98846
typo_hard,"v7 n=(1, 2, 3) idf=3.0 dim=1.0 norm=False/dice pw=0.0",v7,"{""denominator"": ""dice"", ""dim"": 1.0, ""idf"": 3.0, ""n"": ""(1, 2, 3)"", ""normalize"": false, ""position_weight"": 0.0}",tune,False,124,0.43295,0.43295,0.48249,0.32258,0.65323,0.77419,4.21906
typo_hard,"v7 n=(1, 2, 3) idf=3.0 dim=1.0 norm=False/dice pw=0.5",v7,"{""denominator"": ""dice"", ""dim"": 1.0, ""idf"": 3.0, ""n"": ""(1, 2, 3)"", ""normalize"": false, ""position_weight"": 0.5}",tune,False,124,0.43888,0.43888,0.48368,0.32258,0.64516,0.80645,3.96741
typo_hard,"v7 n=(1, 2, 3) idf=3.0 dim=1.0 norm=False/dice pw=1.0",v7,"{""denominator"": ""dice"", ""dim"": 1.0, ""idf"": 3.0, ""n"": ""(1, 2, 3)"", ""normalize"": false, ""position_weight"": 1.0}",tune,False,124,0.47081,0.47081,0.51626,0.3629,0.67742,0.82258,3.99147
typo_hard,"v7 n=(1, 2, 3) idf=3.0 dim=1.0 norm=True/dice pw=0.0",v7,"{""denominator"": ""dice"", ""dim"": 1.0, ""idf"": 3.0, ""n"": ""(1, 2, 3)"", ""normalize"": true, ""position_weight"": 0.0}",tune,False,124,0.43754,0.43754,0.48159,0.33065,0.6371,0.72581,4.59015
typo_hard,"v7 n=(1, 2, 3) idf=3.0 dim=1.0 norm=True/dice pw=0.5",v7,"{""denominator"": ""dice"", ""dim"": 1.0, ""idf"": 3.0, ""n"": ""(1, 2, 3)"", ""normalize"": true, ""position_weight"": 0.5}",tune,False,124,0.46903,0.46903,0.5126,0.3629,0.66129,0.74194,4.94005
typo_hard,"v7 n=(1, 2, 3) idf=3.0 dim=1.0 norm=True/dice pw=1.0",v7,"{""denominator"": ""dice"", ""dim"": 1.0, ""idf"": 3.0, ""n"": ""(1, 2, 3)"", ""normalize"": true, ""position_weight"": 1.0}",tune,False,124,0.49621,0.49621,0.5399,0.3871,0.68548,0.75806,4.83988
typo_hard,"v7 n=(1, 2, 3) idf=3.0 dim=1.0 norm=True/geo pw=0.0",v7,"{""denominator"": ""geo"", ""dim"": 1.0, ""idf"": 3.0, ""n"": ""(1, 2, 3)"", ""normalize"": true, ""position_weight"": 0.0}",tune,False,124,0.46822,0.46822,0.51758,0.3629,0.68548,0.75806,4.56263
typo_hard,"v7 n=(1, 2, 3) idf=3.0 dim=1.0 norm=True/geo pw=0.5",v7,"{""denominator"": ""geo"", ""dim"": 1.0, ""idf"": 3.0, ""n"": ""(1, 2, 3)"", ""normalize"": true, ""position_weight"": 0.5}",tune,False,124,0.51255,0.51255,0.55299,0.41935,0.69355,0.78226,5.0024
typo_hard,"v7 n=(1, 2, 3) idf=3.0 dim=1.0 norm=True/geo pw=1.0",v7,"{""denominator"": ""geo"", ""dim"": 1.0, ""idf"": 3.0, ""n"": ""(1, 2, 3)"", ""normalize"": true, ""position_weight"": 1.0}",tune,False,124,0.52041,0.52041,0.56062,0.41935,0.70161,0.80645,5.0321
typo_hard,"v7 n=(1, 2, 3) idf=3.0 dim=2.0 norm=False/dice pw=0.0",v7,"{""denominator"": ""dice"", ""dim"": 2.0, ""idf"": 3.0, ""n"": ""(1, 2, 3)"", ""normalize"": false, ""position_weight"": 0.0}",tune,False,124,0.42226,0.42226,0.47699,0.30645,0.66129,0.76613,4.04673
typo_hard,"v7 n=(1, 2, 3) idf=3.0 dim=2.0 norm=False/dice pw=0.5",v7,"{""denominator"": ""dice"", ""dim"": 2.0, ""idf"": 3.0, ""n"": ""(1, 2, 3)"", ""normalize"": false, ""position_weight"": 0.5}",tune,False,124,0.4324,0.4324,0.48492,0.31452,0.66129,0.78226,4.46333
typo_hard,"v7 n=(1, 2, 3) idf=3.0 dim=2.0 norm=False/dice pw=1.0",v7,"{""denominator"": ""dice"", ""dim"": 2.0, ""idf"": 3.0, ""n"": ""(1, 2, 3)"", ""normalize"": false, ""position_weight"": 1.0}",tune,False,124,0.45688,0.45688,0.50068,0.34677,0.65323,0.79839,4.65652
typo_hard,"v7 n=(1, 2, 3) idf=3.0 dim=2.0 norm=True/dice pw=0.0",v7,"{""denominator"": ""dice"", ""dim"": 2.0, ""idf"": 3.0, ""n"": ""(1, 2, 3)"", ""normalize"": true, ""position_weight"": 0.0}",tune,False,124,0.39514,0.39514,0.42511,0.33871,0.53226,0.59677,4.87279
typo_hard,"v7 n=(1, 2, 3) idf=3.0 dim=2.0 norm=True/dice pw=0.5",v7,"{""denominator"": ""dice"", ""dim"": 2.0, ""idf"": 3.0, ""n"": ""(1, 2, 3)"", ""normalize"": true, ""position_weight"": 0.5}",tune,False,124,0.43435,0.43435,0.46486,0.37097,0.57258,0.65323,4.94825
typo_hard,"v7 n=(1, 2, 3) idf=3.0 dim=2.0 norm=True/dice pw=1.0",v7,"{""denominator"": ""dice"", ""dim"": 2.0, ""idf"": 3.0, ""n"": ""(1, 2, 3)"", ""normalize"": true, ""position_weight"": 1.0}",tune,False,124,0.45421,0.45421,0.48616,0.3871,0.59677,0.66129,5.85835
typo_hard,"v7 n=(1, 2, 3) idf=3.0 dim=2.0 norm=True/geo pw=0.0",v7,"{""denominator"": ""geo"", ""dim"": 2.0, ""idf"": 3.0, ""n"": ""(1, 2, 3)"", ""normalize"": true, ""position_weight"": 0.0}",tune,False,124,0.41133,0.41133,0.44059,0.34677,0.54839,0.64516,5.28696
typo_hard,"v7 n=(1, 2, 3) idf=3.0 dim=2.0 norm=True/geo pw=0.5",v7,"{""denominator"": ""geo"", ""dim"": 2.0, ""idf"": 3.0, ""n"": ""(1, 2, 3)"", ""normalize"": true, ""position_weight"": 0.5}",tune,False,124,0.45518,0.45518,0.4854,0.3871,0.59677,0.69355,5.10274
typo_hard,"v7 n=(1, 2, 3) idf=3.0 dim=2.0 norm=True/geo pw=1.0",v7,"{""denominator"": ""geo"", ""dim"": 2.0, ""idf"": 3.0, ""n"": ""(1, 2, 3)"", ""normalize"": true, ""position_weight"": 1.0}",tune,False,124,0.47706,0.47706,0.51304,0.3871,0.6371,0.72581,5.53032
typo_hard,"v7 n=(1, 2, 3) idf=0.0 dim=2.0 norm=True/dice pw=1.0",v7,"{""denominator"": ""dice"", ""dim"": 2.0, ""idf"": 0.0, ""n"": ""(1, 2, 3)"", ""normalize"": true, ""position_weight"": 1.0}",test,True,124,0.8561,0.8561,0.87772,0.79032,0.95161,1.0,6.67312
typo_hard,v7 default,v7_default,"{""denominator"": ""dice"", ""dim"": 1.0, ""idf"": 0.0, ""n"": ""(2, 4)"", ""normalize"": true, ""position_weight"": 1.0}",test,True,124,0.73407,0.73407,0.7622,0.66129,0.8629,0.93548,1.9156
typo_hard,"v7 n=(1, 2, 3) idf=0.0 dim=2.0 norm=True/dice pw=0.0",v7_pw0.0,"{""denominator"": ""dice"", ""dim"": 2.0, ""idf"": 0.0, ""n"": ""(1, 2, 3)"", ""normalize"": true, ""position_weight"": 0.0}",test,True,124,0.85538,0.85538,0.87594,0.79839,0.94355,0.99194,5.12462
typo_hard,"v7 n=(1, 2, 3) idf=0.0 dim=2.0 norm=True/dice pw=0.5",v7_pw0.5,"{""denominator"": ""dice"", ""dim"": 2.0, ""idf"": 0.0, ""n"": ""(1, 2, 3)"", ""normalize"": true, ""position_weight"": 0.5}",test,True,124,0.8643,0.8643,0.88227,0.80645,0.94355,1.0,5.80107
typo_hard,"v7 n=(1, 2, 3) idf=0.0 dim=2.0 norm=True/dice pw=1.0",v7_pw1.0,"{""denominator"": ""dice"", ""dim"": 2.0, ""idf"": 0.0, ""n"": ""(1, 2, 3)"", ""normalize"": true, ""position_weight"": 1.0}",test,True,124,0.8561,0.8561,0.87772,0.79032,0.95161,1.0,4.58189
typo_hard,v7 top-50 reranked by bm25_char,v7>bm25_char,"{""depth"": 50}",test,True,124,0.74457,0.74457,0.7737,0.66129,0.87903,1.0,5.85598
typo_hard,"bm25_char n=(2,) k1=0.5 b=0.3 idf^1.0",bm25_char,"{""b"": 0.3, ""idf_exp"": 1.0, ""k1"": 0.5, ""n"": ""(2,)""}",tune,False,124,0.6748,0.6748,0.70441,0.6129,0.80645,0.8629,0.99974
typo_hard,"bm25_char n=(2,) k1=0.5 b=0.3 idf^2.0",bm25_char,"{""b"": 0.3, ""idf_exp"": 2.0, ""k1"": 0.5, ""n"": ""(2,)""}",tune,False,124,0.44489,0.44489,0.48274,0.33871,0.62903,0.80645,1.06516
typo_hard,"bm25_char n=(2,) k1=0.5 b=0.3 idf^3.0",bm25_char,"{""b"": 0.3, ""idf_exp"": 3.0, ""k1"": 0.5, ""n"": ""(2,)""}",tune,False,124,0.29156,0.29156,0.31413,0.21774,0.41935,0.62097,1.08257
typo_hard,"bm25_char n=(2,) k1=0.5 b=0.75 idf^1.0",bm25_char,"{""b"": 0.75, ""idf_exp"": 1.0, ""k1"": 0.5, ""n"": ""(2,)""}",tune,False,124,0.67273,0.67273,0.7034,0.59677,0.80645,0.8629,0.9752
typo_hard,"bm25_char n=(2,) k1=0.5 b=0.75 idf^2.0",bm25_char,"{""b"": 0.75, ""idf_exp"": 2.0, ""k1"": 0.5, ""n"": ""(2,)""}",tune,False,124,0.45553,0.45553,0.49667,0.3629,0.65323,0.81452,1.09548
typo_hard,"bm25_char n=(2,) k1=0.5 b=0.75 idf^3.0",bm25_char,"{""b"": 0.75, ""idf_exp"": 3.0, ""k1"": 0.5, ""n"": ""(2,)""}",tune,False,124,0.29115,0.29115,0.31861,0.21774,0.43548,0.64516,1.04251
typo_hard,"bm25_char n=(2,) k1=0.5 b=1.0 idf^1.0",bm25_char,"{""b"": 1.0, ""idf_exp"": 1.0, ""k1"": 0.5, ""n"": ""(2,)""}",tune,False,124,0.68194,0.68194,0.71013,0.6129,0.80645,0.87097,1.13473
typo_hard,"bm25_char n=(2,) k1=0.5 b=1.0 idf^2.0",bm25_char,"{""b"": 1.0, ""idf_exp"": 2.0, ""k1"": 0.5, ""n"": ""(2,)""}",tune,False,124,0.45019,0.45019,0.49049,0.35484,0.64516,0.81452,0.96643
typo_hard,"bm25_char n=(2,) k1=0.5 b=1.0 idf^3.0",bm25_char,"{""b"": 1.0, ""idf_exp"": 3.0, ""k1"": 0.5, ""n"": ""(2,)""}",tune,False,124,0.27879,0.27879,0.3097,0.20161,0.43548,0.6371,1.08745
typo_hard,"bm25_char n=(2,) k1=1.2 b=0.3 idf^1.0",bm25_char,"{""b"": 0.3, ""idf_exp"": 1.0, ""k1"": 1.2, ""n"": ""(2,)""}",tune,False,124,0.66227,0.66227,0.69551,0.58871,0.80645,0.85484,1.18191
typo_hard,"bm25_char n=(2,) k1=1.2 b=0.3 idf^2.0",bm25_char,"{""b"": 0.3, ""idf_exp"": 2.0, ""k1"": 1.2, ""n"": ""(2,)""}",tune,False,124,0.44287,0.44287,0.48541,0.33871,0.64516,0.81452,1.05551
typo_hard,"bm25_char n=(2,) k1=1.2 b=0.3 idf^3.0",bm25_char,"{""b"": 0.3, ""idf_exp"": 3.0, ""k1"": 1.2, ""n"": ""(2,)""}",tune,False,124,0.29345,0.29345,0.3157,0.22581,0.41935,0.62097,1.03548
typo_hard,"bm25_char n=(2,) k1=1.2 b=0.75 idf^1.0",bm25_char,"{""b"": 0.75, ""idf_exp"": 1.0, ""k1"": 1.2, ""n"": ""(2,)""}",tune,False,124,0.68383,0.68383,0.71137,0.62097,0.80645,0.87097,1.06602
typo_hard,"bm25_char n=(2,) k1=1.2 b=0.75 idf^2.0",bm25_char,"{""b"": 0.75, ""idf_exp"": 2.0, ""k1"": 1.2, ""n"": ""(2,)""}",tune,False,124,0.43382,0.43382,0.47779,0.33065,0.64516,0.81452,1.04059
typo_hard,"bm25_char n=(2,) k1=1.2 b=0.75 idf^3.0",bm25_char,"{""b"": 0.75, ""idf_exp"": 3.0, ""k1"": 1.2, ""n"": ""(2,)""}",tune,False,124,0.26666,0.26666,0.30043,0.18548,0.43548,0.6371,1.06993
typo_hard,"bm25_char n=(2,) k1=1.2 b=1.0 idf^1.0",bm25_char,"{""b"": 1.0, ""idf_exp"": 1.0, ""k1"": 1.2, ""n"": ""(2,)""}",tune,False,124,0.66522,0.66522,0.69473,0.58871,0.79839,0.87903,1.08529
typo_hard,"bm25_char n=(2,) k1=1.2 b=1.0 idf^2.0",bm25_char,"{""b"": 1.0, ""idf_exp"": 2.0, ""k1"": 1.2, ""n"": ""(2,)""}",tune,False,124,0.40055,0.40055,0.45265,0.28226,0.64516,0.82258,1.0483
typo_hard,"bm25_char n=(2,) k1=1.2 b=1.0 idf^3.0",bm25_char,"{""b"": 1.0, ""idf_exp"": 3.0, ""k1"": 1.2, ""n"": ""(2,)""}",tune,False,124,0.24191,0.24191,0.279,0.16129,0.42742,0.64516,1.08364
typo_hard,"bm25_char n=(2,) k1=2.0 b=0.3 idf^1.0",bm25_char,"{""b"": 0.3, ""idf_exp"": 1.0, ""k1"": 2.0, ""n"": ""(2,)""}",tune,False,124,0.66955,0.66955,0.70128,0.59677,0.80645,0.85484,1.14054
typo_hard,"bm25_char n=(2,) k1=2.0 b=0.3 idf^2.0",bm25_char,"{""b"": 0.3, ""idf_exp"": 2.0, ""k1"": 2.0, ""n"": ""(2,)""}",tune,False,124,0.44239,0.44239,0.48471,0.33871,0.64516,0.81452,0.97546
typo_hard,"bm25_char n=(2,) k1=2.0 b=0.3 idf^3.0",bm25_char,"{""b"": 0.3, ""idf_exp"": 3.0, ""k1"": 2.0, ""n"": ""(2,)""}",tune,False,124,0.28896,0.28896,0.31472,0.21774,0.42742,0.62097,1.07361
typo_hard,"bm25_char n=(2,) k1=2.0 b=0.75 idf^1.0",bm25_char,"{""b"": 0.75, ""idf_exp"": 1.0, ""k1"": 2.0, ""n"": ""(2,)""}",tune,False,124,0.67774,0.67774,0.7064,0.6129,0.80645,0.87903,1.07324
typo_hard,"bm25_char n=(2,) k1=2.0 b=0.75 idf^2.0",bm25_char,"{""b"": 0.75, ""idf_exp"": 2.0, ""k1"": 2.0, ""n"": ""(2,)""}",tune,False,124,0.40821,0.40821,0.46085,0.29032,0.65323,0.82258,0.94195
typo_hard,"bm25_char n=(2,) k1=2.0 b=0.75 idf^3.0",bm25_char,"{""b"": 0.75, ""idf_exp"": 3.0, ""k1"": 2.0, ""n"": ""(2,)""}",tune,False,124,0.25225,0.25225,0.2872,0.16935,0.42742,0.6371,1.03994
typo_hard,"bm25_char n=(2,) k1=2.0 b=1.0 idf^1.0",bm25_char,"{""b"": 1.0, ""idf_exp"": 1.0, ""k1"": 2.0, ""n"": ""(2,)""}",tune,False,124,0.64885,0.64885,0.67966,0.57258,0.79032,0.89516,1.18302
typo_hard,"bm25_char n=(2,) k1=2.0 b=1.0 idf^2.0",bm25_char,"{""b"": 1.0, ""idf_exp"": 2.0, ""k1"": 2.0, ""n"": ""(2,)""}",tune,False,124,0.37278,0.37278,0.43088,0.25806,0.64516,0.82258,1.44446
typo_hard,"bm25_char n=(2,) k1=2.0 b=1.0 idf^3.0",bm25_char,"{""b"": 1.0, ""idf_exp"": 3.0, ""k1"": 2.0, ""n"": ""(2,)""}",tune,False,124,0.22169,0.22169,0.24971,0.14516,0.37903,0.6129,1.3967
typo_hard,"bm25_char n=(3,) k1=0.5 b=0.3 idf^1.0",bm25_char,"{""b"": 0.3, ""idf_exp"": 1.0, ""k1"": 0.5, ""n"": ""(3,)""}",tune,False,124,0.62409,0.62409,0.6568,0.55645,0.77419,0.8629,1.83898
typo_hard,"bm25_char n=(3,) k1=0.5 b=0.3 idf^2.0",bm25_char,"{""b"": 0.3, ""idf_exp"": 2.0, ""k1"": 0.5, ""n"": ""(3,)""}",tune,False,124,0.57099,0.57099,0.59881,0.50806,0.70968,0.83871,1.71787
typo_hard,"bm25_char n=(3,) k1=0.5 b=0.3 idf^3.0",bm25_char,"{""b"": 0.3, ""idf_exp"": 3.0, ""k1"": 0.5, ""n"": ""(3,)""}",tune,False,124,0.44094,0.44094,0.48771,0.32258,0.65323,0.81452,1.75126
typo_hard,"bm25_char n=(3,) k1=0.5 b=0.75 idf^1.0",bm25_char,"{""b"": 0.75, ""idf_exp"": 1.0, ""k1"": 0.5, ""n"": ""(3,)""}",tune,False,124,0.62161,0.62161,0.65647,0.54839,0.78226,0.87097,1.7871
typo_hard,"bm25_char n=(3,) k1=0.5 b=0.75 idf^2.0",bm25_char,"{""b"": 0.75, ""idf_exp"": 2.0, ""k1"": 0.5, ""n"": ""(3,)""}",tune,False,124,0.55974,0.55974,0.58969,0.48387,0.70968,0.85484,2.27449
typo_hard,"bm25_char n=(3,) k1=0.5 b=0.75 idf^3.0",bm25_char,"{""b"": 0.75, ""idf_exp"": 3.0, ""k1"": 0.5, ""n"": ""(3,)""}",tune,False,124,0.41602,0.41602,0.46993,0.29839,0.66129,0.82258,3.56712
typo_hard,"bm25_char n=(3,) k1=0.5 b=1.0 idf^1.0",bm25_char,"{""b"": 1.0, ""idf_exp"": 1.0, ""k1"": 0.5, ""n"": ""(3,)""}",tune,False,124,0.62168,0.62168,0.65633,0.54839,0.78226,0.87097,3.13025
typo_hard,"bm25_char n=(3,) k1=0.5 b=1.0 idf^2.0",bm25_char,"{""b"": 1.0, ""idf_exp"": 2.0, ""k1"": 0.5, ""n"": ""(3,)""}",tune,False,124,0.56167,0.56167,0.58848,0.49194,0.70161,0.85484,2.79646
typo_hard,"bm25_char n=(3,) k1=0.5 b=1.0 idf^3.0",bm25_char,"{""b"": 1.0, ""idf_exp"": 3.0, ""k1"": 0.5, ""n"": ""(3,)""}",tune,False,124,0.41067,0.41067,0.46101,0.29032,0.64516,0.83065,2.65042
typo_hard,"bm25_char n=(3,) k1=1.2 b=0.3 idf^1.0",bm25_char,"{""b"": 0.3, ""idf_exp"": 1.0, ""k1"": 1.2, ""n"": ""(3,)""}",tune,False,124,0.62059,0.62059,0.65357,0.54839,0.77419,0.87097,3.11114
typo_hard,"bm25_char n=(3,) k1=1.2 b=0.3 idf^2.0",bm25_char,"{""b"": 0.3, ""idf_exp"": 2.0, ""k1"": 1.2, ""n"": ""(3,)""}",tune,False,124,0.56662,0.56662,0.59758,0.5,0.71774,0.84677,2.8993
typo_hard,"bm25_char n=(3,) k1=1.2 b=0.3 idf^3.0",bm25_char,"{""b"": 0.3, ""idf_exp"": 3.0, ""k1"": 1.2, ""n"": ""(3,)""}",tune,False,124,0.43139,0.43139,0.48016,0.31452,0.65323,0.81452,2.5152
typo_hard,"bm25_char n=(3,) k1=1.2 b=0.75 idf^1.0",bm25_char,"{""b"": 0.75, ""idf_exp"": 1.0, ""k1"": 1.2, ""n"": ""(3,)""}",tune,False,124,0.61901,0.61901,0.65634,0.54839,0.79032,0.87097,2.70561
typo_hard,"bm25_char n=(3,) k1=1.2 b=0.75 idf^2.0",bm25_char,"{""b"": 0.75, ""idf_exp"": 2.0, ""k1"": 1.2, ""n"": ""(3,)""}",tune,False,124,0.55705,0.55705,0.58494,0.48387,0.70161,0.85484,2.08004
typo_hard,"bm25_char n=(3,) k1=1.2 b=0.75 idf^3.0",bm25_char,"{""b"": 0.75, ""idf_exp"": 3.0, ""k1"": 1.2, ""n"": ""(3,)""}",tune,False,124,0.40372,0.40372,0.4555,0.28226,0.64516,0.83871,2.14788
typo_hard,"bm25_char n=(3,) k1=1.2 b=1.0 idf^1.0",bm25_char,"{""b"": 1.0, ""idf_exp"": 1.0, ""k1"": 1.2, ""n"": ""(3,)""}",tune,False,124,0.60348,0.60348,0.64659,0.52419,0.79839,0.87097,2.20968
typo_hard,"bm25_char n=(3,) k1=1.2 b=1.0 idf^2.0",bm25_char,"{""b"": 1.0, ""idf_exp"": 2.0, ""k1"": 1.2, ""n"": ""(3,)""}",tune,False,124,0.52984,0.52984,0.56193,0.44355,0.69355,0.84677,2.39462
typo_hard,"bm25_char n=(3,) k1=1.2 b=1.0 idf^3.0",bm25_char,"{""b"": 1.0, ""idf_exp"": 3.0, ""k1"": 1.2, ""n"": ""(3,)""}",tune,False,124,0.37767,0.37767,0.43058,0.25806,0.62903,0.83871,2.52704
typo_hard,"bm25_char n=(3,) k1=2.0 b=0.3 idf^1.0",bm25_char,"{""b"": 0.3, ""idf_exp"": 1.0, ""k1"": 2.0, ""n"": ""(3,)""}",tune,False,124,0.62062,0.62062,0.65351,0.54839,0.77419,0.87097,2.307
typo_hard,"bm25_char n=(3,) k1=2.0 b=0.3 idf^2.0",bm25_char,"{""b"": 0.3, ""idf_exp"": 2.0, ""k1"": 2.0, ""n"": ""(3,)""}",tune,False,124,0.55883,0.55883,0.58939,0.48387,0.70968,0.84677,1.90611
typo_hard,"bm25_char n=(3,) k1=2.0 b=0.3 idf^3.0",bm25_char,"{""b"": 0.3, ""idf_exp"": 3.0, ""k1"": 2.0, ""n"": ""(3,)""}",tune,False,124,0.4205,0.4205,0.46931,0.29839,0.64516,0.82258,2.0693
typo_hard,"bm25_char n=(3,) k1=2.0 b=0.75 idf^1.0",bm25_char,"{""b"": 0.75, ""idf_exp"": 1.0, ""k1"": 2.0, ""n"": ""(3,)""}",tune,False,124,0.60682,0.60682,0.64948,0.52419,0.79839,0.87097,1.89512
typo_hard,"bm25_char n=(3,) k1=2.0 b=0.75 idf^2.0",bm25_char,"{""b"": 0.75, ""idf_exp"": 2.0, ""k1"": 2.0, ""n"": ""(3,)""}",tune,False,124,0.54944,0.54944,0.57637,0.47581,0.69355,0.85484,2.02031
typo_hard,"bm25_char n=(3,) k1=2.0 b=0.75 idf^3.0",bm25_char,"{""b"": 0.75, ""idf_exp"": 3.0, ""k1"": 2.0, ""n"": ""(3,)""}",tune,False,124,0.38861,0.38861,0.43911,0.26613,0.62903,0.83871,2.28654
typo_hard,"bm25_char n=(3,) k1=2.0 b=1.0 idf^1.0",bm25_char,"{""b"": 1.0, ""idf_exp"": 1.0, ""k1"": 2.0, ""n"": ""(3,)""}",tune,False,124,0.593,0.593,0.63373,0.51613,0.78226,0.87097,2.03155
typo_hard,"bm25_char n=(3,) k1=2.0 b=1.0 idf^2.0",bm25_char,"{""b"": 1.0, ""idf_exp"": 2.0, ""k1"": 2.0, ""n"": ""(3,)""}",tune,False,124,0.49172,0.49172,0.53353,0.37903,0.69355,0.84677,1.84708
typo_hard,"bm25_char n=(3,) k1=2.0 b=1.0 idf^3.0",bm25_char,"{""b"": 1.0, ""idf_exp"": 3.0, ""k1"": 2.0, ""n"": ""(3,)""}",tune,False,124,0.37337,0.37337,0.42692,0.25806,0.62903,0.83871,1.7091
typo_hard,"bm25_char n=(4,) k1=0.5 b=0.3 idf^1.0",bm25_char,"{""b"": 0.3, ""idf_exp"": 1.0, ""k1"": 0.5, ""n"": ""(4,)""}",tune,False,124,0.52921,0.52921,0.56327,0.45968,0.68548,0.76613,1.38875
typo_hard,"bm25_char n=(4,) k1=0.5 b=0.3 idf^2.0",bm25_char,"{""b"": 0.3, ""idf_exp"": 2.0, ""k1"": 0.5, ""n"": ""(4,)""}",tune,False,124,0.5218,0.5218,0.55759,0.45161,0.68548,0.75806,1.62054
typo_hard,"bm25_char n=(4,) k1=0.5 b=0.3 idf^3.0",bm25_char,"{""b"": 0.3, ""idf_exp"": 3.0, ""k1"": 0.5, ""n"": ""(4,)""}",tune,False,124,0.49362,0.49362,0.5312,0.41935,0.66935,0.75806,1.62053
typo_hard,"bm25_char n=(4,) k1=0.5 b=0.75 idf^1.0",bm25_char,"{""b"": 0.75, ""idf_exp"": 1.0, ""k1"": 0.5, ""n"": ""(4,)""}",tune,False,124,0.5244,0.5244,0.55946,0.45161,0.68548,0.76613,1.61618
typo_hard,"bm25_char n=(4,) k1=0.5 b=0.75 idf^2.0",bm25_char,"{""b"": 0.75, ""idf_exp"": 2.0, ""k1"": 0.5, ""n"": ""(4,)""}",tune,False,124,0.5183,0.5183,0.55471,0.45161,0.68548,0.75806,1.60896
typo_hard,"bm25_char n=(4,) k1=0.5 b=0.75 idf^3.0",bm25_char,"{""b"": 0.75, ""idf_exp"": 3.0, ""k1"": 0.5, ""n"": ""(4,)""}",tune,False,124,0.48365,0.48365,0.51907,0.40323,0.65323,0.75806,1.48845
typo_hard,"bm25_char n=(4,) k1=0.5 b=1.0 idf^1.0",bm25_char,"{""b"": 1.0, ""idf_exp"": 1.0, ""k1"": 0.5, ""n"": ""(4,)""}",tune,False,124,0.5268,0.5268,0.56102,0.45968,0.68548,0.76613,1.47614
typo_hard,"bm25_char n=(4,) k1=0.5 b=1.0 idf^2.0",bm25_char,"{""b"": 1.0, ""idf_exp"": 2.0, ""k1"": 0.5, ""n"": ""(4,)""}",tune,False,124,0.51422,0.51422,0.55129,0.45161,0.68548,0.75806,1.80112
typo_hard,"bm25_char n=(4,) k1=0.5 b=1.0 idf^3.0",bm25_char,"{""b"": 1.0, ""idf_exp"": 3.0, ""k1"": 0.5, ""n"": ""(4,)""}",tune,False,124,0.47864,0.47864,0.5131,0.39516,0.64516,0.75806,1.90697
typo_hard,"bm25_char n=(4,) k1=1.2 b=0.3 idf^1.0",bm25_char,"{""b"": 0.3, ""idf_exp"": 1.0, ""k1"": 1.2, ""n"": ""(4,)""}",tune,False,124,0.52856,0.52856,0.56267,0.45968,0.68548,0.76613,1.88311
typo_hard,"bm25_char n=(4,) k1=1.2 b=0.3 idf^2.0",bm25_char,"{""b"": 0.3, ""idf_exp"": 2.0, ""k1"": 1.2, ""n"": ""(4,)""}",tune,False,124,0.52183,0.52183,0.55759,0.45161,0.68548,0.75806,2.052
typo_hard,"bm25_char n=(4,) k1=1.2 b=0.3 idf^3.0",bm25_char,"{""b"": 0.3, ""idf_exp"": 3.0, ""k1"": 1.2, ""n"": ""(4,)""}",tune,False,124,0.48865,0.48865,0.52505,0.41129,0.66129,0.75806,2.02733
typo_hard,"bm25_char n=(4,) k1=1.2 b=0.75 idf^1.0",bm25_char,"{""b"": 0.75, ""idf_exp"": 1.0, ""k1"": 1.2, ""n"": ""(4,)""}",tune,False,124,0.52585,0.52585,0.55801,0.45968,0.67742,0.76613,2.0315
typo_hard,"bm25_char n=(4,) k1=1.2 b=0.75 idf^2.0",bm25_char,"{""b"": 0.75, ""idf_exp"": 2.0, ""k1"": 1.2, ""n"": ""(4,)""}",tune,False,124,0.5124,0.5124,0.54965,0.45161,0.68548,0.75806,1.73315
typo_hard,"bm25_char n=(4,) k1=1.2 b=0.75 idf^3.0",bm25_char,"{""b"": 0.75, ""idf_exp"": 3.0, ""k1"": 1.2, ""n"": ""(4,)""}",tune,False,124,0.47309,0.47309,0.50889,0.3871,0.64516,0.75806,1.77974
typo_hard,"bm25_char n=(4,) k1=1.2 b=1.0 idf^1.0",bm25_char,"{""b"": 1.0, ""idf_exp"": 1.0, ""k1"": 1.2, ""n"": ""(4,)""}",tune,False,124,0.52052,0.52052,0.554,0.45161,0.67742,0.76613,1.72341
typo_hard,"bm25_char n=(4,) k1=1.2 b=1.0 idf^2.0",bm25_char,"{""b"": 1.0, ""idf_exp"": 2.0, ""k1"": 1.2, ""n"": ""(4,)""}",tune,False,124,0.5028,0.5028,0.53989,0.43548,0.67742,0.75806,1.7949
typo_hard,"bm25_char n=(4,) k1=1.2 b=1.0 idf^3.0",bm25_char,"{""b"": 1.0, ""idf_exp"": 3.0, ""k1"": 1.2, ""n"": ""(4,)""}",tune,False,124,0.45824,0.45824,0.49744,0.37097,0.64516,0.75806,1.82069
typo_hard,"bm25_char n=(4,) k1=2.0 b=0.3 idf^1.0",bm25_char,"{""b"": 0.3, ""idf_exp"": 1.0, ""k1"": 2.0, ""n"": ""(4,)""}",tune,False,124,0.52864,0.52864,0.56272,0.45968,0.68548,0.76613,1.82976
typo_hard,"bm25_char n=(4,) k1=2.0 b=0.3 idf^2.0",bm25_char,"{""b"": 0.3, ""idf_exp"": 2.0, ""k1"": 2.0, ""n"": ""(4,)""}",tune,False,124,0.52117,0.52117,0.5571,0.45161,0.68548,0.75806,1.94122
typo_hard,"bm25_char n=(4,) k1=2.0 b=0.3 idf^3.0",bm25_char,"{""b"": 0.3, ""idf_exp"": 3.0, ""k1"": 2.0, ""n"": ""(4,)""}",tune,False,124,0.49223,0.49223,0.52769,0.41935,0.66129,0.75806,1.82836
typo_hard,"bm25_char n=(4,) k1=2.0 b=0.75 idf^1.0",bm25_char,"{""b"": 0.75, ""idf_exp"": 1.0, ""k1"": 2.0, ""n"": ""(4,)""}",tune,False,124,0.52599,0.52599,0.55803,0.45968,0.67742,0.76613,1.7597
typo_hard,"bm25_char n=(4,) k1=2.0 b=0.75 idf^2.0",bm25_char,"{""b"": 0.75, ""idf_exp"": 2.0, ""k1"": 2.0, ""n"": ""(4,)""}",tune,False,124,0.507,0.507,0.54301,0.44355,0.67742,0.75806,1.80788
typo_hard,"bm25_char n=(4,) k1=2.0 b=0.75 idf^3.0",bm25_char,"{""b"": 0.75, ""idf_exp"": 3.0, ""k1"": 2.0, ""n"": ""(4,)""}",tune,False,124,0.45986,0.45986,0.49875,0.37097,0.64516,0.75806,1.53282
typo_hard,"bm25_char n=(4,) k1=2.0 b=1.0 idf^1.0",bm25_char,"{""b"": 1.0, ""idf_exp"": 1.0, ""k1"": 2.0, ""n"": ""(4,)""}",tune,False,124,0.50803,0.50803,0.54191,0.43548,0.66935,0.76613,1.72
typo_hard,"bm25_char n=(4,) k1=2.0 b=1.0 idf^2.0",bm25_char,"{""b"": 1.0, ""idf_exp"": 2.0, ""k1"": 2.0, ""n"": ""(4,)""}",tune,False,124,0.4937,0.4937,0.53287,0.41935,0.67742,0.75806,1.50272
typo_hard,"bm25_char n=(4,) k1=2.0 b=1.0 idf^3.0",bm25_char,"{""b"": 1.0, ""idf_exp"": 3.0, ""k1"": 2.0, ""n"": ""(4,)""}",tune,False,124,0.4534,0.4534,0.49331,0.37097,0.64516,0.75806,1.37704
typo_hard,"bm25_char n=(2, 3) k1=0.5 b=0.3 idf^1.0",bm25_char,"{""b"": 0.3, ""idf_exp"": 1.0, ""k1"": 0.5, ""n"": ""(2, 3)""}",tune,False,124,0.68438,0.68438,0.70974,0.62097,0.79839,0.85484,1.54859
typo_hard,"bm25_char n=(2, 3) k1=0.5 b=0.3 idf^2.0",bm25_char,"{""b"": 0.3, ""idf_exp"": 2.0, ""k1"": 0.5, ""n"": ""(2, 3)""}",tune,False,124,0.57696,0.57696,0.61,0.5,0.73387,0.85484,1.39952
typo_hard,"bm25_char n=(2, 3) k1=0.5 b=0.3 idf^3.0",bm25_char,"{""b"": 0.3, ""idf_exp"": 3.0, ""k1"": 0.5, ""n"": ""(2, 3)""}",tune,False,124,0.43052,0.43052,0.47796,0.31452,0.64516,0.79839,1.5469
typo_hard,"bm25_char n=(2, 3) k1=0.5 b=0.75 idf^1.0",bm25_char,"{""b"": 0.75, ""idf_exp"": 1.0, ""k1"": 0.5, ""n"": ""(2, 3)""}",tune,False,124,0.67098,0.67098,0.70143,0.59677,0.80645,0.87903,1.52196
typo_hard,"bm25_char n=(2, 3) k1=0.5 b=0.75 idf^2.0",bm25_char,"{""b"": 0.75, ""idf_exp"": 2.0, ""k1"": 0.5, ""n"": ""(2, 3)""}",tune,False,124,0.58208,0.58208,0.61277,0.51613,0.73387,0.8629,1.5862
typo_hard,"bm25_char n=(2, 3) k1=0.5 b=0.75 idf^3.0",bm25_char,"{""b"": 0.75, ""idf_exp"": 3.0, ""k1"": 0.5, ""n"": ""(2, 3)""}",tune,False,124,0.4145,0.4145,0.46934,0.29032,0.66129,0.81452,1.4864
typo_hard,"bm25_char n=(2, 3) k1=0.5 b=1.0 idf^1.0",bm25_char,"{""b"": 1.0, ""idf_exp"": 1.0, ""k1"": 0.5, ""n"": ""(2, 3)""}",tune,False,124,0.67155,0.67155,0.70326,0.60484,0.81452,0.89516,1.58115
typo_hard,"bm25_char n=(2, 3) k1=0.5 b=1.0 idf^2.0",bm25_char,"{""b"": 1.0, ""idf_exp"": 2.0, ""k1"": 0.5, ""n"": ""(2, 3)""}",tune,False,124,0.56084,0.56084,0.59489,0.47581,0.72581,0.8629,1.5909
typo_hard,"bm25_char n=(2, 3) k1=0.5 b=1.0 idf^3.0",bm25_char,"{""b"": 1.0, ""idf_exp"": 3.0, ""k1"": 0.5, ""n"": ""(2, 3)""}",tune,False,124,0.40818,0.40818,0.46433,0.29032,0.66129,0.80645,1.44083
typo_hard,"bm25_char n=(2, 3) k1=1.2 b=0.3 idf^1.0",bm25_char,"{""b"": 0.3, ""idf_exp"": 1.0, ""k1"": 1.2, ""n"": ""(2, 3)""}",tune,False,124,0.675,0.675,0.70465,0.60484,0.80645,0.87097,1.48161
typo_hard,"bm25_char n=(2, 3) k1=1.2 b=0.3 idf^2.0",bm25_char,"{""b"": 0.3, ""idf_exp"": 2.0, ""k1"": 1.2, ""n"": ""(2, 3)""}",tune,False,124,0.5887,0.5887,0.616,0.52419,0.72581,0.8629,1.42836
typo_hard,"bm25_char n=(2, 3) k1=1.2 b=0.3 idf^3.0",bm25_char,"{""b"": 0.3, ""idf_exp"": 3.0, ""k1"": 1.2, ""n"": ""(2, 3)""}",tune,False,124,0.42686,0.42686,0.47454,0.31452,0.64516,0.80645,1.39242
typo_hard,"bm25_char n=(2, 3) k1=1.2 b=0.75 idf^1.0",bm25_char,"{""b"": 0.75, ""idf_exp"": 1.0, ""k1"": 1.2, ""n"": ""(2, 3)""}",tune,False,124,0.67059,0.67059,0.70007,0.60484,0.80645,0.89516,1.50002
typo_hard,"bm25_char n=(2, 3) k1=1.2 b=0.75 idf^2.0",bm25_char,"{""b"": 0.75, ""idf_exp"": 2.0, ""k1"": 1.2, ""n"": ""(2, 3)""}",tune,False,124,0.5514,0.5514,0.59033,0.45968,0.73387,0.8629,1.5186
typo_hard,"bm25_char n=(2, 3) k1=1.2 b=0.75 idf^3.0",bm25_char,"{""b"": 0.75, ""idf_exp"": 3.0, ""k1"": 1.2, ""n"": ""(2, 3)""}",tune,False,124,0.40007,0.40007,0.45552,0.28226,0.65323,0.81452,1.51338
typo_hard,"bm25_char n=(2, 3) k1=1.2 b=1.0 idf^1.0",bm25_char,"{""b"": 1.0, ""idf_exp"": 1.0, ""k1"": 1.2, ""n"": ""(2, 3)""}",tune,False,124,0.65911,0.65911,0.68908,0.59677,0.79839,0.89516,1.57568
typo_hard,"bm25_char n=(2, 3) k1=1.2 b=1.0 idf^2.0",bm25_char,"{""b"": 1.0, ""idf_exp"": 2.0, ""k1"": 1.2, ""n"": ""(2, 3)""}",tune,False,124,0.53521,0.53521,0.57349,0.43548,0.71774,0.8629,1.93977
typo_hard,"bm25_char n=(2, 3) k1=1.2 b=1.0 idf^3.0",bm25_char,"{""b"": 1.0, ""idf_exp"": 3.0, ""k1"": 1.2, ""n"": ""(2, 3)""}",tune,False,124,0.38304,0.38304,0.44203,0.26613,0.65323,0.82258,1.99379
typo_hard,"bm25_char n=(2, 3) k1=2.0 b=0.3 idf^1.0",bm25_char,"{""b"": 0.3, ""idf_exp"": 1.0, ""k1"": 2.0, ""n"": ""(2, 3)""}",tune,False,124,0.67555,0.67555,0.70489,0.60484,0.80645,0.87903,1.6895
typo_hard,"bm25_char n=(2, 3) k1=2.0 b=0.3 idf^2.0",bm25_char,"{""b"": 0.3, ""idf_exp"": 2.0, ""k1"": 2.0, ""n"": ""(2, 3)""}",tune,False,124,0.58123,0.58123,0.61008,0.51613,0.72581,0.8629,1.59429
typo_hard,"bm25_char n=(2, 3) k1=2.0 b=0.3 idf^3.0",bm25_char,"{""b"": 0.3, ""idf_exp"": 3.0, ""k1"": 2.0, ""n"": ""(2, 3)""}",tune,False,124,0.42261,0.42261,0.47336,0.30645,0.65323,0.80645,1.40164
typo_hard,"bm25_char n=(2, 3) k1=2.0 b=0.75 idf^1.0",bm25_char,"{""b"": 0.75, ""idf_exp"": 1.0, ""k1"": 2.0, ""n"": ""(2, 3)""}",tune,False,124,0.66312,0.66312,0.69231,0.59677,0.79839,0.89516,1.56789
typo_hard,"bm25_char n=(2, 3) k1=2.0 b=0.75 idf^2.0",bm25_char,"{""b"": 0.75, ""idf_exp"": 2.0, ""k1"": 2.0, ""n"": ""(2, 3)""}",tune,False,124,0.53901,0.53901,0.57869,0.44355,0.72581,0.8629,1.44012
typo_hard,"bm25_char n=(2, 3) k1=2.0 b=0.75 idf^3.0",bm25_char,"{""b"": 0.75, ""idf_exp"": 3.0, ""k1"": 2.0, ""n"": ""(2, 3)""}",tune,False,124,0.39197,0.39197,0.44905,0.27419,0.65323,0.82258,1.4652
typo_hard,"bm25_char n=(2, 3) k1=2.0 b=1.0 idf^1.0",bm25_char,"{""b"": 1.0, ""idf_exp"": 1.0, ""k1"": 2.0, ""n"": ""(2, 3)""}",tune,False,124,0.64001,0.64001,0.67422,0.57258,0.79839,0.89516,1.36115
typo_hard,"bm25_char n=(2, 3) k1=2.0 b=1.0 idf^2.0",bm25_char,"{""b"": 1.0, ""idf_exp"": 2.0, ""k1"": 2.0, ""n"": ""(2, 3)""}",tune,False,124,0.50534,0.50534,0.54812,0.39516,0.70968,0.8629,1.40795
typo_hard,"bm25_char n=(2, 3) k1=2.0 b=1.0 idf^3.0",bm25_char,"{""b"": 1.0, ""idf_exp"": 3.0, ""k1"": 2.0, ""n"": ""(2, 3)""}",tune,False,124,0.36916,0.36916,0.42423,0.25,0.62903,0.82258,1.48
typo_hard,"bm25_char n=(2, 4) k1=0.5 b=0.3 idf^1.0",bm25_char,"{""b"": 0.3, ""idf_exp"": 1.0, ""k1"": 0.5, ""n"": ""(2, 4)""}",tune,False,124,0.63441,0.63441,0.66733,0.56452,0.79032,0.91129,1.39787
typo_hard,"bm25_char n=(2, 4) k1=0.5 b=0.3 idf^2.0",bm25_char,"{""b"": 0.3, ""idf_exp"": 2.0, ""k1"": 0.5, ""n"": ""(2, 4)""}",tune,False,124,0.58264,0.58264,0.61045,0.50806,0.71774,0.84677,1.32541
typo_hard,"bm25_char n=(2, 4) k1=0.5 b=0.3 idf^3.0",bm25_char,"{""b"": 0.3, ""idf_exp"": 3.0, ""k1"": 0.5, ""n"": ""(2, 4)""}",tune,False,124,0.52938,0.52938,0.56406,0.44355,0.69355,0.81452,1.26412
typo_hard,"bm25_char n=(2, 4) k1=0.5 b=0.75 idf^1.0",bm25_char,"{""b"": 0.75, ""idf_exp"": 1.0, ""k1"": 0.5, ""n"": ""(2, 4)""}",tune,False,124,0.63676,0.63676,0.66422,0.56452,0.77419,0.91129,1.28764
typo_hard,"bm25_char n=(2, 4) k1=0.5 b=0.75 idf^2.0",bm25_char,"{""b"": 0.75, ""idf_exp"": 2.0, ""k1"": 0.5, ""n"": ""(2, 4)""}",tune,False,124,0.5849,0.5849,0.61382,0.50806,0.72581,0.8629,1.31771
typo_hard,"bm25_char n=(2, 4) k1=0.5 b=0.75 idf^3.0",bm25_char,"{""b"": 0.75, ""idf_exp"": 3.0, ""k1"": 0.5, ""n"": ""(2, 4)""}",tune,False,124,0.50903,0.50903,0.54566,0.42742,0.68548,0.82258,1.37228
typo_hard,"bm25_char n=(2, 4) k1=0.5 b=1.0 idf^1.0",bm25_char,"{""b"": 1.0, ""idf_exp"": 1.0, ""k1"": 0.5, ""n"": ""(2, 4)""}",tune,False,124,0.64251,0.64251,0.673,0.57258,0.79032,0.91935,1.40455
typo_hard,"bm25_char n=(2, 4) k1=0.5 b=1.0 idf^2.0",bm25_char,"{""b"": 1.0, ""idf_exp"": 2.0, ""k1"": 0.5, ""n"": ""(2, 4)""}",tune,False,124,0.57341,0.57341,0.60477,0.5,0.72581,0.8629,1.5173
typo_hard,"bm25_char n=(2, 4) k1=0.5 b=1.0 idf^3.0",bm25_char,"{""b"": 1.0, ""idf_exp"": 3.0, ""k1"": 0.5, ""n"": ""(2, 4)""}",tune,False,124,0.50144,0.50144,0.53993,0.41935,0.68548,0.82258,1.42048
typo_hard,"bm25_char n=(2, 4) k1=1.2 b=0.3 idf^1.0",bm25_char,"{""b"": 0.3, ""idf_exp"": 1.0, ""k1"": 1.2, ""n"": ""(2, 4)""}",tune,False,124,0.64419,0.64419,0.67469,0.58065,0.79032,0.90323,1.39238
typo_hard,"bm25_char n=(2, 4) k1=1.2 b=0.3 idf^2.0",bm25_char,"{""b"": 0.3, ""idf_exp"": 2.0, ""k1"": 1.2, ""n"": ""(2, 4)""}",tune,False,124,0.57883,0.57883,0.60964,0.5,0.72581,0.8629,1.30042
typo_hard,"bm25_char n=(2, 4) k1=1.2 b=0.3 idf^3.0",bm25_char,"{""b"": 0.3, ""idf_exp"": 3.0, ""k1"": 1.2, ""n"": ""(2, 4)""}",tune,False,124,0.5272,0.5272,0.56426,0.45161,0.70161,0.81452,1.28089
typo_hard,"bm25_char n=(2, 4) k1=1.2 b=0.75 idf^1.0",bm25_char,"{""b"": 0.75, ""idf_exp"": 1.0, ""k1"": 1.2, ""n"": ""(2, 4)""}",tune,False,124,0.63951,0.63951,0.67324,0.56452,0.79839,0.91935,1.30076
typo_hard,"bm25_char n=(2, 4) k1=1.2 b=0.75 idf^2.0",bm25_char,"{""b"": 0.75, ""idf_exp"": 2.0, ""k1"": 1.2, ""n"": ""(2, 4)""}",tune,False,124,0.57008,0.57008,0.60415,0.5,0.73387,0.8629,1.38956
typo_hard,"bm25_char n=(2, 4) k1=1.2 b=0.75 idf^3.0",bm25_char,"{""b"": 0.75, ""idf_exp"": 3.0, ""k1"": 1.2, ""n"": ""(2, 4)""}",tune,False,124,0.49634,0.49634,0.53626,0.41129,0.68548,0.82258,1.29613
typo_hard,"bm25_char n=(2, 4) k1=1.2 b=1.0 idf^1.0",bm25_char,"{""b"": 1.0, ""idf_exp"": 1.0, ""k1"": 1.2, ""n"": ""(2, 4)""}",tune,False,124,0.61013,0.61013,0.64845,0.52419,0.79032,0.91935,1.29735
typo_hard,"bm25_char n=(2, 4) k1=1.2 b=1.0 idf^2.0",bm25_char,"{""b"": 1.0, ""idf_exp"": 2.0, ""k1"": 1.2, ""n"": ""(2, 4)""}",tune,False,124,0.55408,0.55408,0.59359,0.48387,0.74194,0.87903,1.23002
typo_hard,"bm25_char n=(2, 4) k1=1.2 b=1.0 idf^3.0",bm25_char,"{""b"": 1.0, ""idf_exp"": 3.0, ""k1"": 1.2, ""n"": ""(2, 4)""}",tune,False,124,0.4608,0.4608,0.5095,0.35484,0.68548,0.81452,1.30637
typo_hard,"bm25_char n=(2, 4) k1=2.0 b=0.3 idf^1.0",bm25_char,"{""b"": 0.3, ""idf_exp"": 1.0, ""k1"": 2.0, ""n"": ""(2, 4)""}",tune,False,124,0.63951,0.63951,0.66876,0.57258,0.78226,0.90323,1.42366
typo_hard,"bm25_char n=(2, 4) k1=2.0 b=0.3 idf^2.0",bm25_char,"{""b"": 0.3, ""idf_exp"": 2.0, ""k1"": 2.0, ""n"": ""(2, 4)""}",tune,False,124,0.58278,0.58278,0.61247,0.50806,0.72581,0.8629,1.30294
typo_hard,"bm25_char n=(2, 4) k1=2.0 b=0.3 idf^3.0",bm25_char,"{""b"": 0.3, ""idf_exp"": 3.0, ""k1"": 2.0, ""n"": ""(2, 4)""}",tune,False,124,0.51946,0.51946,0.55825,0.44355,0.70161,0.82258,1.32965
typo_hard,"bm25_char n=(2, 4) k1=2.0 b=0.75 idf^1.0",bm25_char,"{""b"": 0.75, ""idf_exp"": 1.0, ""k1"": 2.0, ""n"": ""(2, 4)""}",tune,False,124,0.61762,0.61762,0.65669,0.53226,0.79839,0.91935,1.32605
typo_hard,"bm25_char n=(2, 4) k1=2.0 b=0.75 idf^2.0",bm25_char,"{""b"": 0.75, ""idf_exp"": 2.0, ""k1"": 2.0, ""n"": ""(2, 4)""}",tune,False,124,0.55924,0.55924,0.59533,0.49194,0.73387,0.87097,1.25071
typo_hard,"bm25_char n=(2, 4) k1=2.0 b=0.75 idf^3.0",bm25_char,"{""b"": 0.75, ""idf_exp"": 3.0, ""k1"": 2.0, ""n"": ""(2, 4)""}",tune,False,124,0.468,0.468,0.51512,0.3629,0.68548,0.82258,1.3753
typo_hard,"bm25_char n=(2, 4) k1=2.0 b=1.0 idf^1.0",bm25_char,"{""b"": 1.0, ""idf_exp"": 1.0, ""k1"": 2.0, ""n"": ""(2, 4)""}",tune,False,124,0.58304,0.58304,0.62818,0.47581,0.79032,0.91935,1.32781
typo_hard,"bm25_char n=(2, 4) k1=2.0 b=1.0 idf^2.0",bm25_char,"{""b"": 1.0, ""idf_exp"": 2.0, ""k1"": 2.0, ""n"": ""(2, 4)""}",tune,False,124,0.53824,0.53824,0.57957,0.45968,0.73387,0.8629,1.34156
typo_hard,"bm25_char n=(2, 4) k1=2.0 b=1.0 idf^3.0",bm25_char,"{""b"": 1.0, ""idf_exp"": 3.0, ""k1"": 2.0, ""n"": ""(2, 4)""}",tune,False,124,0.45698,0.45698,0.50647,0.35484,0.68548,0.81452,1.35526
typo_hard,"bm25_char n=(3, 4) k1=0.5 b=0.3 idf^1.0",bm25_char,"{""b"": 0.3, ""idf_exp"": 1.0, ""k1"": 0.5, ""n"": ""(3, 4)""}",tune,False,124,0.59341,0.59341,0.62635,0.52419,0.75,0.8629,1.63714
typo_hard,"bm25_char n=(3, 4) k1=0.5 b=0.3 idf^2.0",bm25_char,"{""b"": 0.3, ""idf_exp"": 2.0, ""k1"": 0.5, ""n"": ""(3, 4)""}",tune,False,124,0.58407,0.58407,0.61559,0.51613,0.73387,0.83871,1.66939
typo_hard,"bm25_char n=(3, 4) k1=0.5 b=0.3 idf^3.0",bm25_char,"{""b"": 0.3, ""idf_exp"": 3.0, ""k1"": 0.5, ""n"": ""(3, 4)""}",tune,False,124,0.53235,0.53235,0.57079,0.45161,0.70968,0.83065,1.63812
typo_hard,"bm25_char n=(3, 4) k1=0.5 b=0.75 idf^1.0",bm25_char,"{""b"": 0.75, ""idf_exp"": 1.0, ""k1"": 0.5, ""n"": ""(3, 4)""}",tune,False,124,0.59594,0.59594,0.62764,0.53226,0.75,0.8629,1.70005
typo_hard,"bm25_char n=(3, 4) k1=0.5 b=0.75 idf^2.0",bm25_char,"{""b"": 0.75, ""idf_exp"": 2.0, ""k1"": 0.5, ""n"": ""(3, 4)""}",tune,False,124,0.56573,0.56573,0.60088,0.49194,0.73387,0.8629,1.76993
typo_hard,"bm25_char n=(3, 4) k1=0.5 b=0.75 idf^3.0",bm25_char,"{""b"": 0.75, ""idf_exp"": 3.0, ""k1"": 0.5, ""n"": ""(3, 4)""}",tune,False,124,0.51797,0.51797,0.55456,0.43548,0.69355,0.83871,2.35714
typo_hard,"bm25_char n=(3, 4) k1=0.5 b=1.0 idf^1.0",bm25_char,"{""b"": 1.0, ""idf_exp"": 1.0, ""k1"": 0.5, ""n"": ""(3, 4)""}",tune,False,124,0.58761,0.58761,0.62137,0.51613,0.75,0.8629,2.0344
typo_hard,"bm25_char n=(3, 4) k1=0.5 b=1.0 idf^2.0",bm25_char,"{""b"": 1.0, ""idf_exp"": 2.0, ""k1"": 0.5, ""n"": ""(3, 4)""}",tune,False,124,0.56135,0.56135,0.59958,0.48387,0.74194,0.8629,1.68638
typo_hard,"bm25_char n=(3, 4) k1=0.5 b=1.0 idf^3.0",bm25_char,"{""b"": 1.0, ""idf_exp"": 3.0, ""k1"": 0.5, ""n"": ""(3, 4)""}",tune,False,124,0.50307,0.50307,0.54101,0.41129,0.68548,0.83871,1.74447
typo_hard,"bm25_char n=(3, 4) k1=1.2 b=0.3 idf^1.0",bm25_char,"{""b"": 0.3, ""idf_exp"": 1.0, ""k1"": 1.2, ""n"": ""(3, 4)""}",tune,False,124,0.59609,0.59609,0.62792,0.53226,0.75,0.8629,1.62772
typo_hard,"bm25_char n=(3, 4) k1=1.2 b=0.3 idf^2.0",bm25_char,"{""b"": 0.3, ""idf_exp"": 2.0, ""k1"": 1.2, ""n"": ""(3, 4)""}",tune,False,124,0.57084,0.57084,0.60535,0.5,0.73387,0.84677,1.53968
typo_hard,"bm25_char n=(3, 4) k1=1.2 b=0.3 idf^3.0",bm25_char,"{""b"": 0.3, ""idf_exp"": 3.0, ""k1"": 1.2, ""n"": ""(3, 4)""}",tune,False,124,0.53339,0.53339,0.56647,0.45968,0.69355,0.83065,1.58621
typo_hard,"bm25_char n=(3, 4) k1=1.2 b=0.75 idf^1.0",bm25_char,"{""b"": 0.75, ""idf_exp"": 1.0, ""k1"": 1.2, ""n"": ""(3, 4)""}",tune,False,124,0.58611,0.58611,0.6223,0.51613,0.75806,0.8629,1.51276
typo_hard,"bm25_char n=(3, 4) k1=1.2 b=0.75 idf^2.0",bm25_char,"{""b"": 0.75, ""idf_exp"": 2.0, ""k1"": 1.2, ""n"": ""(3, 4)""}",tune,False,124,0.55775,0.55775,0.59674,0.48387,0.74194,0.8629,1.53842
typo_hard,"bm25_char n=(3, 4) k1=1.2 b=0.75 idf^3.0",bm25_char,"{""b"": 0.75, ""idf_exp"": 3.0, ""k1"": 1.2, ""n"": ""(3, 4)""}",tune,False,124,0.48966,0.48966,0.53063,0.39516,0.68548,0.83871,1.51239
typo_hard,"bm25_char n=(3, 4) k1=1.2 b=1.0 idf^1.0",bm25_char,"{""b"": 1.0, ""idf_exp"": 1.0, ""k1"": 1.2, ""n"": ""(3, 4)""}",tune,False,124,0.56719,0.56719,0.6077,0.49194,0.75806,0.8629,1.44907
typo_hard,"bm25_char n=(3, 4) k1=1.2 b=1.0 idf^2.0",bm25_char,"{""b"": 1.0, ""idf_exp"": 2.0, ""k1"": 1.2, ""n"": ""(3, 4)""}",tune,False,124,0.54217,0.54217,0.58499,0.45968,0.74194,0.8629,1.35872
typo_hard,"bm25_char n=(3, 4) k1=1.2 b=1.0 idf^3.0",bm25_char,"{""b"": 1.0, ""idf_exp"": 3.0, ""k1"": 1.2, ""n"": ""(3, 4)""}",tune,False,124,0.47632,0.47632,0.51812,0.37903,0.67742,0.83871,1.32158
typo_hard,"bm25_char n=(3, 4) k1=2.0 b=0.3 idf^1.0",bm25_char,"{""b"": 0.3, ""idf_exp"": 1.0, ""k1"": 2.0, ""n"": ""(3, 4)""}",tune,False,124,0.59719,0.59719,0.62888,0.53226,0.75,0.8629,1.48679
typo_hard,"bm25_char n=(3, 4) k1=2.0 b=0.3 idf^2.0",bm25_char,"{""b"": 0.3, ""idf_exp"": 2.0, ""k1"": 2.0, ""n"": ""(3, 4)""}",tune,False,124,0.56709,0.56709,0.60237,0.49194,0.73387,0.85484,1.44781
typo_hard,"bm25_char n=(3, 4) k1=2.0 b=0.3 idf^3.0",bm25_char,"{""b"": 0.3, ""idf_exp"": 3.0, ""k1"": 2.0, ""n"": ""(3, 4)""}",tune,False,124,0.52456,0.52456,0.55973,0.44355,0.69355,0.83871,1.46918
typo_hard,"bm25_char n=(3, 4) k1=2.0 b=0.75 idf^1.0",bm25_char,"{""b"": 0.75, ""idf_exp"": 1.0, ""k1"": 2.0, ""n"": ""(3, 4)""}",tune,False,124,0.57269,0.57269,0.61214,0.49194,0.75806,0.8629,1.42277
typo_hard,"bm25_char n=(3, 4) k1=2.0 b=0.75 idf^2.0",bm25_char,"{""b"": 0.75, ""idf_exp"": 2.0, ""k1"": 2.0, ""n"": ""(3, 4)""}",tune,False,124,0.55003,0.55003,0.59088,0.47581,0.74194,0.8629,1.50532
typo_hard,"bm25_char n=(3, 4) k1=2.0 b=0.75 idf^3.0",bm25_char,"{""b"": 0.75, ""idf_exp"": 3.0, ""k1"": 2.0, ""n"": ""(3, 4)""}",tune,False,124,0.47781,0.47781,0.5193,0.37903,0.67742,0.83871,1.49697
typo_hard,"bm25_char n=(3, 4) k1=2.0 b=1.0 idf^1.0",bm25_char,"{""b"": 1.0, ""idf_exp"": 1.0, ""k1"": 2.0, ""n"": ""(3, 4)""}",tune,False,124,0.55725,0.55725,0.59986,0.48387,0.75806,0.87097,1.52959
typo_hard,"bm25_char n=(3, 4) k1=2.0 b=1.0 idf^2.0",bm25_char,"{""b"": 1.0, ""idf_exp"": 2.0, ""k1"": 2.0, ""n"": ""(3, 4)""}",tune,False,124,0.52928,0.52928,0.57261,0.44355,0.73387,0.8629,1.46655
typo_hard,"bm25_char n=(3, 4) k1=2.0 b=1.0 idf^3.0",bm25_char,"{""b"": 1.0, ""idf_exp"": 3.0, ""k1"": 2.0, ""n"": ""(3, 4)""}",tune,False,124,0.47158,0.47158,0.51409,0.37903,0.67742,0.84677,1.47654
typo_hard,"bm25_char n=(2, 3) k1=0.5 b=0.3 idf^1.0",bm25_char,"{""b"": 0.3, ""idf_exp"": 1.0, ""k1"": 0.5, ""n"": ""(2, 3)""}",test,True,124,0.72151,0.72151,0.74984,0.64516,0.84677,0.89516,1.17484
typo_hard,"tfidf_char n=(2,)",tfidf_char,"{""n"": ""(2,)""}",tune,False,124,0.55395,0.55395,0.58977,0.46774,0.71774,0.81452,1.03012
typo_hard,"tfidf_char n=(3,)",tfidf_char,"{""n"": ""(3,)""}",tune,False,124,0.56149,0.56149,0.59717,0.48387,0.73387,0.84677,1.42023
typo_hard,"tfidf_char n=(4,)",tfidf_char,"{""n"": ""(4,)""}",tune,False,124,0.513,0.513,0.55325,0.44355,0.69355,0.75806,1.32206
typo_hard,"tfidf_char n=(2, 3)",tfidf_char,"{""n"": ""(2, 3)""}",tune,False,124,0.60004,0.60004,0.6303,0.53226,0.75,0.87097,1.13487
typo_hard,"tfidf_char n=(2, 4)",tfidf_char,"{""n"": ""(2, 4)""}",tune,False,124,0.57193,0.57193,0.61044,0.5,0.75,0.8629,1.1345
typo_hard,"tfidf_char n=(3, 4)",tfidf_char,"{""n"": ""(3, 4)""}",tune,False,124,0.55686,0.55686,0.59682,0.47581,0.74194,0.83871,1.57399
typo_hard,"tfidf_char n=(2, 3)",tfidf_char,"{""n"": ""(2, 3)""}",test,True,124,0.61371,0.61371,0.65246,0.5,0.79032,0.90323,1.17211
typo_hard,bm25_word k1=0.5 b=0.3,bm25_word,"{""b"": 0.3, ""idf_exp"": 1.0, ""k1"": 0.5}",tune,False,124,0.0,0.0,0.0,0.0,0.0,0.0,0.14823
typo_hard,bm25_word k1=0.5 b=0.75,bm25_word,"{""b"": 0.75, ""idf_exp"": 1.0, ""k1"": 0.5}",tune,False,124,0.0,0.0,0.0,0.0,0.0,0.0,0.15997
typo_hard,bm25_word k1=0.5 b=1.0,bm25_word,"{""b"": 1.0, ""idf_exp"": 1.0, ""k1"": 0.5}",tune,False,124,0.0,0.0,0.0,0.0,0.0,0.0,0.14795
typo_hard,bm25_word k1=1.2 b=0.3,bm25_word,"{""b"": 0.3, ""idf_exp"": 1.0, ""k1"": 1.2}",tune,False,124,0.0,0.0,0.0,0.0,0.0,0.0,0.15291
typo_hard,bm25_word k1=1.2 b=0.75,bm25_word,"{""b"": 0.75, ""idf_exp"": 1.0, ""k1"": 1.2}",tune,False,124,0.0,0.0,0.0,0.0,0.0,0.0,0.14148
typo_hard,bm25_word k1=1.2 b=1.0,bm25_word,"{""b"": 1.0, ""idf_exp"": 1.0, ""k1"": 1.2}",tune,False,124,0.0,0.0,0.0,0.0,0.0,0.0,0.13383
typo_hard,bm25_word k1=2.0 b=0.3,bm25_word,"{""b"": 0.3, ""idf_exp"": 1.0, ""k1"": 2.0}",tune,False,124,0.0,0.0,0.0,0.0,0.0,0.0,0.12124
typo_hard,bm25_word k1=2.0 b=0.75,bm25_word,"{""b"": 0.75, ""idf_exp"": 1.0, ""k1"": 2.0}",tune,False,124,0.0,0.0,0.0,0.0,0.0,0.0,0.15695
typo_hard,bm25_word k1=2.0 b=1.0,bm25_word,"{""b"": 1.0, ""idf_exp"": 1.0, ""k1"": 2.0}",tune,False,124,0.0,0.0,0.0,0.0,0.0,0.0,0.15655
typo_hard,bm25_word k1=0.5 b=0.3,bm25_word,"{""b"": 0.3, ""idf_exp"": 1.0, ""k1"": 0.5}",test,True,124,0.0,0.0,0.0,0.0,0.0,0.0,0.1479
typo_hard,damerau_levenshtein,damerau_levenshtein,"{""band"": 3}",tune,False,124,0.79454,0.79454,0.81384,0.74194,0.8871,0.97581,1353.24615
typo_hard,damerau_levenshtein,damerau_levenshtein,"{""band"": 3}",test,True,124,0.80487,0.80487,0.83103,0.74194,0.91935,0.96774,1159.48079
typo_hard,bm25_char top-50 reranked by v7,bm25_char>v7,"{""depth"": 50}",test,True,124,0.8244,0.8244,0.84228,0.77419,0.89516,0.89516,7.19482
typo_hard,v7 top-50 reranked by bm25_char,v7>bm25_char,"{""depth"": 50}",test,True,124,0.74457,0.74457,0.7737,0.66129,0.87903,1.0,6.51986
typo_hard,rrf of v7 and bm25_char,"rrf(v7,bm25_char)","{""depth"": 50, ""k"": 60}",test,True,124,0.80318,0.80318,0.82379,0.75,0.90323,0.99194,8.57254
typo_hard,tfidf_char top-50 reranked by v7,tfidf_char>v7,"{""depth"": 50}",test,True,124,0.83045,0.83045,0.84873,0.78226,0.90323,0.90323,6.38272
typo_hard,rrf of v7 and tfidf_char,"rrf(v7,tfidf_char)","{""depth"": 50, ""k"": 60}",test,True,124,0.78342,0.78342,0.81079,0.71774,0.91129,0.99194,6.4741
typo_hard,bm25_char + v7 at lam=0.1,"mix(bm25_char,v7)","{""lam"": 0.1}",tune,False,124,0.70168,0.70168,0.72834,0.64516,0.82258,0.89516,10.7702
typo_hard,bm25_char + v7 at lam=0.25,"mix(bm25_char,v7)","{""lam"": 0.25}",tune,False,124,0.73029,0.73029,0.75528,0.66935,0.84677,0.91129,10.62019
typo_hard,bm25_char + v7 at lam=0.5,"mix(bm25_char,v7)","{""lam"": 0.5}",tune,False,124,0.76278,0.76278,0.79374,0.68548,0.89516,0.94355,13.07451
typo_hard,bm25_char + v7 at lam=0.75,"mix(bm25_char,v7)","{""lam"": 0.75}",tune,False,124,0.82797,0.82797,0.85092,0.77419,0.92742,0.95968,10.92035
typo_hard,bm25_char + v7 at lam=0.9,"mix(bm25_char,v7)","{""lam"": 0.9}",tune,False,124,0.83776,0.83776,0.86292,0.77419,0.94355,0.97581,12.66305
typo_hard,bm25_char + v7 at lam=0.9,"mix(bm25_char,v7)","{""lam"": 0.9}",test,True,124,0.85227,0.85227,0.87321,0.79032,0.94355,0.99194,12.61545
typo_hard,tfidf_char + v7 at lam=0.1,"mix(tfidf_char,v7)","{""lam"": 0.1}",tune,False,124,0.62976,0.62976,0.66222,0.56452,0.78226,0.87903,10.95604
typo_hard,tfidf_char + v7 at lam=0.25,"mix(tfidf_char,v7)","{""lam"": 0.25}",tune,False,124,0.6684,0.6684,0.69533,0.60484,0.79839,0.90323,10.62847
typo_hard,tfidf_char + v7 at lam=0.5,"mix(tfidf_char,v7)","{""lam"": 0.5}",tune,False,124,0.7269,0.7269,0.7661,0.62903,0.89516,0.94355,10.10871
typo_hard,tfidf_char + v7 at lam=0.75,"mix(tfidf_char,v7)","{""lam"": 0.75}",tune,False,124,0.82025,0.82025,0.84536,0.75806,0.92742,0.95968,10.95163
typo_hard,tfidf_char + v7 at lam=0.9,"mix(tfidf_char,v7)","{""lam"": 0.9}",tune,False,124,0.83796,0.83796,0.86299,0.77419,0.94355,0.97581,10.55048
typo_hard,tfidf_char + v7 at lam=0.9,"mix(tfidf_char,v7)","{""lam"": 0.9}",test,True,124,0.85249,0.85249,0.87331,0.79032,0.94355,0.99194,13.05067
