task,system,family,config,split,selected,n_queries,map,mrr,ndcg@10,hit@1,recall@10,recall@50,ms_per_query
typo_brutal,"v7 n=(1, 2) idf=0.0 dim=1.0 norm=False/dice pw=0.0",v7,"{""denominator"": ""dice"", ""dim"": 1.0, ""idf"": 0.0, ""n"": ""(1, 2)"", ""normalize"": false, ""position_weight"": 0.0}",tune,False,125,0.13581,0.13581,0.16893,0.064,0.296,0.464,2.6878
typo_brutal,"v7 n=(1, 2) idf=0.0 dim=1.0 norm=False/dice pw=0.5",v7,"{""denominator"": ""dice"", ""dim"": 1.0, ""idf"": 0.0, ""n"": ""(1, 2)"", ""normalize"": false, ""position_weight"": 0.5}",tune,False,125,0.20632,0.20632,0.23424,0.136,0.352,0.56,2.8028
typo_brutal,"v7 n=(1, 2) idf=0.0 dim=1.0 norm=False/dice pw=1.0",v7,"{""denominator"": ""dice"", ""dim"": 1.0, ""idf"": 0.0, ""n"": ""(1, 2)"", ""normalize"": false, ""position_weight"": 1.0}",tune,False,125,0.21792,0.21792,0.2471,0.136,0.368,0.568,2.99006
typo_brutal,"v7 n=(1, 2) idf=0.0 dim=1.0 norm=True/dice pw=0.0",v7,"{""denominator"": ""dice"", ""dim"": 1.0, ""idf"": 0.0, ""n"": ""(1, 2)"", ""normalize"": true, ""position_weight"": 0.0}",tune,False,125,0.29869,0.29869,0.33804,0.2,0.488,0.68,3.47731
typo_brutal,"v7 n=(1, 2) idf=0.0 dim=1.0 norm=True/dice pw=0.5",v7,"{""denominator"": ""dice"", ""dim"": 1.0, ""idf"": 0.0, ""n"": ""(1, 2)"", ""normalize"": true, ""position_weight"": 0.5}",tune,False,125,0.3501,0.3501,0.38547,0.256,0.52,0.696,2.96326
typo_brutal,"v7 n=(1, 2) idf=0.0 dim=1.0 norm=True/dice pw=1.0",v7,"{""denominator"": ""dice"", ""dim"": 1.0, ""idf"": 0.0, ""n"": ""(1, 2)"", ""normalize"": true, ""position_weight"": 1.0}",tune,False,125,0.35716,0.35716,0.3899,0.264,0.52,0.72,2.85136
typo_brutal,"v7 n=(1, 2) idf=0.0 dim=1.0 norm=True/geo pw=0.0",v7,"{""denominator"": ""geo"", ""dim"": 1.0, ""idf"": 0.0, ""n"": ""(1, 2)"", ""normalize"": true, ""position_weight"": 0.0}",tune,False,125,0.27935,0.27935,0.3209,0.192,0.48,0.68,2.7709
typo_brutal,"v7 n=(1, 2) idf=0.0 dim=1.0 norm=True/geo pw=0.5",v7,"{""denominator"": ""geo"", ""dim"": 1.0, ""idf"": 0.0, ""n"": ""(1, 2)"", ""normalize"": true, ""position_weight"": 0.5}",tune,False,125,0.32266,0.32266,0.36521,0.216,0.52,0.68,2.8966
typo_brutal,"v7 n=(1, 2) idf=0.0 dim=1.0 norm=True/geo pw=1.0",v7,"{""denominator"": ""geo"", ""dim"": 1.0, ""idf"": 0.0, ""n"": ""(1, 2)"", ""normalize"": true, ""position_weight"": 1.0}",tune,False,125,0.34812,0.34812,0.3836,0.248,0.52,0.704,2.81165
typo_brutal,"v7 n=(1, 2) idf=0.0 dim=2.0 norm=False/dice pw=0.0",v7,"{""denominator"": ""dice"", ""dim"": 2.0, ""idf"": 0.0, ""n"": ""(1, 2)"", ""normalize"": false, ""position_weight"": 0.0}",tune,False,125,0.09393,0.09393,0.11208,0.048,0.2,0.352,2.69764
typo_brutal,"v7 n=(1, 2) idf=0.0 dim=2.0 norm=False/dice pw=0.5",v7,"{""denominator"": ""dice"", ""dim"": 2.0, ""idf"": 0.0, ""n"": ""(1, 2)"", ""normalize"": false, ""position_weight"": 0.5}",tune,False,125,0.15648,0.15648,0.18632,0.088,0.304,0.464,2.6806
typo_brutal,"v7 n=(1, 2) idf=0.0 dim=2.0 norm=False/dice pw=1.0",v7,"{""denominator"": ""dice"", ""dim"": 2.0, ""idf"": 0.0, ""n"": ""(1, 2)"", ""normalize"": false, ""position_weight"": 1.0}",tune,False,125,0.19908,0.19908,0.2262,0.12,0.336,0.512,2.73255
typo_brutal,"v7 n=(1, 2) idf=0.0 dim=2.0 norm=True/dice pw=0.0",v7,"{""denominator"": ""dice"", ""dim"": 2.0, ""idf"": 0.0, ""n"": ""(1, 2)"", ""normalize"": true, ""position_weight"": 0.0}",tune,False,125,0.27214,0.27214,0.31583,0.184,0.488,0.688,2.92593
typo_brutal,"v7 n=(1, 2) idf=0.0 dim=2.0 norm=True/dice pw=0.5",v7,"{""denominator"": ""dice"", ""dim"": 2.0, ""idf"": 0.0, ""n"": ""(1, 2)"", ""normalize"": true, ""position_weight"": 0.5}",tune,False,125,0.34873,0.34873,0.39294,0.248,0.56,0.736,3.01126
typo_brutal,"v7 n=(1, 2) idf=0.0 dim=2.0 norm=True/dice pw=1.0",v7,"{""denominator"": ""dice"", ""dim"": 2.0, ""idf"": 0.0, ""n"": ""(1, 2)"", ""normalize"": true, ""position_weight"": 1.0}",tune,False,125,0.40899,0.40899,0.45043,0.328,0.608,0.768,2.99691
typo_brutal,"v7 n=(1, 2) idf=0.0 dim=2.0 norm=True/geo pw=0.0",v7,"{""denominator"": ""geo"", ""dim"": 2.0, ""idf"": 0.0, ""n"": ""(1, 2)"", ""normalize"": true, ""position_weight"": 0.0}",tune,False,125,0.26279,0.26279,0.31156,0.176,0.496,0.68,3.19846
typo_brutal,"v7 n=(1, 2) idf=0.0 dim=2.0 norm=True/geo pw=0.5",v7,"{""denominator"": ""geo"", ""dim"": 2.0, ""idf"": 0.0, ""n"": ""(1, 2)"", ""normalize"": true, ""position_weight"": 0.5}",tune,False,125,0.34362,0.34362,0.38935,0.24,0.56,0.744,2.99358
typo_brutal,"v7 n=(1, 2) idf=0.0 dim=2.0 norm=True/geo pw=1.0",v7,"{""denominator"": ""geo"", ""dim"": 2.0, ""idf"": 0.0, ""n"": ""(1, 2)"", ""normalize"": true, ""position_weight"": 1.0}",tune,False,125,0.38735,0.38735,0.43225,0.288,0.6,0.76,3.39967
typo_brutal,"v7 n=(1, 2) idf=1.0 dim=1.0 norm=False/dice pw=0.0",v7,"{""denominator"": ""dice"", ""dim"": 1.0, ""idf"": 1.0, ""n"": ""(1, 2)"", ""normalize"": false, ""position_weight"": 0.0}",tune,False,125,0.13541,0.13541,0.16026,0.08,0.264,0.416,3.13472
typo_brutal,"v7 n=(1, 2) idf=1.0 dim=1.0 norm=False/dice pw=0.5",v7,"{""denominator"": ""dice"", ""dim"": 1.0, ""idf"": 1.0, ""n"": ""(1, 2)"", ""normalize"": false, ""position_weight"": 0.5}",tune,False,125,0.16123,0.16123,0.18514,0.112,0.288,0.424,2.57004
typo_brutal,"v7 n=(1, 2) idf=1.0 dim=1.0 norm=False/dice pw=1.0",v7,"{""denominator"": ""dice"", ""dim"": 1.0, ""idf"": 1.0, ""n"": ""(1, 2)"", ""normalize"": false, ""position_weight"": 1.0}",tune,False,125,0.17557,0.17557,0.20702,0.12,0.328,0.448,2.57043
typo_brutal,"v7 n=(1, 2) idf=1.0 dim=1.0 norm=True/dice pw=0.0",v7,"{""denominator"": ""dice"", ""dim"": 1.0, ""idf"": 1.0, ""n"": ""(1, 2)"", ""normalize"": true, ""position_weight"": 0.0}",tune,False,125,0.2055,0.2055,0.24231,0.12,0.392,0.56,2.90665
typo_brutal,"v7 n=(1, 2) idf=1.0 dim=1.0 norm=True/dice pw=0.5",v7,"{""denominator"": ""dice"", ""dim"": 1.0, ""idf"": 1.0, ""n"": ""(1, 2)"", ""normalize"": true, ""position_weight"": 0.5}",tune,False,125,0.2457,0.2457,0.29221,0.144,0.456,0.56,2.91324
typo_brutal,"v7 n=(1, 2) idf=1.0 dim=1.0 norm=True/dice pw=1.0",v7,"{""denominator"": ""dice"", ""dim"": 1.0, ""idf"": 1.0, ""n"": ""(1, 2)"", ""normalize"": true, ""position_weight"": 1.0}",tune,False,125,0.27686,0.27686,0.31529,0.176,0.456,0.592,3.06171
typo_brutal,"v7 n=(1, 2) idf=1.0 dim=1.0 norm=True/geo pw=0.0",v7,"{""denominator"": ""geo"", ""dim"": 1.0, ""idf"": 1.0, ""n"": ""(1, 2)"", ""normalize"": true, ""position_weight"": 0.0}",tune,False,125,0.21301,0.21301,0.24616,0.136,0.384,0.56,3.48443
typo_brutal,"v7 n=(1, 2) idf=1.0 dim=1.0 norm=True/geo pw=0.5",v7,"{""denominator"": ""geo"", ""dim"": 1.0, ""idf"": 1.0, ""n"": ""(1, 2)"", ""normalize"": true, ""position_weight"": 0.5}",tune,False,125,0.24424,0.24424,0.29062,0.144,0.456,0.576,2.89701
typo_brutal,"v7 n=(1, 2) idf=1.0 dim=1.0 norm=True/geo pw=1.0",v7,"{""denominator"": ""geo"", ""dim"": 1.0, ""idf"": 1.0, ""n"": ""(1, 2)"", ""normalize"": true, ""position_weight"": 1.0}",tune,False,125,0.26382,0.26382,0.30745,0.16,0.464,0.592,3.09207
typo_brutal,"v7 n=(1, 2) idf=1.0 dim=2.0 norm=False/dice pw=0.0",v7,"{""denominator"": ""dice"", ""dim"": 2.0, ""idf"": 1.0, ""n"": ""(1, 2)"", ""normalize"": false, ""position_weight"": 0.0}",tune,False,125,0.12776,0.12776,0.14578,0.072,0.232,0.432,2.52913
typo_brutal,"v7 n=(1, 2) idf=1.0 dim=2.0 norm=False/dice pw=0.5",v7,"{""denominator"": ""dice"", ""dim"": 2.0, ""idf"": 1.0, ""n"": ""(1, 2)"", ""normalize"": false, ""position_weight"": 0.5}",tune,False,125,0.15739,0.15739,0.17349,0.112,0.256,0.44,2.62784
typo_brutal,"v7 n=(1, 2) idf=1.0 dim=2.0 norm=False/dice pw=1.0",v7,"{""denominator"": ""dice"", ""dim"": 2.0, ""idf"": 1.0, ""n"": ""(1, 2)"", ""normalize"": false, ""position_weight"": 1.0}",tune,False,125,0.15784,0.15784,0.18193,0.104,0.288,0.448,2.72643
typo_brutal,"v7 n=(1, 2) idf=1.0 dim=2.0 norm=True/dice pw=0.0",v7,"{""denominator"": ""dice"", ""dim"": 2.0, ""idf"": 1.0, ""n"": ""(1, 2)"", ""normalize"": true, ""position_weight"": 0.0}",tune,False,125,0.15466,0.15466,0.17392,0.088,0.28,0.552,3.03013
typo_brutal,"v7 n=(1, 2) idf=1.0 dim=2.0 norm=True/dice pw=0.5",v7,"{""denominator"": ""dice"", ""dim"": 2.0, ""idf"": 1.0, ""n"": ""(1, 2)"", ""normalize"": true, ""position_weight"": 0.5}",tune,False,125,0.20031,0.20031,0.23284,0.12,0.376,0.576,2.98471
typo_brutal,"v7 n=(1, 2) idf=1.0 dim=2.0 norm=True/dice pw=1.0",v7,"{""denominator"": ""dice"", ""dim"": 2.0, ""idf"": 1.0, ""n"": ""(1, 2)"", ""normalize"": true, ""position_weight"": 1.0}",tune,False,125,0.23644,0.23644,0.28759,0.128,0.472,0.6,3.0555
typo_brutal,"v7 n=(1, 2) idf=1.0 dim=2.0 norm=True/geo pw=0.0",v7,"{""denominator"": ""geo"", ""dim"": 2.0, ""idf"": 1.0, ""n"": ""(1, 2)"", ""normalize"": true, ""position_weight"": 0.0}",tune,False,125,0.16992,0.16992,0.18957,0.104,0.296,0.544,3.07234
typo_brutal,"v7 n=(1, 2) idf=1.0 dim=2.0 norm=True/geo pw=0.5",v7,"{""denominator"": ""geo"", ""dim"": 2.0, ""idf"": 1.0, ""n"": ""(1, 2)"", ""normalize"": true, ""position_weight"": 0.5}",tune,False,125,0.22322,0.22322,0.25973,0.136,0.408,0.576,3.00048
typo_brutal,"v7 n=(1, 2) idf=1.0 dim=2.0 norm=True/geo pw=1.0",v7,"{""denominator"": ""geo"", ""dim"": 2.0, ""idf"": 1.0, ""n"": ""(1, 2)"", ""normalize"": true, ""position_weight"": 1.0}",tune,False,125,0.25535,0.25535,0.29956,0.152,0.464,0.6,2.98198
typo_brutal,"v7 n=(1, 2) idf=2.0 dim=1.0 norm=False/dice pw=0.0",v7,"{""denominator"": ""dice"", ""dim"": 1.0, ""idf"": 2.0, ""n"": ""(1, 2)"", ""normalize"": false, ""position_weight"": 0.0}",tune,False,125,0.04293,0.04293,0.05269,0.016,0.112,0.264,2.5895
typo_brutal,"v7 n=(1, 2) idf=2.0 dim=1.0 norm=False/dice pw=0.5",v7,"{""denominator"": ""dice"", ""dim"": 1.0, ""idf"": 2.0, ""n"": ""(1, 2)"", ""normalize"": false, ""position_weight"": 0.5}",tune,False,125,0.04935,0.04935,0.06338,0.024,0.136,0.28,2.59053
typo_brutal,"v7 n=(1, 2) idf=2.0 dim=1.0 norm=False/dice pw=1.0",v7,"{""denominator"": ""dice"", ""dim"": 1.0, ""idf"": 2.0, ""n"": ""(1, 2)"", ""normalize"": false, ""position_weight"": 1.0}",tune,False,125,0.05603,0.05603,0.07001,0.024,0.144,0.304,2.66604
typo_brutal,"v7 n=(1, 2) idf=2.0 dim=1.0 norm=True/dice pw=0.0",v7,"{""denominator"": ""dice"", ""dim"": 1.0, ""idf"": 2.0, ""n"": ""(1, 2)"", ""normalize"": true, ""position_weight"": 0.0}",tune,False,125,0.08617,0.08617,0.0984,0.056,0.16,0.312,2.97932
typo_brutal,"v7 n=(1, 2) idf=2.0 dim=1.0 norm=True/dice pw=0.5",v7,"{""denominator"": ""dice"", ""dim"": 1.0, ""idf"": 2.0, ""n"": ""(1, 2)"", ""normalize"": true, ""position_weight"": 0.5}",tune,False,125,0.10761,0.10761,0.11738,0.064,0.176,0.36,2.94626
typo_brutal,"v7 n=(1, 2) idf=2.0 dim=1.0 norm=True/dice pw=1.0",v7,"{""denominator"": ""dice"", ""dim"": 1.0, ""idf"": 2.0, ""n"": ""(1, 2)"", ""normalize"": true, ""position_weight"": 1.0}",tune,False,125,0.10688,0.10688,0.12432,0.048,0.208,0.384,3.04194
typo_brutal,"v7 n=(1, 2) idf=2.0 dim=1.0 norm=True/geo pw=0.0",v7,"{""denominator"": ""geo"", ""dim"": 1.0, ""idf"": 2.0, ""n"": ""(1, 2)"", ""normalize"": true, ""position_weight"": 0.0}",tune,False,125,0.08797,0.08797,0.10244,0.056,0.176,0.344,3.59519
typo_brutal,"v7 n=(1, 2) idf=2.0 dim=1.0 norm=True/geo pw=0.5",v7,"{""denominator"": ""geo"", ""dim"": 1.0, ""idf"": 2.0, ""n"": ""(1, 2)"", ""normalize"": true, ""position_weight"": 0.5}",tune,False,125,0.10675,0.10675,0.12355,0.056,0.208,0.384,3.35163
typo_brutal,"v7 n=(1, 2) idf=2.0 dim=1.0 norm=True/geo pw=1.0",v7,"{""denominator"": ""geo"", ""dim"": 1.0, ""idf"": 2.0, ""n"": ""(1, 2)"", ""normalize"": true, ""position_weight"": 1.0}",tune,False,125,0.11238,0.11238,0.14088,0.04,0.256,0.4,3.06132
typo_brutal,"v7 n=(1, 2) idf=2.0 dim=2.0 norm=False/dice pw=0.0",v7,"{""denominator"": ""dice"", ""dim"": 2.0, ""idf"": 2.0, ""n"": ""(1, 2)"", ""normalize"": false, ""position_weight"": 0.0}",tune,False,125,0.04226,0.04226,0.05037,0.016,0.104,0.256,3.4813
typo_brutal,"v7 n=(1, 2) idf=2.0 dim=2.0 norm=False/dice pw=0.5",v7,"{""denominator"": ""dice"", ""dim"": 2.0, ""idf"": 2.0, ""n"": ""(1, 2)"", ""normalize"": false, ""position_weight"": 0.5}",tune,False,125,0.04503,0.04503,0.05877,0.016,0.128,0.264,4.2194
typo_brutal,"v7 n=(1, 2) idf=2.0 dim=2.0 norm=False/dice pw=1.0",v7,"{""denominator"": ""dice"", ""dim"": 2.0, ""idf"": 2.0, ""n"": ""(1, 2)"", ""normalize"": false, ""position_weight"": 1.0}",tune,False,125,0.05316,0.05316,0.06656,0.016,0.136,0.296,5.91903
typo_brutal,"v7 n=(1, 2) idf=2.0 dim=2.0 norm=True/dice pw=0.0",v7,"{""denominator"": ""dice"", ""dim"": 2.0, ""idf"": 2.0, ""n"": ""(1, 2)"", ""normalize"": true, ""position_weight"": 0.0}",tune,False,125,0.06731,0.06731,0.0814,0.04,0.144,0.256,5.91777
typo_brutal,"v7 n=(1, 2) idf=2.0 dim=2.0 norm=True/dice pw=0.5",v7,"{""denominator"": ""dice"", ""dim"": 2.0, ""idf"": 2.0, ""n"": ""(1, 2)"", ""normalize"": true, ""position_weight"": 0.5}",tune,False,125,0.10679,0.10679,0.12102,0.072,0.184,0.304,4.94785
typo_brutal,"v7 n=(1, 2) idf=2.0 dim=2.0 norm=True/dice pw=1.0",v7,"{""denominator"": ""dice"", ""dim"": 2.0, ""idf"": 2.0, ""n"": ""(1, 2)"", ""normalize"": true, ""position_weight"": 1.0}",tune,False,125,0.11238,0.11238,0.12458,0.064,0.184,0.344,4.69811
typo_brutal,"v7 n=(1, 2) idf=2.0 dim=2.0 norm=True/geo pw=0.0",v7,"{""denominator"": ""geo"", ""dim"": 2.0, ""idf"": 2.0, ""n"": ""(1, 2)"", ""normalize"": true, ""position_weight"": 0.0}",tune,False,125,0.07724,0.07724,0.08846,0.048,0.144,0.272,5.42854
typo_brutal,"v7 n=(1, 2) idf=2.0 dim=2.0 norm=True/geo pw=0.5",v7,"{""denominator"": ""geo"", ""dim"": 2.0, ""idf"": 2.0, ""n"": ""(1, 2)"", ""normalize"": true, ""position_weight"": 0.5}",tune,False,125,0.11159,0.11159,0.12417,0.072,0.184,0.32,5.1442
typo_brutal,"v7 n=(1, 2) idf=2.0 dim=2.0 norm=True/geo pw=1.0",v7,"{""denominator"": ""geo"", ""dim"": 2.0, ""idf"": 2.0, ""n"": ""(1, 2)"", ""normalize"": true, ""position_weight"": 1.0}",tune,False,125,0.12072,0.12072,0.13511,0.072,0.2,0.36,5.32016
typo_brutal,"v7 n=(1, 2) idf=3.0 dim=1.0 norm=False/dice pw=0.0",v7,"{""denominator"": ""dice"", ""dim"": 1.0, ""idf"": 3.0, ""n"": ""(1, 2)"", ""normalize"": false, ""position_weight"": 0.0}",tune,False,125,0.02209,0.02209,0.02347,0.008,0.048,0.184,4.02453
typo_brutal,"v7 n=(1, 2) idf=3.0 dim=1.0 norm=False/dice pw=0.5",v7,"{""denominator"": ""dice"", ""dim"": 1.0, ""idf"": 3.0, ""n"": ""(1, 2)"", ""normalize"": false, ""position_weight"": 0.5}",tune,False,125,0.02332,0.02332,0.02578,0.008,0.056,0.192,3.89518
typo_brutal,"v7 n=(1, 2) idf=3.0 dim=1.0 norm=False/dice pw=1.0",v7,"{""denominator"": ""dice"", ""dim"": 1.0, ""idf"": 3.0, ""n"": ""(1, 2)"", ""normalize"": false, ""position_weight"": 1.0}",tune,False,125,0.02321,0.02321,0.02726,0.008,0.064,0.208,4.50587
typo_brutal,"v7 n=(1, 2) idf=3.0 dim=1.0 norm=True/dice pw=0.0",v7,"{""denominator"": ""dice"", ""dim"": 1.0, ""idf"": 3.0, ""n"": ""(1, 2)"", ""normalize"": true, ""position_weight"": 0.0}",tune,False,125,0.03948,0.03948,0.04769,0.016,0.096,0.208,4.93143
typo_brutal,"v7 n=(1, 2) idf=3.0 dim=1.0 norm=True/dice pw=0.5",v7,"{""denominator"": ""dice"", ""dim"": 1.0, ""idf"": 3.0, ""n"": ""(1, 2)"", ""normalize"": true, ""position_weight"": 0.5}",tune,False,125,0.05021,0.05021,0.06649,0.024,0.136,0.224,4.83421
typo_brutal,"v7 n=(1, 2) idf=3.0 dim=1.0 norm=True/dice pw=1.0",v7,"{""denominator"": ""dice"", ""dim"": 1.0, ""idf"": 3.0, ""n"": ""(1, 2)"", ""normalize"": true, ""position_weight"": 1.0}",tune,False,125,0.05415,0.05415,0.06705,0.024,0.128,0.232,4.44133
typo_brutal,"v7 n=(1, 2) idf=3.0 dim=1.0 norm=True/geo pw=0.0",v7,"{""denominator"": ""geo"", ""dim"": 1.0, ""idf"": 3.0, ""n"": ""(1, 2)"", ""normalize"": true, ""position_weight"": 0.0}",tune,False,125,0.04156,0.04156,0.05151,0.016,0.104,0.216,3.64007
typo_brutal,"v7 n=(1, 2) idf=3.0 dim=1.0 norm=True/geo pw=0.5",v7,"{""denominator"": ""geo"", ""dim"": 1.0, ""idf"": 3.0, ""n"": ""(1, 2)"", ""normalize"": true, ""position_weight"": 0.5}",tune,False,125,0.04727,0.04727,0.0658,0.024,0.144,0.248,3.59013
typo_brutal,"v7 n=(1, 2) idf=3.0 dim=1.0 norm=True/geo pw=1.0",v7,"{""denominator"": ""geo"", ""dim"": 1.0, ""idf"": 3.0, ""n"": ""(1, 2)"", ""normalize"": true, ""position_weight"": 1.0}",tune,False,125,0.05214,0.05214,0.06683,0.024,0.136,0.256,4.19233
typo_brutal,"v7 n=(1, 2) idf=3.0 dim=2.0 norm=False/dice pw=0.0",v7,"{""denominator"": ""dice"", ""dim"": 2.0, ""idf"": 3.0, ""n"": ""(1, 2)"", ""normalize"": false, ""position_weight"": 0.0}",tune,False,125,0.0221,0.0221,0.02115,0.008,0.04,0.176,3.93204
typo_brutal,"v7 n=(1, 2) idf=3.0 dim=2.0 norm=False/dice pw=0.5",v7,"{""denominator"": ""dice"", ""dim"": 2.0, ""idf"": 3.0, ""n"": ""(1, 2)"", ""normalize"": false, ""position_weight"": 0.5}",tune,False,125,0.02305,0.02305,0.02368,0.008,0.048,0.184,3.19231
typo_brutal,"v7 n=(1, 2) idf=3.0 dim=2.0 norm=False/dice pw=1.0",v7,"{""denominator"": ""dice"", ""dim"": 2.0, ""idf"": 3.0, ""n"": ""(1, 2)"", ""normalize"": false, ""position_weight"": 1.0}",tune,False,125,0.02309,0.02309,0.02509,0.008,0.056,0.216,3.21815
typo_brutal,"v7 n=(1, 2) idf=3.0 dim=2.0 norm=True/dice pw=0.0",v7,"{""denominator"": ""dice"", ""dim"": 2.0, ""idf"": 3.0, ""n"": ""(1, 2)"", ""normalize"": true, ""position_weight"": 0.0}",tune,False,125,0.04467,0.04467,0.04832,0.024,0.08,0.216,3.2762
typo_brutal,"v7 n=(1, 2) idf=3.0 dim=2.0 norm=True/dice pw=0.5",v7,"{""denominator"": ""dice"", ""dim"": 2.0, ""idf"": 3.0, ""n"": ""(1, 2)"", ""normalize"": true, ""position_weight"": 0.5}",tune,False,125,0.06232,0.06232,0.07595,0.032,0.136,0.224,3.23748
typo_brutal,"v7 n=(1, 2) idf=3.0 dim=2.0 norm=True/dice pw=1.0",v7,"{""denominator"": ""dice"", ""dim"": 2.0, ""idf"": 3.0, ""n"": ""(1, 2)"", ""normalize"": true, ""position_weight"": 1.0}",tune,False,125,0.06045,0.06045,0.07721,0.016,0.144,0.224,3.29464
typo_brutal,"v7 n=(1, 2) idf=3.0 dim=2.0 norm=True/geo pw=0.0",v7,"{""denominator"": ""geo"", ""dim"": 2.0, ""idf"": 3.0, ""n"": ""(1, 2)"", ""normalize"": true, ""position_weight"": 0.0}",tune,False,125,0.05031,0.05031,0.05011,0.032,0.072,0.208,3.15559
typo_brutal,"v7 n=(1, 2) idf=3.0 dim=2.0 norm=True/geo pw=0.5",v7,"{""denominator"": ""geo"", ""dim"": 2.0, ""idf"": 3.0, ""n"": ""(1, 2)"", ""normalize"": true, ""position_weight"": 0.5}",tune,False,125,0.06981,0.06981,0.08592,0.04,0.152,0.232,3.20318
typo_brutal,"v7 n=(1, 2) idf=3.0 dim=2.0 norm=True/geo pw=1.0",v7,"{""denominator"": ""geo"", ""dim"": 2.0, ""idf"": 3.0, ""n"": ""(1, 2)"", ""normalize"": true, ""position_weight"": 1.0}",tune,False,125,0.06309,0.06309,0.07851,0.016,0.144,0.24,3.28647
typo_brutal,"v7 n=(2,) idf=0.0 dim=1.0 norm=False/dice pw=0.0",v7,"{""denominator"": ""dice"", ""dim"": 1.0, ""idf"": 0.0, ""n"": ""(2,)"", ""normalize"": false, ""position_weight"": 0.0}",tune,False,125,0.13235,0.13235,0.14414,0.104,0.208,0.36,1.57054
typo_brutal,"v7 n=(2,) idf=0.0 dim=1.0 norm=False/dice pw=0.5",v7,"{""denominator"": ""dice"", ""dim"": 1.0, ""idf"": 0.0, ""n"": ""(2,)"", ""normalize"": false, ""position_weight"": 0.5}",tune,False,125,0.15624,0.15624,0.19072,0.088,0.32,0.432,1.39237
typo_brutal,"v7 n=(2,) idf=0.0 dim=1.0 norm=False/dice pw=1.0",v7,"{""denominator"": ""dice"", ""dim"": 1.0, ""idf"": 0.0, ""n"": ""(2,)"", ""normalize"": false, ""position_weight"": 1.0}",tune,False,125,0.15708,0.15708,0.19153,0.088,0.32,0.432,1.33414
typo_brutal,"v7 n=(2,) idf=0.0 dim=1.0 norm=True/dice pw=0.0",v7,"{""denominator"": ""dice"", ""dim"": 1.0, ""idf"": 0.0, ""n"": ""(2,)"", ""normalize"": true, ""position_weight"": 0.0}",tune,False,125,0.15273,0.15273,0.17908,0.096,0.288,0.44,1.55511
typo_brutal,"v7 n=(2,) idf=0.0 dim=1.0 norm=True/dice pw=0.5",v7,"{""denominator"": ""dice"", ""dim"": 1.0, ""idf"": 0.0, ""n"": ""(2,)"", ""normalize"": true, ""position_weight"": 0.5}",tune,False,125,0.16393,0.16393,0.19075,0.104,0.304,0.456,1.71917
typo_brutal,"v7 n=(2,) idf=0.0 dim=1.0 norm=True/dice pw=1.0",v7,"{""denominator"": ""dice"", ""dim"": 1.0, ""idf"": 0.0, ""n"": ""(2,)"", ""normalize"": true, ""position_weight"": 1.0}",tune,False,125,0.16721,0.16721,0.20405,0.104,0.344,0.456,1.41395
typo_brutal,"v7 n=(2,) idf=0.0 dim=1.0 norm=True/geo pw=0.0",v7,"{""denominator"": ""geo"", ""dim"": 1.0, ""idf"": 0.0, ""n"": ""(2,)"", ""normalize"": true, ""position_weight"": 0.0}",tune,False,125,0.14344,0.14344,0.16986,0.088,0.28,0.44,1.522
typo_brutal,"v7 n=(2,) idf=0.0 dim=1.0 norm=True/geo pw=0.5",v7,"{""denominator"": ""geo"", ""dim"": 1.0, ""idf"": 0.0, ""n"": ""(2,)"", ""normalize"": true, ""position_weight"": 0.5}",tune,False,125,0.15177,0.15177,0.18216,0.088,0.304,0.432,1.55112
typo_brutal,"v7 n=(2,) idf=0.0 dim=1.0 norm=True/geo pw=1.0",v7,"{""denominator"": ""geo"", ""dim"": 1.0, ""idf"": 0.0, ""n"": ""(2,)"", ""normalize"": true, ""position_weight"": 1.0}",tune,False,125,0.16046,0.16046,0.19233,0.096,0.32,0.448,1.67616
typo_brutal,"v7 n=(2,) idf=1.0 dim=1.0 norm=False/dice pw=0.0",v7,"{""denominator"": ""dice"", ""dim"": 1.0, ""idf"": 1.0, ""n"": ""(2,)"", ""normalize"": false, ""position_weight"": 0.0}",tune,False,125,0.11674,0.11674,0.13142,0.08,0.208,0.408,1.34792
typo_brutal,"v7 n=(2,) idf=1.0 dim=1.0 norm=False/dice pw=0.5",v7,"{""denominator"": ""dice"", ""dim"": 1.0, ""idf"": 1.0, ""n"": ""(2,)"", ""normalize"": false, ""position_weight"": 0.5}",tune,False,125,0.13676,0.13676,0.15459,0.096,0.24,0.44,1.40777
typo_brutal,"v7 n=(2,) idf=1.0 dim=1.0 norm=False/dice pw=1.0",v7,"{""denominator"": ""dice"", ""dim"": 1.0, ""idf"": 1.0, ""n"": ""(2,)"", ""normalize"": false, ""position_weight"": 1.0}",tune,False,125,0.14952,0.14952,0.16764,0.104,0.256,0.456,1.50411
typo_brutal,"v7 n=(2,) idf=1.0 dim=1.0 norm=True/dice pw=0.0",v7,"{""denominator"": ""dice"", ""dim"": 1.0, ""idf"": 1.0, ""n"": ""(2,)"", ""normalize"": true, ""position_weight"": 0.0}",tune,False,125,0.14436,0.14436,0.15508,0.096,0.224,0.424,1.77415
typo_brutal,"v7 n=(2,) idf=1.0 dim=1.0 norm=True/dice pw=0.5",v7,"{""denominator"": ""dice"", ""dim"": 1.0, ""idf"": 1.0, ""n"": ""(2,)"", ""normalize"": true, ""position_weight"": 0.5}",tune,False,125,0.15509,0.15509,0.17579,0.104,0.272,0.432,1.66528
typo_brutal,"v7 n=(2,) idf=1.0 dim=1.0 norm=True/dice pw=1.0",v7,"{""denominator"": ""dice"", ""dim"": 1.0, ""idf"": 1.0, ""n"": ""(2,)"", ""normalize"": true, ""position_weight"": 1.0}",tune,False,125,0.16154,0.16154,0.18679,0.104,0.296,0.456,1.66221
typo_brutal,"v7 n=(2,) idf=1.0 dim=1.0 norm=True/geo pw=0.0",v7,"{""denominator"": ""geo"", ""dim"": 1.0, ""idf"": 1.0, ""n"": ""(2,)"", ""normalize"": true, ""position_weight"": 0.0}",tune,False,125,0.12221,0.12221,0.14355,0.064,0.24,0.408,1.82258
typo_brutal,"v7 n=(2,) idf=1.0 dim=1.0 norm=True/geo pw=0.5",v7,"{""denominator"": ""geo"", ""dim"": 1.0, ""idf"": 1.0, ""n"": ""(2,)"", ""normalize"": true, ""position_weight"": 0.5}",tune,False,125,0.13709,0.13709,0.16032,0.08,0.264,0.424,1.74008
typo_brutal,"v7 n=(2,) idf=1.0 dim=1.0 norm=True/geo pw=1.0",v7,"{""denominator"": ""geo"", ""dim"": 1.0, ""idf"": 1.0, ""n"": ""(2,)"", ""normalize"": true, ""position_weight"": 1.0}",tune,False,125,0.1451,0.1451,0.17241,0.08,0.288,0.44,1.79089
typo_brutal,"v7 n=(2,) idf=2.0 dim=1.0 norm=False/dice pw=0.0",v7,"{""denominator"": ""dice"", ""dim"": 1.0, ""idf"": 2.0, ""n"": ""(2,)"", ""normalize"": false, ""position_weight"": 0.0}",tune,False,125,0.04254,0.04254,0.04864,0.016,0.096,0.248,1.21365
typo_brutal,"v7 n=(2,) idf=2.0 dim=1.0 norm=False/dice pw=0.5",v7,"{""denominator"": ""dice"", ""dim"": 1.0, ""idf"": 2.0, ""n"": ""(2,)"", ""normalize"": false, ""position_weight"": 0.5}",tune,False,125,0.04481,0.04481,0.05204,0.016,0.104,0.256,1.28634
typo_brutal,"v7 n=(2,) idf=2.0 dim=1.0 norm=False/dice pw=1.0",v7,"{""denominator"": ""dice"", ""dim"": 1.0, ""idf"": 2.0, ""n"": ""(2,)"", ""normalize"": false, ""position_weight"": 1.0}",tune,False,125,0.05118,0.05118,0.06514,0.016,0.136,0.288,1.29494
typo_brutal,"v7 n=(2,) idf=2.0 dim=1.0 norm=True/dice pw=0.0",v7,"{""denominator"": ""dice"", ""dim"": 1.0, ""idf"": 2.0, ""n"": ""(2,)"", ""normalize"": true, ""position_weight"": 0.0}",tune,False,125,0.05516,0.05516,0.0666,0.024,0.128,0.272,1.70901
typo_brutal,"v7 n=(2,) idf=2.0 dim=1.0 norm=True/dice pw=0.5",v7,"{""denominator"": ""dice"", ""dim"": 1.0, ""idf"": 2.0, ""n"": ""(2,)"", ""normalize"": true, ""position_weight"": 0.5}",tune,False,125,0.0647,0.0647,0.08258,0.024,0.16,0.296,1.73848
typo_brutal,"v7 n=(2,) idf=2.0 dim=1.0 norm=True/dice pw=1.0",v7,"{""denominator"": ""dice"", ""dim"": 1.0, ""idf"": 2.0, ""n"": ""(2,)"", ""normalize"": true, ""position_weight"": 1.0}",tune,False,125,0.07253,0.07253,0.08802,0.032,0.16,0.32,1.73686
typo_brutal,"v7 n=(2,) idf=2.0 dim=1.0 norm=True/geo pw=0.0",v7,"{""denominator"": ""geo"", ""dim"": 1.0, ""idf"": 2.0, ""n"": ""(2,)"", ""normalize"": true, ""position_weight"": 0.0}",tune,False,125,0.05848,0.05848,0.07402,0.024,0.144,0.272,1.76899
typo_brutal,"v7 n=(2,) idf=2.0 dim=1.0 norm=True/geo pw=0.5",v7,"{""denominator"": ""geo"", ""dim"": 1.0, ""idf"": 2.0, ""n"": ""(2,)"", ""normalize"": true, ""position_weight"": 0.5}",tune,False,125,0.07248,0.07248,0.08385,0.04,0.144,0.296,1.72968
typo_brutal,"v7 n=(2,) idf=2.0 dim=1.0 norm=True/geo pw=1.0",v7,"{""denominator"": ""geo"", ""dim"": 1.0, ""idf"": 2.0, ""n"": ""(2,)"", ""normalize"": true, ""position_weight"": 1.0}",tune,False,125,0.07901,0.07901,0.09272,0.04,0.16,0.32,1.64959
typo_brutal,"v7 n=(2,) idf=3.0 dim=1.0 norm=False/dice pw=0.0",v7,"{""denominator"": ""dice"", ""dim"": 1.0, ""idf"": 3.0, ""n"": ""(2,)"", ""normalize"": false, ""position_weight"": 0.0}",tune,False,125,0.02169,0.02169,0.02347,0.008,0.048,0.16,1.18305
typo_brutal,"v7 n=(2,) idf=3.0 dim=1.0 norm=False/dice pw=0.5",v7,"{""denominator"": ""dice"", ""dim"": 1.0, ""idf"": 3.0, ""n"": ""(2,)"", ""normalize"": false, ""position_weight"": 0.5}",tune,False,125,0.02318,0.02318,0.02368,0.008,0.048,0.192,1.25818
typo_brutal,"v7 n=(2,) idf=3.0 dim=1.0 norm=False/dice pw=1.0",v7,"{""denominator"": ""dice"", ""dim"": 1.0, ""idf"": 3.0, ""n"": ""(2,)"", ""normalize"": false, ""position_weight"": 1.0}",tune,False,125,0.02286,0.02286,0.02509,0.008,0.056,0.208,1.29698
typo_brutal,"v7 n=(2,) idf=3.0 dim=1.0 norm=True/dice pw=0.0",v7,"{""denominator"": ""dice"", ""dim"": 1.0, ""idf"": 3.0, ""n"": ""(2,)"", ""normalize"": true, ""position_weight"": 0.0}",tune,False,125,0.02401,0.02401,0.02613,0.008,0.056,0.2,1.65066
typo_brutal,"v7 n=(2,) idf=3.0 dim=1.0 norm=True/dice pw=0.5",v7,"{""denominator"": ""dice"", ""dim"": 1.0, ""idf"": 3.0, ""n"": ""(2,)"", ""normalize"": true, ""position_weight"": 0.5}",tune,False,125,0.02653,0.02653,0.03151,0.008,0.072,0.24,1.55551
typo_brutal,"v7 n=(2,) idf=3.0 dim=1.0 norm=True/dice pw=1.0",v7,"{""denominator"": ""dice"", ""dim"": 1.0, ""idf"": 3.0, ""n"": ""(2,)"", ""normalize"": true, ""position_weight"": 1.0}",tune,False,125,0.02443,0.02443,0.02716,0.0,0.064,0.248,1.66052
typo_brutal,"v7 n=(2,) idf=3.0 dim=1.0 norm=True/geo pw=0.0",v7,"{""denominator"": ""geo"", ""dim"": 1.0, ""idf"": 3.0, ""n"": ""(2,)"", ""normalize"": true, ""position_weight"": 0.0}",tune,False,125,0.02679,0.02679,0.03483,0.008,0.08,0.216,1.67864
typo_brutal,"v7 n=(2,) idf=3.0 dim=1.0 norm=True/geo pw=0.5",v7,"{""denominator"": ""geo"", ""dim"": 1.0, ""idf"": 3.0, ""n"": ""(2,)"", ""normalize"": true, ""position_weight"": 0.5}",tune,False,125,0.02639,0.02639,0.03404,0.0,0.08,0.216,1.68219
typo_brutal,"v7 n=(2,) idf=3.0 dim=1.0 norm=True/geo pw=1.0",v7,"{""denominator"": ""geo"", ""dim"": 1.0, ""idf"": 3.0, ""n"": ""(2,)"", ""normalize"": true, ""position_weight"": 1.0}",tune,False,125,0.03044,0.03044,0.03662,0.0,0.08,0.224,1.67231
typo_brutal,"v7 n=(2, 3) idf=0.0 dim=1.0 norm=False/dice pw=0.0",v7,"{""denominator"": ""dice"", ""dim"": 1.0, ""idf"": 0.0, ""n"": ""(2, 3)"", ""normalize"": false, ""position_weight"": 0.0}",tune,False,125,0.13041,0.13041,0.14835,0.088,0.224,0.336,1.40464
typo_brutal,"v7 n=(2, 3) idf=0.0 dim=1.0 norm=False/dice pw=0.5",v7,"{""denominator"": ""dice"", ""dim"": 1.0, ""idf"": 0.0, ""n"": ""(2, 3)"", ""normalize"": false, ""position_weight"": 0.5}",tune,False,125,0.14825,0.14825,0.17211,0.088,0.264,0.376,1.48841
typo_brutal,"v7 n=(2, 3) idf=0.0 dim=1.0 norm=False/dice pw=1.0",v7,"{""denominator"": ""dice"", ""dim"": 1.0, ""idf"": 0.0, ""n"": ""(2, 3)"", ""normalize"": false, ""position_weight"": 1.0}",tune,False,125,0.14967,0.14967,0.17315,0.088,0.264,0.376,1.54548
typo_brutal,"v7 n=(2, 3) idf=0.0 dim=1.0 norm=True/dice pw=0.0",v7,"{""denominator"": ""dice"", ""dim"": 1.0, ""idf"": 0.0, ""n"": ""(2, 3)"", ""normalize"": true, ""position_weight"": 0.0}",tune,False,125,0.13832,0.13832,0.16449,0.088,0.264,0.368,1.72598
typo_brutal,"v7 n=(2, 3) idf=0.0 dim=1.0 norm=True/dice pw=0.5",v7,"{""denominator"": ""dice"", ""dim"": 1.0, ""idf"": 0.0, ""n"": ""(2, 3)"", ""normalize"": true, ""position_weight"": 0.5}",tune,False,125,0.14243,0.14243,0.16933,0.088,0.272,0.384,1.98629
typo_brutal,"v7 n=(2, 3) idf=0.0 dim=1.0 norm=True/dice pw=1.0",v7,"{""denominator"": ""dice"", ""dim"": 1.0, ""idf"": 0.0, ""n"": ""(2, 3)"", ""normalize"": true, ""position_weight"": 1.0}",tune,False,125,0.1426,0.1426,0.17374,0.08,0.288,0.392,2.16834
typo_brutal,"v7 n=(2, 3) idf=0.0 dim=1.0 norm=True/geo pw=0.0",v7,"{""denominator"": ""geo"", ""dim"": 1.0, ""idf"": 0.0, ""n"": ""(2, 3)"", ""normalize"": true, ""position_weight"": 0.0}",tune,False,125,0.13108,0.13108,0.15702,0.08,0.256,0.36,1.86861
typo_brutal,"v7 n=(2, 3) idf=0.0 dim=1.0 norm=True/geo pw=0.5",v7,"{""denominator"": ""geo"", ""dim"": 1.0, ""idf"": 0.0, ""n"": ""(2, 3)"", ""normalize"": true, ""position_weight"": 0.5}",tune,False,125,0.13525,0.13525,0.15939,0.08,0.256,0.384,1.87166
typo_brutal,"v7 n=(2, 3) idf=0.0 dim=1.0 norm=True/geo pw=1.0",v7,"{""denominator"": ""geo"", ""dim"": 1.0, ""idf"": 0.0, ""n"": ""(2, 3)"", ""normalize"": true, ""position_weight"": 1.0}",tune,False,125,0.1379,0.1379,0.16324,0.08,0.264,0.392,1.82823
typo_brutal,"v7 n=(2, 3) idf=0.0 dim=2.0 norm=False/dice pw=0.0",v7,"{""denominator"": ""dice"", ""dim"": 2.0, ""idf"": 0.0, ""n"": ""(2, 3)"", ""normalize"": false, ""position_weight"": 0.0}",tune,False,125,0.13656,0.13656,0.15384,0.096,0.232,0.376,1.55974
typo_brutal,"v7 n=(2, 3) idf=0.0 dim=2.0 norm=False/dice pw=0.5",v7,"{""denominator"": ""dice"", ""dim"": 2.0, ""idf"": 0.0, ""n"": ""(2, 3)"", ""normalize"": false, ""position_weight"": 0.5}",tune,False,125,0.14576,0.14576,0.17321,0.08,0.28,0.4,1.62108
typo_brutal,"v7 n=(2, 3) idf=0.0 dim=2.0 norm=False/dice pw=1.0",v7,"{""denominator"": ""dice"", ""dim"": 2.0, ""idf"": 0.0, ""n"": ""(2, 3)"", ""normalize"": false, ""position_weight"": 1.0}",tune,False,125,0.15328,0.15328,0.18492,0.088,0.304,0.408,1.69621
typo_brutal,"v7 n=(2, 3) idf=0.0 dim=2.0 norm=True/dice pw=0.0",v7,"{""denominator"": ""dice"", ""dim"": 2.0, ""idf"": 0.0, ""n"": ""(2, 3)"", ""normalize"": true, ""position_weight"": 0.0}",tune,False,125,0.15508,0.15508,0.17286,0.104,0.256,0.432,2.355
typo_brutal,"v7 n=(2, 3) idf=0.0 dim=2.0 norm=True/dice pw=0.5",v7,"{""denominator"": ""dice"", ""dim"": 2.0, ""idf"": 0.0, ""n"": ""(2, 3)"", ""normalize"": true, ""position_weight"": 0.5}",tune,False,125,0.16021,0.16021,0.18046,0.104,0.272,0.44,2.31034
typo_brutal,"v7 n=(2, 3) idf=0.0 dim=2.0 norm=True/dice pw=1.0",v7,"{""denominator"": ""dice"", ""dim"": 2.0, ""idf"": 0.0, ""n"": ""(2, 3)"", ""normalize"": true, ""position_weight"": 1.0}",tune,False,125,0.15679,0.15679,0.18426,0.088,0.296,0.44,2.14383
typo_brutal,"v7 n=(2, 3) idf=0.0 dim=2.0 norm=True/geo pw=0.0",v7,"{""denominator"": ""geo"", ""dim"": 2.0, ""idf"": 0.0, ""n"": ""(2, 3)"", ""normalize"": true, ""position_weight"": 0.0}",tune,False,125,0.13786,0.13786,0.16034,0.08,0.256,0.416,2.16368
typo_brutal,"v7 n=(2, 3) idf=0.0 dim=2.0 norm=True/geo pw=0.5",v7,"{""denominator"": ""geo"", ""dim"": 2.0, ""idf"": 0.0, ""n"": ""(2, 3)"", ""normalize"": true, ""position_weight"": 0.5}",tune,False,125,0.14272,0.14272,0.16305,0.08,0.256,0.44,2.03083
typo_brutal,"v7 n=(2, 3) idf=0.0 dim=2.0 norm=True/geo pw=1.0",v7,"{""denominator"": ""geo"", ""dim"": 2.0, ""idf"": 0.0, ""n"": ""(2, 3)"", ""normalize"": true, ""position_weight"": 1.0}",tune,False,125,0.14775,0.14775,0.17512,0.08,0.288,0.44,2.18618
typo_brutal,"v7 n=(2, 3) idf=1.0 dim=1.0 norm=False/dice pw=0.0",v7,"{""denominator"": ""dice"", ""dim"": 1.0, ""idf"": 1.0, ""n"": ""(2, 3)"", ""normalize"": false, ""position_weight"": 0.0}",tune,False,125,0.10348,0.10348,0.12211,0.056,0.2,0.328,1.51792
typo_brutal,"v7 n=(2, 3) idf=1.0 dim=1.0 norm=False/dice pw=0.5",v7,"{""denominator"": ""dice"", ""dim"": 1.0, ""idf"": 1.0, ""n"": ""(2, 3)"", ""normalize"": false, ""position_weight"": 0.5}",tune,False,125,0.11776,0.11776,0.13518,0.064,0.208,0.336,1.61891
typo_brutal,"v7 n=(2, 3) idf=1.0 dim=1.0 norm=False/dice pw=1.0",v7,"{""denominator"": ""dice"", ""dim"": 1.0, ""idf"": 1.0, ""n"": ""(2, 3)"", ""normalize"": false, ""position_weight"": 1.0}",tune,False,125,0.12887,0.12887,0.14536,0.08,0.216,0.336,1.61523
typo_brutal,"v7 n=(2, 3) idf=1.0 dim=1.0 norm=True/dice pw=0.0",v7,"{""denominator"": ""dice"", ""dim"": 1.0, ""idf"": 1.0, ""n"": ""(2, 3)"", ""normalize"": true, ""position_weight"": 0.0}",tune,False,125,0.11761,0.11761,0.13521,0.072,0.216,0.36,2.06113
typo_brutal,"v7 n=(2, 3) idf=1.0 dim=1.0 norm=True/dice pw=0.5",v7,"{""denominator"": ""dice"", ""dim"": 1.0, ""idf"": 1.0, ""n"": ""(2, 3)"", ""normalize"": true, ""position_weight"": 0.5}",tune,False,125,0.12342,0.12342,0.14778,0.072,0.248,0.408,2.08547
typo_brutal,"v7 n=(2, 3) idf=1.0 dim=1.0 norm=True/dice pw=1.0",v7,"{""denominator"": ""dice"", ""dim"": 1.0, ""idf"": 1.0, ""n"": ""(2, 3)"", ""normalize"": true, ""position_weight"": 1.0}",tune,False,125,0.13463,0.13463,0.16059,0.08,0.264,0.416,2.05333
typo_brutal,"v7 n=(2, 3) idf=1.0 dim=1.0 norm=True/geo pw=0.0",v7,"{""denominator"": ""geo"", ""dim"": 1.0, ""idf"": 1.0, ""n"": ""(2, 3)"", ""normalize"": true, ""position_weight"": 0.0}",tune,False,125,0.09686,0.09686,0.11782,0.04,0.208,0.344,2.1514
typo_brutal,"v7 n=(2, 3) idf=1.0 dim=1.0 norm=True/geo pw=0.5",v7,"{""denominator"": ""geo"", ""dim"": 1.0, ""idf"": 1.0, ""n"": ""(2, 3)"", ""normalize"": true, ""position_weight"": 0.5}",tune,False,125,0.10455,0.10455,0.12742,0.048,0.224,0.376,2.12402
typo_brutal,"v7 n=(2, 3) idf=1.0 dim=1.0 norm=True/geo pw=1.0",v7,"{""denominator"": ""geo"", ""dim"": 1.0, ""idf"": 1.0, ""n"": ""(2, 3)"", ""normalize"": true, ""position_weight"": 1.0}",tune,False,125,0.11485,0.11485,0.13855,0.064,0.24,0.416,2.02151
typo_brutal,"v7 n=(2, 3) idf=1.0 dim=2.0 norm=False/dice pw=0.0",v7,"{""denominator"": ""dice"", ""dim"": 2.0, ""idf"": 1.0, ""n"": ""(2, 3)"", ""normalize"": false, ""position_weight"": 0.0}",tune,False,125,0.10919,0.10919,0.13087,0.056,0.216,0.352,1.7619
typo_brutal,"v7 n=(2, 3) idf=1.0 dim=2.0 norm=False/dice pw=0.5",v7,"{""denominator"": ""dice"", ""dim"": 2.0, ""idf"": 1.0, ""n"": ""(2, 3)"", ""normalize"": false, ""position_weight"": 0.5}",tune,False,125,0.12429,0.12429,0.14378,0.072,0.224,0.36,1.82389
typo_brutal,"v7 n=(2, 3) idf=1.0 dim=2.0 norm=False/dice pw=1.0",v7,"{""denominator"": ""dice"", ""dim"": 2.0, ""idf"": 1.0, ""n"": ""(2, 3)"", ""normalize"": false, ""position_weight"": 1.0}",tune,False,125,0.1355,0.1355,0.15418,0.088,0.232,0.36,1.71911
typo_brutal,"v7 n=(2, 3) idf=1.0 dim=2.0 norm=True/dice pw=0.0",v7,"{""denominator"": ""dice"", ""dim"": 2.0, ""idf"": 1.0, ""n"": ""(2, 3)"", ""normalize"": true, ""position_weight"": 0.0}",tune,False,125,0.12382,0.12382,0.1389,0.064,0.216,0.44,2.23861
typo_brutal,"v7 n=(2, 3) idf=1.0 dim=2.0 norm=True/dice pw=0.5",v7,"{""denominator"": ""dice"", ""dim"": 2.0, ""idf"": 1.0, ""n"": ""(2, 3)"", ""normalize"": true, ""position_weight"": 0.5}",tune,False,125,0.14019,0.14019,0.15685,0.088,0.24,0.44,2.32893
typo_brutal,"v7 n=(2, 3) idf=1.0 dim=2.0 norm=True/dice pw=1.0",v7,"{""denominator"": ""dice"", ""dim"": 2.0, ""idf"": 1.0, ""n"": ""(2, 3)"", ""normalize"": true, ""position_weight"": 1.0}",tune,False,125,0.15345,0.15345,0.16852,0.096,0.248,0.448,2.39749
typo_brutal,"v7 n=(2, 3) idf=1.0 dim=2.0 norm=True/geo pw=0.0",v7,"{""denominator"": ""geo"", ""dim"": 2.0, ""idf"": 1.0, ""n"": ""(2, 3)"", ""normalize"": true, ""position_weight"": 0.0}",tune,False,125,0.10541,0.10541,0.12519,0.04,0.216,0.432,2.41558
typo_brutal,"v7 n=(2, 3) idf=1.0 dim=2.0 norm=True/geo pw=0.5",v7,"{""denominator"": ""geo"", ""dim"": 2.0, ""idf"": 1.0, ""n"": ""(2, 3)"", ""normalize"": true, ""position_weight"": 0.5}",tune,False,125,0.12401,0.12401,0.14072,0.064,0.224,0.432,2.3069
typo_brutal,"v7 n=(2, 3) idf=1.0 dim=2.0 norm=True/geo pw=1.0",v7,"{""denominator"": ""geo"", ""dim"": 2.0, ""idf"": 1.0, ""n"": ""(2, 3)"", ""normalize"": true, ""position_weight"": 1.0}",tune,False,125,0.13164,0.13164,0.15029,0.072,0.24,0.44,2.26412
typo_brutal,"v7 n=(2, 3) idf=2.0 dim=1.0 norm=False/dice pw=0.0",v7,"{""denominator"": ""dice"", ""dim"": 1.0, ""idf"": 2.0, ""n"": ""(2, 3)"", ""normalize"": false, ""position_weight"": 0.0}",tune,False,125,0.06342,0.06342,0.06806,0.04,0.112,0.272,1.45611
typo_brutal,"v7 n=(2, 3) idf=2.0 dim=1.0 norm=False/dice pw=0.5",v7,"{""denominator"": ""dice"", ""dim"": 1.0, ""idf"": 2.0, ""n"": ""(2, 3)"", ""normalize"": false, ""position_weight"": 0.5}",tune,False,125,0.06965,0.06965,0.07692,0.04,0.128,0.272,1.59813
typo_brutal,"v7 n=(2, 3) idf=2.0 dim=1.0 norm=False/dice pw=1.0",v7,"{""denominator"": ""dice"", ""dim"": 1.0, ""idf"": 2.0, ""n"": ""(2, 3)"", ""normalize"": false, ""position_weight"": 1.0}",tune,False,125,0.07605,0.07605,0.08612,0.048,0.144,0.272,1.57031
typo_brutal,"v7 n=(2, 3) idf=2.0 dim=1.0 norm=True/dice pw=0.0",v7,"{""denominator"": ""dice"", ""dim"": 1.0, ""idf"": 2.0, ""n"": ""(2, 3)"", ""normalize"": true, ""position_weight"": 0.0}",tune,False,125,0.07391,0.07391,0.08027,0.048,0.128,0.304,2.03689
typo_brutal,"v7 n=(2, 3) idf=2.0 dim=1.0 norm=True/dice pw=0.5",v7,"{""denominator"": ""dice"", ""dim"": 1.0, ""idf"": 2.0, ""n"": ""(2, 3)"", ""normalize"": true, ""position_weight"": 0.5}",tune,False,125,0.08247,0.08247,0.09061,0.056,0.144,0.312,2.11352
typo_brutal,"v7 n=(2, 3) idf=2.0 dim=1.0 norm=True/dice pw=1.0",v7,"{""denominator"": ""dice"", ""dim"": 1.0, ""idf"": 2.0, ""n"": ""(2, 3)"", ""normalize"": true, ""position_weight"": 1.0}",tune,False,125,0.0857,0.0857,0.09686,0.056,0.16,0.344,2.29225
typo_brutal,"v7 n=(2, 3) idf=2.0 dim=1.0 norm=True/geo pw=0.0",v7,"{""denominator"": ""geo"", ""dim"": 1.0, ""idf"": 2.0, ""n"": ""(2, 3)"", ""normalize"": true, ""position_weight"": 0.0}",tune,False,125,0.06854,0.06854,0.07848,0.04,0.136,0.304,2.31863
typo_brutal,"v7 n=(2, 3) idf=2.0 dim=1.0 norm=True/geo pw=0.5",v7,"{""denominator"": ""geo"", ""dim"": 1.0, ""idf"": 2.0, ""n"": ""(2, 3)"", ""normalize"": true, ""position_weight"": 0.5}",tune,False,125,0.07457,0.07457,0.08698,0.04,0.152,0.328,2.13055
typo_brutal,"v7 n=(2, 3) idf=2.0 dim=1.0 norm=True/geo pw=1.0",v7,"{""denominator"": ""geo"", ""dim"": 1.0, ""idf"": 2.0, ""n"": ""(2, 3)"", ""normalize"": true, ""position_weight"": 1.0}",tune,False,125,0.08179,0.08179,0.09151,0.048,0.152,0.344,2.06864
typo_brutal,"v7 n=(2, 3) idf=2.0 dim=2.0 norm=False/dice pw=0.0",v7,"{""denominator"": ""dice"", ""dim"": 2.0, ""idf"": 2.0, ""n"": ""(2, 3)"", ""normalize"": false, ""position_weight"": 0.0}",tune,False,125,0.05932,0.05932,0.0609,0.04,0.096,0.264,1.57269
typo_brutal,"v7 n=(2, 3) idf=2.0 dim=2.0 norm=False/dice pw=0.5",v7,"{""denominator"": ""dice"", ""dim"": 2.0, ""idf"": 2.0, ""n"": ""(2, 3)"", ""normalize"": false, ""position_weight"": 0.5}",tune,False,125,0.06479,0.06479,0.06871,0.04,0.112,0.272,1.71517
typo_brutal,"v7 n=(2, 3) idf=2.0 dim=2.0 norm=False/dice pw=1.0",v7,"{""denominator"": ""dice"", ""dim"": 2.0, ""idf"": 2.0, ""n"": ""(2, 3)"", ""normalize"": false, ""position_weight"": 1.0}",tune,False,125,0.06826,0.06826,0.08029,0.04,0.144,0.272,1.67923
typo_brutal,"v7 n=(2, 3) idf=2.0 dim=2.0 norm=True/dice pw=0.0",v7,"{""denominator"": ""dice"", ""dim"": 2.0, ""idf"": 2.0, ""n"": ""(2, 3)"", ""normalize"": true, ""position_weight"": 0.0}",tune,False,125,0.07229,0.07229,0.07932,0.048,0.128,0.288,2.19788
typo_brutal,"v7 n=(2, 3) idf=2.0 dim=2.0 norm=True/dice pw=0.5",v7,"{""denominator"": ""dice"", ""dim"": 2.0, ""idf"": 2.0, ""n"": ""(2, 3)"", ""normalize"": true, ""position_weight"": 0.5}",tune,False,125,0.07759,0.07759,0.08731,0.048,0.144,0.304,2.32086
typo_brutal,"v7 n=(2, 3) idf=2.0 dim=2.0 norm=True/dice pw=1.0",v7,"{""denominator"": ""dice"", ""dim"": 2.0, ""idf"": 2.0, ""n"": ""(2, 3)"", ""normalize"": true, ""position_weight"": 1.0}",tune,False,125,0.08039,0.08039,0.09082,0.048,0.152,0.32,2.20179
typo_brutal,"v7 n=(2, 3) idf=2.0 dim=2.0 norm=True/geo pw=0.0",v7,"{""denominator"": ""geo"", ""dim"": 2.0, ""idf"": 2.0, ""n"": ""(2, 3)"", ""normalize"": true, ""position_weight"": 0.0}",tune,False,125,0.06989,0.06989,0.07776,0.04,0.128,0.296,2.50562
typo_brutal,"v7 n=(2, 3) idf=2.0 dim=2.0 norm=True/geo pw=0.5",v7,"{""denominator"": ""geo"", ""dim"": 2.0, ""idf"": 2.0, ""n"": ""(2, 3)"", ""normalize"": true, ""position_weight"": 0.5}",tune,False,125,0.07388,0.07388,0.08474,0.04,0.144,0.312,2.85228
typo_brutal,"v7 n=(2, 3) idf=2.0 dim=2.0 norm=True/geo pw=1.0",v7,"{""denominator"": ""geo"", ""dim"": 2.0, ""idf"": 2.0, ""n"": ""(2, 3)"", ""normalize"": true, ""position_weight"": 1.0}",tune,False,125,0.07682,0.07682,0.09069,0.04,0.16,0.32,2.66137
typo_brutal,"v7 n=(2, 3) idf=3.0 dim=1.0 norm=False/dice pw=0.0",v7,"{""denominator"": ""dice"", ""dim"": 1.0, ""idf"": 3.0, ""n"": ""(2, 3)"", ""normalize"": false, ""position_weight"": 0.0}",tune,False,125,0.04338,0.04338,0.04809,0.024,0.088,0.24,1.54977
typo_brutal,"v7 n=(2, 3) idf=3.0 dim=1.0 norm=False/dice pw=0.5",v7,"{""denominator"": ""dice"", ""dim"": 1.0, ""idf"": 3.0, ""n"": ""(2, 3)"", ""normalize"": false, ""position_weight"": 0.5}",tune,False,125,0.04523,0.04523,0.04883,0.024,0.088,0.24,1.53884
typo_brutal,"v7 n=(2, 3) idf=3.0 dim=1.0 norm=False/dice pw=1.0",v7,"{""denominator"": ""dice"", ""dim"": 1.0, ""idf"": 3.0, ""n"": ""(2, 3)"", ""normalize"": false, ""position_weight"": 1.0}",tune,False,125,0.04666,0.04666,0.05194,0.024,0.096,0.24,1.56141
typo_brutal,"v7 n=(2, 3) idf=3.0 dim=1.0 norm=True/dice pw=0.0",v7,"{""denominator"": ""dice"", ""dim"": 1.0, ""idf"": 3.0, ""n"": ""(2, 3)"", ""normalize"": true, ""position_weight"": 0.0}",tune,False,125,0.0378,0.0378,0.04601,0.016,0.096,0.248,2.15539
typo_brutal,"v7 n=(2, 3) idf=3.0 dim=1.0 norm=True/dice pw=0.5",v7,"{""denominator"": ""dice"", ""dim"": 1.0, ""idf"": 3.0, ""n"": ""(2, 3)"", ""normalize"": true, ""position_weight"": 0.5}",tune,False,125,0.04334,0.04334,0.05026,0.016,0.096,0.248,2.12031
typo_brutal,"v7 n=(2, 3) idf=3.0 dim=1.0 norm=True/dice pw=1.0",v7,"{""denominator"": ""dice"", ""dim"": 1.0, ""idf"": 3.0, ""n"": ""(2, 3)"", ""normalize"": true, ""position_weight"": 1.0}",tune,False,125,0.04837,0.04837,0.05821,0.016,0.112,0.256,2.0388
typo_brutal,"v7 n=(2, 3) idf=3.0 dim=1.0 norm=True/geo pw=0.0",v7,"{""denominator"": ""geo"", ""dim"": 1.0, ""idf"": 3.0, ""n"": ""(2, 3)"", ""normalize"": true, ""position_weight"": 0.0}",tune,False,125,0.04498,0.04498,0.05208,0.024,0.096,0.232,2.08029
typo_brutal,"v7 n=(2, 3) idf=3.0 dim=1.0 norm=True/geo pw=0.5",v7,"{""denominator"": ""geo"", ""dim"": 1.0, ""idf"": 3.0, ""n"": ""(2, 3)"", ""normalize"": true, ""position_weight"": 0.5}",tune,False,125,0.04896,0.04896,0.05679,0.024,0.104,0.24,2.24926
typo_brutal,"v7 n=(2, 3) idf=3.0 dim=1.0 norm=True/geo pw=1.0",v7,"{""denominator"": ""geo"", ""dim"": 1.0, ""idf"": 3.0, ""n"": ""(2, 3)"", ""normalize"": true, ""position_weight"": 1.0}",tune,False,125,0.05149,0.05149,0.06521,0.024,0.128,0.256,2.91391
typo_brutal,"v7 n=(2, 3) idf=3.0 dim=2.0 norm=False/dice pw=0.0",v7,"{""denominator"": ""dice"", ""dim"": 2.0, ""idf"": 3.0, ""n"": ""(2, 3)"", ""normalize"": false, ""position_weight"": 0.0}",tune,False,125,0.04404,0.04404,0.04856,0.024,0.088,0.232,2.16353
typo_brutal,"v7 n=(2, 3) idf=3.0 dim=2.0 norm=False/dice pw=0.5",v7,"{""denominator"": ""dice"", ""dim"": 2.0, ""idf"": 3.0, ""n"": ""(2, 3)"", ""normalize"": false, ""position_weight"": 0.5}",tune,False,125,0.04486,0.04486,0.04847,0.024,0.088,0.24,2.05479
typo_brutal,"v7 n=(2, 3) idf=3.0 dim=2.0 norm=False/dice pw=1.0",v7,"{""denominator"": ""dice"", ""dim"": 2.0, ""idf"": 3.0, ""n"": ""(2, 3)"", ""normalize"": false, ""position_weight"": 1.0}",tune,False,125,0.04627,0.04627,0.05135,0.024,0.096,0.248,2.28343
typo_brutal,"v7 n=(2, 3) idf=3.0 dim=2.0 norm=True/dice pw=0.0",v7,"{""denominator"": ""dice"", ""dim"": 2.0, ""idf"": 3.0, ""n"": ""(2, 3)"", ""normalize"": true, ""position_weight"": 0.0}",tune,False,125,0.03045,0.03045,0.03491,0.008,0.072,0.232,2.86009
typo_brutal,"v7 n=(2, 3) idf=3.0 dim=2.0 norm=True/dice pw=0.5",v7,"{""denominator"": ""dice"", ""dim"": 2.0, ""idf"": 3.0, ""n"": ""(2, 3)"", ""normalize"": true, ""position_weight"": 0.5}",tune,False,125,0.03519,0.03519,0.03804,0.016,0.072,0.24,2.94133
typo_brutal,"v7 n=(2, 3) idf=3.0 dim=2.0 norm=True/dice pw=1.0",v7,"{""denominator"": ""dice"", ""dim"": 2.0, ""idf"": 3.0, ""n"": ""(2, 3)"", ""normalize"": true, ""position_weight"": 1.0}",tune,False,125,0.0375,0.0375,0.04082,0.016,0.08,0.272,2.62496
typo_brutal,"v7 n=(2, 3) idf=3.0 dim=2.0 norm=True/geo pw=0.0",v7,"{""denominator"": ""geo"", ""dim"": 2.0, ""idf"": 3.0, ""n"": ""(2, 3)"", ""normalize"": true, ""position_weight"": 0.0}",tune,False,125,0.04118,0.04118,0.04504,0.024,0.08,0.232,2.41773
typo_brutal,"v7 n=(2, 3) idf=3.0 dim=2.0 norm=True/geo pw=0.5",v7,"{""denominator"": ""geo"", ""dim"": 2.0, ""idf"": 3.0, ""n"": ""(2, 3)"", ""normalize"": true, ""position_weight"": 0.5}",tune,False,125,0.03457,0.03457,0.03967,0.008,0.08,0.232,2.36841
typo_brutal,"v7 n=(2, 3) idf=3.0 dim=2.0 norm=True/geo pw=1.0",v7,"{""denominator"": ""geo"", ""dim"": 2.0, ""idf"": 3.0, ""n"": ""(2, 3)"", ""normalize"": true, ""position_weight"": 1.0}",tune,False,125,0.03706,0.03706,0.04346,0.008,0.088,0.24,2.31481
typo_brutal,"v7 n=(2, 4) idf=0.0 dim=1.0 norm=False/dice pw=0.0",v7,"{""denominator"": ""dice"", ""dim"": 1.0, ""idf"": 0.0, ""n"": ""(2, 4)"", ""normalize"": false, ""position_weight"": 0.0}",tune,False,125,0.12532,0.12532,0.14246,0.088,0.216,0.336,1.5045
typo_brutal,"v7 n=(2, 4) idf=0.0 dim=1.0 norm=False/dice pw=0.5",v7,"{""denominator"": ""dice"", ""dim"": 1.0, ""idf"": 0.0, ""n"": ""(2, 4)"", ""normalize"": false, ""position_weight"": 0.5}",tune,False,125,0.14361,0.14361,0.16906,0.072,0.272,0.44,1.55316
typo_brutal,"v7 n=(2, 4) idf=0.0 dim=1.0 norm=False/dice pw=1.0",v7,"{""denominator"": ""dice"", ""dim"": 1.0, ""idf"": 0.0, ""n"": ""(2, 4)"", ""normalize"": false, ""position_weight"": 1.0}",tune,False,125,0.14432,0.14432,0.16963,0.072,0.272,0.44,1.45642
typo_brutal,"v7 n=(2, 4) idf=0.0 dim=1.0 norm=True/dice pw=0.0",v7,"{""denominator"": ""dice"", ""dim"": 1.0, ""idf"": 0.0, ""n"": ""(2, 4)"", ""normalize"": true, ""position_weight"": 0.0}",tune,False,125,0.13227,0.13227,0.15405,0.088,0.248,0.416,1.76168
typo_brutal,"v7 n=(2, 4) idf=0.0 dim=1.0 norm=True/dice pw=0.5",v7,"{""denominator"": ""dice"", ""dim"": 1.0, ""idf"": 0.0, ""n"": ""(2, 4)"", ""normalize"": true, ""position_weight"": 0.5}",tune,False,125,0.13593,0.13593,0.15849,0.08,0.256,0.44,1.77236
typo_brutal,"v7 n=(2, 4) idf=0.0 dim=1.0 norm=True/dice pw=1.0",v7,"{""denominator"": ""dice"", ""dim"": 1.0, ""idf"": 0.0, ""n"": ""(2, 4)"", ""normalize"": true, ""position_weight"": 1.0}",tune,False,125,0.13495,0.13495,0.16385,0.072,0.28,0.44,1.85692
typo_brutal,"v7 n=(2, 4) idf=0.0 dim=1.0 norm=True/geo pw=0.0",v7,"{""denominator"": ""geo"", ""dim"": 1.0, ""idf"": 0.0, ""n"": ""(2, 4)"", ""normalize"": true, ""position_weight"": 0.0}",tune,False,125,0.12428,0.12428,0.14801,0.08,0.248,0.416,1.79637
typo_brutal,"v7 n=(2, 4) idf=0.0 dim=1.0 norm=True/geo pw=0.5",v7,"{""denominator"": ""geo"", ""dim"": 1.0, ""idf"": 0.0, ""n"": ""(2, 4)"", ""normalize"": true, ""position_weight"": 0.5}",tune,False,125,0.12961,0.12961,0.1536,0.08,0.256,0.432,1.90766
typo_brutal,"v7 n=(2, 4) idf=0.0 dim=1.0 norm=True/geo pw=1.0",v7,"{""denominator"": ""geo"", ""dim"": 1.0, ""idf"": 0.0, ""n"": ""(2, 4)"", ""normalize"": true, ""position_weight"": 1.0}",tune,False,125,0.13107,0.13107,0.15404,0.072,0.256,0.44,1.94643
typo_brutal,"v7 n=(2, 4) idf=0.0 dim=2.0 norm=False/dice pw=0.0",v7,"{""denominator"": ""dice"", ""dim"": 2.0, ""idf"": 0.0, ""n"": ""(2, 4)"", ""normalize"": false, ""position_weight"": 0.0}",tune,False,125,0.13365,0.13365,0.15032,0.096,0.224,0.368,1.50202
typo_brutal,"v7 n=(2, 4) idf=0.0 dim=2.0 norm=False/dice pw=0.5",v7,"{""denominator"": ""dice"", ""dim"": 2.0, ""idf"": 0.0, ""n"": ""(2, 4)"", ""normalize"": false, ""position_weight"": 0.5}",tune,False,125,0.15992,0.15992,0.18965,0.096,0.304,0.424,1.54076
typo_brutal,"v7 n=(2, 4) idf=0.0 dim=2.0 norm=False/dice pw=1.0",v7,"{""denominator"": ""dice"", ""dim"": 2.0, ""idf"": 0.0, ""n"": ""(2, 4)"", ""normalize"": false, ""position_weight"": 1.0}",tune,False,125,0.16019,0.16019,0.19444,0.096,0.32,0.424,1.70794
typo_brutal,"v7 n=(2, 4) idf=0.0 dim=2.0 norm=True/dice pw=0.0",v7,"{""denominator"": ""dice"", ""dim"": 2.0, ""idf"": 0.0, ""n"": ""(2, 4)"", ""normalize"": true, ""position_weight"": 0.0}",tune,False,125,0.14853,0.14853,0.17422,0.088,0.28,0.432,1.94548
typo_brutal,"v7 n=(2, 4) idf=0.0 dim=2.0 norm=True/dice pw=0.5",v7,"{""denominator"": ""dice"", ""dim"": 2.0, ""idf"": 0.0, ""n"": ""(2, 4)"", ""normalize"": true, ""position_weight"": 0.5}",tune,False,125,0.15813,0.15813,0.18228,0.096,0.288,0.44,1.92802
typo_brutal,"v7 n=(2, 4) idf=0.0 dim=2.0 norm=True/dice pw=1.0",v7,"{""denominator"": ""dice"", ""dim"": 2.0, ""idf"": 0.0, ""n"": ""(2, 4)"", ""normalize"": true, ""position_weight"": 1.0}",tune,False,125,0.16061,0.16061,0.19501,0.096,0.328,0.44,2.10012
typo_brutal,"v7 n=(2, 4) idf=0.0 dim=2.0 norm=True/geo pw=0.0",v7,"{""denominator"": ""geo"", ""dim"": 2.0, ""idf"": 0.0, ""n"": ""(2, 4)"", ""normalize"": true, ""position_weight"": 0.0}",tune,False,125,0.14068,0.14068,0.16614,0.088,0.272,0.432,1.95077
typo_brutal,"v7 n=(2, 4) idf=0.0 dim=2.0 norm=True/geo pw=0.5",v7,"{""denominator"": ""geo"", ""dim"": 2.0, ""idf"": 0.0, ""n"": ""(2, 4)"", ""normalize"": true, ""position_weight"": 0.5}",tune,False,125,0.15583,0.15583,0.1785,0.104,0.28,0.432,1.93437
typo_brutal,"v7 n=(2, 4) idf=0.0 dim=2.0 norm=True/geo pw=1.0",v7,"{""denominator"": ""geo"", ""dim"": 2.0, ""idf"": 0.0, ""n"": ""(2, 4)"", ""normalize"": true, ""position_weight"": 1.0}",tune,False,125,0.1556,0.1556,0.18205,0.096,0.296,0.44,2.02963
typo_brutal,"v7 n=(2, 4) idf=1.0 dim=1.0 norm=False/dice pw=0.0",v7,"{""denominator"": ""dice"", ""dim"": 1.0, ""idf"": 1.0, ""n"": ""(2, 4)"", ""normalize"": false, ""position_weight"": 0.0}",tune,False,125,0.10545,0.10545,0.11544,0.072,0.176,0.36,1.39847
typo_brutal,"v7 n=(2, 4) idf=1.0 dim=1.0 norm=False/dice pw=0.5",v7,"{""denominator"": ""dice"", ""dim"": 1.0, ""idf"": 1.0, ""n"": ""(2, 4)"", ""normalize"": false, ""position_weight"": 0.5}",tune,False,125,0.11551,0.11551,0.13118,0.08,0.208,0.376,1.41471
typo_brutal,"v7 n=(2, 4) idf=1.0 dim=1.0 norm=False/dice pw=1.0",v7,"{""denominator"": ""dice"", ""dim"": 1.0, ""idf"": 1.0, ""n"": ""(2, 4)"", ""normalize"": false, ""position_weight"": 1.0}",tune,False,125,0.11463,0.11463,0.13433,0.072,0.224,0.392,1.57006
typo_brutal,"v7 n=(2, 4) idf=1.0 dim=1.0 norm=True/dice pw=0.0",v7,"{""denominator"": ""dice"", ""dim"": 1.0, ""idf"": 1.0, ""n"": ""(2, 4)"", ""normalize"": true, ""position_weight"": 0.0}",tune,False,125,0.12087,0.12087,0.13619,0.08,0.216,0.408,2.16541
typo_brutal,"v7 n=(2, 4) idf=1.0 dim=1.0 norm=True/dice pw=0.5",v7,"{""denominator"": ""dice"", ""dim"": 1.0, ""idf"": 1.0, ""n"": ""(2, 4)"", ""normalize"": true, ""position_weight"": 0.5}",tune,False,125,0.12433,0.12433,0.14494,0.08,0.24,0.424,2.21079
typo_brutal,"v7 n=(2, 4) idf=1.0 dim=1.0 norm=True/dice pw=1.0",v7,"{""denominator"": ""dice"", ""dim"": 1.0, ""idf"": 1.0, ""n"": ""(2, 4)"", ""normalize"": true, ""position_weight"": 1.0}",tune,False,125,0.13127,0.13127,0.15419,0.08,0.256,0.448,2.37733
typo_brutal,"v7 n=(2, 4) idf=1.0 dim=1.0 norm=True/geo pw=0.0",v7,"{""denominator"": ""geo"", ""dim"": 1.0, ""idf"": 1.0, ""n"": ""(2, 4)"", ""normalize"": true, ""position_weight"": 0.0}",tune,False,125,0.11115,0.11115,0.1248,0.064,0.2,0.4,2.29098
typo_brutal,"v7 n=(2, 4) idf=1.0 dim=1.0 norm=True/geo pw=0.5",v7,"{""denominator"": ""geo"", ""dim"": 1.0, ""idf"": 1.0, ""n"": ""(2, 4)"", ""normalize"": true, ""position_weight"": 0.5}",tune,False,125,0.11869,0.11869,0.13903,0.072,0.232,0.408,2.17054
typo_brutal,"v7 n=(2, 4) idf=1.0 dim=1.0 norm=True/geo pw=1.0",v7,"{""denominator"": ""geo"", ""dim"": 1.0, ""idf"": 1.0, ""n"": ""(2, 4)"", ""normalize"": true, ""position_weight"": 1.0}",tune,False,125,0.12946,0.12946,0.14867,0.08,0.24,0.44,2.06712
typo_brutal,"v7 n=(2, 4) idf=1.0 dim=2.0 norm=False/dice pw=0.0",v7,"{""denominator"": ""dice"", ""dim"": 2.0, ""idf"": 1.0, ""n"": ""(2, 4)"", ""normalize"": false, ""position_weight"": 0.0}",tune,False,125,0.11118,0.11118,0.12601,0.064,0.2,0.392,1.58612
typo_brutal,"v7 n=(2, 4) idf=1.0 dim=2.0 norm=False/dice pw=0.5",v7,"{""denominator"": ""dice"", ""dim"": 2.0, ""idf"": 1.0, ""n"": ""(2, 4)"", ""normalize"": false, ""position_weight"": 0.5}",tune,False,125,0.1256,0.1256,0.14528,0.072,0.232,0.4,1.70408
typo_brutal,"v7 n=(2, 4) idf=1.0 dim=2.0 norm=False/dice pw=1.0",v7,"{""denominator"": ""dice"", ""dim"": 2.0, ""idf"": 1.0, ""n"": ""(2, 4)"", ""normalize"": false, ""position_weight"": 1.0}",tune,False,125,0.1393,0.1393,0.15919,0.088,0.248,0.424,1.79094
typo_brutal,"v7 n=(2, 4) idf=1.0 dim=2.0 norm=True/dice pw=0.0",v7,"{""denominator"": ""dice"", ""dim"": 2.0, ""idf"": 1.0, ""n"": ""(2, 4)"", ""normalize"": true, ""position_weight"": 0.0}",tune,False,125,0.13798,0.13798,0.15579,0.088,0.24,0.416,2.14391
typo_brutal,"v7 n=(2, 4) idf=1.0 dim=2.0 norm=True/dice pw=0.5",v7,"{""denominator"": ""dice"", ""dim"": 2.0, ""idf"": 1.0, ""n"": ""(2, 4)"", ""normalize"": true, ""position_weight"": 0.5}",tune,False,125,0.15366,0.15366,0.17284,0.104,0.264,0.44,2.31173
typo_brutal,"v7 n=(2, 4) idf=1.0 dim=2.0 norm=True/dice pw=1.0",v7,"{""denominator"": ""dice"", ""dim"": 2.0, ""idf"": 1.0, ""n"": ""(2, 4)"", ""normalize"": true, ""position_weight"": 1.0}",tune,False,125,0.16732,0.16732,0.18679,0.112,0.28,0.464,2.13983
typo_brutal,"v7 n=(2, 4) idf=1.0 dim=2.0 norm=True/geo pw=0.0",v7,"{""denominator"": ""geo"", ""dim"": 2.0, ""idf"": 1.0, ""n"": ""(2, 4)"", ""normalize"": true, ""position_weight"": 0.0}",tune,False,125,0.12381,0.12381,0.1451,0.072,0.24,0.416,2.35582
typo_brutal,"v7 n=(2, 4) idf=1.0 dim=2.0 norm=True/geo pw=0.5",v7,"{""denominator"": ""geo"", ""dim"": 2.0, ""idf"": 1.0, ""n"": ""(2, 4)"", ""normalize"": true, ""position_weight"": 0.5}",tune,False,125,0.14394,0.14394,0.16162,0.096,0.248,0.424,2.29318
typo_brutal,"v7 n=(2, 4) idf=1.0 dim=2.0 norm=True/geo pw=1.0",v7,"{""denominator"": ""geo"", ""dim"": 2.0, ""idf"": 1.0, ""n"": ""(2, 4)"", ""normalize"": true, ""position_weight"": 1.0}",tune,False,125,0.15675,0.15675,0.17477,0.104,0.264,0.448,2.23386
typo_brutal,"v7 n=(2, 4) idf=2.0 dim=1.0 norm=False/dice pw=0.0",v7,"{""denominator"": ""dice"", ""dim"": 1.0, ""idf"": 2.0, ""n"": ""(2, 4)"", ""normalize"": false, ""position_weight"": 0.0}",tune,False,125,0.08658,0.08658,0.09266,0.064,0.136,0.28,1.51473
typo_brutal,"v7 n=(2, 4) idf=2.0 dim=1.0 norm=False/dice pw=0.5",v7,"{""denominator"": ""dice"", ""dim"": 1.0, ""idf"": 2.0, ""n"": ""(2, 4)"", ""normalize"": false, ""position_weight"": 0.5}",tune,False,125,0.08958,0.08958,0.09448,0.064,0.136,0.296,1.56468
typo_brutal,"v7 n=(2, 4) idf=2.0 dim=1.0 norm=False/dice pw=1.0",v7,"{""denominator"": ""dice"", ""dim"": 1.0, ""idf"": 2.0, ""n"": ""(2, 4)"", ""normalize"": false, ""position_weight"": 1.0}",tune,False,125,0.09462,0.09462,0.09999,0.072,0.144,0.304,1.64241
typo_brutal,"v7 n=(2, 4) idf=2.0 dim=1.0 norm=True/dice pw=0.0",v7,"{""denominator"": ""dice"", ""dim"": 1.0, ""idf"": 2.0, ""n"": ""(2, 4)"", ""normalize"": true, ""position_weight"": 0.0}",tune,False,125,0.07826,0.07826,0.08348,0.056,0.128,0.32,2.08172
typo_brutal,"v7 n=(2, 4) idf=2.0 dim=1.0 norm=True/dice pw=0.5",v7,"{""denominator"": ""dice"", ""dim"": 1.0, ""idf"": 2.0, ""n"": ""(2, 4)"", ""normalize"": true, ""position_weight"": 0.5}",tune,False,125,0.08231,0.08231,0.08818,0.056,0.136,0.32,2.31515
typo_brutal,"v7 n=(2, 4) idf=2.0 dim=1.0 norm=True/dice pw=1.0",v7,"{""denominator"": ""dice"", ""dim"": 1.0, ""idf"": 2.0, ""n"": ""(2, 4)"", ""normalize"": true, ""position_weight"": 1.0}",tune,False,125,0.08672,0.08672,0.09799,0.056,0.16,0.328,2.02888
typo_brutal,"v7 n=(2, 4) idf=2.0 dim=1.0 norm=True/geo pw=0.0",v7,"{""denominator"": ""geo"", ""dim"": 1.0, ""idf"": 2.0, ""n"": ""(2, 4)"", ""normalize"": true, ""position_weight"": 0.0}",tune,False,125,0.07821,0.07821,0.08391,0.048,0.128,0.296,2.00636
typo_brutal,"v7 n=(2, 4) idf=2.0 dim=1.0 norm=True/geo pw=0.5",v7,"{""denominator"": ""geo"", ""dim"": 1.0, ""idf"": 2.0, ""n"": ""(2, 4)"", ""normalize"": true, ""position_weight"": 0.5}",tune,False,125,0.08735,0.08735,0.09466,0.056,0.144,0.32,2.02198
typo_brutal,"v7 n=(2, 4) idf=2.0 dim=1.0 norm=True/geo pw=1.0",v7,"{""denominator"": ""geo"", ""dim"": 1.0, ""idf"": 2.0, ""n"": ""(2, 4)"", ""normalize"": true, ""position_weight"": 1.0}",tune,False,125,0.0934,0.0934,0.10083,0.064,0.152,0.32,2.1592
typo_brutal,"v7 n=(2, 4) idf=2.0 dim=2.0 norm=False/dice pw=0.0",v7,"{""denominator"": ""dice"", ""dim"": 2.0, ""idf"": 2.0, ""n"": ""(2, 4)"", ""normalize"": false, ""position_weight"": 0.0}",tune,False,125,0.07229,0.07229,0.0822,0.048,0.136,0.272,1.69737
typo_brutal,"v7 n=(2, 4) idf=2.0 dim=2.0 norm=False/dice pw=0.5",v7,"{""denominator"": ""dice"", ""dim"": 2.0, ""idf"": 2.0, ""n"": ""(2, 4)"", ""normalize"": false, ""position_weight"": 0.5}",tune,False,125,0.07753,0.07753,0.08795,0.048,0.144,0.296,1.79672
typo_brutal,"v7 n=(2, 4) idf=2.0 dim=2.0 norm=False/dice pw=1.0",v7,"{""denominator"": ""dice"", ""dim"": 2.0, ""idf"": 2.0, ""n"": ""(2, 4)"", ""normalize"": false, ""position_weight"": 1.0}",tune,False,125,0.07824,0.07824,0.09009,0.048,0.152,0.304,1.81904
typo_brutal,"v7 n=(2, 4) idf=2.0 dim=2.0 norm=True/dice pw=0.0",v7,"{""denominator"": ""dice"", ""dim"": 2.0, ""idf"": 2.0, ""n"": ""(2, 4)"", ""normalize"": true, ""position_weight"": 0.0}",tune,False,125,0.06861,0.06861,0.07904,0.04,0.136,0.28,2.45734
typo_brutal,"v7 n=(2, 4) idf=2.0 dim=2.0 norm=True/dice pw=0.5",v7,"{""denominator"": ""dice"", ""dim"": 2.0, ""idf"": 2.0, ""n"": ""(2, 4)"", ""normalize"": true, ""position_weight"": 0.5}",tune,False,125,0.07444,0.07444,0.09207,0.04,0.168,0.28,2.42805
typo_brutal,"v7 n=(2, 4) idf=2.0 dim=2.0 norm=True/dice pw=1.0",v7,"{""denominator"": ""dice"", ""dim"": 2.0, ""idf"": 2.0, ""n"": ""(2, 4)"", ""normalize"": true, ""position_weight"": 1.0}",tune,False,125,0.08109,0.08109,0.09613,0.048,0.168,0.328,2.26027
typo_brutal,"v7 n=(2, 4) idf=2.0 dim=2.0 norm=True/geo pw=0.0",v7,"{""denominator"": ""geo"", ""dim"": 2.0, ""idf"": 2.0, ""n"": ""(2, 4)"", ""normalize"": true, ""position_weight"": 0.0}",tune,False,125,0.06742,0.06742,0.08066,0.032,0.144,0.288,2.58905
typo_brutal,"v7 n=(2, 4) idf=2.0 dim=2.0 norm=True/geo pw=0.5",v7,"{""denominator"": ""geo"", ""dim"": 2.0, ""idf"": 2.0, ""n"": ""(2, 4)"", ""normalize"": true, ""position_weight"": 0.5}",tune,False,125,0.08472,0.08472,0.09536,0.056,0.152,0.296,2.46001
typo_brutal,"v7 n=(2, 4) idf=2.0 dim=2.0 norm=True/geo pw=1.0",v7,"{""denominator"": ""geo"", ""dim"": 2.0, ""idf"": 2.0, ""n"": ""(2, 4)"", ""normalize"": true, ""position_weight"": 1.0}",tune,False,125,0.08787,0.08787,0.09887,0.056,0.16,0.336,2.33991
typo_brutal,"v7 n=(2, 4) idf=3.0 dim=1.0 norm=False/dice pw=0.0",v7,"{""denominator"": ""dice"", ""dim"": 1.0, ""idf"": 3.0, ""n"": ""(2, 4)"", ""normalize"": false, ""position_weight"": 0.0}",tune,False,125,0.06569,0.06569,0.07874,0.04,0.136,0.232,1.51962
typo_brutal,"v7 n=(2, 4) idf=3.0 dim=1.0 norm=False/dice pw=0.5",v7,"{""denominator"": ""dice"", ""dim"": 1.0, ""idf"": 3.0, ""n"": ""(2, 4)"", ""normalize"": false, ""position_weight"": 0.5}",tune,False,125,0.06765,0.06765,0.07978,0.04,0.136,0.256,1.73322
typo_brutal,"v7 n=(2, 4) idf=3.0 dim=1.0 norm=False/dice pw=1.0",v7,"{""denominator"": ""dice"", ""dim"": 1.0, ""idf"": 3.0, ""n"": ""(2, 4)"", ""normalize"": false, ""position_weight"": 1.0}",tune,False,125,0.07014,0.07014,0.07898,0.04,0.128,0.272,1.66287
typo_brutal,"v7 n=(2, 4) idf=3.0 dim=1.0 norm=True/dice pw=0.0",v7,"{""denominator"": ""dice"", ""dim"": 1.0, ""idf"": 3.0, ""n"": ""(2, 4)"", ""normalize"": true, ""position_weight"": 0.0}",tune,False,125,0.04487,0.04487,0.05274,0.024,0.096,0.232,2.40982
typo_brutal,"v7 n=(2, 4) idf=3.0 dim=1.0 norm=True/dice pw=0.5",v7,"{""denominator"": ""dice"", ""dim"": 1.0, ""idf"": 3.0, ""n"": ""(2, 4)"", ""normalize"": true, ""position_weight"": 0.5}",tune,False,125,0.04685,0.04685,0.05322,0.024,0.096,0.28,2.1989
typo_brutal,"v7 n=(2, 4) idf=3.0 dim=1.0 norm=True/dice pw=1.0",v7,"{""denominator"": ""dice"", ""dim"": 1.0, ""idf"": 3.0, ""n"": ""(2, 4)"", ""normalize"": true, ""position_weight"": 1.0}",tune,False,125,0.04534,0.04534,0.05185,0.016,0.096,0.28,2.16979
typo_brutal,"v7 n=(2, 4) idf=3.0 dim=1.0 norm=True/geo pw=0.0",v7,"{""denominator"": ""geo"", ""dim"": 1.0, ""idf"": 3.0, ""n"": ""(2, 4)"", ""normalize"": true, ""position_weight"": 0.0}",tune,False,125,0.05123,0.05123,0.05763,0.032,0.096,0.24,2.3013
typo_brutal,"v7 n=(2, 4) idf=3.0 dim=1.0 norm=True/geo pw=0.5",v7,"{""denominator"": ""geo"", ""dim"": 1.0, ""idf"": 3.0, ""n"": ""(2, 4)"", ""normalize"": true, ""position_weight"": 0.5}",tune,False,125,0.05231,0.05231,0.05809,0.024,0.096,0.248,2.38134
typo_brutal,"v7 n=(2, 4) idf=3.0 dim=1.0 norm=True/geo pw=1.0",v7,"{""denominator"": ""geo"", ""dim"": 1.0, ""idf"": 3.0, ""n"": ""(2, 4)"", ""normalize"": true, ""position_weight"": 1.0}",tune,False,125,0.05894,0.05894,0.0644,0.032,0.104,0.272,2.36217
typo_brutal,"v7 n=(2, 4) idf=3.0 dim=2.0 norm=False/dice pw=0.0",v7,"{""denominator"": ""dice"", ""dim"": 2.0, ""idf"": 3.0, ""n"": ""(2, 4)"", ""normalize"": false, ""position_weight"": 0.0}",tune,False,125,0.06207,0.06207,0.07575,0.04,0.136,0.232,1.64141
typo_brutal,"v7 n=(2, 4) idf=3.0 dim=2.0 norm=False/dice pw=0.5",v7,"{""denominator"": ""dice"", ""dim"": 2.0, ""idf"": 3.0, ""n"": ""(2, 4)"", ""normalize"": false, ""position_weight"": 0.5}",tune,False,125,0.06411,0.06411,0.07702,0.04,0.136,0.256,2.58347
typo_brutal,"v7 n=(2, 4) idf=3.0 dim=2.0 norm=False/dice pw=1.0",v7,"{""denominator"": ""dice"", ""dim"": 2.0, ""idf"": 3.0, ""n"": ""(2, 4)"", ""normalize"": false, ""position_weight"": 1.0}",tune,False,125,0.0646,0.0646,0.07476,0.04,0.128,0.264,2.63114
typo_brutal,"v7 n=(2, 4) idf=3.0 dim=2.0 norm=True/dice pw=0.0",v7,"{""denominator"": ""dice"", ""dim"": 2.0, ""idf"": 3.0, ""n"": ""(2, 4)"", ""normalize"": true, ""position_weight"": 0.0}",tune,False,125,0.03086,0.03086,0.03596,0.008,0.072,0.216,3.38426
typo_brutal,"v7 n=(2, 4) idf=3.0 dim=2.0 norm=True/dice pw=0.5",v7,"{""denominator"": ""dice"", ""dim"": 2.0, ""idf"": 3.0, ""n"": ""(2, 4)"", ""normalize"": true, ""position_weight"": 0.5}",tune,False,125,0.03532,0.03532,0.0403,0.016,0.08,0.256,3.57451
typo_brutal,"v7 n=(2, 4) idf=3.0 dim=2.0 norm=True/dice pw=1.0",v7,"{""denominator"": ""dice"", ""dim"": 2.0, ""idf"": 3.0, ""n"": ""(2, 4)"", ""normalize"": true, ""position_weight"": 1.0}",tune,False,125,0.03271,0.03271,0.03788,0.008,0.08,0.256,2.54981
typo_brutal,"v7 n=(2, 4) idf=3.0 dim=2.0 norm=True/geo pw=0.0",v7,"{""denominator"": ""geo"", ""dim"": 2.0, ""idf"": 3.0, ""n"": ""(2, 4)"", ""normalize"": true, ""position_weight"": 0.0}",tune,False,125,0.03582,0.03582,0.04174,0.016,0.08,0.224,2.52395
typo_brutal,"v7 n=(2, 4) idf=3.0 dim=2.0 norm=True/geo pw=0.5",v7,"{""denominator"": ""geo"", ""dim"": 2.0, ""idf"": 3.0, ""n"": ""(2, 4)"", ""normalize"": true, ""position_weight"": 0.5}",tune,False,125,0.03513,0.03513,0.0406,0.008,0.08,0.232,2.52241
typo_brutal,"v7 n=(2, 4) idf=3.0 dim=2.0 norm=True/geo pw=1.0",v7,"{""denominator"": ""geo"", ""dim"": 2.0, ""idf"": 3.0, ""n"": ""(2, 4)"", ""normalize"": true, ""position_weight"": 1.0}",tune,False,125,0.04238,0.04238,0.04515,0.016,0.08,0.24,2.5054
typo_brutal,"v7 n=(1, 2, 3) idf=0.0 dim=1.0 norm=False/dice pw=0.0",v7,"{""denominator"": ""dice"", ""dim"": 1.0, ""idf"": 0.0, ""n"": ""(1, 2, 3)"", ""normalize"": false, ""position_weight"": 0.0}",tune,False,125,0.17448,0.17448,0.20457,0.12,0.32,0.44,3.33819
typo_brutal,"v7 n=(1, 2, 3) idf=0.0 dim=1.0 norm=False/dice pw=0.5",v7,"{""denominator"": ""dice"", ""dim"": 1.0, ""idf"": 0.0, ""n"": ""(1, 2, 3)"", ""normalize"": false, ""position_weight"": 0.5}",tune,False,125,0.20208,0.20208,0.22647,0.136,0.336,0.528,2.88775
typo_brutal,"v7 n=(1, 2, 3) idf=0.0 dim=1.0 norm=False/dice pw=1.0",v7,"{""denominator"": ""dice"", ""dim"": 1.0, ""idf"": 0.0, ""n"": ""(1, 2, 3)"", ""normalize"": false, ""position_weight"": 1.0}",tune,False,125,0.21251,0.21251,0.24259,0.144,0.368,0.56,2.98713
typo_brutal,"v7 n=(1, 2, 3) idf=0.0 dim=1.0 norm=True/dice pw=0.0",v7,"{""denominator"": ""dice"", ""dim"": 1.0, ""idf"": 0.0, ""n"": ""(1, 2, 3)"", ""normalize"": true, ""position_weight"": 0.0}",tune,False,125,0.25083,0.25083,0.28342,0.176,0.416,0.6,3.75987
typo_brutal,"v7 n=(1, 2, 3) idf=0.0 dim=1.0 norm=True/dice pw=0.5",v7,"{""denominator"": ""dice"", ""dim"": 1.0, ""idf"": 0.0, ""n"": ""(1, 2, 3)"", ""normalize"": true, ""position_weight"": 0.5}",tune,False,125,0.28123,0.28123,0.31417,0.208,0.448,0.624,3.70238
typo_brutal,"v7 n=(1, 2, 3) idf=0.0 dim=1.0 norm=True/dice pw=1.0",v7,"{""denominator"": ""dice"", ""dim"": 1.0, ""idf"": 0.0, ""n"": ""(1, 2, 3)"", ""normalize"": true, ""position_weight"": 1.0}",tune,False,125,0.28923,0.28923,0.32189,0.216,0.456,0.656,3.862
typo_brutal,"v7 n=(1, 2, 3) idf=0.0 dim=1.0 norm=True/geo pw=0.0",v7,"{""denominator"": ""geo"", ""dim"": 1.0, ""idf"": 0.0, ""n"": ""(1, 2, 3)"", ""normalize"": true, ""position_weight"": 0.0}",tune,False,125,0.24443,0.24443,0.27245,0.168,0.392,0.6,3.69703
typo_brutal,"v7 n=(1, 2, 3) idf=0.0 dim=1.0 norm=True/geo pw=0.5",v7,"{""denominator"": ""geo"", ""dim"": 1.0, ""idf"": 0.0, ""n"": ""(1, 2, 3)"", ""normalize"": true, ""position_weight"": 0.5}",tune,False,125,0.2571,0.2571,0.29199,0.176,0.432,0.616,3.78859
typo_brutal,"v7 n=(1, 2, 3) idf=0.0 dim=1.0 norm=True/geo pw=1.0",v7,"{""denominator"": ""geo"", ""dim"": 1.0, ""idf"": 0.0, ""n"": ""(1, 2, 3)"", ""normalize"": true, ""position_weight"": 1.0}",tune,False,125,0.265,0.265,0.2974,0.184,0.432,0.64,3.76732
typo_brutal,"v7 n=(1, 2, 3) idf=0.0 dim=2.0 norm=False/dice pw=0.0",v7,"{""denominator"": ""dice"", ""dim"": 2.0, ""idf"": 0.0, ""n"": ""(1, 2, 3)"", ""normalize"": false, ""position_weight"": 0.0}",tune,False,125,0.11591,0.11591,0.13072,0.064,0.208,0.384,3.37664
typo_brutal,"v7 n=(1, 2, 3) idf=0.0 dim=2.0 norm=False/dice pw=0.5",v7,"{""denominator"": ""dice"", ""dim"": 2.0, ""idf"": 0.0, ""n"": ""(1, 2, 3)"", ""normalize"": false, ""position_weight"": 0.5}",tune,False,125,0.17275,0.17275,0.19582,0.112,0.296,0.48,3.25452
typo_brutal,"v7 n=(1, 2, 3) idf=0.0 dim=2.0 norm=False/dice pw=1.0",v7,"{""denominator"": ""dice"", ""dim"": 2.0, ""idf"": 0.0, ""n"": ""(1, 2, 3)"", ""normalize"": false, ""position_weight"": 1.0}",tune,False,125,0.2154,0.2154,0.24011,0.144,0.344,0.52,3.42448
typo_brutal,"v7 n=(1, 2, 3) idf=0.0 dim=2.0 norm=True/dice pw=0.0",v7,"{""denominator"": ""dice"", ""dim"": 2.0, ""idf"": 0.0, ""n"": ""(1, 2, 3)"", ""normalize"": true, ""position_weight"": 0.0}",tune,False,125,0.29436,0.29436,0.33279,0.2,0.488,0.704,3.84853
typo_brutal,"v7 n=(1, 2, 3) idf=0.0 dim=2.0 norm=True/dice pw=0.5",v7,"{""denominator"": ""dice"", ""dim"": 2.0, ""idf"": 0.0, ""n"": ""(1, 2, 3)"", ""normalize"": true, ""position_weight"": 0.5}",tune,False,125,0.34412,0.34412,0.38902,0.24,0.56,0.752,3.81955
typo_brutal,"v7 n=(1, 2, 3) idf=0.0 dim=2.0 norm=True/dice pw=1.0",v7,"{""denominator"": ""dice"", ""dim"": 2.0, ""idf"": 0.0, ""n"": ""(1, 2, 3)"", ""normalize"": true, ""position_weight"": 1.0}",tune,False,125,0.38162,0.38162,0.42494,0.288,0.592,0.776,3.48509
typo_brutal,"v7 n=(1, 2, 3) idf=0.0 dim=2.0 norm=True/geo pw=0.0",v7,"{""denominator"": ""geo"", ""dim"": 2.0, ""idf"": 0.0, ""n"": ""(1, 2, 3)"", ""normalize"": true, ""position_weight"": 0.0}",tune,False,125,0.28351,0.28351,0.32747,0.192,0.496,0.68,3.62773
typo_brutal,"v7 n=(1, 2, 3) idf=0.0 dim=2.0 norm=True/geo pw=0.5",v7,"{""denominator"": ""geo"", ""dim"": 2.0, ""idf"": 0.0, ""n"": ""(1, 2, 3)"", ""normalize"": true, ""position_weight"": 0.5}",tune,False,125,0.32722,0.32722,0.3719,0.224,0.544,0.744,4.25855
typo_brutal,"v7 n=(1, 2, 3) idf=0.0 dim=2.0 norm=True/geo pw=1.0",v7,"{""denominator"": ""geo"", ""dim"": 2.0, ""idf"": 0.0, ""n"": ""(1, 2, 3)"", ""normalize"": true, ""position_weight"": 1.0}",tune,False,125,0.37646,0.37646,0.41709,0.28,0.576,0.76,3.56608
typo_brutal,"v7 n=(1, 2, 3) idf=1.0 dim=1.0 norm=False/dice pw=0.0",v7,"{""denominator"": ""dice"", ""dim"": 1.0, ""idf"": 1.0, ""n"": ""(1, 2, 3)"", ""normalize"": false, ""position_weight"": 0.0}",tune,False,125,0.12645,0.12645,0.14546,0.072,0.224,0.368,2.88143
typo_brutal,"v7 n=(1, 2, 3) idf=1.0 dim=1.0 norm=False/dice pw=0.5",v7,"{""denominator"": ""dice"", ""dim"": 1.0, ""idf"": 1.0, ""n"": ""(1, 2, 3)"", ""normalize"": false, ""position_weight"": 0.5}",tune,False,125,0.14167,0.14167,0.15843,0.088,0.232,0.384,2.6773
typo_brutal,"v7 n=(1, 2, 3) idf=1.0 dim=1.0 norm=False/dice pw=1.0",v7,"{""denominator"": ""dice"", ""dim"": 1.0, ""idf"": 1.0, ""n"": ""(1, 2, 3)"", ""normalize"": false, ""position_weight"": 1.0}",tune,False,125,0.14944,0.14944,0.16608,0.096,0.24,0.4,2.8949
typo_brutal,"v7 n=(1, 2, 3) idf=1.0 dim=1.0 norm=True/dice pw=0.0",v7,"{""denominator"": ""dice"", ""dim"": 1.0, ""idf"": 1.0, ""n"": ""(1, 2, 3)"", ""normalize"": true, ""position_weight"": 0.0}",tune,False,125,0.20174,0.20174,0.22997,0.12,0.344,0.52,3.42799
typo_brutal,"v7 n=(1, 2, 3) idf=1.0 dim=1.0 norm=True/dice pw=0.5",v7,"{""denominator"": ""dice"", ""dim"": 1.0, ""idf"": 1.0, ""n"": ""(1, 2, 3)"", ""normalize"": true, ""position_weight"": 0.5}",tune,False,125,0.22033,0.22033,0.2489,0.144,0.368,0.568,3.77173
typo_brutal,"v7 n=(1, 2, 3) idf=1.0 dim=1.0 norm=True/dice pw=1.0",v7,"{""denominator"": ""dice"", ""dim"": 1.0, ""idf"": 1.0, ""n"": ""(1, 2, 3)"", ""normalize"": true, ""position_weight"": 1.0}",tune,False,125,0.23854,0.23854,0.2681,0.16,0.392,0.608,3.4252
typo_brutal,"v7 n=(1, 2, 3) idf=1.0 dim=1.0 norm=True/geo pw=0.0",v7,"{""denominator"": ""geo"", ""dim"": 1.0, ""idf"": 1.0, ""n"": ""(1, 2, 3)"", ""normalize"": true, ""position_weight"": 0.0}",tune,False,125,0.18546,0.18546,0.21733,0.112,0.344,0.528,3.57647
typo_brutal,"v7 n=(1, 2, 3) idf=1.0 dim=1.0 norm=True/geo pw=0.5",v7,"{""denominator"": ""geo"", ""dim"": 1.0, ""idf"": 1.0, ""n"": ""(1, 2, 3)"", ""normalize"": true, ""position_weight"": 0.5}",tune,False,125,0.21488,0.21488,0.24265,0.144,0.36,0.552,3.52329
typo_brutal,"v7 n=(1, 2, 3) idf=1.0 dim=1.0 norm=True/geo pw=1.0",v7,"{""denominator"": ""geo"", ""dim"": 1.0, ""idf"": 1.0, ""n"": ""(1, 2, 3)"", ""normalize"": true, ""position_weight"": 1.0}",tune,False,125,0.23366,0.23366,0.26477,0.16,0.392,0.6,3.5442
typo_brutal,"v7 n=(1, 2, 3) idf=1.0 dim=2.0 norm=False/dice pw=0.0",v7,"{""denominator"": ""dice"", ""dim"": 2.0, ""idf"": 1.0, ""n"": ""(1, 2, 3)"", ""normalize"": false, ""position_weight"": 0.0}",tune,False,125,0.12502,0.12502,0.14119,0.072,0.216,0.4,3.15196
typo_brutal,"v7 n=(1, 2, 3) idf=1.0 dim=2.0 norm=False/dice pw=0.5",v7,"{""denominator"": ""dice"", ""dim"": 2.0, ""idf"": 1.0, ""n"": ""(1, 2, 3)"", ""normalize"": false, ""position_weight"": 0.5}",tune,False,125,0.1303,0.1303,0.14886,0.072,0.232,0.408,2.90867
typo_brutal,"v7 n=(1, 2, 3) idf=1.0 dim=2.0 norm=False/dice pw=1.0",v7,"{""denominator"": ""dice"", ""dim"": 2.0, ""idf"": 1.0, ""n"": ""(1, 2, 3)"", ""normalize"": false, ""position_weight"": 1.0}",tune,False,125,0.14303,0.14303,0.15975,0.088,0.24,0.424,3.01119
typo_brutal,"v7 n=(1, 2, 3) idf=1.0 dim=2.0 norm=True/dice pw=0.0",v7,"{""denominator"": ""dice"", ""dim"": 2.0, ""idf"": 1.0, ""n"": ""(1, 2, 3)"", ""normalize"": true, ""position_weight"": 0.0}",tune,False,125,0.17648,0.17648,0.19401,0.12,0.296,0.568,3.7397
typo_brutal,"v7 n=(1, 2, 3) idf=1.0 dim=2.0 norm=True/dice pw=0.5",v7,"{""denominator"": ""dice"", ""dim"": 2.0, ""idf"": 1.0, ""n"": ""(1, 2, 3)"", ""normalize"": true, ""position_weight"": 0.5}",tune,False,125,0.21299,0.21299,0.24778,0.136,0.4,0.584,3.64318
typo_brutal,"v7 n=(1, 2, 3) idf=1.0 dim=2.0 norm=True/dice pw=1.0",v7,"{""denominator"": ""dice"", ""dim"": 2.0, ""idf"": 1.0, ""n"": ""(1, 2, 3)"", ""normalize"": true, ""position_weight"": 1.0}",tune,False,125,0.25419,0.25419,0.30443,0.16,0.488,0.6,3.76998
typo_brutal,"v7 n=(1, 2, 3) idf=1.0 dim=2.0 norm=True/geo pw=0.0",v7,"{""denominator"": ""geo"", ""dim"": 2.0, ""idf"": 1.0, ""n"": ""(1, 2, 3)"", ""normalize"": true, ""position_weight"": 0.0}",tune,False,125,0.18693,0.18693,0.20151,0.128,0.296,0.552,3.79952
typo_brutal,"v7 n=(1, 2, 3) idf=1.0 dim=2.0 norm=True/geo pw=0.5",v7,"{""denominator"": ""geo"", ""dim"": 2.0, ""idf"": 1.0, ""n"": ""(1, 2, 3)"", ""normalize"": true, ""position_weight"": 0.5}",tune,False,125,0.23651,0.23651,0.27332,0.152,0.424,0.584,3.51287
typo_brutal,"v7 n=(1, 2, 3) idf=1.0 dim=2.0 norm=True/geo pw=1.0",v7,"{""denominator"": ""geo"", ""dim"": 2.0, ""idf"": 1.0, ""n"": ""(1, 2, 3)"", ""normalize"": true, ""position_weight"": 1.0}",tune,False,125,0.26971,0.26971,0.31221,0.176,0.472,0.6,3.68136
typo_brutal,"v7 n=(1, 2, 3) idf=2.0 dim=1.0 norm=False/dice pw=0.0",v7,"{""denominator"": ""dice"", ""dim"": 1.0, ""idf"": 2.0, ""n"": ""(1, 2, 3)"", ""normalize"": false, ""position_weight"": 0.0}",tune,False,125,0.06754,0.06754,0.07356,0.04,0.12,0.28,3.46202
typo_brutal,"v7 n=(1, 2, 3) idf=2.0 dim=1.0 norm=False/dice pw=0.5",v7,"{""denominator"": ""dice"", ""dim"": 1.0, ""idf"": 2.0, ""n"": ""(1, 2, 3)"", ""normalize"": false, ""position_weight"": 0.5}",tune,False,125,0.07286,0.07286,0.07873,0.04,0.128,0.304,3.45692
typo_brutal,"v7 n=(1, 2, 3) idf=2.0 dim=1.0 norm=False/dice pw=1.0",v7,"{""denominator"": ""dice"", ""dim"": 1.0, ""idf"": 2.0, ""n"": ""(1, 2, 3)"", ""normalize"": false, ""position_weight"": 1.0}",tune,False,125,0.08039,0.08039,0.08882,0.048,0.144,0.304,3.39761
typo_brutal,"v7 n=(1, 2, 3) idf=2.0 dim=1.0 norm=True/dice pw=0.0",v7,"{""denominator"": ""dice"", ""dim"": 1.0, ""idf"": 2.0, ""n"": ""(1, 2, 3)"", ""normalize"": true, ""position_weight"": 0.0}",tune,False,125,0.0915,0.0915,0.10974,0.048,0.192,0.344,4.11751
typo_brutal,"v7 n=(1, 2, 3) idf=2.0 dim=1.0 norm=True/dice pw=0.5",v7,"{""denominator"": ""dice"", ""dim"": 1.0, ""idf"": 2.0, ""n"": ""(1, 2, 3)"", ""normalize"": true, ""position_weight"": 0.5}",tune,False,125,0.11183,0.11183,0.13553,0.056,0.232,0.376,4.00763
typo_brutal,"v7 n=(1, 2, 3) idf=2.0 dim=1.0 norm=True/dice pw=1.0",v7,"{""denominator"": ""dice"", ""dim"": 1.0, ""idf"": 2.0, ""n"": ""(1, 2, 3)"", ""normalize"": true, ""position_weight"": 1.0}",tune,False,125,0.12529,0.12529,0.14481,0.064,0.232,0.4,3.82091
typo_brutal,"v7 n=(1, 2, 3) idf=2.0 dim=1.0 norm=True/geo pw=0.0",v7,"{""denominator"": ""geo"", ""dim"": 1.0, ""idf"": 2.0, ""n"": ""(1, 2, 3)"", ""normalize"": true, ""position_weight"": 0.0}",tune,False,125,0.10588,0.10588,0.12389,0.064,0.208,0.376,3.86513
typo_brutal,"v7 n=(1, 2, 3) idf=2.0 dim=1.0 norm=True/geo pw=0.5",v7,"{""denominator"": ""geo"", ""dim"": 1.0, ""idf"": 2.0, ""n"": ""(1, 2, 3)"", ""normalize"": true, ""position_weight"": 0.5}",tune,False,125,0.11801,0.11801,0.13641,0.064,0.224,0.4,3.82542
typo_brutal,"v7 n=(1, 2, 3) idf=2.0 dim=1.0 norm=True/geo pw=1.0",v7,"{""denominator"": ""geo"", ""dim"": 1.0, ""idf"": 2.0, ""n"": ""(1, 2, 3)"", ""normalize"": true, ""position_weight"": 1.0}",tune,False,125,0.12633,0.12633,0.15046,0.064,0.256,0.432,4.48264
typo_brutal,"v7 n=(1, 2, 3) idf=2.0 dim=2.0 norm=False/dice pw=0.0",v7,"{""denominator"": ""dice"", ""dim"": 2.0, ""idf"": 2.0, ""n"": ""(1, 2, 3)"", ""normalize"": false, ""position_weight"": 0.0}",tune,False,125,0.06017,0.06017,0.06132,0.04,0.096,0.272,4.30214
typo_brutal,"v7 n=(1, 2, 3) idf=2.0 dim=2.0 norm=False/dice pw=0.5",v7,"{""denominator"": ""dice"", ""dim"": 2.0, ""idf"": 2.0, ""n"": ""(1, 2, 3)"", ""normalize"": false, ""position_weight"": 0.5}",tune,False,125,0.06531,0.06531,0.07094,0.04,0.12,0.28,4.09025
typo_brutal,"v7 n=(1, 2, 3) idf=2.0 dim=2.0 norm=False/dice pw=1.0",v7,"{""denominator"": ""dice"", ""dim"": 2.0, ""idf"": 2.0, ""n"": ""(1, 2, 3)"", ""normalize"": false, ""position_weight"": 1.0}",tune,False,125,0.06804,0.06804,0.07966,0.04,0.144,0.28,3.99583
typo_brutal,"v7 n=(1, 2, 3) idf=2.0 dim=2.0 norm=True/dice pw=0.0",v7,"{""denominator"": ""dice"", ""dim"": 2.0, ""idf"": 2.0, ""n"": ""(1, 2, 3)"", ""normalize"": true, ""position_weight"": 0.0}",tune,False,125,0.07722,0.07722,0.08889,0.048,0.144,0.264,5.56483
typo_brutal,"v7 n=(1, 2, 3) idf=2.0 dim=2.0 norm=True/dice pw=0.5",v7,"{""denominator"": ""dice"", ""dim"": 2.0, ""idf"": 2.0, ""n"": ""(1, 2, 3)"", ""normalize"": true, ""position_weight"": 0.5}",tune,False,125,0.10886,0.10886,0.12493,0.072,0.192,0.304,4.54037
typo_brutal,"v7 n=(1, 2, 3) idf=2.0 dim=2.0 norm=True/dice pw=1.0",v7,"{""denominator"": ""dice"", ""dim"": 2.0, ""idf"": 2.0, ""n"": ""(1, 2, 3)"", ""normalize"": true, ""position_weight"": 1.0}",tune,False,125,0.12601,0.12601,0.1368,0.088,0.192,0.344,4.09025
typo_brutal,"v7 n=(1, 2, 3) idf=2.0 dim=2.0 norm=True/geo pw=0.0",v7,"{""denominator"": ""geo"", ""dim"": 2.0, ""idf"": 2.0, ""n"": ""(1, 2, 3)"", ""normalize"": true, ""position_weight"": 0.0}",tune,False,125,0.08005,0.08005,0.0881,0.048,0.136,0.272,4.10064
typo_brutal,"v7 n=(1, 2, 3) idf=2.0 dim=2.0 norm=True/geo pw=0.5",v7,"{""denominator"": ""geo"", ""dim"": 2.0, ""idf"": 2.0, ""n"": ""(1, 2, 3)"", ""normalize"": true, ""position_weight"": 0.5}",tune,False,125,0.1158,0.1158,0.12685,0.072,0.184,0.328,4.40212
typo_brutal,"v7 n=(1, 2, 3) idf=2.0 dim=2.0 norm=True/geo pw=1.0",v7,"{""denominator"": ""geo"", ""dim"": 2.0, ""idf"": 2.0, ""n"": ""(1, 2, 3)"", ""normalize"": true, ""position_weight"": 1.0}",tune,False,125,0.13317,0.13317,0.14782,0.088,0.216,0.384,4.30572
typo_brutal,"v7 n=(1, 2, 3) idf=3.0 dim=1.0 norm=False/dice pw=0.0",v7,"{""denominator"": ""dice"", ""dim"": 1.0, ""idf"": 3.0, ""n"": ""(1, 2, 3)"", ""normalize"": false, ""position_weight"": 0.0}",tune,False,125,0.04446,0.04446,0.04868,0.024,0.088,0.248,2.76174
typo_brutal,"v7 n=(1, 2, 3) idf=3.0 dim=1.0 norm=False/dice pw=0.5",v7,"{""denominator"": ""dice"", ""dim"": 1.0, ""idf"": 3.0, ""n"": ""(1, 2, 3)"", ""normalize"": false, ""position_weight"": 0.5}",tune,False,125,0.04638,0.04638,0.04962,0.024,0.088,0.248,2.79478
typo_brutal,"v7 n=(1, 2, 3) idf=3.0 dim=1.0 norm=False/dice pw=1.0",v7,"{""denominator"": ""dice"", ""dim"": 1.0, ""idf"": 3.0, ""n"": ""(1, 2, 3)"", ""normalize"": false, ""position_weight"": 1.0}",tune,False,125,0.04734,0.04734,0.05435,0.024,0.104,0.256,2.74579
typo_brutal,"v7 n=(1, 2, 3) idf=3.0 dim=1.0 norm=True/dice pw=0.0",v7,"{""denominator"": ""dice"", ""dim"": 1.0, ""idf"": 3.0, ""n"": ""(1, 2, 3)"", ""normalize"": true, ""position_weight"": 0.0}",tune,False,125,0.05386,0.05386,0.0551,0.032,0.08,0.208,3.29481
typo_brutal,"v7 n=(1, 2, 3) idf=3.0 dim=1.0 norm=True/dice pw=0.5",v7,"{""denominator"": ""dice"", ""dim"": 1.0, ""idf"": 3.0, ""n"": ""(1, 2, 3)"", ""normalize"": true, ""position_weight"": 0.5}",tune,False,125,0.0529,0.0529,0.05934,0.024,0.104,0.24,3.48444
typo_brutal,"v7 n=(1, 2, 3) idf=3.0 dim=1.0 norm=True/dice pw=1.0",v7,"{""denominator"": ""dice"", ""dim"": 1.0, ""idf"": 3.0, ""n"": ""(1, 2, 3)"", ""normalize"": true, ""position_weight"": 1.0}",tune,False,125,0.05376,0.05376,0.06809,0.016,0.136,0.28,3.11842
typo_brutal,"v7 n=(1, 2, 3) idf=3.0 dim=1.0 norm=True/geo pw=0.0",v7,"{""denominator"": ""geo"", ""dim"": 1.0, ""idf"": 3.0, ""n"": ""(1, 2, 3)"", ""normalize"": true, ""position_weight"": 0.0}",tune,False,125,0.05554,0.05554,0.057,0.032,0.088,0.248,3.37749
typo_brutal,"v7 n=(1, 2, 3) idf=3.0 dim=1.0 norm=True/geo pw=0.5",v7,"{""denominator"": ""geo"", ""dim"": 1.0, ""idf"": 3.0, ""n"": ""(1, 2, 3)"", ""normalize"": true, ""position_weight"": 0.5}",tune,False,125,0.05576,0.05576,0.06483,0.024,0.12,0.272,3.31083
typo_brutal,"v7 n=(1, 2, 3) idf=3.0 dim=1.0 norm=True/geo pw=1.0",v7,"{""denominator"": ""geo"", ""dim"": 1.0, ""idf"": 3.0, ""n"": ""(1, 2, 3)"", ""normalize"": true, ""position_weight"": 1.0}",tune,False,125,0.05372,0.05372,0.06932,0.016,0.144,0.28,3.27359
typo_brutal,"v7 n=(1, 2, 3) idf=3.0 dim=2.0 norm=False/dice pw=0.0",v7,"{""denominator"": ""dice"", ""dim"": 2.0, ""idf"": 3.0, ""n"": ""(1, 2, 3)"", ""normalize"": false, ""position_weight"": 0.0}",tune,False,125,0.04366,0.04366,0.04791,0.024,0.088,0.24,2.92872
typo_brutal,"v7 n=(1, 2, 3) idf=3.0 dim=2.0 norm=False/dice pw=0.5",v7,"{""denominator"": ""dice"", ""dim"": 2.0, ""idf"": 3.0, ""n"": ""(1, 2, 3)"", ""normalize"": false, ""position_weight"": 0.5}",tune,False,125,0.04533,0.04533,0.05078,0.024,0.096,0.248,3.08831
typo_brutal,"v7 n=(1, 2, 3) idf=3.0 dim=2.0 norm=False/dice pw=1.0",v7,"{""denominator"": ""dice"", ""dim"": 2.0, ""idf"": 3.0, ""n"": ""(1, 2, 3)"", ""normalize"": false, ""position_weight"": 1.0}",tune,False,125,0.04674,0.04674,0.05366,0.024,0.104,0.256,2.92937
typo_brutal,"v7 n=(1, 2, 3) idf=3.0 dim=2.0 norm=True/dice pw=0.0",v7,"{""denominator"": ""dice"", ""dim"": 2.0, ""idf"": 3.0, ""n"": ""(1, 2, 3)"", ""normalize"": true, ""position_weight"": 0.0}",tune,False,125,0.04183,0.04183,0.04785,0.016,0.088,0.224,3.51945
typo_brutal,"v7 n=(1, 2, 3) idf=3.0 dim=2.0 norm=True/dice pw=0.5",v7,"{""denominator"": ""dice"", ""dim"": 2.0, ""idf"": 3.0, ""n"": ""(1, 2, 3)"", ""normalize"": true, ""position_weight"": 0.5}",tune,False,125,0.07319,0.07319,0.08896,0.04,0.152,0.232,3.40969
typo_brutal,"v7 n=(1, 2, 3) idf=3.0 dim=2.0 norm=True/dice pw=1.0",v7,"{""denominator"": ""dice"", ""dim"": 2.0, ""idf"": 3.0, ""n"": ""(1, 2, 3)"", ""normalize"": true, ""position_weight"": 1.0}",tune,False,125,0.0677,0.0677,0.08457,0.024,0.152,0.232,3.48883
typo_brutal,"v7 n=(1, 2, 3) idf=3.0 dim=2.0 norm=True/geo pw=0.0",v7,"{""denominator"": ""geo"", ""dim"": 2.0, ""idf"": 3.0, ""n"": ""(1, 2, 3)"", ""normalize"": true, ""position_weight"": 0.0}",tune,False,125,0.05405,0.05405,0.0571,0.032,0.088,0.216,3.55075
typo_brutal,"v7 n=(1, 2, 3) idf=3.0 dim=2.0 norm=True/geo pw=0.5",v7,"{""denominator"": ""geo"", ""dim"": 2.0, ""idf"": 3.0, ""n"": ""(1, 2, 3)"", ""normalize"": true, ""position_weight"": 0.5}",tune,False,125,0.07999,0.07999,0.09587,0.048,0.16,0.248,3.34612
typo_brutal,"v7 n=(1, 2, 3) idf=3.0 dim=2.0 norm=True/geo pw=1.0",v7,"{""denominator"": ""geo"", ""dim"": 2.0, ""idf"": 3.0, ""n"": ""(1, 2, 3)"", ""normalize"": true, ""position_weight"": 1.0}",tune,False,125,0.07167,0.07167,0.08491,0.032,0.144,0.24,3.36315
typo_brutal,"v7 n=(1, 2) idf=0.0 dim=2.0 norm=True/dice pw=1.0",v7,"{""denominator"": ""dice"", ""dim"": 2.0, ""idf"": 0.0, ""n"": ""(1, 2)"", ""normalize"": true, ""position_weight"": 1.0}",test,True,125,0.41678,0.41678,0.46106,0.304,0.64,0.864,3.26565
typo_brutal,v7 default,v7_default,"{""denominator"": ""dice"", ""dim"": 1.0, ""idf"": 0.0, ""n"": ""(2, 4)"", ""normalize"": true, ""position_weight"": 1.0}",test,True,125,0.17649,0.17649,0.19487,0.112,0.288,0.504,1.86471
typo_brutal,"v7 n=(1, 2) idf=0.0 dim=1.0 norm=True/dice pw=0.0",v7_pw0.0,"{""denominator"": ""dice"", ""dim"": 1.0, ""idf"": 0.0, ""n"": ""(1, 2)"", ""normalize"": true, ""position_weight"": 0.0}",test,True,125,0.32614,0.32614,0.36273,0.224,0.52,0.768,3.09244
typo_brutal,"v7 n=(1, 2) idf=0.0 dim=1.0 norm=True/dice pw=0.5",v7_pw0.5,"{""denominator"": ""dice"", ""dim"": 1.0, ""idf"": 0.0, ""n"": ""(1, 2)"", ""normalize"": true, ""position_weight"": 0.5}",test,True,125,0.36547,0.36547,0.40602,0.264,0.576,0.792,3.02203
typo_brutal,"v7 n=(1, 2) idf=0.0 dim=2.0 norm=True/dice pw=1.0",v7_pw1.0,"{""denominator"": ""dice"", ""dim"": 2.0, ""idf"": 0.0, ""n"": ""(1, 2)"", ""normalize"": true, ""position_weight"": 1.0}",test,True,125,0.41678,0.41678,0.46106,0.304,0.64,0.864,3.19676
typo_brutal,v7 top-50 reranked by bm25_char,v7>bm25_char,"{""depth"": 50}",test,True,125,0.20174,0.20174,0.22619,0.104,0.384,0.864,4.91837
typo_brutal,"bm25_char n=(2,) k1=0.5 b=0.3 idf^1.0",bm25_char,"{""b"": 0.3, ""idf_exp"": 1.0, ""k1"": 0.5, ""n"": ""(2,)""}",tune,False,125,0.12313,0.12313,0.13827,0.08,0.216,0.424,1.84126
typo_brutal,"bm25_char n=(2,) k1=0.5 b=0.3 idf^2.0",bm25_char,"{""b"": 0.3, ""idf_exp"": 2.0, ""k1"": 0.5, ""n"": ""(2,)""}",tune,False,125,0.05054,0.05054,0.05877,0.024,0.112,0.256,1.70068
typo_brutal,"bm25_char n=(2,) k1=0.5 b=0.3 idf^3.0",bm25_char,"{""b"": 0.3, ""idf_exp"": 3.0, ""k1"": 0.5, ""n"": ""(2,)""}",tune,False,125,0.0231,0.0231,0.02612,0.008,0.056,0.184,1.56511
typo_brutal,"bm25_char n=(2,) k1=0.5 b=0.75 idf^1.0",bm25_char,"{""b"": 0.75, ""idf_exp"": 1.0, ""k1"": 0.5, ""n"": ""(2,)""}",tune,False,125,0.13394,0.13394,0.14988,0.088,0.232,0.424,1.42316
typo_brutal,"bm25_char n=(2,) k1=0.5 b=0.75 idf^2.0",bm25_char,"{""b"": 0.75, ""idf_exp"": 2.0, ""k1"": 0.5, ""n"": ""(2,)""}",tune,False,125,0.05232,0.05232,0.05998,0.024,0.112,0.264,1.48153
typo_brutal,"bm25_char n=(2,) k1=0.5 b=0.75 idf^3.0",bm25_char,"{""b"": 0.75, ""idf_exp"": 3.0, ""k1"": 0.5, ""n"": ""(2,)""}",tune,False,125,0.02283,0.02283,0.02603,0.008,0.056,0.184,1.42481
typo_brutal,"bm25_char n=(2,) k1=0.5 b=1.0 idf^1.0",bm25_char,"{""b"": 1.0, ""idf_exp"": 1.0, ""k1"": 0.5, ""n"": ""(2,)""}",tune,False,125,0.13539,0.13539,0.15062,0.088,0.232,0.432,1.35762
typo_brutal,"bm25_char n=(2,) k1=0.5 b=1.0 idf^2.0",bm25_char,"{""b"": 1.0, ""idf_exp"": 2.0, ""k1"": 0.5, ""n"": ""(2,)""}",tune,False,125,0.05267,0.05267,0.0621,0.024,0.12,0.272,1.46598
typo_brutal,"bm25_char n=(2,) k1=0.5 b=1.0 idf^3.0",bm25_char,"{""b"": 1.0, ""idf_exp"": 3.0, ""k1"": 0.5, ""n"": ""(2,)""}",tune,False,125,0.0207,0.0207,0.02433,0.008,0.056,0.184,1.36943
typo_brutal,"bm25_char n=(2,) k1=1.2 b=0.3 idf^1.0",bm25_char,"{""b"": 0.3, ""idf_exp"": 1.0, ""k1"": 1.2, ""n"": ""(2,)""}",tune,False,125,0.12754,0.12754,0.14541,0.08,0.232,0.416,1.43406
typo_brutal,"bm25_char n=(2,) k1=1.2 b=0.3 idf^2.0",bm25_char,"{""b"": 0.3, ""idf_exp"": 2.0, ""k1"": 1.2, ""n"": ""(2,)""}",tune,False,125,0.05058,0.05058,0.06109,0.024,0.12,0.256,1.34047
typo_brutal,"bm25_char n=(2,) k1=1.2 b=0.3 idf^3.0",bm25_char,"{""b"": 0.3, ""idf_exp"": 3.0, ""k1"": 1.2, ""n"": ""(2,)""}",tune,False,125,0.02313,0.02313,0.02612,0.008,0.056,0.184,1.41475
typo_brutal,"bm25_char n=(2,) k1=1.2 b=0.75 idf^1.0",bm25_char,"{""b"": 0.75, ""idf_exp"": 1.0, ""k1"": 1.2, ""n"": ""(2,)""}",tune,False,125,0.13353,0.13353,0.15374,0.08,0.248,0.424,1.45622
typo_brutal,"bm25_char n=(2,) k1=1.2 b=0.75 idf^2.0",bm25_char,"{""b"": 0.75, ""idf_exp"": 2.0, ""k1"": 1.2, ""n"": ""(2,)""}",tune,False,125,0.05119,0.05119,0.06291,0.024,0.128,0.28,1.53092
typo_brutal,"bm25_char n=(2,) k1=1.2 b=0.75 idf^3.0",bm25_char,"{""b"": 0.75, ""idf_exp"": 3.0, ""k1"": 1.2, ""n"": ""(2,)""}",tune,False,125,0.01584,0.01584,0.02052,0.0,0.056,0.2,1.43402
typo_brutal,"bm25_char n=(2,) k1=1.2 b=1.0 idf^1.0",bm25_char,"{""b"": 1.0, ""idf_exp"": 1.0, ""k1"": 1.2, ""n"": ""(2,)""}",tune,False,125,0.13063,0.13063,0.15137,0.08,0.248,0.44,1.25433
typo_brutal,"bm25_char n=(2,) k1=1.2 b=1.0 idf^2.0",bm25_char,"{""b"": 1.0, ""idf_exp"": 2.0, ""k1"": 1.2, ""n"": ""(2,)""}",tune,False,125,0.05068,0.05068,0.05639,0.024,0.104,0.28,1.40249
typo_brutal,"bm25_char n=(2,) k1=1.2 b=1.0 idf^3.0",bm25_char,"{""b"": 1.0, ""idf_exp"": 3.0, ""k1"": 1.2, ""n"": ""(2,)""}",tune,False,125,0.01572,0.01572,0.02086,0.0,0.056,0.192,1.38401
typo_brutal,"bm25_char n=(2,) k1=2.0 b=0.3 idf^1.0",bm25_char,"{""b"": 0.3, ""idf_exp"": 1.0, ""k1"": 2.0, ""n"": ""(2,)""}",tune,False,125,0.13011,0.13011,0.14755,0.08,0.232,0.416,1.75123
typo_brutal,"bm25_char n=(2,) k1=2.0 b=0.3 idf^2.0",bm25_char,"{""b"": 0.3, ""idf_exp"": 2.0, ""k1"": 2.0, ""n"": ""(2,)""}",tune,False,125,0.05138,0.05138,0.06169,0.024,0.12,0.264,2.4421
typo_brutal,"bm25_char n=(2,) k1=2.0 b=0.3 idf^3.0",bm25_char,"{""b"": 0.3, ""idf_exp"": 3.0, ""k1"": 2.0, ""n"": ""(2,)""}",tune,False,125,0.02301,0.02301,0.02603,0.008,0.056,0.184,2.36037
typo_brutal,"bm25_char n=(2,) k1=2.0 b=0.75 idf^1.0",bm25_char,"{""b"": 0.75, ""idf_exp"": 1.0, ""k1"": 2.0, ""n"": ""(2,)""}",tune,False,125,0.13186,0.13186,0.15244,0.08,0.248,0.432,2.07319
typo_brutal,"bm25_char n=(2,) k1=2.0 b=0.75 idf^2.0",bm25_char,"{""b"": 0.75, ""idf_exp"": 2.0, ""k1"": 2.0, ""n"": ""(2,)""}",tune,False,125,0.05066,0.05066,0.05608,0.024,0.104,0.28,2.32881
typo_brutal,"bm25_char n=(2,) k1=2.0 b=0.75 idf^3.0",bm25_char,"{""b"": 0.75, ""idf_exp"": 3.0, ""k1"": 2.0, ""n"": ""(2,)""}",tune,False,125,0.01568,0.01568,0.01855,0.0,0.048,0.184,1.89326
typo_brutal,"bm25_char n=(2,) k1=2.0 b=1.0 idf^1.0",bm25_char,"{""b"": 1.0, ""idf_exp"": 1.0, ""k1"": 2.0, ""n"": ""(2,)""}",tune,False,125,0.11375,0.11375,0.13522,0.056,0.232,0.424,1.787
typo_brutal,"bm25_char n=(2,) k1=2.0 b=1.0 idf^2.0",bm25_char,"{""b"": 1.0, ""idf_exp"": 2.0, ""k1"": 2.0, ""n"": ""(2,)""}",tune,False,125,0.04343,0.04343,0.0529,0.016,0.112,0.288,1.99323
typo_brutal,"bm25_char n=(2,) k1=2.0 b=1.0 idf^3.0",bm25_char,"{""b"": 1.0, ""idf_exp"": 3.0, ""k1"": 2.0, ""n"": ""(2,)""}",tune,False,125,0.01454,0.01454,0.0174,0.0,0.048,0.208,1.93027
typo_brutal,"bm25_char n=(3,) k1=0.5 b=0.3 idf^1.0",bm25_char,"{""b"": 0.3, ""idf_exp"": 1.0, ""k1"": 0.5, ""n"": ""(3,)""}",tune,False,125,0.07099,0.07099,0.07959,0.048,0.128,0.248,1.7588
typo_brutal,"bm25_char n=(3,) k1=0.5 b=0.3 idf^2.0",bm25_char,"{""b"": 0.3, ""idf_exp"": 2.0, ""k1"": 0.5, ""n"": ""(3,)""}",tune,False,125,0.06025,0.06025,0.06367,0.04,0.096,0.24,1.63308
typo_brutal,"bm25_char n=(3,) k1=0.5 b=0.3 idf^3.0",bm25_char,"{""b"": 0.3, ""idf_exp"": 3.0, ""k1"": 0.5, ""n"": ""(3,)""}",tune,False,125,0.05196,0.05196,0.04919,0.032,0.064,0.232,1.52918
typo_brutal,"bm25_char n=(3,) k1=0.5 b=0.75 idf^1.0",bm25_char,"{""b"": 0.75, ""idf_exp"": 1.0, ""k1"": 0.5, ""n"": ""(3,)""}",tune,False,125,0.07133,0.07133,0.07995,0.048,0.128,0.256,1.66719
typo_brutal,"bm25_char n=(3,) k1=0.5 b=0.75 idf^2.0",bm25_char,"{""b"": 0.75, ""idf_exp"": 2.0, ""k1"": 0.5, ""n"": ""(3,)""}",tune,False,125,0.0613,0.0613,0.06446,0.04,0.096,0.24,1.46417
typo_brutal,"bm25_char n=(3,) k1=0.5 b=0.75 idf^3.0",bm25_char,"{""b"": 0.75, ""idf_exp"": 3.0, ""k1"": 0.5, ""n"": ""(3,)""}",tune,False,125,0.0519,0.0519,0.04894,0.032,0.064,0.232,1.32963
typo_brutal,"bm25_char n=(3,) k1=0.5 b=1.0 idf^1.0",bm25_char,"{""b"": 1.0, ""idf_exp"": 1.0, ""k1"": 0.5, ""n"": ""(3,)""}",tune,False,125,0.07066,0.07066,0.07916,0.048,0.128,0.264,1.34871
typo_brutal,"bm25_char n=(3,) k1=0.5 b=1.0 idf^2.0",bm25_char,"{""b"": 1.0, ""idf_exp"": 2.0, ""k1"": 0.5, ""n"": ""(3,)""}",tune,False,125,0.06093,0.06093,0.06411,0.04,0.096,0.24,1.47936
typo_brutal,"bm25_char n=(3,) k1=0.5 b=1.0 idf^3.0",bm25_char,"{""b"": 1.0, ""idf_exp"": 3.0, ""k1"": 0.5, ""n"": ""(3,)""}",tune,False,125,0.04786,0.04786,0.04599,0.024,0.064,0.232,1.71858
typo_brutal,"bm25_char n=(3,) k1=1.2 b=0.3 idf^1.0",bm25_char,"{""b"": 0.3, ""idf_exp"": 1.0, ""k1"": 1.2, ""n"": ""(3,)""}",tune,False,125,0.07125,0.07125,0.07995,0.048,0.128,0.248,1.73462
typo_brutal,"bm25_char n=(3,) k1=1.2 b=0.3 idf^2.0",bm25_char,"{""b"": 0.3, ""idf_exp"": 2.0, ""k1"": 1.2, ""n"": ""(3,)""}",tune,False,125,0.06042,0.06042,0.06369,0.04,0.096,0.24,1.66931
typo_brutal,"bm25_char n=(3,) k1=1.2 b=0.3 idf^3.0",bm25_char,"{""b"": 0.3, ""idf_exp"": 3.0, ""k1"": 1.2, ""n"": ""(3,)""}",tune,False,125,0.05216,0.05216,0.04919,0.032,0.064,0.232,1.77119
typo_brutal,"bm25_char n=(3,) k1=1.2 b=0.75 idf^1.0",bm25_char,"{""b"": 0.75, ""idf_exp"": 1.0, ""k1"": 1.2, ""n"": ""(3,)""}",tune,False,125,0.07145,0.07145,0.07979,0.048,0.128,0.264,1.80347
typo_brutal,"bm25_char n=(3,) k1=1.2 b=0.75 idf^2.0",bm25_char,"{""b"": 0.75, ""idf_exp"": 2.0, ""k1"": 1.2, ""n"": ""(3,)""}",tune,False,125,0.0611,0.0611,0.06436,0.04,0.096,0.24,1.74314
typo_brutal,"bm25_char n=(3,) k1=1.2 b=0.75 idf^3.0",bm25_char,"{""b"": 0.75, ""idf_exp"": 3.0, ""k1"": 1.2, ""n"": ""(3,)""}",tune,False,125,0.0436,0.0436,0.04304,0.016,0.064,0.224,1.47947
typo_brutal,"bm25_char n=(3,) k1=1.2 b=1.0 idf^1.0",bm25_char,"{""b"": 1.0, ""idf_exp"": 1.0, ""k1"": 1.2, ""n"": ""(3,)""}",tune,False,125,0.06969,0.06969,0.07626,0.048,0.12,0.264,1.4769
typo_brutal,"bm25_char n=(3,) k1=1.2 b=1.0 idf^2.0",bm25_char,"{""b"": 1.0, ""idf_exp"": 2.0, ""k1"": 1.2, ""n"": ""(3,)""}",tune,False,125,0.052,0.052,0.05493,0.024,0.088,0.248,1.74186
typo_brutal,"bm25_char n=(3,) k1=1.2 b=1.0 idf^3.0",bm25_char,"{""b"": 1.0, ""idf_exp"": 3.0, ""k1"": 1.2, ""n"": ""(3,)""}",tune,False,125,0.04507,0.04507,0.04433,0.016,0.064,0.224,1.44506
typo_brutal,"bm25_char n=(3,) k1=2.0 b=0.3 idf^1.0",bm25_char,"{""b"": 0.3, ""idf_exp"": 1.0, ""k1"": 2.0, ""n"": ""(3,)""}",tune,False,125,0.07123,0.07123,0.07995,0.048,0.128,0.248,1.65492
typo_brutal,"bm25_char n=(3,) k1=2.0 b=0.3 idf^2.0",bm25_char,"{""b"": 0.3, ""idf_exp"": 2.0, ""k1"": 2.0, ""n"": ""(3,)""}",tune,False,125,0.06066,0.06066,0.06387,0.04,0.096,0.24,1.52068
typo_brutal,"bm25_char n=(3,) k1=2.0 b=0.3 idf^3.0",bm25_char,"{""b"": 0.3, ""idf_exp"": 3.0, ""k1"": 2.0, ""n"": ""(3,)""}",tune,False,125,0.05213,0.05213,0.04919,0.032,0.064,0.232,1.40836
typo_brutal,"bm25_char n=(3,) k1=2.0 b=0.75 idf^1.0",bm25_char,"{""b"": 0.75, ""idf_exp"": 1.0, ""k1"": 2.0, ""n"": ""(3,)""}",tune,False,125,0.07054,0.07054,0.07913,0.048,0.128,0.264,1.44367
typo_brutal,"bm25_char n=(3,) k1=2.0 b=0.75 idf^2.0",bm25_char,"{""b"": 0.75, ""idf_exp"": 2.0, ""k1"": 2.0, ""n"": ""(3,)""}",tune,False,125,0.0566,0.0566,0.05842,0.032,0.088,0.248,1.74943
typo_brutal,"bm25_char n=(3,) k1=2.0 b=0.75 idf^3.0",bm25_char,"{""b"": 0.75, ""idf_exp"": 3.0, ""k1"": 2.0, ""n"": ""(3,)""}",tune,False,125,0.04353,0.04353,0.04304,0.016,0.064,0.224,1.68064
typo_brutal,"bm25_char n=(3,) k1=2.0 b=1.0 idf^1.0",bm25_char,"{""b"": 1.0, ""idf_exp"": 1.0, ""k1"": 2.0, ""n"": ""(3,)""}",tune,False,125,0.06368,0.06368,0.07399,0.04,0.128,0.264,1.4615
typo_brutal,"bm25_char n=(3,) k1=2.0 b=1.0 idf^2.0",bm25_char,"{""b"": 1.0, ""idf_exp"": 2.0, ""k1"": 2.0, ""n"": ""(3,)""}",tune,False,125,0.04734,0.04734,0.05136,0.016,0.088,0.256,1.25668
typo_brutal,"bm25_char n=(3,) k1=2.0 b=1.0 idf^3.0",bm25_char,"{""b"": 1.0, ""idf_exp"": 3.0, ""k1"": 2.0, ""n"": ""(3,)""}",tune,False,125,0.03888,0.03888,0.03978,0.008,0.064,0.216,1.26982
typo_brutal,"bm25_char n=(4,) k1=0.5 b=0.3 idf^1.0",bm25_char,"{""b"": 0.3, ""idf_exp"": 1.0, ""k1"": 0.5, ""n"": ""(4,)""}",tune,False,125,0.04997,0.04997,0.05434,0.04,0.08,0.136,1.09021
typo_brutal,"bm25_char n=(4,) k1=0.5 b=0.3 idf^2.0",bm25_char,"{""b"": 0.3, ""idf_exp"": 2.0, ""k1"": 0.5, ""n"": ""(4,)""}",tune,False,125,0.04977,0.04977,0.05434,0.04,0.08,0.136,1.15189
typo_brutal,"bm25_char n=(4,) k1=0.5 b=0.3 idf^3.0",bm25_char,"{""b"": 0.3, ""idf_exp"": 3.0, ""k1"": 0.5, ""n"": ""(4,)""}",tune,False,125,0.04977,0.04977,0.05434,0.04,0.08,0.136,1.0814
typo_brutal,"bm25_char n=(4,) k1=0.5 b=0.75 idf^1.0",bm25_char,"{""b"": 0.75, ""idf_exp"": 1.0, ""k1"": 0.5, ""n"": ""(4,)""}",tune,False,125,0.05009,0.05009,0.05444,0.04,0.08,0.136,1.1209
typo_brutal,"bm25_char n=(4,) k1=0.5 b=0.75 idf^2.0",bm25_char,"{""b"": 0.75, ""idf_exp"": 2.0, ""k1"": 0.5, ""n"": ""(4,)""}",tune,False,125,0.04977,0.04977,0.05434,0.04,0.08,0.136,1.09349
typo_brutal,"bm25_char n=(4,) k1=0.5 b=0.75 idf^3.0",bm25_char,"{""b"": 0.75, ""idf_exp"": 3.0, ""k1"": 0.5, ""n"": ""(4,)""}",tune,False,125,0.04977,0.04977,0.05434,0.04,0.08,0.136,1.15173
typo_brutal,"bm25_char n=(4,) k1=0.5 b=1.0 idf^1.0",bm25_char,"{""b"": 1.0, ""idf_exp"": 1.0, ""k1"": 0.5, ""n"": ""(4,)""}",tune,False,125,0.05008,0.05008,0.05444,0.04,0.08,0.136,0.81698
typo_brutal,"bm25_char n=(4,) k1=0.5 b=1.0 idf^2.0",bm25_char,"{""b"": 1.0, ""idf_exp"": 2.0, ""k1"": 0.5, ""n"": ""(4,)""}",tune,False,125,0.04986,0.04986,0.05444,0.04,0.08,0.136,0.94554
typo_brutal,"bm25_char n=(4,) k1=0.5 b=1.0 idf^3.0",bm25_char,"{""b"": 1.0, ""idf_exp"": 3.0, ""k1"": 0.5, ""n"": ""(4,)""}",tune,False,125,0.04977,0.04977,0.05434,0.04,0.08,0.136,1.04475
typo_brutal,"bm25_char n=(4,) k1=1.2 b=0.3 idf^1.0",bm25_char,"{""b"": 0.3, ""idf_exp"": 1.0, ""k1"": 1.2, ""n"": ""(4,)""}",tune,False,125,0.05005,0.05005,0.05444,0.04,0.08,0.136,0.99367
typo_brutal,"bm25_char n=(4,) k1=1.2 b=0.3 idf^2.0",bm25_char,"{""b"": 0.3, ""idf_exp"": 2.0, ""k1"": 1.2, ""n"": ""(4,)""}",tune,False,125,0.04977,0.04977,0.05434,0.04,0.08,0.136,1.07465
typo_brutal,"bm25_char n=(4,) k1=1.2 b=0.3 idf^3.0",bm25_char,"{""b"": 0.3, ""idf_exp"": 3.0, ""k1"": 1.2, ""n"": ""(4,)""}",tune,False,125,0.04977,0.04977,0.05434,0.04,0.08,0.136,1.08121
typo_brutal,"bm25_char n=(4,) k1=1.2 b=0.75 idf^1.0",bm25_char,"{""b"": 0.75, ""idf_exp"": 1.0, ""k1"": 1.2, ""n"": ""(4,)""}",tune,False,125,0.05011,0.05011,0.05444,0.04,0.08,0.136,1.06978
typo_brutal,"bm25_char n=(4,) k1=1.2 b=0.75 idf^2.0",bm25_char,"{""b"": 0.75, ""idf_exp"": 2.0, ""k1"": 1.2, ""n"": ""(4,)""}",tune,False,125,0.04981,0.04981,0.05434,0.04,0.08,0.136,1.00345
typo_brutal,"bm25_char n=(4,) k1=1.2 b=0.75 idf^3.0",bm25_char,"{""b"": 0.75, ""idf_exp"": 3.0, ""k1"": 1.2, ""n"": ""(4,)""}",tune,False,125,0.04977,0.04977,0.05434,0.04,0.08,0.136,1.03898
typo_brutal,"bm25_char n=(4,) k1=1.2 b=1.0 idf^1.0",bm25_char,"{""b"": 1.0, ""idf_exp"": 1.0, ""k1"": 1.2, ""n"": ""(4,)""}",tune,False,125,0.05063,0.05063,0.05479,0.04,0.08,0.136,1.17709
typo_brutal,"bm25_char n=(4,) k1=1.2 b=1.0 idf^2.0",bm25_char,"{""b"": 1.0, ""idf_exp"": 2.0, ""k1"": 1.2, ""n"": ""(4,)""}",tune,False,125,0.0499,0.0499,0.05444,0.04,0.08,0.136,1.14403
typo_brutal,"bm25_char n=(4,) k1=1.2 b=1.0 idf^3.0",bm25_char,"{""b"": 1.0, ""idf_exp"": 3.0, ""k1"": 1.2, ""n"": ""(4,)""}",tune,False,125,0.04986,0.04986,0.05444,0.04,0.08,0.136,1.16436
typo_brutal,"bm25_char n=(4,) k1=2.0 b=0.3 idf^1.0",bm25_char,"{""b"": 0.3, ""idf_exp"": 1.0, ""k1"": 2.0, ""n"": ""(4,)""}",tune,False,125,0.05009,0.05009,0.05444,0.04,0.08,0.136,0.99066
typo_brutal,"bm25_char n=(4,) k1=2.0 b=0.3 idf^2.0",bm25_char,"{""b"": 0.3, ""idf_exp"": 2.0, ""k1"": 2.0, ""n"": ""(4,)""}",tune,False,125,0.04977,0.04977,0.05434,0.04,0.08,0.136,1.2831
typo_brutal,"bm25_char n=(4,) k1=2.0 b=0.3 idf^3.0",bm25_char,"{""b"": 0.3, ""idf_exp"": 3.0, ""k1"": 2.0, ""n"": ""(4,)""}",tune,False,125,0.04977,0.04977,0.05434,0.04,0.08,0.136,1.30589
typo_brutal,"bm25_char n=(4,) k1=2.0 b=0.75 idf^1.0",bm25_char,"{""b"": 0.75, ""idf_exp"": 1.0, ""k1"": 2.0, ""n"": ""(4,)""}",tune,False,125,0.05061,0.05061,0.05479,0.04,0.08,0.136,1.27199
typo_brutal,"bm25_char n=(4,) k1=2.0 b=0.75 idf^2.0",bm25_char,"{""b"": 0.75, ""idf_exp"": 2.0, ""k1"": 2.0, ""n"": ""(4,)""}",tune,False,125,0.0499,0.0499,0.05444,0.04,0.08,0.136,1.34094
typo_brutal,"bm25_char n=(4,) k1=2.0 b=0.75 idf^3.0",bm25_char,"{""b"": 0.75, ""idf_exp"": 3.0, ""k1"": 2.0, ""n"": ""(4,)""}",tune,False,125,0.04986,0.04986,0.05444,0.04,0.08,0.136,1.21243
typo_brutal,"bm25_char n=(4,) k1=2.0 b=1.0 idf^1.0",bm25_char,"{""b"": 1.0, ""idf_exp"": 1.0, ""k1"": 2.0, ""n"": ""(4,)""}",tune,False,125,0.0506,0.0506,0.05479,0.04,0.08,0.136,1.15038
typo_brutal,"bm25_char n=(4,) k1=2.0 b=1.0 idf^2.0",bm25_char,"{""b"": 1.0, ""idf_exp"": 2.0, ""k1"": 2.0, ""n"": ""(4,)""}",tune,False,125,0.05004,0.05004,0.05455,0.04,0.08,0.136,1.22812
typo_brutal,"bm25_char n=(4,) k1=2.0 b=1.0 idf^3.0",bm25_char,"{""b"": 1.0, ""idf_exp"": 3.0, ""k1"": 2.0, ""n"": ""(4,)""}",tune,False,125,0.05001,0.05001,0.05455,0.04,0.08,0.136,1.24438
typo_brutal,"bm25_char n=(2, 3) k1=0.5 b=0.3 idf^1.0",bm25_char,"{""b"": 0.3, ""idf_exp"": 1.0, ""k1"": 0.5, ""n"": ""(2, 3)""}",tune,False,125,0.10308,0.10308,0.12204,0.04,0.2,0.328,2.02518
typo_brutal,"bm25_char n=(2, 3) k1=0.5 b=0.3 idf^2.0",bm25_char,"{""b"": 0.3, ""idf_exp"": 2.0, ""k1"": 0.5, ""n"": ""(2, 3)""}",tune,False,125,0.0674,0.0674,0.07519,0.04,0.128,0.288,1.86408
typo_brutal,"bm25_char n=(2, 3) k1=0.5 b=0.3 idf^3.0",bm25_char,"{""b"": 0.3, ""idf_exp"": 3.0, ""k1"": 0.5, ""n"": ""(2, 3)""}",tune,False,125,0.04451,0.04451,0.04882,0.024,0.088,0.248,1.68622
typo_brutal,"bm25_char n=(2, 3) k1=0.5 b=0.75 idf^1.0",bm25_char,"{""b"": 0.75, ""idf_exp"": 1.0, ""k1"": 0.5, ""n"": ""(2, 3)""}",tune,False,125,0.10811,0.10811,0.12703,0.056,0.208,0.336,1.66188
typo_brutal,"bm25_char n=(2, 3) k1=0.5 b=0.75 idf^2.0",bm25_char,"{""b"": 0.75, ""idf_exp"": 2.0, ""k1"": 0.5, ""n"": ""(2, 3)""}",tune,False,125,0.06984,0.06984,0.07256,0.048,0.112,0.288,1.50254
typo_brutal,"bm25_char n=(2, 3) k1=0.5 b=0.75 idf^3.0",bm25_char,"{""b"": 0.75, ""idf_exp"": 3.0, ""k1"": 0.5, ""n"": ""(2, 3)""}",tune,False,125,0.04499,0.04499,0.04688,0.024,0.08,0.248,1.61738
typo_brutal,"bm25_char n=(2, 3) k1=0.5 b=1.0 idf^1.0",bm25_char,"{""b"": 1.0, ""idf_exp"": 1.0, ""k1"": 0.5, ""n"": ""(2, 3)""}",tune,False,125,0.10328,0.10328,0.12045,0.056,0.2,0.336,1.51141
typo_brutal,"bm25_char n=(2, 3) k1=0.5 b=1.0 idf^2.0",bm25_char,"{""b"": 1.0, ""idf_exp"": 2.0, ""k1"": 0.5, ""n"": ""(2, 3)""}",tune,False,125,0.07098,0.07098,0.07534,0.048,0.12,0.296,1.62038
typo_brutal,"bm25_char n=(2, 3) k1=0.5 b=1.0 idf^3.0",bm25_char,"{""b"": 1.0, ""idf_exp"": 3.0, ""k1"": 0.5, ""n"": ""(2, 3)""}",tune,False,125,0.04525,0.04525,0.0451,0.024,0.072,0.24,1.37512
typo_brutal,"bm25_char n=(2, 3) k1=1.2 b=0.3 idf^1.0",bm25_char,"{""b"": 0.3, ""idf_exp"": 1.0, ""k1"": 1.2, ""n"": ""(2, 3)""}",tune,False,125,0.10759,0.10759,0.12522,0.048,0.2,0.328,1.38724
typo_brutal,"bm25_char n=(2, 3) k1=1.2 b=0.3 idf^2.0",bm25_char,"{""b"": 0.3, ""idf_exp"": 2.0, ""k1"": 1.2, ""n"": ""(2, 3)""}",tune,False,125,0.06631,0.06631,0.07205,0.04,0.12,0.288,1.54264
typo_brutal,"bm25_char n=(2, 3) k1=1.2 b=0.3 idf^3.0",bm25_char,"{""b"": 0.3, ""idf_exp"": 3.0, ""k1"": 1.2, ""n"": ""(2, 3)""}",tune,False,125,0.0449,0.0449,0.0492,0.024,0.088,0.248,1.62053
typo_brutal,"bm25_char n=(2, 3) k1=1.2 b=0.75 idf^1.0",bm25_char,"{""b"": 0.75, ""idf_exp"": 1.0, ""k1"": 1.2, ""n"": ""(2, 3)""}",tune,False,125,0.09687,0.09687,0.11761,0.048,0.208,0.344,1.59601
typo_brutal,"bm25_char n=(2, 3) k1=1.2 b=0.75 idf^2.0",bm25_char,"{""b"": 0.75, ""idf_exp"": 2.0, ""k1"": 1.2, ""n"": ""(2, 3)""}",tune,False,125,0.07164,0.07164,0.0782,0.048,0.128,0.296,1.72388
typo_brutal,"bm25_char n=(2, 3) k1=1.2 b=0.75 idf^3.0",bm25_char,"{""b"": 0.75, ""idf_exp"": 3.0, ""k1"": 1.2, ""n"": ""(2, 3)""}",tune,False,125,0.04548,0.04548,0.04541,0.024,0.072,0.24,1.41597
typo_brutal,"bm25_char n=(2, 3) k1=1.2 b=1.0 idf^1.0",bm25_char,"{""b"": 1.0, ""idf_exp"": 1.0, ""k1"": 1.2, ""n"": ""(2, 3)""}",tune,False,125,0.0981,0.0981,0.11592,0.056,0.2,0.352,1.6661
typo_brutal,"bm25_char n=(2, 3) k1=1.2 b=1.0 idf^2.0",bm25_char,"{""b"": 1.0, ""idf_exp"": 2.0, ""k1"": 1.2, ""n"": ""(2, 3)""}",tune,False,125,0.06973,0.06973,0.07232,0.048,0.112,0.296,1.59362
typo_brutal,"bm25_char n=(2, 3) k1=1.2 b=1.0 idf^3.0",bm25_char,"{""b"": 1.0, ""idf_exp"": 3.0, ""k1"": 1.2, ""n"": ""(2, 3)""}",tune,False,125,0.04269,0.04269,0.04351,0.016,0.072,0.24,1.61931
typo_brutal,"bm25_char n=(2, 3) k1=2.0 b=0.3 idf^1.0",bm25_char,"{""b"": 0.3, ""idf_exp"": 1.0, ""k1"": 2.0, ""n"": ""(2, 3)""}",tune,False,125,0.10524,0.10524,0.12326,0.048,0.2,0.328,1.66881
typo_brutal,"bm25_char n=(2, 3) k1=2.0 b=0.3 idf^2.0",bm25_char,"{""b"": 0.3, ""idf_exp"": 2.0, ""k1"": 2.0, ""n"": ""(2, 3)""}",tune,False,125,0.0655,0.0655,0.06927,0.04,0.112,0.288,1.61496
typo_brutal,"bm25_char n=(2, 3) k1=2.0 b=0.3 idf^3.0",bm25_char,"{""b"": 0.3, ""idf_exp"": 3.0, ""k1"": 2.0, ""n"": ""(2, 3)""}",tune,False,125,0.04473,0.04473,0.04668,0.024,0.08,0.248,1.98266
typo_brutal,"bm25_char n=(2, 3) k1=2.0 b=0.75 idf^1.0",bm25_char,"{""b"": 0.75, ""idf_exp"": 1.0, ""k1"": 2.0, ""n"": ""(2, 3)""}",tune,False,125,0.09467,0.09467,0.11375,0.048,0.2,0.344,1.98786
typo_brutal,"bm25_char n=(2, 3) k1=2.0 b=0.75 idf^2.0",bm25_char,"{""b"": 0.75, ""idf_exp"": 2.0, ""k1"": 2.0, ""n"": ""(2, 3)""}",tune,False,125,0.07038,0.07038,0.07488,0.048,0.12,0.296,1.62348
typo_brutal,"bm25_char n=(2, 3) k1=2.0 b=0.75 idf^3.0",bm25_char,"{""b"": 0.75, ""idf_exp"": 3.0, ""k1"": 2.0, ""n"": ""(2, 3)""}",tune,False,125,0.04144,0.04144,0.04246,0.016,0.072,0.24,1.65387
typo_brutal,"bm25_char n=(2, 3) k1=2.0 b=1.0 idf^1.0",bm25_char,"{""b"": 1.0, ""idf_exp"": 1.0, ""k1"": 2.0, ""n"": ""(2, 3)""}",tune,False,125,0.09262,0.09262,0.10953,0.056,0.192,0.328,1.4678
typo_brutal,"bm25_char n=(2, 3) k1=2.0 b=1.0 idf^2.0",bm25_char,"{""b"": 1.0, ""idf_exp"": 2.0, ""k1"": 2.0, ""n"": ""(2, 3)""}",tune,False,125,0.06379,0.06379,0.0676,0.04,0.112,0.296,1.87142
typo_brutal,"bm25_char n=(2, 3) k1=2.0 b=1.0 idf^3.0",bm25_char,"{""b"": 1.0, ""idf_exp"": 3.0, ""k1"": 2.0, ""n"": ""(2, 3)""}",tune,False,125,0.04181,0.04181,0.04271,0.016,0.072,0.248,1.84562
typo_brutal,"bm25_char n=(2, 4) k1=0.5 b=0.3 idf^1.0",bm25_char,"{""b"": 0.3, ""idf_exp"": 1.0, ""k1"": 0.5, ""n"": ""(2, 4)""}",tune,False,125,0.11253,0.11253,0.12472,0.08,0.192,0.376,2.006
typo_brutal,"bm25_char n=(2, 4) k1=0.5 b=0.3 idf^2.0",bm25_char,"{""b"": 0.3, ""idf_exp"": 2.0, ""k1"": 0.5, ""n"": ""(2, 4)""}",tune,False,125,0.09226,0.09226,0.09873,0.072,0.144,0.288,1.81988
typo_brutal,"bm25_char n=(2, 4) k1=0.5 b=0.3 idf^3.0",bm25_char,"{""b"": 0.3, ""idf_exp"": 3.0, ""k1"": 0.5, ""n"": ""(2, 4)""}",tune,False,125,0.06796,0.06796,0.08015,0.048,0.136,0.248,1.68225
typo_brutal,"bm25_char n=(2, 4) k1=0.5 b=0.75 idf^1.0",bm25_char,"{""b"": 0.75, ""idf_exp"": 1.0, ""k1"": 0.5, ""n"": ""(2, 4)""}",tune,False,125,0.11391,0.11391,0.12926,0.08,0.208,0.384,1.58719
typo_brutal,"bm25_char n=(2, 4) k1=0.5 b=0.75 idf^2.0",bm25_char,"{""b"": 0.75, ""idf_exp"": 2.0, ""k1"": 0.5, ""n"": ""(2, 4)""}",tune,False,125,0.0911,0.0911,0.0953,0.072,0.136,0.304,1.54179
typo_brutal,"bm25_char n=(2, 4) k1=0.5 b=0.75 idf^3.0",bm25_char,"{""b"": 0.75, ""idf_exp"": 3.0, ""k1"": 0.5, ""n"": ""(2, 4)""}",tune,False,125,0.06326,0.06326,0.07454,0.04,0.128,0.248,1.53825
typo_brutal,"bm25_char n=(2, 4) k1=0.5 b=1.0 idf^1.0",bm25_char,"{""b"": 1.0, ""idf_exp"": 1.0, ""k1"": 0.5, ""n"": ""(2, 4)""}",tune,False,125,0.10903,0.10903,0.12515,0.072,0.208,0.384,1.4878
typo_brutal,"bm25_char n=(2, 4) k1=0.5 b=1.0 idf^2.0",bm25_char,"{""b"": 1.0, ""idf_exp"": 2.0, ""k1"": 0.5, ""n"": ""(2, 4)""}",tune,False,125,0.09066,0.09066,0.09487,0.072,0.136,0.304,1.47866
typo_brutal,"bm25_char n=(2, 4) k1=0.5 b=1.0 idf^3.0",bm25_char,"{""b"": 1.0, ""idf_exp"": 3.0, ""k1"": 0.5, ""n"": ""(2, 4)""}",tune,False,125,0.06211,0.06211,0.07332,0.04,0.128,0.256,1.52626
typo_brutal,"bm25_char n=(2, 4) k1=1.2 b=0.3 idf^1.0",bm25_char,"{""b"": 0.3, ""idf_exp"": 1.0, ""k1"": 1.2, ""n"": ""(2, 4)""}",tune,False,125,0.11419,0.11419,0.12808,0.08,0.2,0.368,1.65409
typo_brutal,"bm25_char n=(2, 4) k1=1.2 b=0.3 idf^2.0",bm25_char,"{""b"": 0.3, ""idf_exp"": 2.0, ""k1"": 1.2, ""n"": ""(2, 4)""}",tune,False,125,0.0907,0.0907,0.09516,0.072,0.136,0.296,2.26042
typo_brutal,"bm25_char n=(2, 4) k1=1.2 b=0.3 idf^3.0",bm25_char,"{""b"": 0.3, ""idf_exp"": 3.0, ""k1"": 1.2, ""n"": ""(2, 4)""}",tune,False,125,0.06777,0.06777,0.08015,0.048,0.136,0.248,1.90837
typo_brutal,"bm25_char n=(2, 4) k1=1.2 b=0.75 idf^1.0",bm25_char,"{""b"": 0.75, ""idf_exp"": 1.0, ""k1"": 1.2, ""n"": ""(2, 4)""}",tune,False,125,0.1086,0.1086,0.127,0.072,0.216,0.384,1.75749
typo_brutal,"bm25_char n=(2, 4) k1=1.2 b=0.75 idf^2.0",bm25_char,"{""b"": 0.75, ""idf_exp"": 2.0, ""k1"": 1.2, ""n"": ""(2, 4)""}",tune,False,125,0.08258,0.08258,0.08892,0.056,0.136,0.304,1.66103
typo_brutal,"bm25_char n=(2, 4) k1=1.2 b=0.75 idf^3.0",bm25_char,"{""b"": 0.75, ""idf_exp"": 3.0, ""k1"": 1.2, ""n"": ""(2, 4)""}",tune,False,125,0.05677,0.05677,0.06944,0.032,0.128,0.248,1.54472
typo_brutal,"bm25_char n=(2, 4) k1=1.2 b=1.0 idf^1.0",bm25_char,"{""b"": 1.0, ""idf_exp"": 1.0, ""k1"": 1.2, ""n"": ""(2, 4)""}",tune,False,125,0.10049,0.10049,0.11897,0.056,0.208,0.384,1.57846
typo_brutal,"bm25_char n=(2, 4) k1=1.2 b=1.0 idf^2.0",bm25_char,"{""b"": 1.0, ""idf_exp"": 2.0, ""k1"": 1.2, ""n"": ""(2, 4)""}",tune,False,125,0.07976,0.07976,0.08445,0.056,0.128,0.312,1.85914
typo_brutal,"bm25_char n=(2, 4) k1=1.2 b=1.0 idf^3.0",bm25_char,"{""b"": 1.0, ""idf_exp"": 3.0, ""k1"": 1.2, ""n"": ""(2, 4)""}",tune,False,125,0.0533,0.0533,0.06655,0.032,0.128,0.256,1.77936
typo_brutal,"bm25_char n=(2, 4) k1=2.0 b=0.3 idf^1.0",bm25_char,"{""b"": 0.3, ""idf_exp"": 1.0, ""k1"": 2.0, ""n"": ""(2, 4)""}",tune,False,125,0.11421,0.11421,0.12766,0.08,0.2,0.376,1.68178
typo_brutal,"bm25_char n=(2, 4) k1=2.0 b=0.3 idf^2.0",bm25_char,"{""b"": 0.3, ""idf_exp"": 2.0, ""k1"": 2.0, ""n"": ""(2, 4)""}",tune,False,125,0.09091,0.09091,0.09516,0.072,0.136,0.304,1.54307
typo_brutal,"bm25_char n=(2, 4) k1=2.0 b=0.3 idf^3.0",bm25_char,"{""b"": 0.3, ""idf_exp"": 3.0, ""k1"": 2.0, ""n"": ""(2, 4)""}",tune,False,125,0.0633,0.0633,0.07681,0.04,0.136,0.248,1.35578
typo_brutal,"bm25_char n=(2, 4) k1=2.0 b=0.75 idf^1.0",bm25_char,"{""b"": 0.75, ""idf_exp"": 1.0, ""k1"": 2.0, ""n"": ""(2, 4)""}",tune,False,125,0.10438,0.10438,0.12165,0.064,0.208,0.392,1.46953
typo_brutal,"bm25_char n=(2, 4) k1=2.0 b=0.75 idf^2.0",bm25_char,"{""b"": 0.75, ""idf_exp"": 2.0, ""k1"": 2.0, ""n"": ""(2, 4)""}",tune,False,125,0.08204,0.08204,0.0887,0.056,0.136,0.304,1.41214
typo_brutal,"bm25_char n=(2, 4) k1=2.0 b=0.75 idf^3.0",bm25_char,"{""b"": 0.75, ""idf_exp"": 3.0, ""k1"": 2.0, ""n"": ""(2, 4)""}",tune,False,125,0.0553,0.0553,0.06825,0.032,0.128,0.256,1.494
typo_brutal,"bm25_char n=(2, 4) k1=2.0 b=1.0 idf^1.0",bm25_char,"{""b"": 1.0, ""idf_exp"": 1.0, ""k1"": 2.0, ""n"": ""(2, 4)""}",tune,False,125,0.09827,0.09827,0.11523,0.056,0.2,0.384,1.51078
typo_brutal,"bm25_char n=(2, 4) k1=2.0 b=1.0 idf^2.0",bm25_char,"{""b"": 1.0, ""idf_exp"": 2.0, ""k1"": 2.0, ""n"": ""(2, 4)""}",tune,False,125,0.0693,0.0693,0.08042,0.04,0.144,0.336,1.46931
typo_brutal,"bm25_char n=(2, 4) k1=2.0 b=1.0 idf^3.0",bm25_char,"{""b"": 1.0, ""idf_exp"": 3.0, ""k1"": 2.0, ""n"": ""(2, 4)""}",tune,False,125,0.05203,0.05203,0.06107,0.032,0.112,0.256,1.40372
typo_brutal,"bm25_char n=(3, 4) k1=0.5 b=0.3 idf^1.0",bm25_char,"{""b"": 0.3, ""idf_exp"": 1.0, ""k1"": 0.5, ""n"": ""(3, 4)""}",tune,False,125,0.07419,0.07419,0.0797,0.056,0.12,0.256,1.24652
typo_brutal,"bm25_char n=(3, 4) k1=0.5 b=0.3 idf^2.0",bm25_char,"{""b"": 0.3, ""idf_exp"": 2.0, ""k1"": 0.5, ""n"": ""(3, 4)""}",tune,False,125,0.07134,0.07134,0.07596,0.056,0.112,0.248,1.36329
typo_brutal,"bm25_char n=(3, 4) k1=0.5 b=0.3 idf^3.0",bm25_char,"{""b"": 0.3, ""idf_exp"": 3.0, ""k1"": 0.5, ""n"": ""(3, 4)""}",tune,False,125,0.06977,0.06977,0.07505,0.056,0.112,0.24,1.29979
typo_brutal,"bm25_char n=(3, 4) k1=0.5 b=0.75 idf^1.0",bm25_char,"{""b"": 0.75, ""idf_exp"": 1.0, ""k1"": 0.5, ""n"": ""(3, 4)""}",tune,False,125,0.07333,0.07333,0.07892,0.056,0.12,0.264,1.25189
typo_brutal,"bm25_char n=(3, 4) k1=0.5 b=0.75 idf^2.0",bm25_char,"{""b"": 0.75, ""idf_exp"": 2.0, ""k1"": 0.5, ""n"": ""(3, 4)""}",tune,False,125,0.06739,0.06739,0.07297,0.048,0.112,0.248,1.50435
typo_brutal,"bm25_char n=(3, 4) k1=0.5 b=0.75 idf^3.0",bm25_char,"{""b"": 0.75, ""idf_exp"": 3.0, ""k1"": 0.5, ""n"": ""(3, 4)""}",tune,False,125,0.06487,0.06487,0.07105,0.048,0.112,0.24,1.39698
typo_brutal,"bm25_char n=(3, 4) k1=0.5 b=1.0 idf^1.0",bm25_char,"{""b"": 1.0, ""idf_exp"": 1.0, ""k1"": 0.5, ""n"": ""(3, 4)""}",tune,False,125,0.06874,0.06874,0.07528,0.048,0.12,0.272,1.56423
typo_brutal,"bm25_char n=(3, 4) k1=0.5 b=1.0 idf^2.0",bm25_char,"{""b"": 1.0, ""idf_exp"": 2.0, ""k1"": 0.5, ""n"": ""(3, 4)""}",tune,False,125,0.06618,0.06618,0.07188,0.048,0.112,0.248,1.69444
typo_brutal,"bm25_char n=(3, 4) k1=0.5 b=1.0 idf^3.0",bm25_char,"{""b"": 1.0, ""idf_exp"": 3.0, ""k1"": 0.5, ""n"": ""(3, 4)""}",tune,False,125,0.06484,0.06484,0.07105,0.048,0.112,0.24,2.04934
typo_brutal,"bm25_char n=(3, 4) k1=1.2 b=0.3 idf^1.0",bm25_char,"{""b"": 0.3, ""idf_exp"": 1.0, ""k1"": 1.2, ""n"": ""(3, 4)""}",tune,False,125,0.07372,0.07372,0.07934,0.056,0.12,0.256,2.05824
typo_brutal,"bm25_char n=(3, 4) k1=1.2 b=0.3 idf^2.0",bm25_char,"{""b"": 0.3, ""idf_exp"": 2.0, ""k1"": 1.2, ""n"": ""(3, 4)""}",tune,False,125,0.07123,0.07123,0.07581,0.056,0.112,0.248,1.96671
typo_brutal,"bm25_char n=(3, 4) k1=1.2 b=0.3 idf^3.0",bm25_char,"{""b"": 0.3, ""idf_exp"": 3.0, ""k1"": 1.2, ""n"": ""(3, 4)""}",tune,False,125,0.06505,0.06505,0.0713,0.048,0.112,0.24,2.53825
typo_brutal,"bm25_char n=(3, 4) k1=1.2 b=0.75 idf^1.0",bm25_char,"{""b"": 0.75, ""idf_exp"": 1.0, ""k1"": 1.2, ""n"": ""(3, 4)""}",tune,False,125,0.06848,0.06848,0.07513,0.048,0.12,0.272,1.88728
typo_brutal,"bm25_char n=(3, 4) k1=1.2 b=0.75 idf^2.0",bm25_char,"{""b"": 0.75, ""idf_exp"": 2.0, ""k1"": 1.2, ""n"": ""(3, 4)""}",tune,False,125,0.06584,0.06584,0.07167,0.048,0.112,0.248,1.66538
typo_brutal,"bm25_char n=(3, 4) k1=1.2 b=0.75 idf^3.0",bm25_char,"{""b"": 0.75, ""idf_exp"": 3.0, ""k1"": 1.2, ""n"": ""(3, 4)""}",tune,False,125,0.06078,0.06078,0.0681,0.04,0.112,0.24,1.55125
typo_brutal,"bm25_char n=(3, 4) k1=1.2 b=1.0 idf^1.0",bm25_char,"{""b"": 1.0, ""idf_exp"": 1.0, ""k1"": 1.2, ""n"": ""(3, 4)""}",tune,False,125,0.06806,0.06806,0.07487,0.048,0.12,0.272,1.35564
typo_brutal,"bm25_char n=(3, 4) k1=1.2 b=1.0 idf^2.0",bm25_char,"{""b"": 1.0, ""idf_exp"": 2.0, ""k1"": 1.2, ""n"": ""(3, 4)""}",tune,False,125,0.06146,0.06146,0.06839,0.04,0.112,0.256,1.31847
typo_brutal,"bm25_char n=(3, 4) k1=1.2 b=1.0 idf^3.0",bm25_char,"{""b"": 1.0, ""idf_exp"": 3.0, ""k1"": 1.2, ""n"": ""(3, 4)""}",tune,False,125,0.05999,0.05999,0.06556,0.04,0.104,0.24,1.34101
typo_brutal,"bm25_char n=(3, 4) k1=2.0 b=0.3 idf^1.0",bm25_char,"{""b"": 0.3, ""idf_exp"": 1.0, ""k1"": 2.0, ""n"": ""(3, 4)""}",tune,False,125,0.07363,0.07363,0.07934,0.056,0.12,0.256,1.89036
typo_brutal,"bm25_char n=(3, 4) k1=2.0 b=0.3 idf^2.0",bm25_char,"{""b"": 0.3, ""idf_exp"": 2.0, ""k1"": 2.0, ""n"": ""(3, 4)""}",tune,False,125,0.07128,0.07128,0.07581,0.056,0.112,0.248,1.83269
typo_brutal,"bm25_char n=(3, 4) k1=2.0 b=0.3 idf^3.0",bm25_char,"{""b"": 0.3, ""idf_exp"": 3.0, ""k1"": 2.0, ""n"": ""(3, 4)""}",tune,False,125,0.06504,0.06504,0.0713,0.048,0.112,0.24,1.90394
typo_brutal,"bm25_char n=(3, 4) k1=2.0 b=0.75 idf^1.0",bm25_char,"{""b"": 0.75, ""idf_exp"": 1.0, ""k1"": 2.0, ""n"": ""(3, 4)""}",tune,False,125,0.06826,0.06826,0.07513,0.048,0.12,0.272,2.01472
typo_brutal,"bm25_char n=(3, 4) k1=2.0 b=0.75 idf^2.0",bm25_char,"{""b"": 0.75, ""idf_exp"": 2.0, ""k1"": 2.0, ""n"": ""(3, 4)""}",tune,False,125,0.06544,0.06544,0.07124,0.048,0.112,0.256,2.21124
typo_brutal,"bm25_char n=(3, 4) k1=2.0 b=0.75 idf^3.0",bm25_char,"{""b"": 0.75, ""idf_exp"": 3.0, ""k1"": 2.0, ""n"": ""(3, 4)""}",tune,False,125,0.06016,0.06016,0.06556,0.04,0.104,0.24,2.00904
typo_brutal,"bm25_char n=(3, 4) k1=2.0 b=1.0 idf^1.0",bm25_char,"{""b"": 1.0, ""idf_exp"": 1.0, ""k1"": 2.0, ""n"": ""(3, 4)""}",tune,False,125,0.06242,0.06242,0.07082,0.04,0.12,0.272,2.1819
typo_brutal,"bm25_char n=(3, 4) k1=2.0 b=1.0 idf^2.0",bm25_char,"{""b"": 1.0, ""idf_exp"": 2.0, ""k1"": 2.0, ""n"": ""(3, 4)""}",tune,False,125,0.05997,0.05997,0.06486,0.04,0.104,0.264,1.82292
typo_brutal,"bm25_char n=(3, 4) k1=2.0 b=1.0 idf^3.0",bm25_char,"{""b"": 1.0, ""idf_exp"": 3.0, ""k1"": 2.0, ""n"": ""(3, 4)""}",tune,False,125,0.0597,0.0597,0.06513,0.04,0.104,0.248,2.04564
typo_brutal,"bm25_char n=(2,) k1=0.5 b=1.0 idf^1.0",bm25_char,"{""b"": 1.0, ""idf_exp"": 1.0, ""k1"": 0.5, ""n"": ""(2,)""}",test,True,125,0.13839,0.13839,0.16124,0.08,0.264,0.456,2.47402
typo_brutal,"tfidf_char n=(2,)",tfidf_char,"{""n"": ""(2,)""}",tune,False,125,0.06121,0.06121,0.07183,0.024,0.128,0.272,2.93783
typo_brutal,"tfidf_char n=(3,)",tfidf_char,"{""n"": ""(3,)""}",tune,False,125,0.04811,0.04811,0.05756,0.016,0.104,0.24,2.59418
typo_brutal,"tfidf_char n=(4,)",tfidf_char,"{""n"": ""(4,)""}",tune,False,125,0.05169,0.05169,0.05337,0.04,0.072,0.136,2.2375
typo_brutal,"tfidf_char n=(2, 3)",tfidf_char,"{""n"": ""(2, 3)""}",tune,False,125,0.06569,0.06569,0.07227,0.04,0.12,0.288,2.7954
typo_brutal,"tfidf_char n=(2, 4)",tfidf_char,"{""n"": ""(2, 4)""}",tune,False,125,0.08101,0.08101,0.08575,0.056,0.128,0.304,2.98394
typo_brutal,"tfidf_char n=(3, 4)",tfidf_char,"{""n"": ""(3, 4)""}",tune,False,125,0.06762,0.06762,0.06909,0.048,0.096,0.232,2.42132
typo_brutal,"tfidf_char n=(2, 4)",tfidf_char,"{""n"": ""(2, 4)""}",test,True,125,0.09755,0.09755,0.10736,0.056,0.168,0.376,3.19211
typo_brutal,bm25_word k1=0.5 b=0.3,bm25_word,"{""b"": 0.3, ""idf_exp"": 1.0, ""k1"": 0.5}",tune,False,125,0.0,0.0,0.0,0.0,0.0,0.0,0.32826
typo_brutal,bm25_word k1=0.5 b=0.75,bm25_word,"{""b"": 0.75, ""idf_exp"": 1.0, ""k1"": 0.5}",tune,False,125,0.0,0.0,0.0,0.0,0.0,0.0,0.28936
typo_brutal,bm25_word k1=0.5 b=1.0,bm25_word,"{""b"": 1.0, ""idf_exp"": 1.0, ""k1"": 0.5}",tune,False,125,0.0,0.0,0.0,0.0,0.0,0.0,0.4141
typo_brutal,bm25_word k1=1.2 b=0.3,bm25_word,"{""b"": 0.3, ""idf_exp"": 1.0, ""k1"": 1.2}",tune,False,125,0.0,0.0,0.0,0.0,0.0,0.0,0.22479
typo_brutal,bm25_word k1=1.2 b=0.75,bm25_word,"{""b"": 0.75, ""idf_exp"": 1.0, ""k1"": 1.2}",tune,False,125,0.0,0.0,0.0,0.0,0.0,0.0,0.22025
typo_brutal,bm25_word k1=1.2 b=1.0,bm25_word,"{""b"": 1.0, ""idf_exp"": 1.0, ""k1"": 1.2}",tune,False,125,0.0,0.0,0.0,0.0,0.0,0.0,0.26129
typo_brutal,bm25_word k1=2.0 b=0.3,bm25_word,"{""b"": 0.3, ""idf_exp"": 1.0, ""k1"": 2.0}",tune,False,125,0.0,0.0,0.0,0.0,0.0,0.0,0.29538
typo_brutal,bm25_word k1=2.0 b=0.75,bm25_word,"{""b"": 0.75, ""idf_exp"": 1.0, ""k1"": 2.0}",tune,False,125,0.0,0.0,0.0,0.0,0.0,0.0,0.27056
typo_brutal,bm25_word k1=2.0 b=1.0,bm25_word,"{""b"": 1.0, ""idf_exp"": 1.0, ""k1"": 2.0}",tune,False,125,0.0,0.0,0.0,0.0,0.0,0.0,0.28496
typo_brutal,bm25_word k1=0.5 b=0.3,bm25_word,"{""b"": 0.3, ""idf_exp"": 1.0, ""k1"": 0.5}",test,True,125,0.0,0.0,0.0,0.0,0.0,0.0,0.2719
typo_brutal,damerau_levenshtein,damerau_levenshtein,"{""band"": 3}",tune,False,125,0.01672,0.01672,0.02168,0.008,0.04,0.056,1578.86535
typo_brutal,damerau_levenshtein,damerau_levenshtein,"{""band"": 3}",test,True,125,0.01674,0.01674,0.01809,0.008,0.024,0.04,1112.30967
typo_brutal,bm25_char top-50 reranked by v7,bm25_char>v7,"{""depth"": 50}",test,True,125,0.31318,0.31318,0.33982,0.256,0.432,0.464,5.96213
typo_brutal,v7 top-50 reranked by bm25_char,v7>bm25_char,"{""depth"": 50}",test,True,125,0.20174,0.20174,0.22619,0.104,0.384,0.864,6.03441
typo_brutal,rrf of v7 and bm25_char,"rrf(v7,bm25_char)","{""depth"": 50, ""k"": 60}",test,True,125,0.25704,0.25704,0.29392,0.144,0.472,0.824,5.88316
typo_brutal,tfidf_char top-50 reranked by v7,tfidf_char>v7,"{""depth"": 50}",test,True,125,0.26524,0.26524,0.28953,0.216,0.368,0.376,5.8455
typo_brutal,rrf of v7 and tfidf_char,"rrf(v7,tfidf_char)","{""depth"": 50, ""k"": 60}",test,True,125,0.25213,0.25213,0.31203,0.144,0.552,0.808,6.01784
typo_brutal,bm25_char + v7 at lam=0.1,"mix(bm25_char,v7)","{""lam"": 0.1}",tune,False,125,0.15363,0.15363,0.17159,0.104,0.264,0.456,7.84585
typo_brutal,bm25_char + v7 at lam=0.25,"mix(bm25_char,v7)","{""lam"": 0.25}",tune,False,125,0.1722,0.1722,0.2083,0.104,0.352,0.488,7.54715
typo_brutal,bm25_char + v7 at lam=0.5,"mix(bm25_char,v7)","{""lam"": 0.5}",tune,False,125,0.24121,0.24121,0.2827,0.144,0.432,0.568,7.48924
typo_brutal,bm25_char + v7 at lam=0.75,"mix(bm25_char,v7)","{""lam"": 0.75}",tune,False,125,0.3571,0.3571,0.39191,0.28,0.528,0.696,7.34948
typo_brutal,bm25_char + v7 at lam=0.9,"mix(bm25_char,v7)","{""lam"": 0.9}",tune,False,125,0.40336,0.40336,0.44248,0.328,0.592,0.744,7.38565
typo_brutal,bm25_char + v7 at lam=0.9,"mix(bm25_char,v7)","{""lam"": 0.9}",test,True,125,0.39291,0.39291,0.43534,0.28,0.616,0.864,8.15448
typo_brutal,tfidf_char + v7 at lam=0.1,"mix(tfidf_char,v7)","{""lam"": 0.1}",tune,False,125,0.0888,0.0888,0.09418,0.056,0.144,0.344,7.61903
typo_brutal,tfidf_char + v7 at lam=0.25,"mix(tfidf_char,v7)","{""lam"": 0.25}",tune,False,125,0.11007,0.11007,0.11724,0.064,0.184,0.488,7.61969
typo_brutal,tfidf_char + v7 at lam=0.5,"mix(tfidf_char,v7)","{""lam"": 0.5}",tune,False,125,0.16303,0.16303,0.19596,0.08,0.352,0.664,8.1522
typo_brutal,tfidf_char + v7 at lam=0.75,"mix(tfidf_char,v7)","{""lam"": 0.75}",tune,False,125,0.31665,0.31665,0.35157,0.216,0.504,0.736,7.28906
typo_brutal,tfidf_char + v7 at lam=0.9,"mix(tfidf_char,v7)","{""lam"": 0.9}",tune,False,125,0.39201,0.39201,0.43542,0.312,0.6,0.752,8.40326
typo_brutal,tfidf_char + v7 at lam=0.9,"mix(tfidf_char,v7)","{""lam"": 0.9}",test,True,125,0.3898,0.3898,0.43856,0.272,0.632,0.872,8.2506
