task,system,family,config,split,selected,n_queries,map,mrr,ndcg@10,hit@1,recall@10,recall@50,ms_per_query
walmart_amazon,"v7 n=(2,) idf=0.0 dim=1.0 norm=False/dice pw=0.0",v7,"{""denominator"": ""dice"", ""dim"": 1.0, ""idf"": 0.0, ""n"": ""(2,)"", ""normalize"": false, ""position_weight"": 0.0}",tune,False,150,0.82794,0.83663,0.86418,0.74667,0.97,0.99333,58.51935
walmart_amazon,"v7 n=(2,) idf=0.0 dim=1.0 norm=False/dice pw=0.5",v7,"{""denominator"": ""dice"", ""dim"": 1.0, ""idf"": 0.0, ""n"": ""(2,)"", ""normalize"": false, ""position_weight"": 0.5}",tune,False,150,0.82829,0.83611,0.86447,0.74,0.97,0.99333,57.08095
walmart_amazon,"v7 n=(2,) idf=0.0 dim=1.0 norm=False/dice pw=1.0",v7,"{""denominator"": ""dice"", ""dim"": 1.0, ""idf"": 0.0, ""n"": ""(2,)"", ""normalize"": false, ""position_weight"": 1.0}",tune,False,150,0.82911,0.83445,0.86779,0.73333,0.98,0.99333,57.33652
walmart_amazon,"v7 n=(2,) idf=0.0 dim=1.0 norm=True/dice pw=0.0",v7,"{""denominator"": ""dice"", ""dim"": 1.0, ""idf"": 0.0, ""n"": ""(2,)"", ""normalize"": true, ""position_weight"": 0.0}",tune,False,150,0.80279,0.80999,0.84409,0.71333,0.96333,0.98667,58.38885
walmart_amazon,"v7 n=(2,) idf=0.0 dim=1.0 norm=True/dice pw=0.5",v7,"{""denominator"": ""dice"", ""dim"": 1.0, ""idf"": 0.0, ""n"": ""(2,)"", ""normalize"": true, ""position_weight"": 0.5}",tune,False,150,0.79679,0.80469,0.83973,0.70667,0.96333,0.98667,58.5636
walmart_amazon,"v7 n=(2,) idf=0.0 dim=1.0 norm=True/dice pw=1.0",v7,"{""denominator"": ""dice"", ""dim"": 1.0, ""idf"": 0.0, ""n"": ""(2,)"", ""normalize"": true, ""position_weight"": 1.0}",tune,False,150,0.79131,0.8009,0.83591,0.7,0.96333,0.99,58.88315
walmart_amazon,"v7 n=(2,) idf=0.0 dim=1.0 norm=True/geo pw=0.0",v7,"{""denominator"": ""geo"", ""dim"": 1.0, ""idf"": 0.0, ""n"": ""(2,)"", ""normalize"": true, ""position_weight"": 0.0}",tune,False,150,0.8086,0.81574,0.84817,0.72,0.96333,0.99333,57.81217
walmart_amazon,"v7 n=(2,) idf=0.0 dim=1.0 norm=True/geo pw=0.5",v7,"{""denominator"": ""geo"", ""dim"": 1.0, ""idf"": 0.0, ""n"": ""(2,)"", ""normalize"": true, ""position_weight"": 0.5}",tune,False,150,0.8045,0.81242,0.84535,0.71333,0.96333,1.0,57.15301
walmart_amazon,"v7 n=(2,) idf=0.0 dim=1.0 norm=True/geo pw=1.0",v7,"{""denominator"": ""geo"", ""dim"": 1.0, ""idf"": 0.0, ""n"": ""(2,)"", ""normalize"": true, ""position_weight"": 1.0}",tune,False,150,0.79598,0.80539,0.83921,0.70667,0.96333,1.0,56.31018
walmart_amazon,"v7 n=(2,) idf=1.0 dim=1.0 norm=False/dice pw=0.0",v7,"{""denominator"": ""dice"", ""dim"": 1.0, ""idf"": 1.0, ""n"": ""(2,)"", ""normalize"": false, ""position_weight"": 0.0}",tune,False,150,0.89953,0.90652,0.92468,0.84,0.99333,1.0,55.12706
walmart_amazon,"v7 n=(2,) idf=1.0 dim=1.0 norm=False/dice pw=0.5",v7,"{""denominator"": ""dice"", ""dim"": 1.0, ""idf"": 1.0, ""n"": ""(2,)"", ""normalize"": false, ""position_weight"": 0.5}",tune,False,150,0.90763,0.91407,0.93054,0.85333,0.99333,1.0,54.07395
walmart_amazon,"v7 n=(2,) idf=1.0 dim=1.0 norm=False/dice pw=1.0",v7,"{""denominator"": ""dice"", ""dim"": 1.0, ""idf"": 1.0, ""n"": ""(2,)"", ""normalize"": false, ""position_weight"": 1.0}",tune,False,150,0.90425,0.9107,0.92808,0.84667,0.99333,1.0,55.27433
walmart_amazon,"v7 n=(2,) idf=1.0 dim=1.0 norm=True/dice pw=0.0",v7,"{""denominator"": ""dice"", ""dim"": 1.0, ""idf"": 1.0, ""n"": ""(2,)"", ""normalize"": true, ""position_weight"": 0.0}",tune,False,150,0.87606,0.87606,0.90782,0.78667,1.0,1.0,54.08659
walmart_amazon,"v7 n=(2,) idf=1.0 dim=1.0 norm=True/dice pw=0.5",v7,"{""denominator"": ""dice"", ""dim"": 1.0, ""idf"": 1.0, ""n"": ""(2,)"", ""normalize"": true, ""position_weight"": 0.5}",tune,False,150,0.86794,0.86794,0.90173,0.77333,1.0,1.0,52.6918
walmart_amazon,"v7 n=(2,) idf=1.0 dim=1.0 norm=True/dice pw=1.0",v7,"{""denominator"": ""dice"", ""dim"": 1.0, ""idf"": 1.0, ""n"": ""(2,)"", ""normalize"": true, ""position_weight"": 1.0}",tune,False,150,0.87106,0.87106,0.90399,0.78,1.0,1.0,53.02571
walmart_amazon,"v7 n=(2,) idf=1.0 dim=1.0 norm=True/geo pw=0.0",v7,"{""denominator"": ""geo"", ""dim"": 1.0, ""idf"": 1.0, ""n"": ""(2,)"", ""normalize"": true, ""position_weight"": 0.0}",tune,False,150,0.87667,0.87667,0.90822,0.78667,1.0,1.0,54.0523
walmart_amazon,"v7 n=(2,) idf=1.0 dim=1.0 norm=True/geo pw=0.5",v7,"{""denominator"": ""geo"", ""dim"": 1.0, ""idf"": 1.0, ""n"": ""(2,)"", ""normalize"": true, ""position_weight"": 0.5}",tune,False,150,0.87367,0.87367,0.90606,0.78,1.0,1.0,52.50208
walmart_amazon,"v7 n=(2,) idf=1.0 dim=1.0 norm=True/geo pw=1.0",v7,"{""denominator"": ""geo"", ""dim"": 1.0, ""idf"": 1.0, ""n"": ""(2,)"", ""normalize"": true, ""position_weight"": 1.0}",tune,False,150,0.87527,0.87527,0.90522,0.78667,0.99333,1.0,50.75448
walmart_amazon,"v7 n=(2,) idf=2.0 dim=1.0 norm=False/dice pw=0.0",v7,"{""denominator"": ""dice"", ""dim"": 1.0, ""idf"": 2.0, ""n"": ""(2,)"", ""normalize"": false, ""position_weight"": 0.0}",tune,False,150,0.8738,0.88262,0.90386,0.80667,0.98667,1.0,52.22201
walmart_amazon,"v7 n=(2,) idf=2.0 dim=1.0 norm=False/dice pw=0.5",v7,"{""denominator"": ""dice"", ""dim"": 1.0, ""idf"": 2.0, ""n"": ""(2,)"", ""normalize"": false, ""position_weight"": 0.5}",tune,False,150,0.87886,0.8868,0.90738,0.81333,0.98667,1.0,51.49159
walmart_amazon,"v7 n=(2,) idf=2.0 dim=1.0 norm=False/dice pw=1.0",v7,"{""denominator"": ""dice"", ""dim"": 1.0, ""idf"": 2.0, ""n"": ""(2,)"", ""normalize"": false, ""position_weight"": 1.0}",tune,False,150,0.87659,0.88341,0.90549,0.80667,0.98667,1.0,54.20696
walmart_amazon,"v7 n=(2,) idf=2.0 dim=1.0 norm=True/dice pw=0.0",v7,"{""denominator"": ""dice"", ""dim"": 1.0, ""idf"": 2.0, ""n"": ""(2,)"", ""normalize"": true, ""position_weight"": 0.0}",tune,False,150,0.87217,0.87384,0.90486,0.78667,1.0,1.0,54.7235
walmart_amazon,"v7 n=(2,) idf=2.0 dim=1.0 norm=True/dice pw=0.5",v7,"{""denominator"": ""dice"", ""dim"": 1.0, ""idf"": 2.0, ""n"": ""(2,)"", ""normalize"": true, ""position_weight"": 0.5}",tune,False,150,0.86385,0.86385,0.89838,0.76667,1.0,1.0,54.3565
walmart_amazon,"v7 n=(2,) idf=2.0 dim=1.0 norm=True/dice pw=1.0",v7,"{""denominator"": ""dice"", ""dim"": 1.0, ""idf"": 2.0, ""n"": ""(2,)"", ""normalize"": true, ""position_weight"": 1.0}",tune,False,150,0.86933,0.871,0.90274,0.78,1.0,1.0,57.56683
walmart_amazon,"v7 n=(2,) idf=2.0 dim=1.0 norm=True/geo pw=0.0",v7,"{""denominator"": ""geo"", ""dim"": 1.0, ""idf"": 2.0, ""n"": ""(2,)"", ""normalize"": true, ""position_weight"": 0.0}",tune,False,150,0.86811,0.86756,0.90153,0.77333,1.0,1.0,56.53216
walmart_amazon,"v7 n=(2,) idf=2.0 dim=1.0 norm=True/geo pw=0.5",v7,"{""denominator"": ""geo"", ""dim"": 1.0, ""idf"": 2.0, ""n"": ""(2,)"", ""normalize"": true, ""position_weight"": 0.5}",tune,False,150,0.86545,0.86489,0.89775,0.76667,0.99333,1.0,57.62485
walmart_amazon,"v7 n=(2,) idf=2.0 dim=1.0 norm=True/geo pw=1.0",v7,"{""denominator"": ""geo"", ""dim"": 1.0, ""idf"": 2.0, ""n"": ""(2,)"", ""normalize"": true, ""position_weight"": 1.0}",tune,False,150,0.87046,0.87157,0.90167,0.78,0.99333,1.0,57.6165
walmart_amazon,"v7 n=(2,) idf=3.0 dim=1.0 norm=False/dice pw=0.0",v7,"{""denominator"": ""dice"", ""dim"": 1.0, ""idf"": 3.0, ""n"": ""(2,)"", ""normalize"": false, ""position_weight"": 0.0}",tune,False,150,0.84661,0.85883,0.87708,0.78667,0.96333,1.0,56.76483
walmart_amazon,"v7 n=(2,) idf=3.0 dim=1.0 norm=False/dice pw=0.5",v7,"{""denominator"": ""dice"", ""dim"": 1.0, ""idf"": 3.0, ""n"": ""(2,)"", ""normalize"": false, ""position_weight"": 0.5}",tune,False,150,0.85081,0.86299,0.88391,0.79333,0.97667,1.0,56.3068
walmart_amazon,"v7 n=(2,) idf=3.0 dim=1.0 norm=False/dice pw=1.0",v7,"{""denominator"": ""dice"", ""dim"": 1.0, ""idf"": 3.0, ""n"": ""(2,)"", ""normalize"": false, ""position_weight"": 1.0}",tune,False,150,0.85175,0.86382,0.88269,0.79333,0.97,1.0,58.32894
walmart_amazon,"v7 n=(2,) idf=3.0 dim=1.0 norm=True/dice pw=0.0",v7,"{""denominator"": ""dice"", ""dim"": 1.0, ""idf"": 3.0, ""n"": ""(2,)"", ""normalize"": true, ""position_weight"": 0.0}",tune,False,150,0.85946,0.86595,0.89035,0.78667,0.98,1.0,58.84443
walmart_amazon,"v7 n=(2,) idf=3.0 dim=1.0 norm=True/dice pw=0.5",v7,"{""denominator"": ""dice"", ""dim"": 1.0, ""idf"": 3.0, ""n"": ""(2,)"", ""normalize"": true, ""position_weight"": 0.5}",tune,False,150,0.8575,0.86555,0.88926,0.78667,0.98,1.0,59.40672
walmart_amazon,"v7 n=(2,) idf=3.0 dim=1.0 norm=True/dice pw=1.0",v7,"{""denominator"": ""dice"", ""dim"": 1.0, ""idf"": 3.0, ""n"": ""(2,)"", ""normalize"": true, ""position_weight"": 1.0}",tune,False,150,0.85436,0.86251,0.88703,0.78,0.98,1.0,57.28185
walmart_amazon,"v7 n=(2,) idf=3.0 dim=1.0 norm=True/geo pw=0.0",v7,"{""denominator"": ""geo"", ""dim"": 1.0, ""idf"": 3.0, ""n"": ""(2,)"", ""normalize"": true, ""position_weight"": 0.0}",tune,False,150,0.85746,0.86385,0.89061,0.78,0.98667,1.0,58.13131
walmart_amazon,"v7 n=(2,) idf=3.0 dim=1.0 norm=True/geo pw=0.5",v7,"{""denominator"": ""geo"", ""dim"": 1.0, ""idf"": 3.0, ""n"": ""(2,)"", ""normalize"": true, ""position_weight"": 0.5}",tune,False,150,0.85638,0.86432,0.8902,0.78,0.98667,1.0,58.15645
walmart_amazon,"v7 n=(2,) idf=3.0 dim=1.0 norm=True/geo pw=1.0",v7,"{""denominator"": ""geo"", ""dim"": 1.0, ""idf"": 3.0, ""n"": ""(2,)"", ""normalize"": true, ""position_weight"": 1.0}",tune,False,150,0.85919,0.86475,0.89204,0.78,0.98667,1.0,58.50139
walmart_amazon,"v7 n=(3,) idf=0.0 dim=1.0 norm=False/dice pw=0.0",v7,"{""denominator"": ""dice"", ""dim"": 1.0, ""idf"": 0.0, ""n"": ""(3,)"", ""normalize"": false, ""position_weight"": 0.0}",tune,False,150,0.88314,0.88725,0.91374,0.80667,1.0,1.0,19.61259
walmart_amazon,"v7 n=(3,) idf=0.0 dim=1.0 norm=False/dice pw=0.5",v7,"{""denominator"": ""dice"", ""dim"": 1.0, ""idf"": 0.0, ""n"": ""(3,)"", ""normalize"": false, ""position_weight"": 0.5}",tune,False,150,0.884,0.88748,0.91236,0.80667,0.99333,1.0,20.24359
walmart_amazon,"v7 n=(3,) idf=0.0 dim=1.0 norm=False/dice pw=1.0",v7,"{""denominator"": ""dice"", ""dim"": 1.0, ""idf"": 0.0, ""n"": ""(3,)"", ""normalize"": false, ""position_weight"": 1.0}",tune,False,150,0.87597,0.87868,0.90624,0.79333,0.99333,1.0,18.91129
walmart_amazon,"v7 n=(3,) idf=0.0 dim=1.0 norm=True/dice pw=0.0",v7,"{""denominator"": ""dice"", ""dim"": 1.0, ""idf"": 0.0, ""n"": ""(3,)"", ""normalize"": true, ""position_weight"": 0.0}",tune,False,150,0.81708,0.82618,0.85361,0.72667,0.96,1.0,18.47804
walmart_amazon,"v7 n=(3,) idf=0.0 dim=1.0 norm=True/dice pw=0.5",v7,"{""denominator"": ""dice"", ""dim"": 1.0, ""idf"": 0.0, ""n"": ""(3,)"", ""normalize"": true, ""position_weight"": 0.5}",tune,False,150,0.80955,0.81822,0.84762,0.72667,0.96,1.0,18.92008
walmart_amazon,"v7 n=(3,) idf=0.0 dim=1.0 norm=True/dice pw=1.0",v7,"{""denominator"": ""dice"", ""dim"": 1.0, ""idf"": 0.0, ""n"": ""(3,)"", ""normalize"": true, ""position_weight"": 1.0}",tune,False,150,0.79873,0.8074,0.83961,0.71333,0.96,1.0,17.66318
walmart_amazon,"v7 n=(3,) idf=0.0 dim=1.0 norm=True/geo pw=0.0",v7,"{""denominator"": ""geo"", ""dim"": 1.0, ""idf"": 0.0, ""n"": ""(3,)"", ""normalize"": true, ""position_weight"": 0.0}",tune,False,150,0.81893,0.82754,0.85653,0.72667,0.96667,1.0,18.77896
walmart_amazon,"v7 n=(3,) idf=0.0 dim=1.0 norm=True/geo pw=0.5",v7,"{""denominator"": ""geo"", ""dim"": 1.0, ""idf"": 0.0, ""n"": ""(3,)"", ""normalize"": true, ""position_weight"": 0.5}",tune,False,150,0.81642,0.82453,0.85455,0.73333,0.96667,1.0,19.12109
walmart_amazon,"v7 n=(3,) idf=0.0 dim=1.0 norm=True/geo pw=1.0",v7,"{""denominator"": ""geo"", ""dim"": 1.0, ""idf"": 0.0, ""n"": ""(3,)"", ""normalize"": true, ""position_weight"": 1.0}",tune,False,150,0.81208,0.82019,0.85117,0.73333,0.96667,1.0,18.27404
walmart_amazon,"v7 n=(3,) idf=1.0 dim=1.0 norm=False/dice pw=0.0",v7,"{""denominator"": ""dice"", ""dim"": 1.0, ""idf"": 1.0, ""n"": ""(3,)"", ""normalize"": false, ""position_weight"": 0.0}",tune,False,150,0.9163,0.9213,0.93891,0.86,1.0,1.0,19.37763
walmart_amazon,"v7 n=(3,) idf=1.0 dim=1.0 norm=False/dice pw=0.5",v7,"{""denominator"": ""dice"", ""dim"": 1.0, ""idf"": 1.0, ""n"": ""(3,)"", ""normalize"": false, ""position_weight"": 0.5}",tune,False,150,0.91185,0.91685,0.93557,0.85333,1.0,1.0,19.28483
walmart_amazon,"v7 n=(3,) idf=1.0 dim=1.0 norm=False/dice pw=1.0",v7,"{""denominator"": ""dice"", ""dim"": 1.0, ""idf"": 1.0, ""n"": ""(3,)"", ""normalize"": false, ""position_weight"": 1.0}",tune,False,150,0.91463,0.92019,0.93775,0.86,1.0,1.0,19.18641
walmart_amazon,"v7 n=(3,) idf=1.0 dim=1.0 norm=True/dice pw=0.0",v7,"{""denominator"": ""dice"", ""dim"": 1.0, ""idf"": 1.0, ""n"": ""(3,)"", ""normalize"": true, ""position_weight"": 0.0}",tune,False,150,0.90083,0.90083,0.92628,0.82667,1.0,1.0,18.1129
walmart_amazon,"v7 n=(3,) idf=1.0 dim=1.0 norm=True/dice pw=0.5",v7,"{""denominator"": ""dice"", ""dim"": 1.0, ""idf"": 1.0, ""n"": ""(3,)"", ""normalize"": true, ""position_weight"": 0.5}",tune,False,150,0.89572,0.89572,0.92239,0.82,1.0,1.0,18.82635
walmart_amazon,"v7 n=(3,) idf=1.0 dim=1.0 norm=True/dice pw=1.0",v7,"{""denominator"": ""dice"", ""dim"": 1.0, ""idf"": 1.0, ""n"": ""(3,)"", ""normalize"": true, ""position_weight"": 1.0}",tune,False,150,0.89828,0.89828,0.92427,0.82667,1.0,1.0,19.19021
walmart_amazon,"v7 n=(3,) idf=1.0 dim=1.0 norm=True/geo pw=0.0",v7,"{""denominator"": ""geo"", ""dim"": 1.0, ""idf"": 1.0, ""n"": ""(3,)"", ""normalize"": true, ""position_weight"": 0.0}",tune,False,150,0.89861,0.89861,0.92478,0.82,1.0,1.0,18.64347
walmart_amazon,"v7 n=(3,) idf=1.0 dim=1.0 norm=True/geo pw=0.5",v7,"{""denominator"": ""geo"", ""dim"": 1.0, ""idf"": 1.0, ""n"": ""(3,)"", ""normalize"": true, ""position_weight"": 0.5}",tune,False,150,0.89661,0.89661,0.92315,0.82,1.0,1.0,18.29248
walmart_amazon,"v7 n=(3,) idf=1.0 dim=1.0 norm=True/geo pw=1.0",v7,"{""denominator"": ""geo"", ""dim"": 1.0, ""idf"": 1.0, ""n"": ""(3,)"", ""normalize"": true, ""position_weight"": 1.0}",tune,False,150,0.89994,0.89994,0.92561,0.82667,1.0,1.0,18.89825
walmart_amazon,"v7 n=(3,) idf=2.0 dim=1.0 norm=False/dice pw=0.0",v7,"{""denominator"": ""dice"", ""dim"": 1.0, ""idf"": 2.0, ""n"": ""(3,)"", ""normalize"": false, ""position_weight"": 0.0}",tune,False,150,0.92963,0.93352,0.94833,0.88667,1.0,1.0,18.22011
walmart_amazon,"v7 n=(3,) idf=2.0 dim=1.0 norm=False/dice pw=0.5",v7,"{""denominator"": ""dice"", ""dim"": 1.0, ""idf"": 2.0, ""n"": ""(3,)"", ""normalize"": false, ""position_weight"": 0.5}",tune,False,150,0.93407,0.93796,0.95174,0.89333,1.0,1.0,19.21947
walmart_amazon,"v7 n=(3,) idf=2.0 dim=1.0 norm=False/dice pw=1.0",v7,"{""denominator"": ""dice"", ""dim"": 1.0, ""idf"": 2.0, ""n"": ""(3,)"", ""normalize"": false, ""position_weight"": 1.0}",tune,False,150,0.92352,0.92796,0.94408,0.87333,1.0,1.0,18.88912
walmart_amazon,"v7 n=(3,) idf=2.0 dim=1.0 norm=True/dice pw=0.0",v7,"{""denominator"": ""dice"", ""dim"": 1.0, ""idf"": 2.0, ""n"": ""(3,)"", ""normalize"": true, ""position_weight"": 0.0}",tune,False,150,0.90694,0.90861,0.93096,0.84667,1.0,1.0,18.23691
walmart_amazon,"v7 n=(3,) idf=2.0 dim=1.0 norm=True/dice pw=0.5",v7,"{""denominator"": ""dice"", ""dim"": 1.0, ""idf"": 2.0, ""n"": ""(3,)"", ""normalize"": true, ""position_weight"": 0.5}",tune,False,150,0.90694,0.90861,0.93096,0.84667,1.0,1.0,18.21175
walmart_amazon,"v7 n=(3,) idf=2.0 dim=1.0 norm=True/dice pw=1.0",v7,"{""denominator"": ""dice"", ""dim"": 1.0, ""idf"": 2.0, ""n"": ""(3,)"", ""normalize"": true, ""position_weight"": 1.0}",tune,False,150,0.90272,0.90439,0.92775,0.84,1.0,1.0,18.69979
walmart_amazon,"v7 n=(3,) idf=2.0 dim=1.0 norm=True/geo pw=0.0",v7,"{""denominator"": ""geo"", ""dim"": 1.0, ""idf"": 2.0, ""n"": ""(3,)"", ""normalize"": true, ""position_weight"": 0.0}",tune,False,150,0.9055,0.90883,0.93021,0.84667,1.0,1.0,19.06977
walmart_amazon,"v7 n=(3,) idf=2.0 dim=1.0 norm=True/geo pw=0.5",v7,"{""denominator"": ""geo"", ""dim"": 1.0, ""idf"": 2.0, ""n"": ""(3,)"", ""normalize"": true, ""position_weight"": 0.5}",tune,False,150,0.90883,0.91217,0.93267,0.85333,1.0,1.0,17.93744
walmart_amazon,"v7 n=(3,) idf=2.0 dim=1.0 norm=True/geo pw=1.0",v7,"{""denominator"": ""geo"", ""dim"": 1.0, ""idf"": 2.0, ""n"": ""(3,)"", ""normalize"": true, ""position_weight"": 1.0}",tune,False,150,0.90494,0.90828,0.92975,0.84667,1.0,1.0,18.3564
walmart_amazon,"v7 n=(3,) idf=3.0 dim=1.0 norm=False/dice pw=0.0",v7,"{""denominator"": ""dice"", ""dim"": 1.0, ""idf"": 3.0, ""n"": ""(3,)"", ""normalize"": false, ""position_weight"": 0.0}",tune,False,150,0.91449,0.91838,0.93323,0.86,0.98667,1.0,18.20832
walmart_amazon,"v7 n=(3,) idf=3.0 dim=1.0 norm=False/dice pw=0.5",v7,"{""denominator"": ""dice"", ""dim"": 1.0, ""idf"": 3.0, ""n"": ""(3,)"", ""normalize"": false, ""position_weight"": 0.5}",tune,False,150,0.91449,0.91838,0.93323,0.86,0.98667,1.0,17.84903
walmart_amazon,"v7 n=(3,) idf=3.0 dim=1.0 norm=False/dice pw=1.0",v7,"{""denominator"": ""dice"", ""dim"": 1.0, ""idf"": 3.0, ""n"": ""(3,)"", ""normalize"": false, ""position_weight"": 1.0}",tune,False,150,0.91449,0.91838,0.93323,0.86,0.98667,1.0,17.37489
walmart_amazon,"v7 n=(3,) idf=3.0 dim=1.0 norm=True/dice pw=0.0",v7,"{""denominator"": ""dice"", ""dim"": 1.0, ""idf"": 3.0, ""n"": ""(3,)"", ""normalize"": true, ""position_weight"": 0.0}",tune,False,150,0.9205,0.92272,0.94109,0.87333,1.0,1.0,17.93863
walmart_amazon,"v7 n=(3,) idf=3.0 dim=1.0 norm=True/dice pw=0.5",v7,"{""denominator"": ""dice"", ""dim"": 1.0, ""idf"": 3.0, ""n"": ""(3,)"", ""normalize"": true, ""position_weight"": 0.5}",tune,False,150,0.91439,0.91606,0.93645,0.86,1.0,1.0,18.55465
walmart_amazon,"v7 n=(3,) idf=3.0 dim=1.0 norm=True/dice pw=1.0",v7,"{""denominator"": ""dice"", ""dim"": 1.0, ""idf"": 3.0, ""n"": ""(3,)"", ""normalize"": true, ""position_weight"": 1.0}",tune,False,150,0.91128,0.91461,0.93433,0.86,1.0,1.0,18.22368
walmart_amazon,"v7 n=(3,) idf=3.0 dim=1.0 norm=True/geo pw=0.0",v7,"{""denominator"": ""geo"", ""dim"": 1.0, ""idf"": 3.0, ""n"": ""(3,)"", ""normalize"": true, ""position_weight"": 0.0}",tune,False,150,0.91772,0.91994,0.93909,0.86667,1.0,1.0,17.92008
walmart_amazon,"v7 n=(3,) idf=3.0 dim=1.0 norm=True/geo pw=0.5",v7,"{""denominator"": ""geo"", ""dim"": 1.0, ""idf"": 3.0, ""n"": ""(3,)"", ""normalize"": true, ""position_weight"": 0.5}",tune,False,150,0.91828,0.91994,0.93937,0.86667,1.0,1.0,18.80802
walmart_amazon,"v7 n=(3,) idf=3.0 dim=1.0 norm=True/geo pw=1.0",v7,"{""denominator"": ""geo"", ""dim"": 1.0, ""idf"": 3.0, ""n"": ""(3,)"", ""normalize"": true, ""position_weight"": 1.0}",tune,False,150,0.91294,0.91628,0.93567,0.86,1.0,1.0,18.48933
walmart_amazon,"v7 n=(2, 3) idf=0.0 dim=1.0 norm=False/dice pw=0.0",v7,"{""denominator"": ""dice"", ""dim"": 1.0, ""idf"": 0.0, ""n"": ""(2, 3)"", ""normalize"": false, ""position_weight"": 0.0}",tune,False,150,0.8778,0.88474,0.90791,0.81333,0.99333,1.0,68.65596
walmart_amazon,"v7 n=(2, 3) idf=0.0 dim=1.0 norm=False/dice pw=0.5",v7,"{""denominator"": ""dice"", ""dim"": 1.0, ""idf"": 0.0, ""n"": ""(2, 3)"", ""normalize"": false, ""position_weight"": 0.5}",tune,False,150,0.86793,0.87087,0.89804,0.78667,0.98667,1.0,78.45867
walmart_amazon,"v7 n=(2, 3) idf=0.0 dim=1.0 norm=False/dice pw=1.0",v7,"{""denominator"": ""dice"", ""dim"": 1.0, ""idf"": 0.0, ""n"": ""(2, 3)"", ""normalize"": false, ""position_weight"": 1.0}",tune,False,150,0.8641,0.86704,0.89714,0.78,0.99333,1.0,79.73141
walmart_amazon,"v7 n=(2, 3) idf=0.0 dim=1.0 norm=True/dice pw=0.0",v7,"{""denominator"": ""dice"", ""dim"": 1.0, ""idf"": 0.0, ""n"": ""(2, 3)"", ""normalize"": true, ""position_weight"": 0.0}",tune,False,150,0.81304,0.82147,0.85077,0.72667,0.96,1.0,80.62813
walmart_amazon,"v7 n=(2, 3) idf=0.0 dim=1.0 norm=True/dice pw=0.5",v7,"{""denominator"": ""dice"", ""dim"": 1.0, ""idf"": 0.0, ""n"": ""(2, 3)"", ""normalize"": true, ""position_weight"": 0.5}",tune,False,150,0.80381,0.8128,0.84288,0.71333,0.95667,1.0,79.68448
walmart_amazon,"v7 n=(2, 3) idf=0.0 dim=1.0 norm=True/dice pw=1.0",v7,"{""denominator"": ""dice"", ""dim"": 1.0, ""idf"": 0.0, ""n"": ""(2, 3)"", ""normalize"": true, ""position_weight"": 1.0}",tune,False,150,0.79112,0.7996,0.83302,0.7,0.95667,1.0,78.75223
walmart_amazon,"v7 n=(2, 3) idf=0.0 dim=1.0 norm=True/geo pw=0.0",v7,"{""denominator"": ""geo"", ""dim"": 1.0, ""idf"": 0.0, ""n"": ""(2, 3)"", ""normalize"": true, ""position_weight"": 0.0}",tune,False,150,0.81723,0.82387,0.85518,0.72667,0.96667,1.0,79.90546
walmart_amazon,"v7 n=(2, 3) idf=0.0 dim=1.0 norm=True/geo pw=0.5",v7,"{""denominator"": ""geo"", ""dim"": 1.0, ""idf"": 0.0, ""n"": ""(2, 3)"", ""normalize"": true, ""position_weight"": 0.5}",tune,False,150,0.81076,0.8194,0.84896,0.72,0.96,1.0,78.40223
walmart_amazon,"v7 n=(2, 3) idf=0.0 dim=1.0 norm=True/geo pw=1.0",v7,"{""denominator"": ""geo"", ""dim"": 1.0, ""idf"": 0.0, ""n"": ""(2, 3)"", ""normalize"": true, ""position_weight"": 1.0}",tune,False,150,0.7997,0.80813,0.83907,0.71333,0.95667,1.0,79.57916
walmart_amazon,"v7 n=(2, 3) idf=0.0 dim=2.0 norm=False/dice pw=0.0",v7,"{""denominator"": ""dice"", ""dim"": 2.0, ""idf"": 0.0, ""n"": ""(2, 3)"", ""normalize"": false, ""position_weight"": 0.0}",tune,False,150,0.87152,0.87846,0.89938,0.80667,0.98,1.0,73.34329
walmart_amazon,"v7 n=(2, 3) idf=0.0 dim=2.0 norm=False/dice pw=0.5",v7,"{""denominator"": ""dice"", ""dim"": 2.0, ""idf"": 0.0, ""n"": ""(2, 3)"", ""normalize"": false, ""position_weight"": 0.5}",tune,False,150,0.86738,0.87031,0.89758,0.78667,0.98667,1.0,76.86244
walmart_amazon,"v7 n=(2, 3) idf=0.0 dim=2.0 norm=False/dice pw=1.0",v7,"{""denominator"": ""dice"", ""dim"": 2.0, ""idf"": 0.0, ""n"": ""(2, 3)"", ""normalize"": false, ""position_weight"": 1.0}",tune,False,150,0.8641,0.86704,0.89714,0.78,0.99333,1.0,74.8274
walmart_amazon,"v7 n=(2, 3) idf=0.0 dim=2.0 norm=True/dice pw=0.0",v7,"{""denominator"": ""dice"", ""dim"": 2.0, ""idf"": 0.0, ""n"": ""(2, 3)"", ""normalize"": true, ""position_weight"": 0.0}",tune,False,150,0.81292,0.82144,0.85071,0.72667,0.96,1.0,70.40658
walmart_amazon,"v7 n=(2, 3) idf=0.0 dim=2.0 norm=True/dice pw=0.5",v7,"{""denominator"": ""dice"", ""dim"": 2.0, ""idf"": 0.0, ""n"": ""(2, 3)"", ""normalize"": true, ""position_weight"": 0.5}",tune,False,150,0.80363,0.81262,0.84272,0.71333,0.95667,1.0,70.75671
walmart_amazon,"v7 n=(2, 3) idf=0.0 dim=2.0 norm=True/dice pw=1.0",v7,"{""denominator"": ""dice"", ""dim"": 2.0, ""idf"": 0.0, ""n"": ""(2, 3)"", ""normalize"": true, ""position_weight"": 1.0}",tune,False,150,0.79128,0.7998,0.83331,0.7,0.95667,0.99333,73.10033
walmart_amazon,"v7 n=(2, 3) idf=0.0 dim=2.0 norm=True/geo pw=0.0",v7,"{""denominator"": ""geo"", ""dim"": 2.0, ""idf"": 0.0, ""n"": ""(2, 3)"", ""normalize"": true, ""position_weight"": 0.0}",tune,False,150,0.8105,0.81714,0.85026,0.71333,0.96667,1.0,71.43876
walmart_amazon,"v7 n=(2, 3) idf=0.0 dim=2.0 norm=True/geo pw=0.5",v7,"{""denominator"": ""geo"", ""dim"": 2.0, ""idf"": 0.0, ""n"": ""(2, 3)"", ""normalize"": true, ""position_weight"": 0.5}",tune,False,150,0.81394,0.8227,0.85135,0.72667,0.96,1.0,69.52061
walmart_amazon,"v7 n=(2, 3) idf=0.0 dim=2.0 norm=True/geo pw=1.0",v7,"{""denominator"": ""geo"", ""dim"": 2.0, ""idf"": 0.0, ""n"": ""(2, 3)"", ""normalize"": true, ""position_weight"": 1.0}",tune,False,150,0.80025,0.80868,0.83953,0.71333,0.95667,1.0,69.28604
walmart_amazon,"v7 n=(2, 3) idf=1.0 dim=1.0 norm=False/dice pw=0.0",v7,"{""denominator"": ""dice"", ""dim"": 1.0, ""idf"": 1.0, ""n"": ""(2, 3)"", ""normalize"": false, ""position_weight"": 0.0}",tune,False,150,0.91185,0.91407,0.93501,0.84667,1.0,1.0,73.67989
walmart_amazon,"v7 n=(2, 3) idf=1.0 dim=1.0 norm=False/dice pw=0.5",v7,"{""denominator"": ""dice"", ""dim"": 1.0, ""idf"": 1.0, ""n"": ""(2, 3)"", ""normalize"": false, ""position_weight"": 0.5}",tune,False,150,0.91152,0.91374,0.93472,0.84667,1.0,1.0,74.71635
walmart_amazon,"v7 n=(2, 3) idf=1.0 dim=1.0 norm=False/dice pw=1.0",v7,"{""denominator"": ""dice"", ""dim"": 1.0, ""idf"": 1.0, ""n"": ""(2, 3)"", ""normalize"": false, ""position_weight"": 1.0}",tune,False,150,0.9093,0.91152,0.93297,0.84667,1.0,1.0,75.63157
walmart_amazon,"v7 n=(2, 3) idf=1.0 dim=1.0 norm=True/dice pw=0.0",v7,"{""denominator"": ""dice"", ""dim"": 1.0, ""idf"": 1.0, ""n"": ""(2, 3)"", ""normalize"": true, ""position_weight"": 0.0}",tune,False,150,0.89451,0.89562,0.92177,0.82,1.0,1.0,74.28387
walmart_amazon,"v7 n=(2, 3) idf=1.0 dim=1.0 norm=True/dice pw=0.5",v7,"{""denominator"": ""dice"", ""dim"": 1.0, ""idf"": 1.0, ""n"": ""(2, 3)"", ""normalize"": true, ""position_weight"": 0.5}",tune,False,150,0.89494,0.89772,0.92229,0.82667,1.0,1.0,82.02387
walmart_amazon,"v7 n=(2, 3) idf=1.0 dim=1.0 norm=True/dice pw=1.0",v7,"{""denominator"": ""dice"", ""dim"": 1.0, ""idf"": 1.0, ""n"": ""(2, 3)"", ""normalize"": true, ""position_weight"": 1.0}",tune,False,150,0.89779,0.90056,0.92431,0.83333,1.0,1.0,84.07709
walmart_amazon,"v7 n=(2, 3) idf=1.0 dim=1.0 norm=True/geo pw=0.0",v7,"{""denominator"": ""geo"", ""dim"": 1.0, ""idf"": 1.0, ""n"": ""(2, 3)"", ""normalize"": true, ""position_weight"": 0.0}",tune,False,150,0.896,0.896,0.92267,0.82,1.0,1.0,81.872
walmart_amazon,"v7 n=(2, 3) idf=1.0 dim=1.0 norm=True/geo pw=0.5",v7,"{""denominator"": ""geo"", ""dim"": 1.0, ""idf"": 1.0, ""n"": ""(2, 3)"", ""normalize"": true, ""position_weight"": 0.5}",tune,False,150,0.89439,0.89439,0.92132,0.82,1.0,1.0,80.29112
walmart_amazon,"v7 n=(2, 3) idf=1.0 dim=1.0 norm=True/geo pw=1.0",v7,"{""denominator"": ""geo"", ""dim"": 1.0, ""idf"": 1.0, ""n"": ""(2, 3)"", ""normalize"": true, ""position_weight"": 1.0}",tune,False,150,0.8989,0.90056,0.92484,0.83333,1.0,1.0,76.90561
walmart_amazon,"v7 n=(2, 3) idf=1.0 dim=2.0 norm=False/dice pw=0.0",v7,"{""denominator"": ""dice"", ""dim"": 2.0, ""idf"": 1.0, ""n"": ""(2, 3)"", ""normalize"": false, ""position_weight"": 0.0}",tune,False,150,0.91019,0.91407,0.93406,0.84667,1.0,1.0,79.38333
walmart_amazon,"v7 n=(2, 3) idf=1.0 dim=2.0 norm=False/dice pw=0.5",v7,"{""denominator"": ""dice"", ""dim"": 2.0, ""idf"": 1.0, ""n"": ""(2, 3)"", ""normalize"": false, ""position_weight"": 0.5}",tune,False,150,0.91241,0.91463,0.93547,0.84667,1.0,1.0,79.6499
walmart_amazon,"v7 n=(2, 3) idf=1.0 dim=2.0 norm=False/dice pw=1.0",v7,"{""denominator"": ""dice"", ""dim"": 2.0, ""idf"": 1.0, ""n"": ""(2, 3)"", ""normalize"": false, ""position_weight"": 1.0}",tune,False,150,0.90796,0.91019,0.93214,0.84,1.0,1.0,79.9277
walmart_amazon,"v7 n=(2, 3) idf=1.0 dim=2.0 norm=True/dice pw=0.0",v7,"{""denominator"": ""dice"", ""dim"": 2.0, ""idf"": 1.0, ""n"": ""(2, 3)"", ""normalize"": true, ""position_weight"": 0.0}",tune,False,150,0.89473,0.89584,0.92198,0.82,1.0,1.0,80.12932
walmart_amazon,"v7 n=(2, 3) idf=1.0 dim=2.0 norm=True/dice pw=0.5",v7,"{""denominator"": ""dice"", ""dim"": 2.0, ""idf"": 1.0, ""n"": ""(2, 3)"", ""normalize"": true, ""position_weight"": 0.5}",tune,False,150,0.89494,0.89772,0.92229,0.82667,1.0,1.0,81.73518
walmart_amazon,"v7 n=(2, 3) idf=1.0 dim=2.0 norm=True/dice pw=1.0",v7,"{""denominator"": ""dice"", ""dim"": 2.0, ""idf"": 1.0, ""n"": ""(2, 3)"", ""normalize"": true, ""position_weight"": 1.0}",tune,False,150,0.89779,0.90056,0.92431,0.83333,1.0,1.0,78.75827
walmart_amazon,"v7 n=(2, 3) idf=1.0 dim=2.0 norm=True/geo pw=0.0",v7,"{""denominator"": ""geo"", ""dim"": 2.0, ""idf"": 1.0, ""n"": ""(2, 3)"", ""normalize"": true, ""position_weight"": 0.0}",tune,False,150,0.89584,0.89584,0.92251,0.82,1.0,1.0,75.01161
walmart_amazon,"v7 n=(2, 3) idf=1.0 dim=2.0 norm=True/geo pw=0.5",v7,"{""denominator"": ""geo"", ""dim"": 2.0, ""idf"": 1.0, ""n"": ""(2, 3)"", ""normalize"": true, ""position_weight"": 0.5}",tune,False,150,0.89439,0.89439,0.92132,0.82,1.0,1.0,71.32094
walmart_amazon,"v7 n=(2, 3) idf=1.0 dim=2.0 norm=True/geo pw=1.0",v7,"{""denominator"": ""geo"", ""dim"": 2.0, ""idf"": 1.0, ""n"": ""(2, 3)"", ""normalize"": true, ""position_weight"": 1.0}",tune,False,150,0.89556,0.89723,0.92238,0.82667,1.0,1.0,69.45106
walmart_amazon,"v7 n=(2, 3) idf=2.0 dim=1.0 norm=False/dice pw=0.0",v7,"{""denominator"": ""dice"", ""dim"": 1.0, ""idf"": 2.0, ""n"": ""(2, 3)"", ""normalize"": false, ""position_weight"": 0.0}",tune,False,150,0.91556,0.91944,0.93603,0.86,0.99333,1.0,69.4894
walmart_amazon,"v7 n=(2, 3) idf=2.0 dim=1.0 norm=False/dice pw=0.5",v7,"{""denominator"": ""dice"", ""dim"": 1.0, ""idf"": 2.0, ""n"": ""(2, 3)"", ""normalize"": false, ""position_weight"": 0.5}",tune,False,150,0.91785,0.92174,0.93762,0.86667,0.99333,1.0,70.45479
walmart_amazon,"v7 n=(2, 3) idf=2.0 dim=1.0 norm=False/dice pw=1.0",v7,"{""denominator"": ""dice"", ""dim"": 1.0, ""idf"": 2.0, ""n"": ""(2, 3)"", ""normalize"": false, ""position_weight"": 1.0}",tune,False,150,0.92108,0.92497,0.93815,0.87333,0.98667,1.0,69.85368
walmart_amazon,"v7 n=(2, 3) idf=2.0 dim=1.0 norm=True/dice pw=0.0",v7,"{""denominator"": ""dice"", ""dim"": 1.0, ""idf"": 2.0, ""n"": ""(2, 3)"", ""normalize"": true, ""position_weight"": 0.0}",tune,False,150,0.90217,0.9055,0.92775,0.84,1.0,1.0,70.46661
walmart_amazon,"v7 n=(2, 3) idf=2.0 dim=1.0 norm=True/dice pw=0.5",v7,"{""denominator"": ""dice"", ""dim"": 1.0, ""idf"": 2.0, ""n"": ""(2, 3)"", ""normalize"": true, ""position_weight"": 0.5}",tune,False,150,0.89383,0.8955,0.92132,0.82,1.0,1.0,76.63603
walmart_amazon,"v7 n=(2, 3) idf=2.0 dim=1.0 norm=True/dice pw=1.0",v7,"{""denominator"": ""dice"", ""dim"": 1.0, ""idf"": 2.0, ""n"": ""(2, 3)"", ""normalize"": true, ""position_weight"": 1.0}",tune,False,150,0.89606,0.89772,0.92291,0.82667,1.0,1.0,72.6778
walmart_amazon,"v7 n=(2, 3) idf=2.0 dim=1.0 norm=True/geo pw=0.0",v7,"{""denominator"": ""geo"", ""dim"": 1.0, ""idf"": 2.0, ""n"": ""(2, 3)"", ""normalize"": true, ""position_weight"": 0.0}",tune,False,150,0.90583,0.90917,0.93051,0.84667,1.0,1.0,74.82162
walmart_amazon,"v7 n=(2, 3) idf=2.0 dim=1.0 norm=True/geo pw=0.5",v7,"{""denominator"": ""geo"", ""dim"": 1.0, ""idf"": 2.0, ""n"": ""(2, 3)"", ""normalize"": true, ""position_weight"": 0.5}",tune,False,150,0.90639,0.90917,0.93079,0.84667,1.0,1.0,81.94684
walmart_amazon,"v7 n=(2, 3) idf=2.0 dim=1.0 norm=True/geo pw=1.0",v7,"{""denominator"": ""geo"", ""dim"": 1.0, ""idf"": 2.0, ""n"": ""(2, 3)"", ""normalize"": true, ""position_weight"": 1.0}",tune,False,150,0.90028,0.90139,0.92595,0.83333,1.0,1.0,80.02168
walmart_amazon,"v7 n=(2, 3) idf=2.0 dim=2.0 norm=False/dice pw=0.0",v7,"{""denominator"": ""dice"", ""dim"": 2.0, ""idf"": 2.0, ""n"": ""(2, 3)"", ""normalize"": false, ""position_weight"": 0.0}",tune,False,150,0.92246,0.92635,0.94103,0.87333,0.99333,1.0,79.89443
walmart_amazon,"v7 n=(2, 3) idf=2.0 dim=2.0 norm=False/dice pw=0.5",v7,"{""denominator"": ""dice"", ""dim"": 2.0, ""idf"": 2.0, ""n"": ""(2, 3)"", ""normalize"": false, ""position_weight"": 0.5}",tune,False,150,0.93261,0.9365,0.95043,0.89333,1.0,1.0,78.61833
walmart_amazon,"v7 n=(2, 3) idf=2.0 dim=2.0 norm=False/dice pw=1.0",v7,"{""denominator"": ""dice"", ""dim"": 2.0, ""idf"": 2.0, ""n"": ""(2, 3)"", ""normalize"": false, ""position_weight"": 1.0}",tune,False,150,0.92594,0.92983,0.94551,0.88,1.0,1.0,80.11344
walmart_amazon,"v7 n=(2, 3) idf=2.0 dim=2.0 norm=True/dice pw=0.0",v7,"{""denominator"": ""dice"", ""dim"": 2.0, ""idf"": 2.0, ""n"": ""(2, 3)"", ""normalize"": true, ""position_weight"": 0.0}",tune,False,150,0.89494,0.89828,0.92237,0.82667,1.0,1.0,78.45043
walmart_amazon,"v7 n=(2, 3) idf=2.0 dim=2.0 norm=True/dice pw=0.5",v7,"{""denominator"": ""dice"", ""dim"": 2.0, ""idf"": 2.0, ""n"": ""(2, 3)"", ""normalize"": true, ""position_weight"": 0.5}",tune,False,150,0.89328,0.89494,0.92086,0.82,1.0,1.0,77.73679
walmart_amazon,"v7 n=(2, 3) idf=2.0 dim=2.0 norm=True/dice pw=1.0",v7,"{""denominator"": ""dice"", ""dim"": 2.0, ""idf"": 2.0, ""n"": ""(2, 3)"", ""normalize"": true, ""position_weight"": 1.0}",tune,False,150,0.89541,0.89707,0.92235,0.82667,1.0,1.0,80.32397
walmart_amazon,"v7 n=(2, 3) idf=2.0 dim=2.0 norm=True/geo pw=0.0",v7,"{""denominator"": ""geo"", ""dim"": 2.0, ""idf"": 2.0, ""n"": ""(2, 3)"", ""normalize"": true, ""position_weight"": 0.0}",tune,False,150,0.90262,0.9054,0.92799,0.84,1.0,1.0,79.1309
walmart_amazon,"v7 n=(2, 3) idf=2.0 dim=2.0 norm=True/geo pw=0.5",v7,"{""denominator"": ""geo"", ""dim"": 2.0, ""idf"": 2.0, ""n"": ""(2, 3)"", ""normalize"": true, ""position_weight"": 0.5}",tune,False,150,0.8975,0.89861,0.9239,0.82667,1.0,1.0,78.42101
walmart_amazon,"v7 n=(2, 3) idf=2.0 dim=2.0 norm=True/geo pw=1.0",v7,"{""denominator"": ""geo"", ""dim"": 2.0, ""idf"": 2.0, ""n"": ""(2, 3)"", ""normalize"": true, ""position_weight"": 1.0}",tune,False,150,0.89972,0.90083,0.92549,0.83333,1.0,1.0,72.88354
walmart_amazon,"v7 n=(2, 3) idf=3.0 dim=1.0 norm=False/dice pw=0.0",v7,"{""denominator"": ""dice"", ""dim"": 1.0, ""idf"": 3.0, ""n"": ""(2, 3)"", ""normalize"": false, ""position_weight"": 0.0}",tune,False,150,0.90644,0.91033,0.92744,0.84667,0.98667,1.0,74.34894
walmart_amazon,"v7 n=(2, 3) idf=3.0 dim=1.0 norm=False/dice pw=0.5",v7,"{""denominator"": ""dice"", ""dim"": 1.0, ""idf"": 3.0, ""n"": ""(2, 3)"", ""normalize"": false, ""position_weight"": 0.5}",tune,False,150,0.90867,0.91256,0.92902,0.85333,0.98667,1.0,72.73235
walmart_amazon,"v7 n=(2, 3) idf=3.0 dim=1.0 norm=False/dice pw=1.0",v7,"{""denominator"": ""dice"", ""dim"": 1.0, ""idf"": 3.0, ""n"": ""(2, 3)"", ""normalize"": false, ""position_weight"": 1.0}",tune,False,150,0.90867,0.91256,0.92902,0.85333,0.98667,1.0,71.56475
walmart_amazon,"v7 n=(2, 3) idf=3.0 dim=1.0 norm=True/dice pw=0.0",v7,"{""denominator"": ""dice"", ""dim"": 1.0, ""idf"": 3.0, ""n"": ""(2, 3)"", ""normalize"": true, ""position_weight"": 0.0}",tune,False,150,0.89338,0.89505,0.91888,0.82,0.99333,1.0,71.05256
walmart_amazon,"v7 n=(2, 3) idf=3.0 dim=1.0 norm=True/dice pw=0.5",v7,"{""denominator"": ""dice"", ""dim"": 1.0, ""idf"": 3.0, ""n"": ""(2, 3)"", ""normalize"": true, ""position_weight"": 0.5}",tune,False,150,0.89172,0.89505,0.91793,0.82,0.99333,1.0,71.19435
walmart_amazon,"v7 n=(2, 3) idf=3.0 dim=1.0 norm=True/dice pw=1.0",v7,"{""denominator"": ""dice"", ""dim"": 1.0, ""idf"": 3.0, ""n"": ""(2, 3)"", ""normalize"": true, ""position_weight"": 1.0}",tune,False,150,0.88949,0.89283,0.91619,0.82,0.99333,1.0,69.53842
walmart_amazon,"v7 n=(2, 3) idf=3.0 dim=1.0 norm=True/geo pw=0.0",v7,"{""denominator"": ""geo"", ""dim"": 1.0, ""idf"": 3.0, ""n"": ""(2, 3)"", ""normalize"": true, ""position_weight"": 0.0}",tune,False,150,0.89122,0.89289,0.91931,0.81333,1.0,1.0,69.9733
walmart_amazon,"v7 n=(2, 3) idf=3.0 dim=1.0 norm=True/geo pw=0.5",v7,"{""denominator"": ""geo"", ""dim"": 1.0, ""idf"": 3.0, ""n"": ""(2, 3)"", ""normalize"": true, ""position_weight"": 0.5}",tune,False,150,0.88956,0.89289,0.91836,0.81333,1.0,1.0,71.71785
walmart_amazon,"v7 n=(2, 3) idf=3.0 dim=1.0 norm=True/geo pw=1.0",v7,"{""denominator"": ""geo"", ""dim"": 1.0, ""idf"": 3.0, ""n"": ""(2, 3)"", ""normalize"": true, ""position_weight"": 1.0}",tune,False,150,0.89505,0.89838,0.92048,0.82667,0.99333,1.0,71.62434
walmart_amazon,"v7 n=(2, 3) idf=3.0 dim=2.0 norm=False/dice pw=0.0",v7,"{""denominator"": ""dice"", ""dim"": 2.0, ""idf"": 3.0, ""n"": ""(2, 3)"", ""normalize"": false, ""position_weight"": 0.0}",tune,False,150,0.91429,0.91818,0.93323,0.86,0.98667,1.0,76.87251
walmart_amazon,"v7 n=(2, 3) idf=3.0 dim=2.0 norm=False/dice pw=0.5",v7,"{""denominator"": ""dice"", ""dim"": 2.0, ""idf"": 3.0, ""n"": ""(2, 3)"", ""normalize"": false, ""position_weight"": 0.5}",tune,False,150,0.91424,0.91813,0.93323,0.86,0.98667,1.0,80.08077
walmart_amazon,"v7 n=(2, 3) idf=3.0 dim=2.0 norm=False/dice pw=1.0",v7,"{""denominator"": ""dice"", ""dim"": 2.0, ""idf"": 3.0, ""n"": ""(2, 3)"", ""normalize"": false, ""position_weight"": 1.0}",tune,False,150,0.91424,0.91813,0.93323,0.86,0.98667,1.0,78.69203
walmart_amazon,"v7 n=(2, 3) idf=3.0 dim=2.0 norm=True/dice pw=0.0",v7,"{""denominator"": ""dice"", ""dim"": 2.0, ""idf"": 3.0, ""n"": ""(2, 3)"", ""normalize"": true, ""position_weight"": 0.0}",tune,False,150,0.89206,0.89373,0.91786,0.82,0.99333,1.0,81.41724
walmart_amazon,"v7 n=(2, 3) idf=3.0 dim=2.0 norm=True/dice pw=0.5",v7,"{""denominator"": ""dice"", ""dim"": 2.0, ""idf"": 3.0, ""n"": ""(2, 3)"", ""normalize"": true, ""position_weight"": 0.5}",tune,False,150,0.89373,0.89706,0.91937,0.82667,0.99333,1.0,78.182
walmart_amazon,"v7 n=(2, 3) idf=3.0 dim=2.0 norm=True/dice pw=1.0",v7,"{""denominator"": ""dice"", ""dim"": 2.0, ""idf"": 3.0, ""n"": ""(2, 3)"", ""normalize"": true, ""position_weight"": 1.0}",tune,False,150,0.89035,0.89369,0.91691,0.82,0.99333,1.0,79.2468
walmart_amazon,"v7 n=(2, 3) idf=3.0 dim=2.0 norm=True/geo pw=0.0",v7,"{""denominator"": ""geo"", ""dim"": 2.0, ""idf"": 3.0, ""n"": ""(2, 3)"", ""normalize"": true, ""position_weight"": 0.0}",tune,False,150,0.88949,0.89116,0.91596,0.81333,0.99333,1.0,79.27825
walmart_amazon,"v7 n=(2, 3) idf=3.0 dim=2.0 norm=True/geo pw=0.5",v7,"{""denominator"": ""geo"", ""dim"": 2.0, ""idf"": 3.0, ""n"": ""(2, 3)"", ""normalize"": true, ""position_weight"": 0.5}",tune,False,150,0.89778,0.90111,0.92239,0.83333,0.99333,1.0,78.71743
walmart_amazon,"v7 n=(2, 3) idf=3.0 dim=2.0 norm=True/geo pw=1.0",v7,"{""denominator"": ""geo"", ""dim"": 2.0, ""idf"": 3.0, ""n"": ""(2, 3)"", ""normalize"": true, ""position_weight"": 1.0}",tune,False,150,0.89444,0.89778,0.91993,0.82667,0.99333,1.0,80.85576
walmart_amazon,"v7 n=(2, 4) idf=0.0 dim=1.0 norm=False/dice pw=0.0",v7,"{""denominator"": ""dice"", ""dim"": 1.0, ""idf"": 0.0, ""n"": ""(2, 4)"", ""normalize"": false, ""position_weight"": 0.0}",tune,False,150,0.88389,0.88767,0.91405,0.81333,1.0,1.0,72.16095
walmart_amazon,"v7 n=(2, 4) idf=0.0 dim=1.0 norm=False/dice pw=0.5",v7,"{""denominator"": ""dice"", ""dim"": 1.0, ""idf"": 0.0, ""n"": ""(2, 4)"", ""normalize"": false, ""position_weight"": 0.5}",tune,False,150,0.87839,0.88209,0.91019,0.8,1.0,1.0,67.38965
walmart_amazon,"v7 n=(2, 4) idf=0.0 dim=1.0 norm=False/dice pw=1.0",v7,"{""denominator"": ""dice"", ""dim"": 1.0, ""idf"": 0.0, ""n"": ""(2, 4)"", ""normalize"": false, ""position_weight"": 1.0}",tune,False,150,0.87673,0.87929,0.90882,0.79333,1.0,1.0,67.30767
walmart_amazon,"v7 n=(2, 4) idf=0.0 dim=1.0 norm=True/dice pw=0.0",v7,"{""denominator"": ""dice"", ""dim"": 1.0, ""idf"": 0.0, ""n"": ""(2, 4)"", ""normalize"": true, ""position_weight"": 0.0}",tune,False,150,0.82575,0.83469,0.86026,0.74,0.96,1.0,66.62978
walmart_amazon,"v7 n=(2, 4) idf=0.0 dim=1.0 norm=True/dice pw=0.5",v7,"{""denominator"": ""dice"", ""dim"": 1.0, ""idf"": 0.0, ""n"": ""(2, 4)"", ""normalize"": true, ""position_weight"": 0.5}",tune,False,150,0.79785,0.80678,0.83941,0.7,0.96,1.0,64.29951
walmart_amazon,"v7 n=(2, 4) idf=0.0 dim=1.0 norm=True/dice pw=1.0",v7,"{""denominator"": ""dice"", ""dim"": 1.0, ""idf"": 0.0, ""n"": ""(2, 4)"", ""normalize"": true, ""position_weight"": 1.0}",tune,False,150,0.79228,0.80071,0.83376,0.7,0.95667,1.0,65.51362
walmart_amazon,"v7 n=(2, 4) idf=0.0 dim=1.0 norm=True/geo pw=0.0",v7,"{""denominator"": ""geo"", ""dim"": 1.0, ""idf"": 0.0, ""n"": ""(2, 4)"", ""normalize"": true, ""position_weight"": 0.0}",tune,False,150,0.8224,0.83078,0.85931,0.73333,0.96667,1.0,62.65155
walmart_amazon,"v7 n=(2, 4) idf=0.0 dim=1.0 norm=True/geo pw=0.5",v7,"{""denominator"": ""geo"", ""dim"": 1.0, ""idf"": 0.0, ""n"": ""(2, 4)"", ""normalize"": true, ""position_weight"": 0.5}",tune,False,150,0.81544,0.82408,0.85406,0.72667,0.96667,1.0,63.72621
walmart_amazon,"v7 n=(2, 4) idf=0.0 dim=1.0 norm=True/geo pw=1.0",v7,"{""denominator"": ""geo"", ""dim"": 1.0, ""idf"": 0.0, ""n"": ""(2, 4)"", ""normalize"": true, ""position_weight"": 1.0}",tune,False,150,0.80178,0.80987,0.84368,0.70667,0.96667,1.0,63.51985
walmart_amazon,"v7 n=(2, 4) idf=0.0 dim=2.0 norm=False/dice pw=0.0",v7,"{""denominator"": ""dice"", ""dim"": 2.0, ""idf"": 0.0, ""n"": ""(2, 4)"", ""normalize"": false, ""position_weight"": 0.0}",tune,False,150,0.88385,0.88755,0.91398,0.81333,1.0,1.0,62.55224
walmart_amazon,"v7 n=(2, 4) idf=0.0 dim=2.0 norm=False/dice pw=0.5",v7,"{""denominator"": ""dice"", ""dim"": 2.0, ""idf"": 0.0, ""n"": ""(2, 4)"", ""normalize"": false, ""position_weight"": 0.5}",tune,False,150,0.87739,0.8811,0.90927,0.8,1.0,1.0,61.15041
walmart_amazon,"v7 n=(2, 4) idf=0.0 dim=2.0 norm=False/dice pw=1.0",v7,"{""denominator"": ""dice"", ""dim"": 2.0, ""idf"": 0.0, ""n"": ""(2, 4)"", ""normalize"": false, ""position_weight"": 1.0}",tune,False,150,0.87546,0.87824,0.90779,0.79333,1.0,1.0,61.00171
walmart_amazon,"v7 n=(2, 4) idf=0.0 dim=2.0 norm=True/dice pw=0.0",v7,"{""denominator"": ""dice"", ""dim"": 2.0, ""idf"": 0.0, ""n"": ""(2, 4)"", ""normalize"": true, ""position_weight"": 0.0}",tune,False,150,0.81788,0.82682,0.85447,0.72667,0.96,1.0,65.26196
walmart_amazon,"v7 n=(2, 4) idf=0.0 dim=2.0 norm=True/dice pw=0.5",v7,"{""denominator"": ""dice"", ""dim"": 2.0, ""idf"": 0.0, ""n"": ""(2, 4)"", ""normalize"": true, ""position_weight"": 0.5}",tune,False,150,0.80136,0.81028,0.84208,0.70667,0.96,1.0,65.59819
walmart_amazon,"v7 n=(2, 4) idf=0.0 dim=2.0 norm=True/dice pw=1.0",v7,"{""denominator"": ""dice"", ""dim"": 2.0, ""idf"": 0.0, ""n"": ""(2, 4)"", ""normalize"": true, ""position_weight"": 1.0}",tune,False,150,0.79332,0.80184,0.83656,0.7,0.96333,1.0,69.78405
walmart_amazon,"v7 n=(2, 4) idf=0.0 dim=2.0 norm=True/geo pw=0.0",v7,"{""denominator"": ""geo"", ""dim"": 2.0, ""idf"": 0.0, ""n"": ""(2, 4)"", ""normalize"": true, ""position_weight"": 0.0}",tune,False,150,0.82348,0.83187,0.86019,0.73333,0.96667,1.0,70.50404
walmart_amazon,"v7 n=(2, 4) idf=0.0 dim=2.0 norm=True/geo pw=0.5",v7,"{""denominator"": ""geo"", ""dim"": 2.0, ""idf"": 0.0, ""n"": ""(2, 4)"", ""normalize"": true, ""position_weight"": 0.5}",tune,False,150,0.81519,0.82405,0.85394,0.72667,0.96667,1.0,68.62922
walmart_amazon,"v7 n=(2, 4) idf=0.0 dim=2.0 norm=True/geo pw=1.0",v7,"{""denominator"": ""geo"", ""dim"": 2.0, ""idf"": 0.0, ""n"": ""(2, 4)"", ""normalize"": true, ""position_weight"": 1.0}",tune,False,150,0.80099,0.80929,0.84309,0.70667,0.96667,1.0,68.19052
walmart_amazon,"v7 n=(2, 4) idf=1.0 dim=1.0 norm=False/dice pw=0.0",v7,"{""denominator"": ""dice"", ""dim"": 1.0, ""idf"": 1.0, ""n"": ""(2, 4)"", ""normalize"": false, ""position_weight"": 0.0}",tune,False,150,0.91963,0.92241,0.9409,0.86,1.0,1.0,69.11324
walmart_amazon,"v7 n=(2, 4) idf=1.0 dim=1.0 norm=False/dice pw=0.5",v7,"{""denominator"": ""dice"", ""dim"": 1.0, ""idf"": 1.0, ""n"": ""(2, 4)"", ""normalize"": false, ""position_weight"": 0.5}",tune,False,150,0.91852,0.92241,0.94037,0.86,1.0,1.0,68.67886
walmart_amazon,"v7 n=(2, 4) idf=1.0 dim=1.0 norm=False/dice pw=1.0",v7,"{""denominator"": ""dice"", ""dim"": 1.0, ""idf"": 1.0, ""n"": ""(2, 4)"", ""normalize"": false, ""position_weight"": 1.0}",tune,False,150,0.91685,0.92074,0.93903,0.86,1.0,1.0,69.79913
walmart_amazon,"v7 n=(2, 4) idf=1.0 dim=1.0 norm=True/dice pw=0.0",v7,"{""denominator"": ""dice"", ""dim"": 1.0, ""idf"": 1.0, ""n"": ""(2, 4)"", ""normalize"": true, ""position_weight"": 0.0}",tune,False,150,0.89883,0.90161,0.92525,0.83333,1.0,1.0,68.25749
walmart_amazon,"v7 n=(2, 4) idf=1.0 dim=1.0 norm=True/dice pw=0.5",v7,"{""denominator"": ""dice"", ""dim"": 1.0, ""idf"": 1.0, ""n"": ""(2, 4)"", ""normalize"": true, ""position_weight"": 0.5}",tune,False,150,0.8985,0.90128,0.92496,0.83333,1.0,1.0,69.55232
walmart_amazon,"v7 n=(2, 4) idf=1.0 dim=1.0 norm=True/dice pw=1.0",v7,"{""denominator"": ""dice"", ""dim"": 1.0, ""idf"": 1.0, ""n"": ""(2, 4)"", ""normalize"": true, ""position_weight"": 1.0}",tune,False,150,0.8985,0.90128,0.92496,0.83333,1.0,1.0,70.23975
walmart_amazon,"v7 n=(2, 4) idf=1.0 dim=1.0 norm=True/geo pw=0.0",v7,"{""denominator"": ""geo"", ""dim"": 1.0, ""idf"": 1.0, ""n"": ""(2, 4)"", ""normalize"": true, ""position_weight"": 0.0}",tune,False,150,0.90328,0.90494,0.92824,0.84,1.0,1.0,68.836
walmart_amazon,"v7 n=(2, 4) idf=1.0 dim=1.0 norm=True/geo pw=0.5",v7,"{""denominator"": ""geo"", ""dim"": 1.0, ""idf"": 1.0, ""n"": ""(2, 4)"", ""normalize"": true, ""position_weight"": 0.5}",tune,False,150,0.90294,0.90461,0.92795,0.84,1.0,1.0,64.82857
walmart_amazon,"v7 n=(2, 4) idf=1.0 dim=1.0 norm=True/geo pw=1.0",v7,"{""denominator"": ""geo"", ""dim"": 1.0, ""idf"": 1.0, ""n"": ""(2, 4)"", ""normalize"": true, ""position_weight"": 1.0}",tune,False,150,0.90294,0.90461,0.92795,0.84,1.0,1.0,64.72991
walmart_amazon,"v7 n=(2, 4) idf=1.0 dim=2.0 norm=False/dice pw=0.0",v7,"{""denominator"": ""dice"", ""dim"": 2.0, ""idf"": 1.0, ""n"": ""(2, 4)"", ""normalize"": false, ""position_weight"": 0.0}",tune,False,150,0.9213,0.92463,0.94221,0.86667,1.0,1.0,63.18975
walmart_amazon,"v7 n=(2, 4) idf=1.0 dim=2.0 norm=False/dice pw=0.5",v7,"{""denominator"": ""dice"", ""dim"": 2.0, ""idf"": 1.0, ""n"": ""(2, 4)"", ""normalize"": false, ""position_weight"": 0.5}",tune,False,150,0.92074,0.92407,0.94174,0.86667,1.0,1.0,65.01188
walmart_amazon,"v7 n=(2, 4) idf=1.0 dim=2.0 norm=False/dice pw=1.0",v7,"{""denominator"": ""dice"", ""dim"": 2.0, ""idf"": 1.0, ""n"": ""(2, 4)"", ""normalize"": false, ""position_weight"": 1.0}",tune,False,150,0.92019,0.9263,0.94185,0.87333,1.0,1.0,64.88764
walmart_amazon,"v7 n=(2, 4) idf=1.0 dim=2.0 norm=True/dice pw=0.0",v7,"{""denominator"": ""dice"", ""dim"": 2.0, ""idf"": 1.0, ""n"": ""(2, 4)"", ""normalize"": true, ""position_weight"": 0.0}",tune,False,150,0.89939,0.90217,0.92571,0.83333,1.0,1.0,64.41566
walmart_amazon,"v7 n=(2, 4) idf=1.0 dim=2.0 norm=True/dice pw=0.5",v7,"{""denominator"": ""dice"", ""dim"": 2.0, ""idf"": 1.0, ""n"": ""(2, 4)"", ""normalize"": true, ""position_weight"": 0.5}",tune,False,150,0.8985,0.90128,0.92496,0.83333,1.0,1.0,64.76983
walmart_amazon,"v7 n=(2, 4) idf=1.0 dim=2.0 norm=True/dice pw=1.0",v7,"{""denominator"": ""dice"", ""dim"": 2.0, ""idf"": 1.0, ""n"": ""(2, 4)"", ""normalize"": true, ""position_weight"": 1.0}",tune,False,150,0.89794,0.90072,0.92449,0.83333,1.0,1.0,64.20716
walmart_amazon,"v7 n=(2, 4) idf=1.0 dim=2.0 norm=True/geo pw=0.0",v7,"{""denominator"": ""geo"", ""dim"": 2.0, ""idf"": 1.0, ""n"": ""(2, 4)"", ""normalize"": true, ""position_weight"": 0.0}",tune,False,150,0.9005,0.90217,0.92624,0.83333,1.0,1.0,64.95046
walmart_amazon,"v7 n=(2, 4) idf=1.0 dim=2.0 norm=True/geo pw=0.5",v7,"{""denominator"": ""geo"", ""dim"": 2.0, ""idf"": 1.0, ""n"": ""(2, 4)"", ""normalize"": true, ""position_weight"": 0.5}",tune,False,150,0.90294,0.90461,0.92795,0.84,1.0,1.0,63.42028
walmart_amazon,"v7 n=(2, 4) idf=1.0 dim=2.0 norm=True/geo pw=1.0",v7,"{""denominator"": ""geo"", ""dim"": 2.0, ""idf"": 1.0, ""n"": ""(2, 4)"", ""normalize"": true, ""position_weight"": 1.0}",tune,False,150,0.90239,0.90406,0.92749,0.84,1.0,1.0,64.37403
walmart_amazon,"v7 n=(2, 4) idf=2.0 dim=1.0 norm=False/dice pw=0.0",v7,"{""denominator"": ""dice"", ""dim"": 1.0, ""idf"": 2.0, ""n"": ""(2, 4)"", ""normalize"": false, ""position_weight"": 0.0}",tune,False,150,0.92874,0.93241,0.94782,0.88,1.0,1.0,73.77501
walmart_amazon,"v7 n=(2, 4) idf=2.0 dim=1.0 norm=False/dice pw=0.5",v7,"{""denominator"": ""dice"", ""dim"": 1.0, ""idf"": 2.0, ""n"": ""(2, 4)"", ""normalize"": false, ""position_weight"": 0.5}",tune,False,150,0.92874,0.93241,0.94782,0.88,1.0,1.0,76.06848
walmart_amazon,"v7 n=(2, 4) idf=2.0 dim=1.0 norm=False/dice pw=1.0",v7,"{""denominator"": ""dice"", ""dim"": 1.0, ""idf"": 2.0, ""n"": ""(2, 4)"", ""normalize"": false, ""position_weight"": 1.0}",tune,False,150,0.93256,0.93789,0.95084,0.89333,1.0,1.0,75.64671
walmart_amazon,"v7 n=(2, 4) idf=2.0 dim=1.0 norm=True/dice pw=0.0",v7,"{""denominator"": ""dice"", ""dim"": 1.0, ""idf"": 2.0, ""n"": ""(2, 4)"", ""normalize"": true, ""position_weight"": 0.0}",tune,False,150,0.90661,0.90883,0.93075,0.84667,1.0,1.0,75.46266
walmart_amazon,"v7 n=(2, 4) idf=2.0 dim=1.0 norm=True/dice pw=0.5",v7,"{""denominator"": ""dice"", ""dim"": 1.0, ""idf"": 2.0, ""n"": ""(2, 4)"", ""normalize"": true, ""position_weight"": 0.5}",tune,False,150,0.90494,0.9055,0.92924,0.84,1.0,1.0,74.84629
walmart_amazon,"v7 n=(2, 4) idf=2.0 dim=1.0 norm=True/dice pw=1.0",v7,"{""denominator"": ""dice"", ""dim"": 1.0, ""idf"": 2.0, ""n"": ""(2, 4)"", ""normalize"": true, ""position_weight"": 1.0}",tune,False,150,0.89461,0.89517,0.92157,0.82,1.0,1.0,74.8465
walmart_amazon,"v7 n=(2, 4) idf=2.0 dim=1.0 norm=True/geo pw=0.0",v7,"{""denominator"": ""geo"", ""dim"": 1.0, ""idf"": 2.0, ""n"": ""(2, 4)"", ""normalize"": true, ""position_weight"": 0.0}",tune,False,150,0.91028,0.91028,0.93315,0.84667,1.0,1.0,74.16318
walmart_amazon,"v7 n=(2, 4) idf=2.0 dim=1.0 norm=True/geo pw=0.5",v7,"{""denominator"": ""geo"", ""dim"": 1.0, ""idf"": 2.0, ""n"": ""(2, 4)"", ""normalize"": true, ""position_weight"": 0.5}",tune,False,150,0.90883,0.90883,0.93198,0.84667,1.0,1.0,74.8243
walmart_amazon,"v7 n=(2, 4) idf=2.0 dim=1.0 norm=True/geo pw=1.0",v7,"{""denominator"": ""geo"", ""dim"": 1.0, ""idf"": 2.0, ""n"": ""(2, 4)"", ""normalize"": true, ""position_weight"": 1.0}",tune,False,150,0.8985,0.8985,0.92431,0.82667,1.0,1.0,74.62287
walmart_amazon,"v7 n=(2, 4) idf=2.0 dim=2.0 norm=False/dice pw=0.0",v7,"{""denominator"": ""dice"", ""dim"": 2.0, ""idf"": 2.0, ""n"": ""(2, 4)"", ""normalize"": false, ""position_weight"": 0.0}",tune,False,150,0.93207,0.93463,0.94994,0.88667,1.0,1.0,74.12948
walmart_amazon,"v7 n=(2, 4) idf=2.0 dim=2.0 norm=False/dice pw=0.5",v7,"{""denominator"": ""dice"", ""dim"": 2.0, ""idf"": 2.0, ""n"": ""(2, 4)"", ""normalize"": false, ""position_weight"": 0.5}",tune,False,150,0.93319,0.93741,0.95099,0.89333,1.0,1.0,71.22658
walmart_amazon,"v7 n=(2, 4) idf=2.0 dim=2.0 norm=False/dice pw=1.0",v7,"{""denominator"": ""dice"", ""dim"": 2.0, ""idf"": 2.0, ""n"": ""(2, 4)"", ""normalize"": false, ""position_weight"": 1.0}",tune,False,150,0.93319,0.93741,0.95099,0.89333,1.0,1.0,67.82983
walmart_amazon,"v7 n=(2, 4) idf=2.0 dim=2.0 norm=True/dice pw=0.0",v7,"{""denominator"": ""dice"", ""dim"": 2.0, ""idf"": 2.0, ""n"": ""(2, 4)"", ""normalize"": true, ""position_weight"": 0.0}",tune,False,150,0.9055,0.90772,0.92988,0.84667,1.0,1.0,67.8759
walmart_amazon,"v7 n=(2, 4) idf=2.0 dim=2.0 norm=True/dice pw=0.5",v7,"{""denominator"": ""dice"", ""dim"": 2.0, ""idf"": 2.0, ""n"": ""(2, 4)"", ""normalize"": true, ""position_weight"": 0.5}",tune,False,150,0.90383,0.90439,0.92837,0.84,1.0,1.0,72.22085
walmart_amazon,"v7 n=(2, 4) idf=2.0 dim=2.0 norm=True/dice pw=1.0",v7,"{""denominator"": ""dice"", ""dim"": 2.0, ""idf"": 2.0, ""n"": ""(2, 4)"", ""normalize"": true, ""position_weight"": 1.0}",tune,False,150,0.89707,0.89763,0.92335,0.82667,1.0,1.0,73.71714
walmart_amazon,"v7 n=(2, 4) idf=2.0 dim=2.0 norm=True/geo pw=0.0",v7,"{""denominator"": ""geo"", ""dim"": 2.0, ""idf"": 2.0, ""n"": ""(2, 4)"", ""normalize"": true, ""position_weight"": 0.0}",tune,False,150,0.90806,0.90806,0.9314,0.84667,1.0,1.0,74.60361
walmart_amazon,"v7 n=(2, 4) idf=2.0 dim=2.0 norm=True/geo pw=0.5",v7,"{""denominator"": ""geo"", ""dim"": 2.0, ""idf"": 2.0, ""n"": ""(2, 4)"", ""normalize"": true, ""position_weight"": 0.5}",tune,False,150,0.90472,0.90472,0.92894,0.84,1.0,1.0,73.94817
walmart_amazon,"v7 n=(2, 4) idf=2.0 dim=2.0 norm=True/geo pw=1.0",v7,"{""denominator"": ""geo"", ""dim"": 2.0, ""idf"": 2.0, ""n"": ""(2, 4)"", ""normalize"": true, ""position_weight"": 1.0}",tune,False,150,0.90063,0.90063,0.9258,0.83333,1.0,1.0,73.30989
walmart_amazon,"v7 n=(2, 4) idf=3.0 dim=1.0 norm=False/dice pw=0.0",v7,"{""denominator"": ""dice"", ""dim"": 1.0, ""idf"": 3.0, ""n"": ""(2, 4)"", ""normalize"": false, ""position_weight"": 0.0}",tune,False,150,0.93533,0.93789,0.95232,0.89333,1.0,1.0,80.41814
walmart_amazon,"v7 n=(2, 4) idf=3.0 dim=1.0 norm=False/dice pw=0.5",v7,"{""denominator"": ""dice"", ""dim"": 1.0, ""idf"": 3.0, ""n"": ""(2, 4)"", ""normalize"": false, ""position_weight"": 0.5}",tune,False,150,0.93867,0.94289,0.95496,0.90667,1.0,1.0,87.70886
walmart_amazon,"v7 n=(2, 4) idf=3.0 dim=1.0 norm=False/dice pw=1.0",v7,"{""denominator"": ""dice"", ""dim"": 1.0, ""idf"": 3.0, ""n"": ""(2, 4)"", ""normalize"": false, ""position_weight"": 1.0}",tune,False,150,0.94311,0.94733,0.95829,0.91333,1.0,1.0,72.7507
walmart_amazon,"v7 n=(2, 4) idf=3.0 dim=1.0 norm=True/dice pw=0.0",v7,"{""denominator"": ""dice"", ""dim"": 1.0, ""idf"": 3.0, ""n"": ""(2, 4)"", ""normalize"": true, ""position_weight"": 0.0}",tune,False,150,0.89694,0.90138,0.92214,0.83333,0.99333,1.0,73.86551
walmart_amazon,"v7 n=(2, 4) idf=3.0 dim=1.0 norm=True/dice pw=0.5",v7,"{""denominator"": ""dice"", ""dim"": 1.0, ""idf"": 3.0, ""n"": ""(2, 4)"", ""normalize"": true, ""position_weight"": 0.5}",tune,False,150,0.90138,0.90583,0.92548,0.84,0.99333,1.0,76.48499
walmart_amazon,"v7 n=(2, 4) idf=3.0 dim=1.0 norm=True/dice pw=1.0",v7,"{""denominator"": ""dice"", ""dim"": 1.0, ""idf"": 3.0, ""n"": ""(2, 4)"", ""normalize"": true, ""position_weight"": 1.0}",tune,False,150,0.90472,0.90916,0.92794,0.84667,0.99333,1.0,75.24744
walmart_amazon,"v7 n=(2, 4) idf=3.0 dim=1.0 norm=True/geo pw=0.0",v7,"{""denominator"": ""geo"", ""dim"": 1.0, ""idf"": 3.0, ""n"": ""(2, 4)"", ""normalize"": true, ""position_weight"": 0.0}",tune,False,150,0.90867,0.912,0.93245,0.85333,1.0,1.0,75.38487
walmart_amazon,"v7 n=(2, 4) idf=3.0 dim=1.0 norm=True/geo pw=0.5",v7,"{""denominator"": ""geo"", ""dim"": 1.0, ""idf"": 3.0, ""n"": ""(2, 4)"", ""normalize"": true, ""position_weight"": 0.5}",tune,False,150,0.90644,0.90978,0.93086,0.84667,1.0,1.0,74.25795
walmart_amazon,"v7 n=(2, 4) idf=3.0 dim=1.0 norm=True/geo pw=1.0",v7,"{""denominator"": ""geo"", ""dim"": 1.0, ""idf"": 3.0, ""n"": ""(2, 4)"", ""normalize"": true, ""position_weight"": 1.0}",tune,False,150,0.90938,0.91272,0.9311,0.85333,0.99333,1.0,74.63923
walmart_amazon,"v7 n=(2, 4) idf=3.0 dim=2.0 norm=False/dice pw=0.0",v7,"{""denominator"": ""dice"", ""dim"": 2.0, ""idf"": 3.0, ""n"": ""(2, 4)"", ""normalize"": false, ""position_weight"": 0.0}",tune,False,150,0.93922,0.94178,0.95525,0.9,1.0,1.0,75.48433
walmart_amazon,"v7 n=(2, 4) idf=3.0 dim=2.0 norm=False/dice pw=0.5",v7,"{""denominator"": ""dice"", ""dim"": 2.0, ""idf"": 3.0, ""n"": ""(2, 4)"", ""normalize"": false, ""position_weight"": 0.5}",tune,False,150,0.94263,0.94685,0.95796,0.91333,1.0,1.0,74.01966
walmart_amazon,"v7 n=(2, 4) idf=3.0 dim=2.0 norm=False/dice pw=1.0",v7,"{""denominator"": ""dice"", ""dim"": 2.0, ""idf"": 3.0, ""n"": ""(2, 4)"", ""normalize"": false, ""position_weight"": 1.0}",tune,False,150,0.94319,0.94741,0.95837,0.91333,1.0,1.0,74.37169
walmart_amazon,"v7 n=(2, 4) idf=3.0 dim=2.0 norm=True/dice pw=0.0",v7,"{""denominator"": ""dice"", ""dim"": 2.0, ""idf"": 3.0, ""n"": ""(2, 4)"", ""normalize"": true, ""position_weight"": 0.0}",tune,False,150,0.89074,0.89407,0.91705,0.82667,0.99333,1.0,74.1424
walmart_amazon,"v7 n=(2, 4) idf=3.0 dim=2.0 norm=True/dice pw=0.5",v7,"{""denominator"": ""dice"", ""dim"": 2.0, ""idf"": 3.0, ""n"": ""(2, 4)"", ""normalize"": true, ""position_weight"": 0.5}",tune,False,150,0.8924,0.89574,0.91842,0.82667,0.99333,1.0,75.08117
walmart_amazon,"v7 n=(2, 4) idf=3.0 dim=2.0 norm=True/dice pw=1.0",v7,"{""denominator"": ""dice"", ""dim"": 2.0, ""idf"": 3.0, ""n"": ""(2, 4)"", ""normalize"": true, ""position_weight"": 1.0}",tune,False,150,0.89574,0.89907,0.92088,0.83333,0.99333,1.0,81.51145
walmart_amazon,"v7 n=(2, 4) idf=3.0 dim=2.0 norm=True/geo pw=0.0",v7,"{""denominator"": ""geo"", ""dim"": 2.0, ""idf"": 3.0, ""n"": ""(2, 4)"", ""normalize"": true, ""position_weight"": 0.0}",tune,False,150,0.90018,0.90351,0.92427,0.84,0.99333,1.0,89.0972
walmart_amazon,"v7 n=(2, 4) idf=3.0 dim=2.0 norm=True/geo pw=0.5",v7,"{""denominator"": ""geo"", ""dim"": 2.0, ""idf"": 3.0, ""n"": ""(2, 4)"", ""normalize"": true, ""position_weight"": 0.5}",tune,False,150,0.90129,0.90462,0.92514,0.84,0.99333,1.0,77.46745
walmart_amazon,"v7 n=(2, 4) idf=3.0 dim=2.0 norm=True/geo pw=1.0",v7,"{""denominator"": ""geo"", ""dim"": 2.0, ""idf"": 3.0, ""n"": ""(2, 4)"", ""normalize"": true, ""position_weight"": 1.0}",tune,False,150,0.90129,0.90462,0.92514,0.84,0.99333,1.0,68.34325
walmart_amazon,"v7 n=(3, 4) idf=0.0 dim=1.0 norm=False/dice pw=0.0",v7,"{""denominator"": ""dice"", ""dim"": 1.0, ""idf"": 0.0, ""n"": ""(3, 4)"", ""normalize"": false, ""position_weight"": 0.0}",tune,False,150,0.8961,0.89932,0.9233,0.82667,1.0,1.0,29.73429
walmart_amazon,"v7 n=(3, 4) idf=0.0 dim=1.0 norm=False/dice pw=0.5",v7,"{""denominator"": ""dice"", ""dim"": 1.0, ""idf"": 0.0, ""n"": ""(3, 4)"", ""normalize"": false, ""position_weight"": 0.5}",tune,False,150,0.88921,0.89292,0.91836,0.81333,1.0,1.0,29.20931
walmart_amazon,"v7 n=(3, 4) idf=0.0 dim=1.0 norm=False/dice pw=1.0",v7,"{""denominator"": ""dice"", ""dim"": 1.0, ""idf"": 0.0, ""n"": ""(3, 4)"", ""normalize"": false, ""position_weight"": 1.0}",tune,False,150,0.88289,0.88561,0.91159,0.8,0.99333,1.0,29.68014
walmart_amazon,"v7 n=(3, 4) idf=0.0 dim=1.0 norm=True/dice pw=0.0",v7,"{""denominator"": ""dice"", ""dim"": 1.0, ""idf"": 0.0, ""n"": ""(3, 4)"", ""normalize"": true, ""position_weight"": 0.0}",tune,False,150,0.82045,0.82804,0.85734,0.73333,0.96667,1.0,28.77081
walmart_amazon,"v7 n=(3, 4) idf=0.0 dim=1.0 norm=True/dice pw=0.5",v7,"{""denominator"": ""dice"", ""dim"": 1.0, ""idf"": 0.0, ""n"": ""(3, 4)"", ""normalize"": true, ""position_weight"": 0.5}",tune,False,150,0.80651,0.81324,0.8468,0.71333,0.96667,1.0,29.562
walmart_amazon,"v7 n=(3, 4) idf=0.0 dim=1.0 norm=True/dice pw=1.0",v7,"{""denominator"": ""dice"", ""dim"": 1.0, ""idf"": 0.0, ""n"": ""(3, 4)"", ""normalize"": true, ""position_weight"": 1.0}",tune,False,150,0.79514,0.80202,0.83643,0.7,0.96,1.0,29.27948
walmart_amazon,"v7 n=(3, 4) idf=0.0 dim=1.0 norm=True/geo pw=0.0",v7,"{""denominator"": ""geo"", ""dim"": 1.0, ""idf"": 0.0, ""n"": ""(3, 4)"", ""normalize"": true, ""position_weight"": 0.0}",tune,False,150,0.82404,0.83107,0.86203,0.73333,0.97333,1.0,29.88256
walmart_amazon,"v7 n=(3, 4) idf=0.0 dim=1.0 norm=True/geo pw=0.5",v7,"{""denominator"": ""geo"", ""dim"": 1.0, ""idf"": 0.0, ""n"": ""(3, 4)"", ""normalize"": true, ""position_weight"": 0.5}",tune,False,150,0.81592,0.82209,0.85372,0.72667,0.96667,1.0,29.67639
walmart_amazon,"v7 n=(3, 4) idf=0.0 dim=1.0 norm=True/geo pw=1.0",v7,"{""denominator"": ""geo"", ""dim"": 1.0, ""idf"": 0.0, ""n"": ""(3, 4)"", ""normalize"": true, ""position_weight"": 1.0}",tune,False,150,0.811,0.81676,0.8499,0.72,0.96667,1.0,29.45457
walmart_amazon,"v7 n=(3, 4) idf=0.0 dim=2.0 norm=False/dice pw=0.0",v7,"{""denominator"": ""dice"", ""dim"": 2.0, ""idf"": 0.0, ""n"": ""(3, 4)"", ""normalize"": false, ""position_weight"": 0.0}",tune,False,150,0.89221,0.89599,0.92056,0.82,1.0,1.0,29.72248
walmart_amazon,"v7 n=(3, 4) idf=0.0 dim=2.0 norm=False/dice pw=0.5",v7,"{""denominator"": ""dice"", ""dim"": 2.0, ""idf"": 0.0, ""n"": ""(3, 4)"", ""normalize"": false, ""position_weight"": 0.5}",tune,False,150,0.88921,0.89292,0.91836,0.81333,1.0,1.0,29.45034
walmart_amazon,"v7 n=(3, 4) idf=0.0 dim=2.0 norm=False/dice pw=1.0",v7,"{""denominator"": ""dice"", ""dim"": 2.0, ""idf"": 0.0, ""n"": ""(3, 4)"", ""normalize"": false, ""position_weight"": 1.0}",tune,False,150,0.88289,0.88561,0.91159,0.8,0.99333,1.0,28.95103
walmart_amazon,"v7 n=(3, 4) idf=0.0 dim=2.0 norm=True/dice pw=0.0",v7,"{""denominator"": ""dice"", ""dim"": 2.0, ""idf"": 0.0, ""n"": ""(3, 4)"", ""normalize"": true, ""position_weight"": 0.0}",tune,False,150,0.82045,0.82804,0.85734,0.73333,0.96667,1.0,29.98634
walmart_amazon,"v7 n=(3, 4) idf=0.0 dim=2.0 norm=True/dice pw=0.5",v7,"{""denominator"": ""dice"", ""dim"": 2.0, ""idf"": 0.0, ""n"": ""(3, 4)"", ""normalize"": true, ""position_weight"": 0.5}",tune,False,150,0.80651,0.81324,0.8468,0.71333,0.96667,1.0,29.07165
walmart_amazon,"v7 n=(3, 4) idf=0.0 dim=2.0 norm=True/dice pw=1.0",v7,"{""denominator"": ""dice"", ""dim"": 2.0, ""idf"": 0.0, ""n"": ""(3, 4)"", ""normalize"": true, ""position_weight"": 1.0}",tune,False,150,0.79514,0.80202,0.83643,0.7,0.96,1.0,28.27432
walmart_amazon,"v7 n=(3, 4) idf=0.0 dim=2.0 norm=True/geo pw=0.0",v7,"{""denominator"": ""geo"", ""dim"": 2.0, ""idf"": 0.0, ""n"": ""(3, 4)"", ""normalize"": true, ""position_weight"": 0.0}",tune,False,150,0.82404,0.83107,0.86203,0.73333,0.97333,1.0,29.77158
walmart_amazon,"v7 n=(3, 4) idf=0.0 dim=2.0 norm=True/geo pw=0.5",v7,"{""denominator"": ""geo"", ""dim"": 2.0, ""idf"": 0.0, ""n"": ""(3, 4)"", ""normalize"": true, ""position_weight"": 0.5}",tune,False,150,0.81592,0.82209,0.85372,0.72667,0.96667,1.0,31.38683
walmart_amazon,"v7 n=(3, 4) idf=0.0 dim=2.0 norm=True/geo pw=1.0",v7,"{""denominator"": ""geo"", ""dim"": 2.0, ""idf"": 0.0, ""n"": ""(3, 4)"", ""normalize"": true, ""position_weight"": 1.0}",tune,False,150,0.80761,0.81338,0.84744,0.71333,0.96667,1.0,31.08305
walmart_amazon,"v7 n=(3, 4) idf=1.0 dim=1.0 norm=False/dice pw=0.0",v7,"{""denominator"": ""dice"", ""dim"": 1.0, ""idf"": 1.0, ""n"": ""(3, 4)"", ""normalize"": false, ""position_weight"": 0.0}",tune,False,150,0.92241,0.92574,0.94308,0.86667,1.0,1.0,32.06272
walmart_amazon,"v7 n=(3, 4) idf=1.0 dim=1.0 norm=False/dice pw=0.5",v7,"{""denominator"": ""dice"", ""dim"": 1.0, ""idf"": 1.0, ""n"": ""(3, 4)"", ""normalize"": false, ""position_weight"": 0.5}",tune,False,150,0.91963,0.92296,0.94087,0.86667,1.0,1.0,32.14936
walmart_amazon,"v7 n=(3, 4) idf=1.0 dim=1.0 norm=False/dice pw=1.0",v7,"{""denominator"": ""dice"", ""dim"": 1.0, ""idf"": 1.0, ""n"": ""(3, 4)"", ""normalize"": false, ""position_weight"": 1.0}",tune,False,150,0.9163,0.91963,0.93841,0.86,1.0,1.0,32.37585
walmart_amazon,"v7 n=(3, 4) idf=1.0 dim=1.0 norm=True/dice pw=0.0",v7,"{""denominator"": ""dice"", ""dim"": 1.0, ""idf"": 1.0, ""n"": ""(3, 4)"", ""normalize"": true, ""position_weight"": 0.0}",tune,False,150,0.89628,0.89794,0.92316,0.82667,1.0,1.0,32.23488
walmart_amazon,"v7 n=(3, 4) idf=1.0 dim=1.0 norm=True/dice pw=0.5",v7,"{""denominator"": ""dice"", ""dim"": 1.0, ""idf"": 1.0, ""n"": ""(3, 4)"", ""normalize"": true, ""position_weight"": 0.5}",tune,False,150,0.89183,0.8935,0.91983,0.82,1.0,1.0,32.29316
walmart_amazon,"v7 n=(3, 4) idf=1.0 dim=1.0 norm=True/dice pw=1.0",v7,"{""denominator"": ""dice"", ""dim"": 1.0, ""idf"": 1.0, ""n"": ""(3, 4)"", ""normalize"": true, ""position_weight"": 1.0}",tune,False,150,0.89239,0.89239,0.91983,0.82,1.0,1.0,32.41165
walmart_amazon,"v7 n=(3, 4) idf=1.0 dim=1.0 norm=True/geo pw=0.0",v7,"{""denominator"": ""geo"", ""dim"": 1.0, ""idf"": 1.0, ""n"": ""(3, 4)"", ""normalize"": true, ""position_weight"": 0.0}",tune,False,150,0.89772,0.89939,0.92433,0.82667,1.0,1.0,31.85153
walmart_amazon,"v7 n=(3, 4) idf=1.0 dim=1.0 norm=True/geo pw=0.5",v7,"{""denominator"": ""geo"", ""dim"": 1.0, ""idf"": 1.0, ""n"": ""(3, 4)"", ""normalize"": true, ""position_weight"": 0.5}",tune,False,150,0.89439,0.89606,0.92187,0.82,1.0,1.0,31.29345
walmart_amazon,"v7 n=(3, 4) idf=1.0 dim=1.0 norm=True/geo pw=1.0",v7,"{""denominator"": ""geo"", ""dim"": 1.0, ""idf"": 1.0, ""n"": ""(3, 4)"", ""normalize"": true, ""position_weight"": 1.0}",tune,False,150,0.89717,0.89717,0.92346,0.82667,1.0,1.0,31.92498
walmart_amazon,"v7 n=(3, 4) idf=1.0 dim=2.0 norm=False/dice pw=0.0",v7,"{""denominator"": ""dice"", ""dim"": 2.0, ""idf"": 1.0, ""n"": ""(3, 4)"", ""normalize"": false, ""position_weight"": 0.0}",tune,False,150,0.92241,0.92574,0.94308,0.86667,1.0,1.0,31.54434
walmart_amazon,"v7 n=(3, 4) idf=1.0 dim=2.0 norm=False/dice pw=0.5",v7,"{""denominator"": ""dice"", ""dim"": 2.0, ""idf"": 1.0, ""n"": ""(3, 4)"", ""normalize"": false, ""position_weight"": 0.5}",tune,False,150,0.92296,0.9263,0.94333,0.87333,1.0,1.0,31.26514
walmart_amazon,"v7 n=(3, 4) idf=1.0 dim=2.0 norm=False/dice pw=1.0",v7,"{""denominator"": ""dice"", ""dim"": 2.0, ""idf"": 1.0, ""n"": ""(3, 4)"", ""normalize"": false, ""position_weight"": 1.0}",tune,False,150,0.9163,0.91963,0.93841,0.86,1.0,1.0,31.67722
walmart_amazon,"v7 n=(3, 4) idf=1.0 dim=2.0 norm=True/dice pw=0.0",v7,"{""denominator"": ""dice"", ""dim"": 2.0, ""idf"": 1.0, ""n"": ""(3, 4)"", ""normalize"": true, ""position_weight"": 0.0}",tune,False,150,0.89628,0.89794,0.92316,0.82667,1.0,1.0,31.59857
walmart_amazon,"v7 n=(3, 4) idf=1.0 dim=2.0 norm=True/dice pw=0.5",v7,"{""denominator"": ""dice"", ""dim"": 2.0, ""idf"": 1.0, ""n"": ""(3, 4)"", ""normalize"": true, ""position_weight"": 0.5}",tune,False,150,0.89183,0.8935,0.91983,0.82,1.0,1.0,31.95746
walmart_amazon,"v7 n=(3, 4) idf=1.0 dim=2.0 norm=True/dice pw=1.0",v7,"{""denominator"": ""dice"", ""dim"": 2.0, ""idf"": 1.0, ""n"": ""(3, 4)"", ""normalize"": true, ""position_weight"": 1.0}",tune,False,150,0.89239,0.89239,0.91983,0.82,1.0,1.0,31.03265
walmart_amazon,"v7 n=(3, 4) idf=1.0 dim=2.0 norm=True/geo pw=0.0",v7,"{""denominator"": ""geo"", ""dim"": 2.0, ""idf"": 1.0, ""n"": ""(3, 4)"", ""normalize"": true, ""position_weight"": 0.0}",tune,False,150,0.89772,0.89939,0.92433,0.82667,1.0,1.0,31.78787
walmart_amazon,"v7 n=(3, 4) idf=1.0 dim=2.0 norm=True/geo pw=0.5",v7,"{""denominator"": ""geo"", ""dim"": 2.0, ""idf"": 1.0, ""n"": ""(3, 4)"", ""normalize"": true, ""position_weight"": 0.5}",tune,False,150,0.89439,0.89606,0.92187,0.82,1.0,1.0,31.95841
walmart_amazon,"v7 n=(3, 4) idf=1.0 dim=2.0 norm=True/geo pw=1.0",v7,"{""denominator"": ""geo"", ""dim"": 2.0, ""idf"": 1.0, ""n"": ""(3, 4)"", ""normalize"": true, ""position_weight"": 1.0}",tune,False,150,0.89383,0.89383,0.92099,0.82,1.0,1.0,32.08792
walmart_amazon,"v7 n=(3, 4) idf=2.0 dim=1.0 norm=False/dice pw=0.0",v7,"{""denominator"": ""dice"", ""dim"": 1.0, ""idf"": 2.0, ""n"": ""(3, 4)"", ""normalize"": false, ""position_weight"": 0.0}",tune,False,150,0.92874,0.93241,0.94782,0.88,1.0,1.0,32.02821
walmart_amazon,"v7 n=(3, 4) idf=2.0 dim=1.0 norm=False/dice pw=0.5",v7,"{""denominator"": ""dice"", ""dim"": 1.0, ""idf"": 2.0, ""n"": ""(3, 4)"", ""normalize"": false, ""position_weight"": 0.5}",tune,False,150,0.93207,0.93574,0.95028,0.88667,1.0,1.0,31.6792
walmart_amazon,"v7 n=(3, 4) idf=2.0 dim=1.0 norm=False/dice pw=1.0",v7,"{""denominator"": ""dice"", ""dim"": 1.0, ""idf"": 2.0, ""n"": ""(3, 4)"", ""normalize"": false, ""position_weight"": 1.0}",tune,False,150,0.93207,0.93574,0.95028,0.88667,1.0,1.0,30.61075
walmart_amazon,"v7 n=(3, 4) idf=2.0 dim=1.0 norm=True/dice pw=0.0",v7,"{""denominator"": ""dice"", ""dim"": 1.0, ""idf"": 2.0, ""n"": ""(3, 4)"", ""normalize"": true, ""position_weight"": 0.0}",tune,False,150,0.9105,0.91606,0.93431,0.86,1.0,1.0,30.47529
walmart_amazon,"v7 n=(3, 4) idf=2.0 dim=1.0 norm=True/dice pw=0.5",v7,"{""denominator"": ""dice"", ""dim"": 1.0, ""idf"": 2.0, ""n"": ""(3, 4)"", ""normalize"": true, ""position_weight"": 0.5}",tune,False,150,0.90517,0.90906,0.93005,0.84667,1.0,1.0,31.17423
walmart_amazon,"v7 n=(3, 4) idf=2.0 dim=1.0 norm=True/dice pw=1.0",v7,"{""denominator"": ""dice"", ""dim"": 1.0, ""idf"": 2.0, ""n"": ""(3, 4)"", ""normalize"": true, ""position_weight"": 1.0}",tune,False,150,0.90517,0.90906,0.93005,0.84667,1.0,1.0,30.45853
walmart_amazon,"v7 n=(3, 4) idf=2.0 dim=1.0 norm=True/geo pw=0.0",v7,"{""denominator"": ""geo"", ""dim"": 1.0, ""idf"": 2.0, ""n"": ""(3, 4)"", ""normalize"": true, ""position_weight"": 0.0}",tune,False,150,0.91094,0.91594,0.93451,0.86,1.0,1.0,30.94466
walmart_amazon,"v7 n=(3, 4) idf=2.0 dim=1.0 norm=True/geo pw=0.5",v7,"{""denominator"": ""geo"", ""dim"": 1.0, ""idf"": 2.0, ""n"": ""(3, 4)"", ""normalize"": true, ""position_weight"": 0.5}",tune,False,150,0.9055,0.90883,0.93013,0.84667,1.0,1.0,30.45562
walmart_amazon,"v7 n=(3, 4) idf=2.0 dim=1.0 norm=True/geo pw=1.0",v7,"{""denominator"": ""geo"", ""dim"": 1.0, ""idf"": 2.0, ""n"": ""(3, 4)"", ""normalize"": true, ""position_weight"": 1.0}",tune,False,150,0.90439,0.90772,0.92926,0.84667,1.0,1.0,30.35207
walmart_amazon,"v7 n=(3, 4) idf=2.0 dim=2.0 norm=False/dice pw=0.0",v7,"{""denominator"": ""dice"", ""dim"": 2.0, ""idf"": 2.0, ""n"": ""(3, 4)"", ""normalize"": false, ""position_weight"": 0.0}",tune,False,150,0.93207,0.93574,0.95028,0.88667,1.0,1.0,30.58833
walmart_amazon,"v7 n=(3, 4) idf=2.0 dim=2.0 norm=False/dice pw=0.5",v7,"{""denominator"": ""dice"", ""dim"": 2.0, ""idf"": 2.0, ""n"": ""(3, 4)"", ""normalize"": false, ""position_weight"": 0.5}",tune,False,150,0.93207,0.93574,0.95028,0.88667,1.0,1.0,30.88078
walmart_amazon,"v7 n=(3, 4) idf=2.0 dim=2.0 norm=False/dice pw=1.0",v7,"{""denominator"": ""dice"", ""dim"": 2.0, ""idf"": 2.0, ""n"": ""(3, 4)"", ""normalize"": false, ""position_weight"": 1.0}",tune,False,150,0.93541,0.93907,0.95274,0.89333,1.0,1.0,30.85534
walmart_amazon,"v7 n=(3, 4) idf=2.0 dim=2.0 norm=True/dice pw=0.0",v7,"{""denominator"": ""dice"", ""dim"": 2.0, ""idf"": 2.0, ""n"": ""(3, 4)"", ""normalize"": true, ""position_weight"": 0.0}",tune,False,150,0.91106,0.91606,0.93459,0.86,1.0,1.0,29.98467
walmart_amazon,"v7 n=(3, 4) idf=2.0 dim=2.0 norm=True/dice pw=0.5",v7,"{""denominator"": ""dice"", ""dim"": 2.0, ""idf"": 2.0, ""n"": ""(3, 4)"", ""normalize"": true, ""position_weight"": 0.5}",tune,False,150,0.90517,0.90906,0.93005,0.84667,1.0,1.0,30.8504
walmart_amazon,"v7 n=(3, 4) idf=2.0 dim=2.0 norm=True/dice pw=1.0",v7,"{""denominator"": ""dice"", ""dim"": 2.0, ""idf"": 2.0, ""n"": ""(3, 4)"", ""normalize"": true, ""position_weight"": 1.0}",tune,False,150,0.90517,0.90906,0.93005,0.84667,1.0,1.0,30.3512
walmart_amazon,"v7 n=(3, 4) idf=2.0 dim=2.0 norm=True/geo pw=0.0",v7,"{""denominator"": ""geo"", ""dim"": 2.0, ""idf"": 2.0, ""n"": ""(3, 4)"", ""normalize"": true, ""position_weight"": 0.0}",tune,False,150,0.9115,0.91594,0.93479,0.86,1.0,1.0,31.82096
walmart_amazon,"v7 n=(3, 4) idf=2.0 dim=2.0 norm=True/geo pw=0.5",v7,"{""denominator"": ""geo"", ""dim"": 2.0, ""idf"": 2.0, ""n"": ""(3, 4)"", ""normalize"": true, ""position_weight"": 0.5}",tune,False,150,0.9055,0.90883,0.93013,0.84667,1.0,1.0,29.45437
walmart_amazon,"v7 n=(3, 4) idf=2.0 dim=2.0 norm=True/geo pw=1.0",v7,"{""denominator"": ""geo"", ""dim"": 2.0, ""idf"": 2.0, ""n"": ""(3, 4)"", ""normalize"": true, ""position_weight"": 1.0}",tune,False,150,0.90439,0.90772,0.92926,0.84667,1.0,1.0,30.03192
walmart_amazon,"v7 n=(3, 4) idf=3.0 dim=1.0 norm=False/dice pw=0.0",v7,"{""denominator"": ""dice"", ""dim"": 1.0, ""idf"": 3.0, ""n"": ""(3, 4)"", ""normalize"": false, ""position_weight"": 0.0}",tune,False,150,0.9293,0.93296,0.94807,0.88667,1.0,1.0,31.32627
walmart_amazon,"v7 n=(3, 4) idf=3.0 dim=1.0 norm=False/dice pw=0.5",v7,"{""denominator"": ""dice"", ""dim"": 1.0, ""idf"": 3.0, ""n"": ""(3, 4)"", ""normalize"": false, ""position_weight"": 0.5}",tune,False,150,0.93819,0.94185,0.95479,0.9,1.0,1.0,30.07508
walmart_amazon,"v7 n=(3, 4) idf=3.0 dim=1.0 norm=False/dice pw=1.0",v7,"{""denominator"": ""dice"", ""dim"": 1.0, ""idf"": 3.0, ""n"": ""(3, 4)"", ""normalize"": false, ""position_weight"": 1.0}",tune,False,150,0.93819,0.94185,0.95479,0.9,1.0,1.0,30.33869
walmart_amazon,"v7 n=(3, 4) idf=3.0 dim=1.0 norm=True/dice pw=0.0",v7,"{""denominator"": ""dice"", ""dim"": 1.0, ""idf"": 3.0, ""n"": ""(3, 4)"", ""normalize"": true, ""position_weight"": 0.0}",tune,False,150,0.91383,0.91883,0.93673,0.86667,1.0,1.0,30.76959
walmart_amazon,"v7 n=(3, 4) idf=3.0 dim=1.0 norm=True/dice pw=0.5",v7,"{""denominator"": ""dice"", ""dim"": 1.0, ""idf"": 3.0, ""n"": ""(3, 4)"", ""normalize"": true, ""position_weight"": 0.5}",tune,False,150,0.90983,0.91517,0.9338,0.86,1.0,1.0,30.5312
walmart_amazon,"v7 n=(3, 4) idf=3.0 dim=1.0 norm=True/dice pw=1.0",v7,"{""denominator"": ""dice"", ""dim"": 1.0, ""idf"": 3.0, ""n"": ""(3, 4)"", ""normalize"": true, ""position_weight"": 1.0}",tune,False,150,0.90983,0.91517,0.9338,0.86,1.0,1.0,30.27327
walmart_amazon,"v7 n=(3, 4) idf=3.0 dim=1.0 norm=True/geo pw=0.0",v7,"{""denominator"": ""geo"", ""dim"": 1.0, ""idf"": 3.0, ""n"": ""(3, 4)"", ""normalize"": true, ""position_weight"": 0.0}",tune,False,150,0.91539,0.91961,0.93767,0.86667,1.0,1.0,33.32689
walmart_amazon,"v7 n=(3, 4) idf=3.0 dim=1.0 norm=True/geo pw=0.5",v7,"{""denominator"": ""geo"", ""dim"": 1.0, ""idf"": 3.0, ""n"": ""(3, 4)"", ""normalize"": true, ""position_weight"": 0.5}",tune,False,150,0.91072,0.91517,0.93421,0.86,1.0,1.0,31.29549
walmart_amazon,"v7 n=(3, 4) idf=3.0 dim=1.0 norm=True/geo pw=1.0",v7,"{""denominator"": ""geo"", ""dim"": 1.0, ""idf"": 3.0, ""n"": ""(3, 4)"", ""normalize"": true, ""position_weight"": 1.0}",tune,False,150,0.90739,0.91183,0.93175,0.85333,1.0,1.0,30.89496
walmart_amazon,"v7 n=(3, 4) idf=3.0 dim=2.0 norm=False/dice pw=0.0",v7,"{""denominator"": ""dice"", ""dim"": 2.0, ""idf"": 3.0, ""n"": ""(3, 4)"", ""normalize"": false, ""position_weight"": 0.0}",tune,False,150,0.93596,0.93852,0.95287,0.89333,1.0,1.0,32.16608
walmart_amazon,"v7 n=(3, 4) idf=3.0 dim=2.0 norm=False/dice pw=0.5",v7,"{""denominator"": ""dice"", ""dim"": 2.0, ""idf"": 3.0, ""n"": ""(3, 4)"", ""normalize"": false, ""position_weight"": 0.5}",tune,False,150,0.9393,0.94185,0.95533,0.9,1.0,1.0,31.33774
walmart_amazon,"v7 n=(3, 4) idf=3.0 dim=2.0 norm=False/dice pw=1.0",v7,"{""denominator"": ""dice"", ""dim"": 2.0, ""idf"": 3.0, ""n"": ""(3, 4)"", ""normalize"": false, ""position_weight"": 1.0}",tune,False,150,0.94374,0.94796,0.95883,0.91333,1.0,1.0,31.52099
walmart_amazon,"v7 n=(3, 4) idf=3.0 dim=2.0 norm=True/dice pw=0.0",v7,"{""denominator"": ""dice"", ""dim"": 2.0, ""idf"": 3.0, ""n"": ""(3, 4)"", ""normalize"": true, ""position_weight"": 0.0}",tune,False,150,0.91494,0.91994,0.9376,0.86667,1.0,1.0,32.08826
walmart_amazon,"v7 n=(3, 4) idf=3.0 dim=2.0 norm=True/dice pw=0.5",v7,"{""denominator"": ""dice"", ""dim"": 2.0, ""idf"": 3.0, ""n"": ""(3, 4)"", ""normalize"": true, ""position_weight"": 0.5}",tune,False,150,0.91128,0.91628,0.93485,0.86,1.0,1.0,32.3786
walmart_amazon,"v7 n=(3, 4) idf=3.0 dim=2.0 norm=True/dice pw=1.0",v7,"{""denominator"": ""dice"", ""dim"": 2.0, ""idf"": 3.0, ""n"": ""(3, 4)"", ""normalize"": true, ""position_weight"": 1.0}",tune,False,150,0.90983,0.91517,0.9338,0.86,1.0,1.0,32.63722
walmart_amazon,"v7 n=(3, 4) idf=3.0 dim=2.0 norm=True/geo pw=0.0",v7,"{""denominator"": ""geo"", ""dim"": 2.0, ""idf"": 3.0, ""n"": ""(3, 4)"", ""normalize"": true, ""position_weight"": 0.0}",tune,False,150,0.91539,0.91961,0.93767,0.86667,1.0,1.0,31.29352
walmart_amazon,"v7 n=(3, 4) idf=3.0 dim=2.0 norm=True/geo pw=0.5",v7,"{""denominator"": ""geo"", ""dim"": 2.0, ""idf"": 3.0, ""n"": ""(3, 4)"", ""normalize"": true, ""position_weight"": 0.5}",tune,False,150,0.91206,0.91628,0.93521,0.86,1.0,1.0,31.47911
walmart_amazon,"v7 n=(3, 4) idf=3.0 dim=2.0 norm=True/geo pw=1.0",v7,"{""denominator"": ""geo"", ""dim"": 2.0, ""idf"": 3.0, ""n"": ""(3, 4)"", ""normalize"": true, ""position_weight"": 1.0}",tune,False,150,0.91128,0.91572,0.93467,0.86,1.0,1.0,31.48147
walmart_amazon,"v7 n=(3, 4) idf=3.0 dim=2.0 norm=False/dice pw=1.0",v7,"{""denominator"": ""dice"", ""dim"": 2.0, ""idf"": 3.0, ""n"": ""(3, 4)"", ""normalize"": false, ""position_weight"": 1.0}",test,True,150,0.8985,0.8985,0.92194,0.83333,0.99333,1.0,32.28909
walmart_amazon,v7 default,v7_default,"{""denominator"": ""dice"", ""dim"": 1.0, ""idf"": 0.0, ""n"": ""(2, 4)"", ""normalize"": true, ""position_weight"": 1.0}",test,True,150,0.81581,0.81914,0.85461,0.72,0.97333,1.0,70.93148
walmart_amazon,"v7 n=(2, 4) idf=3.0 dim=2.0 norm=False/dice pw=0.0",v7_pw0.0,"{""denominator"": ""dice"", ""dim"": 2.0, ""idf"": 3.0, ""n"": ""(2, 4)"", ""normalize"": false, ""position_weight"": 0.0}",test,True,150,0.88717,0.88828,0.91386,0.81333,0.99333,1.0,69.85636
walmart_amazon,"v7 n=(2, 4) idf=3.0 dim=2.0 norm=False/dice pw=0.5",v7_pw0.5,"{""denominator"": ""dice"", ""dim"": 2.0, ""idf"": 3.0, ""n"": ""(2, 4)"", ""normalize"": false, ""position_weight"": 0.5}",test,True,150,0.89161,0.89272,0.91719,0.82,0.99333,1.0,72.12799
walmart_amazon,"v7 n=(3, 4) idf=3.0 dim=2.0 norm=False/dice pw=1.0",v7_pw1.0,"{""denominator"": ""dice"", ""dim"": 2.0, ""idf"": 3.0, ""n"": ""(3, 4)"", ""normalize"": false, ""position_weight"": 1.0}",test,True,150,0.8985,0.8985,0.92194,0.83333,0.99333,1.0,31.36803
walmart_amazon,v7 top-50 reranked by bm25_char,v7>bm25_char,"{""depth"": 50}",test,True,150,0.87511,0.87511,0.90263,0.79333,0.98667,1.0,51.84351
walmart_amazon,"bm25_char n=(2,) k1=0.5 b=0.3 idf^1.0",bm25_char,"{""b"": 0.3, ""idf_exp"": 1.0, ""k1"": 0.5, ""n"": ""(2,)""}",tune,False,150,0.92192,0.92358,0.94182,0.87333,1.0,1.0,8.41927
walmart_amazon,"bm25_char n=(2,) k1=0.5 b=0.3 idf^2.0",bm25_char,"{""b"": 0.3, ""idf_exp"": 2.0, ""k1"": 0.5, ""n"": ""(2,)""}",tune,False,150,0.9165,0.91817,0.93559,0.87333,0.99333,1.0,8.95553
walmart_amazon,"bm25_char n=(2,) k1=0.5 b=0.3 idf^3.0",bm25_char,"{""b"": 0.3, ""idf_exp"": 3.0, ""k1"": 0.5, ""n"": ""(2,)""}",tune,False,150,0.88561,0.88883,0.90516,0.84,0.96667,1.0,7.42887
walmart_amazon,"bm25_char n=(2,) k1=0.5 b=0.75 idf^1.0",bm25_char,"{""b"": 0.75, ""idf_exp"": 1.0, ""k1"": 0.5, ""n"": ""(2,)""}",tune,False,150,0.91892,0.92058,0.93965,0.86667,1.0,1.0,7.03222
walmart_amazon,"bm25_char n=(2,) k1=0.5 b=0.75 idf^2.0",bm25_char,"{""b"": 0.75, ""idf_exp"": 2.0, ""k1"": 0.5, ""n"": ""(2,)""}",tune,False,150,0.90894,0.91061,0.93,0.86,0.99333,1.0,7.36434
walmart_amazon,"bm25_char n=(2,) k1=0.5 b=0.75 idf^3.0",bm25_char,"{""b"": 0.75, ""idf_exp"": 3.0, ""k1"": 0.5, ""n"": ""(2,)""}",tune,False,150,0.88791,0.89106,0.90679,0.84667,0.96667,1.0,8.89694
walmart_amazon,"bm25_char n=(2,) k1=0.5 b=1.0 idf^1.0",bm25_char,"{""b"": 1.0, ""idf_exp"": 1.0, ""k1"": 0.5, ""n"": ""(2,)""}",tune,False,150,0.92273,0.9244,0.9425,0.87333,1.0,1.0,7.95723
walmart_amazon,"bm25_char n=(2,) k1=0.5 b=1.0 idf^2.0",bm25_char,"{""b"": 1.0, ""idf_exp"": 2.0, ""k1"": 0.5, ""n"": ""(2,)""}",tune,False,150,0.90569,0.90735,0.92762,0.85333,0.99333,1.0,7.72309
walmart_amazon,"bm25_char n=(2,) k1=0.5 b=1.0 idf^3.0",bm25_char,"{""b"": 1.0, ""idf_exp"": 3.0, ""k1"": 0.5, ""n"": ""(2,)""}",tune,False,150,0.88641,0.89113,0.9059,0.84667,0.96667,1.0,7.66678
walmart_amazon,"bm25_char n=(2,) k1=1.2 b=0.3 idf^1.0",bm25_char,"{""b"": 0.3, ""idf_exp"": 1.0, ""k1"": 1.2, ""n"": ""(2,)""}",tune,False,150,0.93468,0.93635,0.95154,0.89333,1.0,1.0,9.37561
walmart_amazon,"bm25_char n=(2,) k1=1.2 b=0.3 idf^2.0",bm25_char,"{""b"": 0.3, ""idf_exp"": 2.0, ""k1"": 1.2, ""n"": ""(2,)""}",tune,False,150,0.91709,0.91875,0.93603,0.87333,0.99333,1.0,8.63823
walmart_amazon,"bm25_char n=(2,) k1=1.2 b=0.3 idf^3.0",bm25_char,"{""b"": 0.3, ""idf_exp"": 3.0, ""k1"": 1.2, ""n"": ""(2,)""}",tune,False,150,0.88021,0.88326,0.90136,0.82667,0.96667,1.0,8.72766
walmart_amazon,"bm25_char n=(2,) k1=1.2 b=0.75 idf^1.0",bm25_char,"{""b"": 0.75, ""idf_exp"": 1.0, ""k1"": 1.2, ""n"": ""(2,)""}",tune,False,150,0.92817,0.92984,0.94677,0.88,1.0,1.0,9.79539
walmart_amazon,"bm25_char n=(2,) k1=1.2 b=0.75 idf^2.0",bm25_char,"{""b"": 0.75, ""idf_exp"": 2.0, ""k1"": 1.2, ""n"": ""(2,)""}",tune,False,150,0.9103,0.91196,0.93111,0.86,0.99333,1.0,7.81157
walmart_amazon,"bm25_char n=(2,) k1=1.2 b=0.75 idf^3.0",bm25_char,"{""b"": 0.75, ""idf_exp"": 3.0, ""k1"": 1.2, ""n"": ""(2,)""}",tune,False,150,0.886,0.8906,0.90586,0.84,0.96667,1.0,7.45543
walmart_amazon,"bm25_char n=(2,) k1=1.2 b=1.0 idf^1.0",bm25_char,"{""b"": 1.0, ""idf_exp"": 1.0, ""k1"": 1.2, ""n"": ""(2,)""}",tune,False,150,0.92362,0.92506,0.94327,0.87333,1.0,1.0,7.51179
walmart_amazon,"bm25_char n=(2,) k1=1.2 b=1.0 idf^2.0",bm25_char,"{""b"": 1.0, ""idf_exp"": 2.0, ""k1"": 1.2, ""n"": ""(2,)""}",tune,False,150,0.90737,0.90904,0.92906,0.85333,0.99333,1.0,7.46523
walmart_amazon,"bm25_char n=(2,) k1=1.2 b=1.0 idf^3.0",bm25_char,"{""b"": 1.0, ""idf_exp"": 3.0, ""k1"": 1.2, ""n"": ""(2,)""}",tune,False,150,0.8778,0.88391,0.90021,0.82667,0.96667,1.0,8.611
walmart_amazon,"bm25_char n=(2,) k1=2.0 b=0.3 idf^1.0",bm25_char,"{""b"": 0.3, ""idf_exp"": 1.0, ""k1"": 2.0, ""n"": ""(2,)""}",tune,False,150,0.92623,0.93123,0.94623,0.88,1.0,1.0,7.76733
walmart_amazon,"bm25_char n=(2,) k1=2.0 b=0.3 idf^2.0",bm25_char,"{""b"": 0.3, ""idf_exp"": 2.0, ""k1"": 2.0, ""n"": ""(2,)""}",tune,False,150,0.9069,0.90856,0.93022,0.85333,1.0,1.0,7.45555
walmart_amazon,"bm25_char n=(2,) k1=2.0 b=0.3 idf^3.0",bm25_char,"{""b"": 0.3, ""idf_exp"": 3.0, ""k1"": 2.0, ""n"": ""(2,)""}",tune,False,150,0.87308,0.8784,0.8965,0.82,0.96667,1.0,7.23255
walmart_amazon,"bm25_char n=(2,) k1=2.0 b=0.75 idf^1.0",bm25_char,"{""b"": 0.75, ""idf_exp"": 1.0, ""k1"": 2.0, ""n"": ""(2,)""}",tune,False,150,0.91778,0.92222,0.93986,0.86,1.0,1.0,9.38446
walmart_amazon,"bm25_char n=(2,) k1=2.0 b=0.75 idf^2.0",bm25_char,"{""b"": 0.75, ""idf_exp"": 2.0, ""k1"": 2.0, ""n"": ""(2,)""}",tune,False,150,0.89894,0.90338,0.92314,0.84,0.99333,1.0,9.59384
walmart_amazon,"bm25_char n=(2,) k1=2.0 b=0.75 idf^3.0",bm25_char,"{""b"": 0.75, ""idf_exp"": 3.0, ""k1"": 2.0, ""n"": ""(2,)""}",tune,False,150,0.87629,0.88389,0.8994,0.82667,0.96667,1.0,8.70663
walmart_amazon,"bm25_char n=(2,) k1=2.0 b=1.0 idf^1.0",bm25_char,"{""b"": 1.0, ""idf_exp"": 1.0, ""k1"": 2.0, ""n"": ""(2,)""}",tune,False,150,0.908,0.91222,0.93244,0.84667,1.0,1.0,8.87708
walmart_amazon,"bm25_char n=(2,) k1=2.0 b=1.0 idf^2.0",bm25_char,"{""b"": 1.0, ""idf_exp"": 2.0, ""k1"": 2.0, ""n"": ""(2,)""}",tune,False,150,0.89289,0.89822,0.91903,0.83333,0.99333,1.0,8.57942
walmart_amazon,"bm25_char n=(2,) k1=2.0 b=1.0 idf^3.0",bm25_char,"{""b"": 1.0, ""idf_exp"": 3.0, ""k1"": 2.0, ""n"": ""(2,)""}",tune,False,150,0.87187,0.87937,0.89601,0.82,0.96667,1.0,7.56033
walmart_amazon,"bm25_char n=(3,) k1=0.5 b=0.3 idf^1.0",bm25_char,"{""b"": 0.3, ""idf_exp"": 1.0, ""k1"": 0.5, ""n"": ""(3,)""}",tune,False,150,0.93352,0.9363,0.95115,0.88667,1.0,1.0,9.34073
walmart_amazon,"bm25_char n=(3,) k1=0.5 b=0.3 idf^2.0",bm25_char,"{""b"": 0.3, ""idf_exp"": 2.0, ""k1"": 0.5, ""n"": ""(3,)""}",tune,False,150,0.94319,0.94596,0.95803,0.91333,1.0,1.0,11.15516
walmart_amazon,"bm25_char n=(3,) k1=0.5 b=0.3 idf^3.0",bm25_char,"{""b"": 0.3, ""idf_exp"": 3.0, ""k1"": 0.5, ""n"": ""(3,)""}",tune,False,150,0.93669,0.93947,0.95322,0.9,1.0,1.0,11.36337
walmart_amazon,"bm25_char n=(3,) k1=0.5 b=0.75 idf^1.0",bm25_char,"{""b"": 0.75, ""idf_exp"": 1.0, ""k1"": 0.5, ""n"": ""(3,)""}",tune,False,150,0.94263,0.9463,0.95813,0.90667,1.0,1.0,12.20945
walmart_amazon,"bm25_char n=(3,) k1=0.5 b=0.75 idf^2.0",bm25_char,"{""b"": 0.75, ""idf_exp"": 2.0, ""k1"": 0.5, ""n"": ""(3,)""}",tune,False,150,0.93652,0.9393,0.95311,0.9,1.0,1.0,13.07632
walmart_amazon,"bm25_char n=(3,) k1=0.5 b=0.75 idf^3.0",bm25_char,"{""b"": 0.75, ""idf_exp"": 3.0, ""k1"": 0.5, ""n"": ""(3,)""}",tune,False,150,0.92657,0.92935,0.94572,0.88,1.0,1.0,14.87096
walmart_amazon,"bm25_char n=(3,) k1=0.5 b=1.0 idf^1.0",bm25_char,"{""b"": 1.0, ""idf_exp"": 1.0, ""k1"": 0.5, ""n"": ""(3,)""}",tune,False,150,0.9343,0.93685,0.95153,0.89333,1.0,1.0,18.44603
walmart_amazon,"bm25_char n=(3,) k1=0.5 b=1.0 idf^2.0",bm25_char,"{""b"": 1.0, ""idf_exp"": 2.0, ""k1"": 0.5, ""n"": ""(3,)""}",tune,False,150,0.9273,0.92985,0.94611,0.88667,1.0,1.0,17.67862
walmart_amazon,"bm25_char n=(3,) k1=0.5 b=1.0 idf^3.0",bm25_char,"{""b"": 1.0, ""idf_exp"": 3.0, ""k1"": 0.5, ""n"": ""(3,)""}",tune,False,150,0.92513,0.92769,0.94451,0.88,1.0,1.0,13.94254
walmart_amazon,"bm25_char n=(3,) k1=1.2 b=0.3 idf^1.0",bm25_char,"{""b"": 0.3, ""idf_exp"": 1.0, ""k1"": 1.2, ""n"": ""(3,)""}",tune,False,150,0.93789,0.94067,0.95441,0.89333,1.0,1.0,11.97217
walmart_amazon,"bm25_char n=(3,) k1=1.2 b=0.3 idf^2.0",bm25_char,"{""b"": 0.3, ""idf_exp"": 2.0, ""k1"": 1.2, ""n"": ""(3,)""}",tune,False,150,0.94907,0.95241,0.96271,0.92,1.0,1.0,10.96735
walmart_amazon,"bm25_char n=(3,) k1=1.2 b=0.3 idf^3.0",bm25_char,"{""b"": 0.3, ""idf_exp"": 3.0, ""k1"": 1.2, ""n"": ""(3,)""}",tune,False,150,0.94096,0.9443,0.95662,0.90667,1.0,1.0,11.48582
walmart_amazon,"bm25_char n=(3,) k1=1.2 b=0.75 idf^1.0",bm25_char,"{""b"": 0.75, ""idf_exp"": 1.0, ""k1"": 1.2, ""n"": ""(3,)""}",tune,False,150,0.93528,0.9375,0.95243,0.88667,1.0,1.0,11.53404
walmart_amazon,"bm25_char n=(3,) k1=1.2 b=0.75 idf^2.0",bm25_char,"{""b"": 0.75, ""idf_exp"": 2.0, ""k1"": 1.2, ""n"": ""(3,)""}",tune,False,150,0.94361,0.94583,0.95847,0.90667,1.0,1.0,11.3286
walmart_amazon,"bm25_char n=(3,) k1=1.2 b=0.75 idf^3.0",bm25_char,"{""b"": 0.75, ""idf_exp"": 3.0, ""k1"": 1.2, ""n"": ""(3,)""}",tune,False,150,0.93128,0.93383,0.94929,0.88667,1.0,1.0,12.62995
walmart_amazon,"bm25_char n=(3,) k1=1.2 b=1.0 idf^1.0",bm25_char,"{""b"": 1.0, ""idf_exp"": 1.0, ""k1"": 1.2, ""n"": ""(3,)""}",tune,False,150,0.93361,0.93583,0.95109,0.88667,1.0,1.0,11.5606
walmart_amazon,"bm25_char n=(3,) k1=1.2 b=1.0 idf^2.0",bm25_char,"{""b"": 1.0, ""idf_exp"": 2.0, ""k1"": 1.2, ""n"": ""(3,)""}",tune,False,150,0.93972,0.94194,0.95555,0.9,1.0,1.0,11.3127
walmart_amazon,"bm25_char n=(3,) k1=1.2 b=1.0 idf^3.0",bm25_char,"{""b"": 1.0, ""idf_exp"": 3.0, ""k1"": 1.2, ""n"": ""(3,)""}",tune,False,150,0.92683,0.92939,0.94595,0.88,1.0,1.0,11.71113
walmart_amazon,"bm25_char n=(3,) k1=2.0 b=0.3 idf^1.0",bm25_char,"{""b"": 0.3, ""idf_exp"": 1.0, ""k1"": 2.0, ""n"": ""(3,)""}",tune,False,150,0.93511,0.93844,0.95233,0.89333,1.0,1.0,13.31178
walmart_amazon,"bm25_char n=(3,) k1=2.0 b=0.3 idf^2.0",bm25_char,"{""b"": 0.3, ""idf_exp"": 2.0, ""k1"": 2.0, ""n"": ""(3,)""}",tune,False,150,0.94852,0.95185,0.96225,0.92,1.0,1.0,14.06655
walmart_amazon,"bm25_char n=(3,) k1=2.0 b=0.3 idf^3.0",bm25_char,"{""b"": 0.3, ""idf_exp"": 3.0, ""k1"": 2.0, ""n"": ""(3,)""}",tune,False,150,0.94463,0.94796,0.95938,0.91333,1.0,1.0,13.18944
walmart_amazon,"bm25_char n=(3,) k1=2.0 b=0.75 idf^1.0",bm25_char,"{""b"": 0.75, ""idf_exp"": 1.0, ""k1"": 2.0, ""n"": ""(3,)""}",tune,False,150,0.93583,0.93806,0.95268,0.89333,1.0,1.0,11.52191
walmart_amazon,"bm25_char n=(3,) k1=2.0 b=0.75 idf^2.0",bm25_char,"{""b"": 0.75, ""idf_exp"": 2.0, ""k1"": 2.0, ""n"": ""(3,)""}",tune,False,150,0.93306,0.93528,0.95063,0.88667,1.0,1.0,11.89255
walmart_amazon,"bm25_char n=(3,) k1=2.0 b=0.75 idf^3.0",bm25_char,"{""b"": 0.75, ""idf_exp"": 3.0, ""k1"": 2.0, ""n"": ""(3,)""}",tune,False,150,0.92994,0.93306,0.94842,0.88667,1.0,1.0,11.99112
walmart_amazon,"bm25_char n=(3,) k1=2.0 b=1.0 idf^1.0",bm25_char,"{""b"": 1.0, ""idf_exp"": 1.0, ""k1"": 2.0, ""n"": ""(3,)""}",tune,False,150,0.92806,0.92972,0.94667,0.88,1.0,1.0,11.86617
walmart_amazon,"bm25_char n=(3,) k1=2.0 b=1.0 idf^2.0",bm25_char,"{""b"": 1.0, ""idf_exp"": 2.0, ""k1"": 2.0, ""n"": ""(3,)""}",tune,False,150,0.92939,0.93161,0.94788,0.88,1.0,1.0,12.87042
walmart_amazon,"bm25_char n=(3,) k1=2.0 b=1.0 idf^3.0",bm25_char,"{""b"": 1.0, ""idf_exp"": 3.0, ""k1"": 2.0, ""n"": ""(3,)""}",tune,False,150,0.92917,0.93306,0.94793,0.88667,1.0,1.0,13.05037
walmart_amazon,"bm25_char n=(4,) k1=0.5 b=0.3 idf^1.0",bm25_char,"{""b"": 0.3, ""idf_exp"": 1.0, ""k1"": 0.5, ""n"": ""(4,)""}",tune,False,150,0.9363,0.94019,0.95317,0.9,1.0,1.0,11.96289
walmart_amazon,"bm25_char n=(4,) k1=0.5 b=0.3 idf^2.0",bm25_char,"{""b"": 0.3, ""idf_exp"": 2.0, ""k1"": 0.5, ""n"": ""(4,)""}",tune,False,150,0.94374,0.94685,0.95845,0.91333,1.0,1.0,12.3504
walmart_amazon,"bm25_char n=(4,) k1=0.5 b=0.3 idf^3.0",bm25_char,"{""b"": 0.3, ""idf_exp"": 3.0, ""k1"": 0.5, ""n"": ""(4,)""}",tune,False,150,0.94296,0.9463,0.95791,0.91333,1.0,1.0,12.50737
walmart_amazon,"bm25_char n=(4,) k1=0.5 b=0.75 idf^1.0",bm25_char,"{""b"": 0.75, ""idf_exp"": 1.0, ""k1"": 0.5, ""n"": ""(4,)""}",tune,False,150,0.94407,0.94685,0.95862,0.91333,1.0,1.0,12.50307
walmart_amazon,"bm25_char n=(4,) k1=0.5 b=0.75 idf^2.0",bm25_char,"{""b"": 0.75, ""idf_exp"": 2.0, ""k1"": 0.5, ""n"": ""(4,)""}",tune,False,150,0.94041,0.94352,0.95598,0.90667,1.0,1.0,12.07983
walmart_amazon,"bm25_char n=(4,) k1=0.5 b=0.75 idf^3.0",bm25_char,"{""b"": 0.75, ""idf_exp"": 3.0, ""k1"": 0.5, ""n"": ""(4,)""}",tune,False,150,0.93652,0.93963,0.95311,0.9,1.0,1.0,13.16394
walmart_amazon,"bm25_char n=(4,) k1=0.5 b=1.0 idf^1.0",bm25_char,"{""b"": 1.0, ""idf_exp"": 1.0, ""k1"": 0.5, ""n"": ""(4,)""}",tune,False,150,0.93806,0.94028,0.95408,0.9,1.0,1.0,12.13498
walmart_amazon,"bm25_char n=(4,) k1=0.5 b=1.0 idf^2.0",bm25_char,"{""b"": 1.0, ""idf_exp"": 2.0, ""k1"": 0.5, ""n"": ""(4,)""}",tune,False,150,0.93152,0.93463,0.94932,0.89333,1.0,1.0,13.09574
walmart_amazon,"bm25_char n=(4,) k1=0.5 b=1.0 idf^3.0",bm25_char,"{""b"": 1.0, ""idf_exp"": 3.0, ""k1"": 0.5, ""n"": ""(4,)""}",tune,False,150,0.93207,0.93519,0.94978,0.89333,1.0,1.0,11.8809
walmart_amazon,"bm25_char n=(4,) k1=1.2 b=0.3 idf^1.0",bm25_char,"{""b"": 0.3, ""idf_exp"": 1.0, ""k1"": 1.2, ""n"": ""(4,)""}",tune,False,150,0.94352,0.94741,0.95855,0.91333,1.0,1.0,14.5105
walmart_amazon,"bm25_char n=(4,) k1=1.2 b=0.3 idf^2.0",bm25_char,"{""b"": 0.3, ""idf_exp"": 2.0, ""k1"": 1.2, ""n"": ""(4,)""}",tune,False,150,0.93741,0.94074,0.95386,0.9,1.0,1.0,12.0169
walmart_amazon,"bm25_char n=(4,) k1=1.2 b=0.3 idf^3.0",bm25_char,"{""b"": 0.3, ""idf_exp"": 3.0, ""k1"": 1.2, ""n"": ""(4,)""}",tune,False,150,0.94074,0.94407,0.95632,0.90667,1.0,1.0,11.77619
walmart_amazon,"bm25_char n=(4,) k1=1.2 b=0.75 idf^1.0",bm25_char,"{""b"": 0.75, ""idf_exp"": 1.0, ""k1"": 1.2, ""n"": ""(4,)""}",tune,False,150,0.94106,0.94328,0.95625,0.90667,1.0,1.0,11.42322
walmart_amazon,"bm25_char n=(4,) k1=1.2 b=0.75 idf^2.0",bm25_char,"{""b"": 0.75, ""idf_exp"": 2.0, ""k1"": 1.2, ""n"": ""(4,)""}",tune,False,150,0.94072,0.94383,0.95625,0.90667,1.0,1.0,12.38617
walmart_amazon,"bm25_char n=(4,) k1=1.2 b=0.75 idf^3.0",bm25_char,"{""b"": 0.75, ""idf_exp"": 3.0, ""k1"": 1.2, ""n"": ""(4,)""}",tune,False,150,0.93285,0.93596,0.95036,0.89333,1.0,1.0,12.62862
walmart_amazon,"bm25_char n=(4,) k1=1.2 b=1.0 idf^1.0",bm25_char,"{""b"": 1.0, ""idf_exp"": 1.0, ""k1"": 1.2, ""n"": ""(4,)""}",tune,False,150,0.92217,0.9255,0.94254,0.87333,1.0,1.0,11.75897
walmart_amazon,"bm25_char n=(4,) k1=1.2 b=1.0 idf^2.0",bm25_char,"{""b"": 1.0, ""idf_exp"": 2.0, ""k1"": 1.2, ""n"": ""(4,)""}",tune,False,150,0.93328,0.93606,0.95064,0.89333,1.0,1.0,11.7383
walmart_amazon,"bm25_char n=(4,) k1=1.2 b=1.0 idf^3.0",bm25_char,"{""b"": 1.0, ""idf_exp"": 3.0, ""k1"": 1.2, ""n"": ""(4,)""}",tune,False,150,0.9285,0.93161,0.94712,0.88667,1.0,1.0,12.13888
walmart_amazon,"bm25_char n=(4,) k1=2.0 b=0.3 idf^1.0",bm25_char,"{""b"": 0.3, ""idf_exp"": 1.0, ""k1"": 2.0, ""n"": ""(4,)""}",tune,False,150,0.93852,0.94241,0.95476,0.90667,1.0,1.0,11.61168
walmart_amazon,"bm25_char n=(4,) k1=2.0 b=0.3 idf^2.0",bm25_char,"{""b"": 0.3, ""idf_exp"": 2.0, ""k1"": 2.0, ""n"": ""(4,)""}",tune,False,150,0.94407,0.94741,0.95878,0.91333,1.0,1.0,10.53923
walmart_amazon,"bm25_char n=(4,) k1=2.0 b=0.3 idf^3.0",bm25_char,"{""b"": 0.3, ""idf_exp"": 3.0, ""k1"": 2.0, ""n"": ""(4,)""}",tune,False,150,0.94407,0.94741,0.95878,0.91333,1.0,1.0,7.88944
walmart_amazon,"bm25_char n=(4,) k1=2.0 b=0.75 idf^1.0",bm25_char,"{""b"": 0.75, ""idf_exp"": 1.0, ""k1"": 2.0, ""n"": ""(4,)""}",tune,False,150,0.93306,0.93528,0.95025,0.89333,1.0,1.0,8.10956
walmart_amazon,"bm25_char n=(4,) k1=2.0 b=0.75 idf^2.0",bm25_char,"{""b"": 0.75, ""idf_exp"": 2.0, ""k1"": 2.0, ""n"": ""(4,)""}",tune,False,150,0.93417,0.93694,0.9513,0.89333,1.0,1.0,7.86987
walmart_amazon,"bm25_char n=(4,) k1=2.0 b=0.75 idf^3.0",bm25_char,"{""b"": 0.75, ""idf_exp"": 3.0, ""k1"": 2.0, ""n"": ""(4,)""}",tune,False,150,0.93961,0.94272,0.95538,0.90667,1.0,1.0,7.92761
walmart_amazon,"bm25_char n=(4,) k1=2.0 b=1.0 idf^1.0",bm25_char,"{""b"": 1.0, ""idf_exp"": 1.0, ""k1"": 2.0, ""n"": ""(4,)""}",tune,False,150,0.92083,0.92417,0.94146,0.87333,1.0,1.0,7.45741
walmart_amazon,"bm25_char n=(4,) k1=2.0 b=1.0 idf^2.0",bm25_char,"{""b"": 1.0, ""idf_exp"": 2.0, ""k1"": 2.0, ""n"": ""(4,)""}",tune,False,150,0.92972,0.9325,0.94797,0.88667,1.0,1.0,7.7109
walmart_amazon,"bm25_char n=(4,) k1=2.0 b=1.0 idf^3.0",bm25_char,"{""b"": 1.0, ""idf_exp"": 3.0, ""k1"": 2.0, ""n"": ""(4,)""}",tune,False,150,0.92772,0.9305,0.94643,0.88667,1.0,1.0,7.90528
walmart_amazon,"bm25_char n=(2, 3) k1=0.5 b=0.3 idf^1.0",bm25_char,"{""b"": 0.3, ""idf_exp"": 1.0, ""k1"": 0.5, ""n"": ""(2, 3)""}",tune,False,150,0.93074,0.93241,0.94877,0.88,1.0,1.0,14.49292
walmart_amazon,"bm25_char n=(2, 3) k1=0.5 b=0.3 idf^2.0",bm25_char,"{""b"": 0.3, ""idf_exp"": 2.0, ""k1"": 0.5, ""n"": ""(2, 3)""}",tune,False,150,0.94363,0.9453,0.95792,0.91333,1.0,1.0,14.77941
walmart_amazon,"bm25_char n=(2, 3) k1=0.5 b=0.3 idf^3.0",bm25_char,"{""b"": 0.3, ""idf_exp"": 3.0, ""k1"": 0.5, ""n"": ""(2, 3)""}",tune,False,150,0.93156,0.93433,0.94758,0.89333,0.99333,1.0,15.80593
walmart_amazon,"bm25_char n=(2, 3) k1=0.5 b=0.75 idf^1.0",bm25_char,"{""b"": 0.75, ""idf_exp"": 1.0, ""k1"": 0.5, ""n"": ""(2, 3)""}",tune,False,150,0.93741,0.93907,0.95369,0.89333,1.0,1.0,16.83755
walmart_amazon,"bm25_char n=(2, 3) k1=0.5 b=0.75 idf^2.0",bm25_char,"{""b"": 0.75, ""idf_exp"": 2.0, ""k1"": 0.5, ""n"": ""(2, 3)""}",tune,False,150,0.93912,0.94079,0.95266,0.90667,0.99333,1.0,22.50754
walmart_amazon,"bm25_char n=(2, 3) k1=0.5 b=0.75 idf^3.0",bm25_char,"{""b"": 0.75, ""idf_exp"": 3.0, ""k1"": 0.5, ""n"": ""(2, 3)""}",tune,False,150,0.92433,0.92711,0.9422,0.88,0.99333,1.0,21.98346
walmart_amazon,"bm25_char n=(2, 3) k1=0.5 b=1.0 idf^1.0",bm25_char,"{""b"": 1.0, ""idf_exp"": 1.0, ""k1"": 0.5, ""n"": ""(2, 3)""}",tune,False,150,0.93106,0.93361,0.94917,0.88667,1.0,1.0,25.96012
walmart_amazon,"bm25_char n=(2, 3) k1=0.5 b=1.0 idf^2.0",bm25_char,"{""b"": 1.0, ""idf_exp"": 2.0, ""k1"": 0.5, ""n"": ""(2, 3)""}",tune,False,150,0.93468,0.93635,0.94942,0.9,0.99333,1.0,22.83955
walmart_amazon,"bm25_char n=(2, 3) k1=0.5 b=1.0 idf^3.0",bm25_char,"{""b"": 1.0, ""idf_exp"": 3.0, ""k1"": 0.5, ""n"": ""(2, 3)""}",tune,False,150,0.91996,0.92274,0.93895,0.87333,0.99333,1.0,19.50139
walmart_amazon,"bm25_char n=(2, 3) k1=1.2 b=0.3 idf^1.0",bm25_char,"{""b"": 0.3, ""idf_exp"": 1.0, ""k1"": 1.2, ""n"": ""(2, 3)""}",tune,False,150,0.9313,0.93296,0.94923,0.88,1.0,1.0,17.46342
walmart_amazon,"bm25_char n=(2, 3) k1=1.2 b=0.3 idf^2.0",bm25_char,"{""b"": 0.3, ""idf_exp"": 2.0, ""k1"": 1.2, ""n"": ""(2, 3)""}",tune,False,150,0.94263,0.9443,0.95744,0.90667,1.0,1.0,17.52847
walmart_amazon,"bm25_char n=(2, 3) k1=1.2 b=0.3 idf^3.0",bm25_char,"{""b"": 0.3, ""idf_exp"": 3.0, ""k1"": 1.2, ""n"": ""(2, 3)""}",tune,False,150,0.93621,0.93899,0.94899,0.9,0.98667,1.0,16.77017
walmart_amazon,"bm25_char n=(2, 3) k1=1.2 b=0.75 idf^1.0",bm25_char,"{""b"": 0.75, ""idf_exp"": 1.0, ""k1"": 1.2, ""n"": ""(2, 3)""}",tune,False,150,0.93383,0.93639,0.95138,0.88667,1.0,1.0,16.64339
walmart_amazon,"bm25_char n=(2, 3) k1=1.2 b=0.75 idf^2.0",bm25_char,"{""b"": 0.75, ""idf_exp"": 2.0, ""k1"": 1.2, ""n"": ""(2, 3)""}",tune,False,150,0.93517,0.93661,0.95187,0.89333,1.0,1.0,16.77316
walmart_amazon,"bm25_char n=(2, 3) k1=1.2 b=0.75 idf^3.0",bm25_char,"{""b"": 0.75, ""idf_exp"": 3.0, ""k1"": 1.2, ""n"": ""(2, 3)""}",tune,False,150,0.92644,0.929,0.94366,0.88,0.99333,1.0,19.62427
walmart_amazon,"bm25_char n=(2, 3) k1=1.2 b=1.0 idf^1.0",bm25_char,"{""b"": 1.0, ""idf_exp"": 1.0, ""k1"": 1.2, ""n"": ""(2, 3)""}",tune,False,150,0.92972,0.93194,0.94822,0.88,1.0,1.0,17.32
walmart_amazon,"bm25_char n=(2, 3) k1=1.2 b=1.0 idf^2.0",bm25_char,"{""b"": 1.0, ""idf_exp"": 2.0, ""k1"": 1.2, ""n"": ""(2, 3)""}",tune,False,150,0.93083,0.93194,0.94851,0.88667,1.0,1.0,16.99251
walmart_amazon,"bm25_char n=(2, 3) k1=1.2 b=1.0 idf^3.0",bm25_char,"{""b"": 1.0, ""idf_exp"": 3.0, ""k1"": 1.2, ""n"": ""(2, 3)""}",tune,False,150,0.9247,0.92725,0.94232,0.88,0.99333,1.0,17.36206
walmart_amazon,"bm25_char n=(2, 3) k1=2.0 b=0.3 idf^1.0",bm25_char,"{""b"": 0.3, ""idf_exp"": 1.0, ""k1"": 2.0, ""n"": ""(2, 3)""}",tune,False,150,0.93519,0.93685,0.9521,0.88667,1.0,1.0,18.22249
walmart_amazon,"bm25_char n=(2, 3) k1=2.0 b=0.3 idf^2.0",bm25_char,"{""b"": 0.3, ""idf_exp"": 2.0, ""k1"": 2.0, ""n"": ""(2, 3)""}",tune,False,150,0.94741,0.94907,0.96107,0.91333,1.0,1.0,16.75971
walmart_amazon,"bm25_char n=(2, 3) k1=2.0 b=0.3 idf^3.0",bm25_char,"{""b"": 0.3, ""idf_exp"": 3.0, ""k1"": 2.0, ""n"": ""(2, 3)""}",tune,False,150,0.93616,0.93949,0.95108,0.9,0.99333,1.0,16.19555
walmart_amazon,"bm25_char n=(2, 3) k1=2.0 b=0.75 idf^1.0",bm25_char,"{""b"": 0.75, ""idf_exp"": 1.0, ""k1"": 2.0, ""n"": ""(2, 3)""}",tune,False,150,0.92772,0.93028,0.94687,0.87333,1.0,1.0,17.74695
walmart_amazon,"bm25_char n=(2, 3) k1=2.0 b=0.75 idf^2.0",bm25_char,"{""b"": 0.75, ""idf_exp"": 2.0, ""k1"": 2.0, ""n"": ""(2, 3)""}",tune,False,150,0.93361,0.93472,0.95075,0.88667,1.0,1.0,17.2626
walmart_amazon,"bm25_char n=(2, 3) k1=2.0 b=0.75 idf^3.0",bm25_char,"{""b"": 0.75, ""idf_exp"": 3.0, ""k1"": 2.0, ""n"": ""(2, 3)""}",tune,False,150,0.92573,0.92829,0.94501,0.88,1.0,1.0,16.51799
walmart_amazon,"bm25_char n=(2, 3) k1=2.0 b=1.0 idf^1.0",bm25_char,"{""b"": 1.0, ""idf_exp"": 1.0, ""k1"": 2.0, ""n"": ""(2, 3)""}",tune,False,150,0.92583,0.92806,0.9453,0.87333,1.0,1.0,18.71112
walmart_amazon,"bm25_char n=(2, 3) k1=2.0 b=1.0 idf^2.0",bm25_char,"{""b"": 1.0, ""idf_exp"": 2.0, ""k1"": 2.0, ""n"": ""(2, 3)""}",tune,False,150,0.92994,0.93272,0.94818,0.88667,1.0,1.0,16.0889
walmart_amazon,"bm25_char n=(2, 3) k1=2.0 b=1.0 idf^3.0",bm25_char,"{""b"": 1.0, ""idf_exp"": 3.0, ""k1"": 2.0, ""n"": ""(2, 3)""}",tune,False,150,0.92372,0.92761,0.94366,0.88,1.0,1.0,16.04509
walmart_amazon,"bm25_char n=(2, 4) k1=0.5 b=0.3 idf^1.0",bm25_char,"{""b"": 0.3, ""idf_exp"": 1.0, ""k1"": 0.5, ""n"": ""(2, 4)""}",tune,False,150,0.94074,0.94241,0.9562,0.9,1.0,1.0,16.84512
walmart_amazon,"bm25_char n=(2, 4) k1=0.5 b=0.3 idf^2.0",bm25_char,"{""b"": 0.3, ""idf_exp"": 2.0, ""k1"": 0.5, ""n"": ""(2, 4)""}",tune,False,150,0.94241,0.94574,0.95771,0.90667,1.0,1.0,17.45063
walmart_amazon,"bm25_char n=(2, 4) k1=0.5 b=0.3 idf^3.0",bm25_char,"{""b"": 0.3, ""idf_exp"": 3.0, ""k1"": 0.5, ""n"": ""(2, 4)""}",tune,False,150,0.94207,0.94519,0.95716,0.91333,1.0,1.0,17.22224
walmart_amazon,"bm25_char n=(2, 4) k1=0.5 b=0.75 idf^1.0",bm25_char,"{""b"": 0.75, ""idf_exp"": 1.0, ""k1"": 0.5, ""n"": ""(2, 4)""}",tune,False,150,0.94361,0.94528,0.9583,0.90667,1.0,1.0,18.69615
walmart_amazon,"bm25_char n=(2, 4) k1=0.5 b=0.75 idf^2.0",bm25_char,"{""b"": 0.75, ""idf_exp"": 2.0, ""k1"": 0.5, ""n"": ""(2, 4)""}",tune,False,150,0.94352,0.94574,0.95803,0.91333,1.0,1.0,17.42387
walmart_amazon,"bm25_char n=(2, 4) k1=0.5 b=0.75 idf^3.0",bm25_char,"{""b"": 0.75, ""idf_exp"": 3.0, ""k1"": 0.5, ""n"": ""(2, 4)""}",tune,False,150,0.93874,0.94185,0.9547,0.90667,1.0,1.0,17.48022
walmart_amazon,"bm25_char n=(2, 4) k1=0.5 b=1.0 idf^1.0",bm25_char,"{""b"": 1.0, ""idf_exp"": 1.0, ""k1"": 0.5, ""n"": ""(2, 4)""}",tune,False,150,0.94194,0.94417,0.95701,0.90667,1.0,1.0,17.71188
walmart_amazon,"bm25_char n=(2, 4) k1=0.5 b=1.0 idf^2.0",bm25_char,"{""b"": 1.0, ""idf_exp"": 2.0, ""k1"": 0.5, ""n"": ""(2, 4)""}",tune,False,150,0.93583,0.93806,0.95234,0.9,1.0,1.0,17.23162
walmart_amazon,"bm25_char n=(2, 4) k1=0.5 b=1.0 idf^3.0",bm25_char,"{""b"": 1.0, ""idf_exp"": 3.0, ""k1"": 0.5, ""n"": ""(2, 4)""}",tune,False,150,0.9313,0.93407,0.94909,0.89333,1.0,1.0,17.14707
walmart_amazon,"bm25_char n=(2, 4) k1=1.2 b=0.3 idf^1.0",bm25_char,"{""b"": 0.3, ""idf_exp"": 1.0, ""k1"": 1.2, ""n"": ""(2, 4)""}",tune,False,150,0.9363,0.93796,0.95287,0.89333,1.0,1.0,17.04998
walmart_amazon,"bm25_char n=(2, 4) k1=1.2 b=0.3 idf^2.0",bm25_char,"{""b"": 0.3, ""idf_exp"": 2.0, ""k1"": 1.2, ""n"": ""(2, 4)""}",tune,False,150,0.94407,0.94741,0.95883,0.91333,1.0,1.0,17.27219
walmart_amazon,"bm25_char n=(2, 4) k1=1.2 b=0.3 idf^3.0",bm25_char,"{""b"": 0.3, ""idf_exp"": 3.0, ""k1"": 1.2, ""n"": ""(2, 4)""}",tune,False,150,0.94296,0.9463,0.95791,0.91333,1.0,1.0,17.95164
walmart_amazon,"bm25_char n=(2, 4) k1=1.2 b=0.75 idf^1.0",bm25_char,"{""b"": 0.75, ""idf_exp"": 1.0, ""k1"": 1.2, ""n"": ""(2, 4)""}",tune,False,150,0.94194,0.94417,0.95701,0.90667,1.0,1.0,18.13016
walmart_amazon,"bm25_char n=(2, 4) k1=1.2 b=0.75 idf^2.0",bm25_char,"{""b"": 0.75, ""idf_exp"": 2.0, ""k1"": 1.2, ""n"": ""(2, 4)""}",tune,False,150,0.93806,0.94028,0.95408,0.9,1.0,1.0,17.11992
walmart_amazon,"bm25_char n=(2, 4) k1=1.2 b=0.75 idf^3.0",bm25_char,"{""b"": 0.75, ""idf_exp"": 3.0, ""k1"": 1.2, ""n"": ""(2, 4)""}",tune,False,150,0.93139,0.93417,0.94918,0.89333,1.0,1.0,17.05875
walmart_amazon,"bm25_char n=(2, 4) k1=1.2 b=1.0 idf^1.0",bm25_char,"{""b"": 1.0, ""idf_exp"": 1.0, ""k1"": 1.2, ""n"": ""(2, 4)""}",tune,False,150,0.93472,0.93583,0.95128,0.89333,1.0,1.0,17.23048
walmart_amazon,"bm25_char n=(2, 4) k1=1.2 b=1.0 idf^2.0",bm25_char,"{""b"": 1.0, ""idf_exp"": 2.0, ""k1"": 1.2, ""n"": ""(2, 4)""}",tune,False,150,0.9355,0.93772,0.95205,0.9,1.0,1.0,17.30415
walmart_amazon,"bm25_char n=(2, 4) k1=1.2 b=1.0 idf^3.0",bm25_char,"{""b"": 1.0, ""idf_exp"": 3.0, ""k1"": 1.2, ""n"": ""(2, 4)""}",tune,False,150,0.93439,0.93717,0.95135,0.9,1.0,1.0,17.33313
walmart_amazon,"bm25_char n=(2, 4) k1=2.0 b=0.3 idf^1.0",bm25_char,"{""b"": 0.3, ""idf_exp"": 1.0, ""k1"": 2.0, ""n"": ""(2, 4)""}",tune,False,150,0.93241,0.93407,0.94994,0.88667,1.0,1.0,18.23579
walmart_amazon,"bm25_char n=(2, 4) k1=2.0 b=0.3 idf^2.0",bm25_char,"{""b"": 0.3, ""idf_exp"": 2.0, ""k1"": 2.0, ""n"": ""(2, 4)""}",tune,False,150,0.94463,0.94796,0.9593,0.91333,1.0,1.0,17.05692
walmart_amazon,"bm25_char n=(2, 4) k1=2.0 b=0.3 idf^3.0",bm25_char,"{""b"": 0.3, ""idf_exp"": 3.0, ""k1"": 2.0, ""n"": ""(2, 4)""}",tune,False,150,0.94463,0.94796,0.95924,0.91333,1.0,1.0,17.63998
walmart_amazon,"bm25_char n=(2, 4) k1=2.0 b=0.75 idf^1.0",bm25_char,"{""b"": 0.75, ""idf_exp"": 1.0, ""k1"": 2.0, ""n"": ""(2, 4)""}",tune,False,150,0.93917,0.94028,0.95462,0.9,1.0,1.0,21.8204
walmart_amazon,"bm25_char n=(2, 4) k1=2.0 b=0.75 idf^2.0",bm25_char,"{""b"": 0.75, ""idf_exp"": 2.0, ""k1"": 2.0, ""n"": ""(2, 4)""}",tune,False,150,0.93861,0.94083,0.95455,0.9,1.0,1.0,17.8226
walmart_amazon,"bm25_char n=(2, 4) k1=2.0 b=0.75 idf^3.0",bm25_char,"{""b"": 0.75, ""idf_exp"": 3.0, ""k1"": 2.0, ""n"": ""(2, 4)""}",tune,False,150,0.93328,0.93606,0.95064,0.89333,1.0,1.0,17.31583
walmart_amazon,"bm25_char n=(2, 4) k1=2.0 b=1.0 idf^1.0",bm25_char,"{""b"": 1.0, ""idf_exp"": 1.0, ""k1"": 2.0, ""n"": ""(2, 4)""}",tune,False,150,0.93417,0.93528,0.95079,0.89333,1.0,1.0,17.09056
walmart_amazon,"bm25_char n=(2, 4) k1=2.0 b=1.0 idf^2.0",bm25_char,"{""b"": 1.0, ""idf_exp"": 2.0, ""k1"": 2.0, ""n"": ""(2, 4)""}",tune,False,150,0.9305,0.93272,0.94846,0.88667,1.0,1.0,17.26275
walmart_amazon,"bm25_char n=(2, 4) k1=2.0 b=1.0 idf^3.0",bm25_char,"{""b"": 1.0, ""idf_exp"": 3.0, ""k1"": 2.0, ""n"": ""(2, 4)""}",tune,False,150,0.93439,0.93717,0.95135,0.9,1.0,1.0,17.58027
walmart_amazon,"bm25_char n=(3, 4) k1=0.5 b=0.3 idf^1.0",bm25_char,"{""b"": 0.3, ""idf_exp"": 1.0, ""k1"": 0.5, ""n"": ""(3, 4)""}",tune,False,150,0.94074,0.94241,0.9562,0.9,1.0,1.0,18.10763
walmart_amazon,"bm25_char n=(3, 4) k1=0.5 b=0.3 idf^2.0",bm25_char,"{""b"": 0.3, ""idf_exp"": 2.0, ""k1"": 0.5, ""n"": ""(3, 4)""}",tune,False,150,0.94319,0.94574,0.9582,0.90667,1.0,1.0,19.36195
walmart_amazon,"bm25_char n=(3, 4) k1=0.5 b=0.3 idf^3.0",bm25_char,"{""b"": 0.3, ""idf_exp"": 3.0, ""k1"": 0.5, ""n"": ""(3, 4)""}",tune,False,150,0.94019,0.94296,0.95587,0.90667,1.0,1.0,18.22975
walmart_amazon,"bm25_char n=(3, 4) k1=0.5 b=0.75 idf^1.0",bm25_char,"{""b"": 0.75, ""idf_exp"": 1.0, ""k1"": 0.5, ""n"": ""(3, 4)""}",tune,False,150,0.94685,0.94852,0.96066,0.91333,1.0,1.0,19.72846
walmart_amazon,"bm25_char n=(3, 4) k1=0.5 b=0.75 idf^2.0",bm25_char,"{""b"": 0.75, ""idf_exp"": 2.0, ""k1"": 0.5, ""n"": ""(3, 4)""}",tune,False,150,0.93963,0.94185,0.95546,0.9,1.0,1.0,17.32403
walmart_amazon,"bm25_char n=(3, 4) k1=0.5 b=0.75 idf^3.0",bm25_char,"{""b"": 0.75, ""idf_exp"": 3.0, ""k1"": 0.5, ""n"": ""(3, 4)""}",tune,False,150,0.93319,0.9363,0.95065,0.89333,1.0,1.0,15.85507
walmart_amazon,"bm25_char n=(3, 4) k1=0.5 b=1.0 idf^1.0",bm25_char,"{""b"": 1.0, ""idf_exp"": 1.0, ""k1"": 0.5, ""n"": ""(3, 4)""}",tune,False,150,0.94074,0.94407,0.95637,0.90667,1.0,1.0,15.70767
walmart_amazon,"bm25_char n=(3, 4) k1=0.5 b=1.0 idf^2.0",bm25_char,"{""b"": 1.0, ""idf_exp"": 2.0, ""k1"": 0.5, ""n"": ""(3, 4)""}",tune,False,150,0.93685,0.93963,0.95329,0.9,1.0,1.0,15.89486
walmart_amazon,"bm25_char n=(3, 4) k1=0.5 b=1.0 idf^3.0",bm25_char,"{""b"": 1.0, ""idf_exp"": 3.0, ""k1"": 0.5, ""n"": ""(3, 4)""}",tune,False,150,0.92763,0.93074,0.94645,0.88667,1.0,1.0,15.97517
walmart_amazon,"bm25_char n=(3, 4) k1=1.2 b=0.3 idf^1.0",bm25_char,"{""b"": 0.3, ""idf_exp"": 1.0, ""k1"": 1.2, ""n"": ""(3, 4)""}",tune,False,150,0.94352,0.94519,0.95825,0.90667,1.0,1.0,15.65143
walmart_amazon,"bm25_char n=(3, 4) k1=1.2 b=0.3 idf^2.0",bm25_char,"{""b"": 0.3, ""idf_exp"": 2.0, ""k1"": 1.2, ""n"": ""(3, 4)""}",tune,False,150,0.94352,0.9463,0.95854,0.90667,1.0,1.0,15.89681
walmart_amazon,"bm25_char n=(3, 4) k1=1.2 b=0.3 idf^3.0",bm25_char,"{""b"": 0.3, ""idf_exp"": 3.0, ""k1"": 1.2, ""n"": ""(3, 4)""}",tune,False,150,0.94519,0.94796,0.95966,0.91333,1.0,1.0,15.95955
walmart_amazon,"bm25_char n=(3, 4) k1=1.2 b=0.75 idf^1.0",bm25_char,"{""b"": 0.75, ""idf_exp"": 1.0, ""k1"": 1.2, ""n"": ""(3, 4)""}",tune,False,150,0.94194,0.94417,0.95701,0.90667,1.0,1.0,15.50864
walmart_amazon,"bm25_char n=(3, 4) k1=1.2 b=0.75 idf^2.0",bm25_char,"{""b"": 0.75, ""idf_exp"": 2.0, ""k1"": 1.2, ""n"": ""(3, 4)""}",tune,False,150,0.94139,0.94417,0.95672,0.90667,1.0,1.0,16.11265
walmart_amazon,"bm25_char n=(3, 4) k1=1.2 b=0.75 idf^3.0",bm25_char,"{""b"": 0.75, ""idf_exp"": 3.0, ""k1"": 1.2, ""n"": ""(3, 4)""}",tune,False,150,0.93241,0.93519,0.94996,0.89333,1.0,1.0,15.39378
walmart_amazon,"bm25_char n=(3, 4) k1=1.2 b=1.0 idf^1.0",bm25_char,"{""b"": 1.0, ""idf_exp"": 1.0, ""k1"": 1.2, ""n"": ""(3, 4)""}",tune,False,150,0.93328,0.9355,0.95046,0.89333,1.0,1.0,15.62413
walmart_amazon,"bm25_char n=(3, 4) k1=1.2 b=1.0 idf^2.0",bm25_char,"{""b"": 1.0, ""idf_exp"": 2.0, ""k1"": 1.2, ""n"": ""(3, 4)""}",tune,False,150,0.93661,0.93939,0.9531,0.9,1.0,1.0,15.74433
walmart_amazon,"bm25_char n=(3, 4) k1=1.2 b=1.0 idf^3.0",bm25_char,"{""b"": 1.0, ""idf_exp"": 3.0, ""k1"": 1.2, ""n"": ""(3, 4)""}",tune,False,150,0.93083,0.93361,0.94872,0.89333,1.0,1.0,15.8196
walmart_amazon,"bm25_char n=(3, 4) k1=2.0 b=0.3 idf^1.0",bm25_char,"{""b"": 0.3, ""idf_exp"": 1.0, ""k1"": 2.0, ""n"": ""(3, 4)""}",tune,False,150,0.93907,0.94074,0.95487,0.9,1.0,1.0,15.90498
walmart_amazon,"bm25_char n=(3, 4) k1=2.0 b=0.3 idf^2.0",bm25_char,"{""b"": 0.3, ""idf_exp"": 2.0, ""k1"": 2.0, ""n"": ""(3, 4)""}",tune,False,150,0.94741,0.95019,0.96141,0.91333,1.0,1.0,15.85049
walmart_amazon,"bm25_char n=(3, 4) k1=2.0 b=0.3 idf^3.0",bm25_char,"{""b"": 0.3, ""idf_exp"": 3.0, ""k1"": 2.0, ""n"": ""(3, 4)""}",tune,False,150,0.93852,0.9413,0.95474,0.9,1.0,1.0,15.87096
walmart_amazon,"bm25_char n=(3, 4) k1=2.0 b=0.75 idf^1.0",bm25_char,"{""b"": 0.75, ""idf_exp"": 1.0, ""k1"": 2.0, ""n"": ""(3, 4)""}",tune,False,150,0.93806,0.94028,0.95405,0.9,1.0,1.0,15.74116
walmart_amazon,"bm25_char n=(3, 4) k1=2.0 b=0.75 idf^2.0",bm25_char,"{""b"": 0.75, ""idf_exp"": 2.0, ""k1"": 2.0, ""n"": ""(3, 4)""}",tune,False,150,0.94194,0.94472,0.9571,0.90667,1.0,1.0,15.91635
walmart_amazon,"bm25_char n=(3, 4) k1=2.0 b=0.75 idf^3.0",bm25_char,"{""b"": 0.75, ""idf_exp"": 3.0, ""k1"": 2.0, ""n"": ""(3, 4)""}",tune,False,150,0.92861,0.93139,0.94713,0.88667,1.0,1.0,15.85415
walmart_amazon,"bm25_char n=(3, 4) k1=2.0 b=1.0 idf^1.0",bm25_char,"{""b"": 1.0, ""idf_exp"": 1.0, ""k1"": 2.0, ""n"": ""(3, 4)""}",tune,False,150,0.93194,0.93583,0.9499,0.89333,1.0,1.0,17.34402
walmart_amazon,"bm25_char n=(3, 4) k1=2.0 b=1.0 idf^2.0",bm25_char,"{""b"": 1.0, ""idf_exp"": 2.0, ""k1"": 2.0, ""n"": ""(3, 4)""}",tune,False,150,0.9375,0.94028,0.95377,0.9,1.0,1.0,16.67557
walmart_amazon,"bm25_char n=(3, 4) k1=2.0 b=1.0 idf^3.0",bm25_char,"{""b"": 1.0, ""idf_exp"": 3.0, ""k1"": 2.0, ""n"": ""(3, 4)""}",tune,False,150,0.93161,0.93439,0.9493,0.89333,1.0,1.0,16.24709
walmart_amazon,"bm25_char n=(3,) k1=1.2 b=0.3 idf^2.0",bm25_char,"{""b"": 0.3, ""idf_exp"": 2.0, ""k1"": 1.2, ""n"": ""(3,)""}",test,True,150,0.88579,0.88579,0.91442,0.80667,1.0,1.0,7.93542
walmart_amazon,"tfidf_char n=(2,)",tfidf_char,"{""n"": ""(2,)""}",tune,False,150,0.9104,0.90984,0.9331,0.84,1.0,1.0,4.36966
walmart_amazon,"tfidf_char n=(3,)",tfidf_char,"{""n"": ""(3,)""}",tune,False,150,0.91694,0.9175,0.938,0.86,1.0,1.0,4.82632
walmart_amazon,"tfidf_char n=(4,)",tfidf_char,"{""n"": ""(4,)""}",tune,False,150,0.91783,0.92206,0.93929,0.87333,1.0,1.0,6.24422
walmart_amazon,"tfidf_char n=(2, 3)",tfidf_char,"{""n"": ""(2, 3)""}",tune,False,150,0.92383,0.92439,0.94312,0.87333,1.0,1.0,10.38985
walmart_amazon,"tfidf_char n=(2, 4)",tfidf_char,"{""n"": ""(2, 4)""}",tune,False,150,0.92072,0.92294,0.94104,0.87333,1.0,1.0,8.68082
walmart_amazon,"tfidf_char n=(3, 4)",tfidf_char,"{""n"": ""(3, 4)""}",tune,False,150,0.9155,0.91939,0.93755,0.86667,1.0,1.0,9.25243
walmart_amazon,"tfidf_char n=(2, 3)",tfidf_char,"{""n"": ""(2, 3)""}",test,True,150,0.87513,0.87569,0.90666,0.79333,1.0,1.0,8.86474
walmart_amazon,bm25_word k1=0.5 b=0.3,bm25_word,"{""b"": 0.3, ""idf_exp"": 1.0, ""k1"": 0.5}",tune,False,150,0.89785,0.89663,0.91986,0.83333,0.98667,1.0,1.21031
walmart_amazon,bm25_word k1=0.5 b=0.75,bm25_word,"{""b"": 0.75, ""idf_exp"": 1.0, ""k1"": 0.5}",tune,False,150,0.89799,0.89677,0.92187,0.83333,0.99333,1.0,1.35746
walmart_amazon,bm25_word k1=0.5 b=1.0,bm25_word,"{""b"": 1.0, ""idf_exp"": 1.0, ""k1"": 0.5}",tune,False,150,0.89712,0.89623,0.92128,0.83333,0.99333,1.0,1.80679
walmart_amazon,bm25_word k1=1.2 b=0.3,bm25_word,"{""b"": 0.3, ""idf_exp"": 1.0, ""k1"": 1.2}",tune,False,150,0.90097,0.89975,0.92232,0.84,0.98667,1.0,1.70142
walmart_amazon,bm25_word k1=1.2 b=0.75,bm25_word,"{""b"": 0.75, ""idf_exp"": 1.0, ""k1"": 1.2}",tune,False,150,0.90624,0.9059,0.92653,0.84667,0.98667,1.0,1.8914
walmart_amazon,bm25_word k1=1.2 b=1.0,bm25_word,"{""b"": 1.0, ""idf_exp"": 1.0, ""k1"": 1.2}",tune,False,150,0.9008,0.90047,0.92232,0.84,0.98667,1.0,1.74193
walmart_amazon,bm25_word k1=2.0 b=0.3,bm25_word,"{""b"": 0.3, ""idf_exp"": 1.0, ""k1"": 2.0}",tune,False,150,0.90244,0.90132,0.92226,0.84667,0.98333,1.0,1.94785
walmart_amazon,bm25_word k1=2.0 b=0.75,bm25_word,"{""b"": 0.75, ""idf_exp"": 1.0, ""k1"": 2.0}",tune,False,150,0.90393,0.9036,0.92473,0.84667,0.98667,1.0,1.60651
walmart_amazon,bm25_word k1=2.0 b=1.0,bm25_word,"{""b"": 1.0, ""idf_exp"": 1.0, ""k1"": 2.0}",tune,False,150,0.89521,0.89494,0.91696,0.83333,0.98333,1.0,1.77
walmart_amazon,bm25_word k1=1.2 b=0.75,bm25_word,"{""b"": 0.75, ""idf_exp"": 1.0, ""k1"": 1.2}",test,True,150,0.8714,0.87084,0.90139,0.78667,0.99333,1.0,1.79546
walmart_amazon,bm25_char top-50 reranked by v7,bm25_char>v7,"{""depth"": 50}",test,True,150,0.89961,0.89961,0.92281,0.83333,0.99333,1.0,57.1891
walmart_amazon,v7 top-50 reranked by bm25_char,v7>bm25_char,"{""depth"": 50}",test,True,150,0.88579,0.88579,0.91442,0.80667,1.0,1.0,46.02198
walmart_amazon,rrf of v7 and bm25_char,"rrf(v7,bm25_char)","{""depth"": 50, ""k"": 60}",test,True,150,0.88499,0.88499,0.91193,0.80667,0.99333,1.0,44.88563
walmart_amazon,tfidf_char top-50 reranked by v7,tfidf_char>v7,"{""depth"": 50}",test,True,150,0.89961,0.89961,0.92281,0.83333,0.99333,1.0,46.20445
walmart_amazon,rrf of v7 and tfidf_char,"rrf(v7,tfidf_char)","{""depth"": 50, ""k"": 60}",test,True,150,0.88717,0.88662,0.91552,0.80667,1.0,1.0,48.96366
walmart_amazon,bm25_char + v7 at lam=0.1,"mix(bm25_char,v7)","{""lam"": 0.1}",tune,False,150,0.94907,0.95241,0.96271,0.92,1.0,1.0,74.42258
walmart_amazon,bm25_char + v7 at lam=0.25,"mix(bm25_char,v7)","{""lam"": 0.25}",tune,False,150,0.94296,0.9463,0.95825,0.90667,1.0,1.0,73.13705
walmart_amazon,bm25_char + v7 at lam=0.5,"mix(bm25_char,v7)","{""lam"": 0.5}",tune,False,150,0.94319,0.9463,0.95838,0.90667,1.0,1.0,76.00693
walmart_amazon,bm25_char + v7 at lam=0.75,"mix(bm25_char,v7)","{""lam"": 0.75}",tune,False,150,0.93485,0.93852,0.95233,0.89333,1.0,1.0,75.28863
walmart_amazon,bm25_char + v7 at lam=0.9,"mix(bm25_char,v7)","{""lam"": 0.9}",tune,False,150,0.93763,0.9413,0.95433,0.9,1.0,1.0,73.40977
walmart_amazon,bm25_char + v7 at lam=0.1,"mix(bm25_char,v7)","{""lam"": 0.1}",test,True,150,0.88666,0.88666,0.91326,0.80667,0.99333,1.0,76.8447
walmart_amazon,tfidf_char + v7 at lam=0.1,"mix(tfidf_char,v7)","{""lam"": 0.1}",tune,False,150,0.92528,0.92583,0.94429,0.87333,1.0,1.0,81.67294
walmart_amazon,tfidf_char + v7 at lam=0.25,"mix(tfidf_char,v7)","{""lam"": 0.25}",tune,False,150,0.92917,0.92972,0.94724,0.88,1.0,1.0,76.07481
walmart_amazon,tfidf_char + v7 at lam=0.5,"mix(tfidf_char,v7)","{""lam"": 0.5}",tune,False,150,0.93083,0.93417,0.94914,0.88667,1.0,1.0,79.34477
walmart_amazon,tfidf_char + v7 at lam=0.75,"mix(tfidf_char,v7)","{""lam"": 0.75}",tune,False,150,0.93263,0.93685,0.95058,0.89333,1.0,1.0,75.54924
walmart_amazon,tfidf_char + v7 at lam=0.9,"mix(tfidf_char,v7)","{""lam"": 0.9}",tune,False,150,0.94041,0.94463,0.95637,0.90667,1.0,1.0,83.83804
walmart_amazon,tfidf_char + v7 at lam=0.9,"mix(tfidf_char,v7)","{""lam"": 0.9}",test,True,150,0.90294,0.90294,0.92528,0.84,0.99333,1.0,80.21105
