task,system,family,config,split,selected,n_queries,map,mrr,ndcg@10,hit@1,recall@10,recall@50,ms_per_query
itunes_amazon,"v7 n=(2,) idf=0.0 dim=1.0 norm=False/dice pw=0.0",v7,"{""denominator"": ""dice"", ""dim"": 1.0, ""idf"": 0.0, ""n"": ""(2,)"", ""normalize"": false, ""position_weight"": 0.0}",tune,False,26,0.40733,0.40733,0.44402,0.30769,0.57692,0.65385,76.11017
itunes_amazon,"v7 n=(2,) idf=0.0 dim=1.0 norm=False/dice pw=0.5",v7,"{""denominator"": ""dice"", ""dim"": 1.0, ""idf"": 0.0, ""n"": ""(2,)"", ""normalize"": false, ""position_weight"": 0.5}",tune,False,26,0.44754,0.44754,0.48768,0.34615,0.61538,0.65385,87.07593
itunes_amazon,"v7 n=(2,) idf=0.0 dim=1.0 norm=False/dice pw=1.0",v7,"{""denominator"": ""dice"", ""dim"": 1.0, ""idf"": 0.0, ""n"": ""(2,)"", ""normalize"": false, ""position_weight"": 1.0}",tune,False,26,0.47676,0.47676,0.51098,0.34615,0.61538,0.65385,84.99855
itunes_amazon,"v7 n=(2,) idf=0.0 dim=1.0 norm=True/dice pw=0.0",v7,"{""denominator"": ""dice"", ""dim"": 1.0, ""idf"": 0.0, ""n"": ""(2,)"", ""normalize"": true, ""position_weight"": 0.0}",tune,False,26,0.77115,0.77115,0.77427,0.73077,0.80769,1.0,75.73619
itunes_amazon,"v7 n=(2,) idf=0.0 dim=1.0 norm=True/dice pw=0.5",v7,"{""denominator"": ""dice"", ""dim"": 1.0, ""idf"": 0.0, ""n"": ""(2,)"", ""normalize"": true, ""position_weight"": 0.5}",tune,False,26,0.79047,0.79047,0.78846,0.76923,0.80769,1.0,72.86609
itunes_amazon,"v7 n=(2,) idf=0.0 dim=1.0 norm=True/dice pw=1.0",v7,"{""denominator"": ""dice"", ""dim"": 1.0, ""idf"": 0.0, ""n"": ""(2,)"", ""normalize"": true, ""position_weight"": 1.0}",tune,False,26,0.79029,0.79029,0.78846,0.76923,0.80769,1.0,73.18892
itunes_amazon,"v7 n=(2,) idf=0.0 dim=1.0 norm=True/geo pw=0.0",v7,"{""denominator"": ""geo"", ""dim"": 1.0, ""idf"": 0.0, ""n"": ""(2,)"", ""normalize"": true, ""position_weight"": 0.0}",tune,False,26,0.83637,0.83637,0.84615,0.80769,0.88462,1.0,71.72627
itunes_amazon,"v7 n=(2,) idf=0.0 dim=1.0 norm=True/geo pw=0.5",v7,"{""denominator"": ""geo"", ""dim"": 1.0, ""idf"": 0.0, ""n"": ""(2,)"", ""normalize"": true, ""position_weight"": 0.5}",tune,False,26,0.81711,0.81711,0.83196,0.76923,0.88462,1.0,72.65179
itunes_amazon,"v7 n=(2,) idf=0.0 dim=1.0 norm=True/geo pw=1.0",v7,"{""denominator"": ""geo"", ""dim"": 1.0, ""idf"": 0.0, ""n"": ""(2,)"", ""normalize"": true, ""position_weight"": 1.0}",tune,False,26,0.81714,0.81714,0.83196,0.76923,0.88462,1.0,69.98292
itunes_amazon,"v7 n=(2,) idf=1.0 dim=1.0 norm=False/dice pw=0.0",v7,"{""denominator"": ""dice"", ""dim"": 1.0, ""idf"": 1.0, ""n"": ""(2,)"", ""normalize"": false, ""position_weight"": 0.0}",tune,False,26,0.73808,0.73808,0.77083,0.65385,0.88462,1.0,72.74706
itunes_amazon,"v7 n=(2,) idf=1.0 dim=1.0 norm=False/dice pw=0.5",v7,"{""denominator"": ""dice"", ""dim"": 1.0, ""idf"": 1.0, ""n"": ""(2,)"", ""normalize"": false, ""position_weight"": 0.5}",tune,False,26,0.74096,0.74096,0.77358,0.65385,0.88462,1.0,75.59202
itunes_amazon,"v7 n=(2,) idf=1.0 dim=1.0 norm=False/dice pw=1.0",v7,"{""denominator"": ""dice"", ""dim"": 1.0, ""idf"": 1.0, ""n"": ""(2,)"", ""normalize"": false, ""position_weight"": 1.0}",tune,False,26,0.74128,0.74128,0.77358,0.65385,0.88462,1.0,108.5004
itunes_amazon,"v7 n=(2,) idf=1.0 dim=1.0 norm=True/dice pw=0.0",v7,"{""denominator"": ""dice"", ""dim"": 1.0, ""idf"": 1.0, ""n"": ""(2,)"", ""normalize"": true, ""position_weight"": 0.0}",tune,False,26,0.86817,0.86817,0.87821,0.84615,0.92308,1.0,107.6941
itunes_amazon,"v7 n=(2,) idf=1.0 dim=1.0 norm=True/dice pw=0.5",v7,"{""denominator"": ""dice"", ""dim"": 1.0, ""idf"": 1.0, ""n"": ""(2,)"", ""normalize"": true, ""position_weight"": 0.5}",tune,False,26,0.86828,0.86828,0.87821,0.84615,0.92308,1.0,109.03512
itunes_amazon,"v7 n=(2,) idf=1.0 dim=1.0 norm=True/dice pw=1.0",v7,"{""denominator"": ""dice"", ""dim"": 1.0, ""idf"": 1.0, ""n"": ""(2,)"", ""normalize"": true, ""position_weight"": 1.0}",tune,False,26,0.86828,0.86828,0.87821,0.84615,0.92308,1.0,110.77467
itunes_amazon,"v7 n=(2,) idf=1.0 dim=1.0 norm=True/geo pw=0.0",v7,"{""denominator"": ""geo"", ""dim"": 1.0, ""idf"": 1.0, ""n"": ""(2,)"", ""normalize"": true, ""position_weight"": 0.0}",tune,False,26,0.87369,0.87369,0.88195,0.84615,0.92308,1.0,111.79506
itunes_amazon,"v7 n=(2,) idf=1.0 dim=1.0 norm=True/geo pw=0.5",v7,"{""denominator"": ""geo"", ""dim"": 1.0, ""idf"": 1.0, ""n"": ""(2,)"", ""normalize"": true, ""position_weight"": 0.5}",tune,False,26,0.87326,0.87326,0.88195,0.84615,0.92308,1.0,103.02943
itunes_amazon,"v7 n=(2,) idf=1.0 dim=1.0 norm=True/geo pw=1.0",v7,"{""denominator"": ""geo"", ""dim"": 1.0, ""idf"": 1.0, ""n"": ""(2,)"", ""normalize"": true, ""position_weight"": 1.0}",tune,False,26,0.87311,0.87311,0.88195,0.84615,0.92308,1.0,104.93234
itunes_amazon,"v7 n=(2,) idf=2.0 dim=1.0 norm=False/dice pw=0.0",v7,"{""denominator"": ""dice"", ""dim"": 1.0, ""idf"": 2.0, ""n"": ""(2,)"", ""normalize"": false, ""position_weight"": 0.0}",tune,False,26,0.85577,0.85577,0.88049,0.76923,0.96154,1.0,80.20814
itunes_amazon,"v7 n=(2,) idf=2.0 dim=1.0 norm=False/dice pw=0.5",v7,"{""denominator"": ""dice"", ""dim"": 1.0, ""idf"": 2.0, ""n"": ""(2,)"", ""normalize"": false, ""position_weight"": 0.5}",tune,False,26,0.875,0.875,0.89469,0.80769,0.96154,1.0,70.7372
itunes_amazon,"v7 n=(2,) idf=2.0 dim=1.0 norm=False/dice pw=1.0",v7,"{""denominator"": ""dice"", ""dim"": 1.0, ""idf"": 2.0, ""n"": ""(2,)"", ""normalize"": false, ""position_weight"": 1.0}",tune,False,26,0.87564,0.87564,0.9058,0.80769,1.0,1.0,71.77224
itunes_amazon,"v7 n=(2,) idf=2.0 dim=1.0 norm=True/dice pw=0.0",v7,"{""denominator"": ""dice"", ""dim"": 1.0, ""idf"": 2.0, ""n"": ""(2,)"", ""normalize"": true, ""position_weight"": 0.0}",tune,False,26,0.92949,0.92949,0.94734,0.88462,1.0,1.0,86.94916
itunes_amazon,"v7 n=(2,) idf=2.0 dim=1.0 norm=True/dice pw=0.5",v7,"{""denominator"": ""dice"", ""dim"": 1.0, ""idf"": 2.0, ""n"": ""(2,)"", ""normalize"": true, ""position_weight"": 0.5}",tune,False,26,0.92949,0.92949,0.94734,0.88462,1.0,1.0,81.60228
itunes_amazon,"v7 n=(2,) idf=2.0 dim=1.0 norm=True/dice pw=1.0",v7,"{""denominator"": ""dice"", ""dim"": 1.0, ""idf"": 2.0, ""n"": ""(2,)"", ""normalize"": true, ""position_weight"": 1.0}",tune,False,26,0.92949,0.92949,0.94734,0.88462,1.0,1.0,83.56713
itunes_amazon,"v7 n=(2,) idf=2.0 dim=1.0 norm=True/geo pw=0.0",v7,"{""denominator"": ""geo"", ""dim"": 1.0, ""idf"": 2.0, ""n"": ""(2,)"", ""normalize"": true, ""position_weight"": 0.0}",tune,False,26,0.95513,0.95513,0.96657,0.92308,1.0,1.0,83.97758
itunes_amazon,"v7 n=(2,) idf=2.0 dim=1.0 norm=True/geo pw=0.5",v7,"{""denominator"": ""geo"", ""dim"": 1.0, ""idf"": 2.0, ""n"": ""(2,)"", ""normalize"": true, ""position_weight"": 0.5}",tune,False,26,0.95513,0.95513,0.96657,0.92308,1.0,1.0,77.13171
itunes_amazon,"v7 n=(2,) idf=2.0 dim=1.0 norm=True/geo pw=1.0",v7,"{""denominator"": ""geo"", ""dim"": 1.0, ""idf"": 2.0, ""n"": ""(2,)"", ""normalize"": true, ""position_weight"": 1.0}",tune,False,26,0.95513,0.95513,0.96657,0.92308,1.0,1.0,73.2419
itunes_amazon,"v7 n=(2,) idf=3.0 dim=1.0 norm=False/dice pw=0.0",v7,"{""denominator"": ""dice"", ""dim"": 1.0, ""idf"": 3.0, ""n"": ""(2,)"", ""normalize"": false, ""position_weight"": 0.0}",tune,False,26,0.84615,0.84615,0.88523,0.73077,1.0,1.0,70.82049
itunes_amazon,"v7 n=(2,) idf=3.0 dim=1.0 norm=False/dice pw=0.5",v7,"{""denominator"": ""dice"", ""dim"": 1.0, ""idf"": 3.0, ""n"": ""(2,)"", ""normalize"": false, ""position_weight"": 0.5}",tune,False,26,0.86538,0.86538,0.89943,0.76923,1.0,1.0,73.25733
itunes_amazon,"v7 n=(2,) idf=3.0 dim=1.0 norm=False/dice pw=1.0",v7,"{""denominator"": ""dice"", ""dim"": 1.0, ""idf"": 3.0, ""n"": ""(2,)"", ""normalize"": false, ""position_weight"": 1.0}",tune,False,26,0.86859,0.86859,0.90209,0.76923,1.0,1.0,72.6029
itunes_amazon,"v7 n=(2,) idf=3.0 dim=1.0 norm=True/dice pw=0.0",v7,"{""denominator"": ""dice"", ""dim"": 1.0, ""idf"": 3.0, ""n"": ""(2,)"", ""normalize"": true, ""position_weight"": 0.0}",tune,False,26,0.93269,0.93269,0.94971,0.88462,1.0,1.0,74.55652
itunes_amazon,"v7 n=(2,) idf=3.0 dim=1.0 norm=True/dice pw=0.5",v7,"{""denominator"": ""dice"", ""dim"": 1.0, ""idf"": 3.0, ""n"": ""(2,)"", ""normalize"": true, ""position_weight"": 0.5}",tune,False,26,0.95513,0.95513,0.96657,0.92308,1.0,1.0,72.12151
itunes_amazon,"v7 n=(2,) idf=3.0 dim=1.0 norm=True/dice pw=1.0",v7,"{""denominator"": ""dice"", ""dim"": 1.0, ""idf"": 3.0, ""n"": ""(2,)"", ""normalize"": true, ""position_weight"": 1.0}",tune,False,26,0.9359,0.9359,0.95238,0.88462,1.0,1.0,71.79022
itunes_amazon,"v7 n=(2,) idf=3.0 dim=1.0 norm=True/geo pw=0.0",v7,"{""denominator"": ""geo"", ""dim"": 1.0, ""idf"": 3.0, ""n"": ""(2,)"", ""normalize"": true, ""position_weight"": 0.0}",tune,False,26,0.95513,0.95513,0.96657,0.92308,1.0,1.0,68.85534
itunes_amazon,"v7 n=(2,) idf=3.0 dim=1.0 norm=True/geo pw=0.5",v7,"{""denominator"": ""geo"", ""dim"": 1.0, ""idf"": 3.0, ""n"": ""(2,)"", ""normalize"": true, ""position_weight"": 0.5}",tune,False,26,0.95513,0.95513,0.96657,0.92308,1.0,1.0,70.70945
itunes_amazon,"v7 n=(2,) idf=3.0 dim=1.0 norm=True/geo pw=1.0",v7,"{""denominator"": ""geo"", ""dim"": 1.0, ""idf"": 3.0, ""n"": ""(2,)"", ""normalize"": true, ""position_weight"": 1.0}",tune,False,26,0.95513,0.95513,0.96657,0.92308,1.0,1.0,83.24344
itunes_amazon,"v7 n=(3,) idf=0.0 dim=1.0 norm=False/dice pw=0.0",v7,"{""denominator"": ""dice"", ""dim"": 1.0, ""idf"": 0.0, ""n"": ""(3,)"", ""normalize"": false, ""position_weight"": 0.0}",tune,False,26,0.74886,0.74886,0.77014,0.65385,0.84615,1.0,24.4722
itunes_amazon,"v7 n=(3,) idf=0.0 dim=1.0 norm=False/dice pw=0.5",v7,"{""denominator"": ""dice"", ""dim"": 1.0, ""idf"": 0.0, ""n"": ""(3,)"", ""normalize"": false, ""position_weight"": 0.5}",tune,False,26,0.74886,0.74886,0.77014,0.65385,0.84615,1.0,19.5159
itunes_amazon,"v7 n=(3,) idf=0.0 dim=1.0 norm=False/dice pw=1.0",v7,"{""denominator"": ""dice"", ""dim"": 1.0, ""idf"": 0.0, ""n"": ""(3,)"", ""normalize"": false, ""position_weight"": 1.0}",tune,False,26,0.74886,0.74886,0.77014,0.65385,0.84615,1.0,19.01977
itunes_amazon,"v7 n=(3,) idf=0.0 dim=1.0 norm=True/dice pw=0.0",v7,"{""denominator"": ""dice"", ""dim"": 1.0, ""idf"": 0.0, ""n"": ""(3,)"", ""normalize"": true, ""position_weight"": 0.0}",tune,False,26,0.84373,0.84373,0.85119,0.80769,0.88462,1.0,18.05573
itunes_amazon,"v7 n=(3,) idf=0.0 dim=1.0 norm=True/dice pw=0.5",v7,"{""denominator"": ""dice"", ""dim"": 1.0, ""idf"": 0.0, ""n"": ""(3,)"", ""normalize"": true, ""position_weight"": 0.5}",tune,False,26,0.8437,0.8437,0.85119,0.80769,0.88462,1.0,18.54153
itunes_amazon,"v7 n=(3,) idf=0.0 dim=1.0 norm=True/dice pw=1.0",v7,"{""denominator"": ""dice"", ""dim"": 1.0, ""idf"": 0.0, ""n"": ""(3,)"", ""normalize"": true, ""position_weight"": 1.0}",tune,False,26,0.84352,0.84352,0.85119,0.80769,0.88462,1.0,18.84388
itunes_amazon,"v7 n=(3,) idf=0.0 dim=1.0 norm=True/geo pw=0.0",v7,"{""denominator"": ""geo"", ""dim"": 1.0, ""idf"": 0.0, ""n"": ""(3,)"", ""normalize"": true, ""position_weight"": 0.0}",tune,False,26,0.84493,0.84493,0.85119,0.80769,0.88462,1.0,18.30757
itunes_amazon,"v7 n=(3,) idf=0.0 dim=1.0 norm=True/geo pw=0.5",v7,"{""denominator"": ""geo"", ""dim"": 1.0, ""idf"": 0.0, ""n"": ""(3,)"", ""normalize"": true, ""position_weight"": 0.5}",tune,False,26,0.84457,0.84457,0.85119,0.80769,0.88462,1.0,18.84603
itunes_amazon,"v7 n=(3,) idf=0.0 dim=1.0 norm=True/geo pw=1.0",v7,"{""denominator"": ""geo"", ""dim"": 1.0, ""idf"": 0.0, ""n"": ""(3,)"", ""normalize"": true, ""position_weight"": 1.0}",tune,False,26,0.84391,0.84391,0.85119,0.80769,0.88462,1.0,17.49998
itunes_amazon,"v7 n=(3,) idf=1.0 dim=1.0 norm=False/dice pw=0.0",v7,"{""denominator"": ""dice"", ""dim"": 1.0, ""idf"": 1.0, ""n"": ""(3,)"", ""normalize"": false, ""position_weight"": 0.0}",tune,False,26,0.82459,0.82459,0.83699,0.76923,0.88462,1.0,19.1675
itunes_amazon,"v7 n=(3,) idf=1.0 dim=1.0 norm=False/dice pw=0.5",v7,"{""denominator"": ""dice"", ""dim"": 1.0, ""idf"": 1.0, ""n"": ""(3,)"", ""normalize"": false, ""position_weight"": 0.5}",tune,False,26,0.82459,0.82459,0.83699,0.76923,0.88462,1.0,18.99379
itunes_amazon,"v7 n=(3,) idf=1.0 dim=1.0 norm=False/dice pw=1.0",v7,"{""denominator"": ""dice"", ""dim"": 1.0, ""idf"": 1.0, ""n"": ""(3,)"", ""normalize"": false, ""position_weight"": 1.0}",tune,False,26,0.82459,0.82459,0.83699,0.76923,0.88462,1.0,19.91132
itunes_amazon,"v7 n=(3,) idf=1.0 dim=1.0 norm=True/dice pw=0.0",v7,"{""denominator"": ""dice"", ""dim"": 1.0, ""idf"": 1.0, ""n"": ""(3,)"", ""normalize"": true, ""position_weight"": 0.0}",tune,False,26,0.84738,0.84738,0.86277,0.80769,0.92308,1.0,20.49851
itunes_amazon,"v7 n=(3,) idf=1.0 dim=1.0 norm=True/dice pw=0.5",v7,"{""denominator"": ""dice"", ""dim"": 1.0, ""idf"": 1.0, ""n"": ""(3,)"", ""normalize"": true, ""position_weight"": 0.5}",tune,False,26,0.86648,0.86648,0.87696,0.84615,0.92308,1.0,19.66772
itunes_amazon,"v7 n=(3,) idf=1.0 dim=1.0 norm=True/dice pw=1.0",v7,"{""denominator"": ""dice"", ""dim"": 1.0, ""idf"": 1.0, ""n"": ""(3,)"", ""normalize"": true, ""position_weight"": 1.0}",tune,False,26,0.86668,0.86668,0.87752,0.84615,0.92308,1.0,19.30765
itunes_amazon,"v7 n=(3,) idf=1.0 dim=1.0 norm=True/geo pw=0.0",v7,"{""denominator"": ""geo"", ""dim"": 1.0, ""idf"": 1.0, ""n"": ""(3,)"", ""normalize"": true, ""position_weight"": 0.0}",tune,False,26,0.86154,0.86154,0.8853,0.80769,0.96154,1.0,18.82015
itunes_amazon,"v7 n=(3,) idf=1.0 dim=1.0 norm=True/geo pw=0.5",v7,"{""denominator"": ""geo"", ""dim"": 1.0, ""idf"": 1.0, ""n"": ""(3,)"", ""normalize"": true, ""position_weight"": 0.5}",tune,False,26,0.85769,0.85769,0.88154,0.80769,0.96154,1.0,19.10696
itunes_amazon,"v7 n=(3,) idf=1.0 dim=1.0 norm=True/geo pw=1.0",v7,"{""denominator"": ""geo"", ""dim"": 1.0, ""idf"": 1.0, ""n"": ""(3,)"", ""normalize"": true, ""position_weight"": 1.0}",tune,False,26,0.87688,0.87688,0.89573,0.84615,0.96154,1.0,18.78136
itunes_amazon,"v7 n=(3,) idf=2.0 dim=1.0 norm=False/dice pw=0.0",v7,"{""denominator"": ""dice"", ""dim"": 1.0, ""idf"": 2.0, ""n"": ""(3,)"", ""normalize"": false, ""position_weight"": 0.0}",tune,False,26,0.87281,0.87281,0.89469,0.80769,0.96154,1.0,19.44797
itunes_amazon,"v7 n=(3,) idf=2.0 dim=1.0 norm=False/dice pw=0.5",v7,"{""denominator"": ""dice"", ""dim"": 1.0, ""idf"": 2.0, ""n"": ""(3,)"", ""normalize"": false, ""position_weight"": 0.5}",tune,False,26,0.87281,0.87281,0.89469,0.80769,0.96154,1.0,18.82202
itunes_amazon,"v7 n=(3,) idf=2.0 dim=1.0 norm=False/dice pw=1.0",v7,"{""denominator"": ""dice"", ""dim"": 1.0, ""idf"": 2.0, ""n"": ""(3,)"", ""normalize"": false, ""position_weight"": 1.0}",tune,False,26,0.87281,0.87281,0.89469,0.80769,0.96154,1.0,19.45474
itunes_amazon,"v7 n=(3,) idf=2.0 dim=1.0 norm=True/dice pw=0.0",v7,"{""denominator"": ""dice"", ""dim"": 1.0, ""idf"": 2.0, ""n"": ""(3,)"", ""normalize"": true, ""position_weight"": 0.0}",tune,False,26,0.92628,0.92628,0.94468,0.88462,1.0,1.0,19.00975
itunes_amazon,"v7 n=(3,) idf=2.0 dim=1.0 norm=True/dice pw=0.5",v7,"{""denominator"": ""dice"", ""dim"": 1.0, ""idf"": 2.0, ""n"": ""(3,)"", ""normalize"": true, ""position_weight"": 0.5}",tune,False,26,0.92308,0.92308,0.94181,0.88462,1.0,1.0,19.785
itunes_amazon,"v7 n=(3,) idf=2.0 dim=1.0 norm=True/dice pw=1.0",v7,"{""denominator"": ""dice"", ""dim"": 1.0, ""idf"": 2.0, ""n"": ""(3,)"", ""normalize"": true, ""position_weight"": 1.0}",tune,False,26,0.92216,0.92216,0.94093,0.88462,1.0,1.0,19.0326
itunes_amazon,"v7 n=(3,) idf=2.0 dim=1.0 norm=True/geo pw=0.0",v7,"{""denominator"": ""geo"", ""dim"": 1.0, ""idf"": 2.0, ""n"": ""(3,)"", ""normalize"": true, ""position_weight"": 0.0}",tune,False,26,0.92949,0.92949,0.94734,0.88462,1.0,1.0,19.92641
itunes_amazon,"v7 n=(3,) idf=2.0 dim=1.0 norm=True/geo pw=0.5",v7,"{""denominator"": ""geo"", ""dim"": 1.0, ""idf"": 2.0, ""n"": ""(3,)"", ""normalize"": true, ""position_weight"": 0.5}",tune,False,26,0.92949,0.92949,0.94734,0.88462,1.0,1.0,19.78451
itunes_amazon,"v7 n=(3,) idf=2.0 dim=1.0 norm=True/geo pw=1.0",v7,"{""denominator"": ""geo"", ""dim"": 1.0, ""idf"": 2.0, ""n"": ""(3,)"", ""normalize"": true, ""position_weight"": 1.0}",tune,False,26,0.92949,0.92949,0.94734,0.88462,1.0,1.0,19.16015
itunes_amazon,"v7 n=(3,) idf=3.0 dim=1.0 norm=False/dice pw=0.0",v7,"{""denominator"": ""dice"", ""dim"": 1.0, ""idf"": 3.0, ""n"": ""(3,)"", ""normalize"": false, ""position_weight"": 0.0}",tune,False,26,0.88782,0.88782,0.91629,0.80769,1.0,1.0,19.94291
itunes_amazon,"v7 n=(3,) idf=3.0 dim=1.0 norm=False/dice pw=0.5",v7,"{""denominator"": ""dice"", ""dim"": 1.0, ""idf"": 3.0, ""n"": ""(3,)"", ""normalize"": false, ""position_weight"": 0.5}",tune,False,26,0.88782,0.88782,0.91629,0.80769,1.0,1.0,19.12322
itunes_amazon,"v7 n=(3,) idf=3.0 dim=1.0 norm=False/dice pw=1.0",v7,"{""denominator"": ""dice"", ""dim"": 1.0, ""idf"": 3.0, ""n"": ""(3,)"", ""normalize"": false, ""position_weight"": 1.0}",tune,False,26,0.8859,0.8859,0.9146,0.80769,1.0,1.0,19.19388
itunes_amazon,"v7 n=(3,) idf=3.0 dim=1.0 norm=True/dice pw=0.0",v7,"{""denominator"": ""dice"", ""dim"": 1.0, ""idf"": 3.0, ""n"": ""(3,)"", ""normalize"": true, ""position_weight"": 0.0}",tune,False,26,0.9359,0.9359,0.95238,0.88462,1.0,1.0,17.6498
itunes_amazon,"v7 n=(3,) idf=3.0 dim=1.0 norm=True/dice pw=0.5",v7,"{""denominator"": ""dice"", ""dim"": 1.0, ""idf"": 3.0, ""n"": ""(3,)"", ""normalize"": true, ""position_weight"": 0.5}",tune,False,26,0.9359,0.9359,0.95238,0.88462,1.0,1.0,19.0717
itunes_amazon,"v7 n=(3,) idf=3.0 dim=1.0 norm=True/dice pw=1.0",v7,"{""denominator"": ""dice"", ""dim"": 1.0, ""idf"": 3.0, ""n"": ""(3,)"", ""normalize"": true, ""position_weight"": 1.0}",tune,False,26,0.9359,0.9359,0.95238,0.88462,1.0,1.0,18.8032
itunes_amazon,"v7 n=(3,) idf=3.0 dim=1.0 norm=True/geo pw=0.0",v7,"{""denominator"": ""geo"", ""dim"": 1.0, ""idf"": 3.0, ""n"": ""(3,)"", ""normalize"": true, ""position_weight"": 0.0}",tune,False,26,0.9359,0.9359,0.95238,0.88462,1.0,1.0,18.07792
itunes_amazon,"v7 n=(3,) idf=3.0 dim=1.0 norm=True/geo pw=0.5",v7,"{""denominator"": ""geo"", ""dim"": 1.0, ""idf"": 3.0, ""n"": ""(3,)"", ""normalize"": true, ""position_weight"": 0.5}",tune,False,26,0.9359,0.9359,0.95238,0.88462,1.0,1.0,19.77516
itunes_amazon,"v7 n=(3,) idf=3.0 dim=1.0 norm=True/geo pw=1.0",v7,"{""denominator"": ""geo"", ""dim"": 1.0, ""idf"": 3.0, ""n"": ""(3,)"", ""normalize"": true, ""position_weight"": 1.0}",tune,False,26,0.9359,0.9359,0.95238,0.88462,1.0,1.0,19.43115
itunes_amazon,"v7 n=(2, 3) idf=0.0 dim=1.0 norm=False/dice pw=0.0",v7,"{""denominator"": ""dice"", ""dim"": 1.0, ""idf"": 0.0, ""n"": ""(2, 3)"", ""normalize"": false, ""position_weight"": 0.0}",tune,False,26,0.56902,0.56902,0.60485,0.46154,0.73077,0.88462,87.73302
itunes_amazon,"v7 n=(2, 3) idf=0.0 dim=1.0 norm=False/dice pw=0.5",v7,"{""denominator"": ""dice"", ""dim"": 1.0, ""idf"": 0.0, ""n"": ""(2, 3)"", ""normalize"": false, ""position_weight"": 0.5}",tune,False,26,0.59326,0.59326,0.62347,0.5,0.73077,0.88462,86.67085
itunes_amazon,"v7 n=(2, 3) idf=0.0 dim=1.0 norm=False/dice pw=1.0",v7,"{""denominator"": ""dice"", ""dim"": 1.0, ""idf"": 0.0, ""n"": ""(2, 3)"", ""normalize"": false, ""position_weight"": 1.0}",tune,False,26,0.60524,0.60524,0.63286,0.5,0.73077,0.88462,88.39137
itunes_amazon,"v7 n=(2, 3) idf=0.0 dim=1.0 norm=True/dice pw=0.0",v7,"{""denominator"": ""dice"", ""dim"": 1.0, ""idf"": 0.0, ""n"": ""(2, 3)"", ""normalize"": true, ""position_weight"": 0.0}",tune,False,26,0.81728,0.81728,0.83196,0.76923,0.88462,1.0,92.60329
itunes_amazon,"v7 n=(2, 3) idf=0.0 dim=1.0 norm=True/dice pw=0.5",v7,"{""denominator"": ""dice"", ""dim"": 1.0, ""idf"": 0.0, ""n"": ""(2, 3)"", ""normalize"": true, ""position_weight"": 0.5}",tune,False,26,0.84287,0.84287,0.85119,0.80769,0.88462,1.0,85.65274
itunes_amazon,"v7 n=(2, 3) idf=0.0 dim=1.0 norm=True/dice pw=1.0",v7,"{""denominator"": ""dice"", ""dim"": 1.0, ""idf"": 0.0, ""n"": ""(2, 3)"", ""normalize"": true, ""position_weight"": 1.0}",tune,False,26,0.84286,0.84286,0.85119,0.80769,0.88462,1.0,87.51587
itunes_amazon,"v7 n=(2, 3) idf=0.0 dim=1.0 norm=True/geo pw=0.0",v7,"{""denominator"": ""geo"", ""dim"": 1.0, ""idf"": 0.0, ""n"": ""(2, 3)"", ""normalize"": true, ""position_weight"": 0.0}",tune,False,26,0.84337,0.84337,0.85119,0.80769,0.88462,1.0,88.48213
itunes_amazon,"v7 n=(2, 3) idf=0.0 dim=1.0 norm=True/geo pw=0.5",v7,"{""denominator"": ""geo"", ""dim"": 1.0, ""idf"": 0.0, ""n"": ""(2, 3)"", ""normalize"": true, ""position_weight"": 0.5}",tune,False,26,0.86251,0.86251,0.86538,0.84615,0.88462,1.0,86.39304
itunes_amazon,"v7 n=(2, 3) idf=0.0 dim=1.0 norm=True/geo pw=1.0",v7,"{""denominator"": ""geo"", ""dim"": 1.0, ""idf"": 0.0, ""n"": ""(2, 3)"", ""normalize"": true, ""position_weight"": 1.0}",tune,False,26,0.86244,0.86244,0.86538,0.84615,0.88462,1.0,79.97544
itunes_amazon,"v7 n=(2, 3) idf=0.0 dim=2.0 norm=False/dice pw=0.0",v7,"{""denominator"": ""dice"", ""dim"": 2.0, ""idf"": 0.0, ""n"": ""(2, 3)"", ""normalize"": false, ""position_weight"": 0.0}",tune,False,26,0.56283,0.56283,0.58941,0.46154,0.69231,0.88462,81.75904
itunes_amazon,"v7 n=(2, 3) idf=0.0 dim=2.0 norm=False/dice pw=0.5",v7,"{""denominator"": ""dice"", ""dim"": 2.0, ""idf"": 0.0, ""n"": ""(2, 3)"", ""normalize"": false, ""position_weight"": 0.5}",tune,False,26,0.58782,0.58782,0.61943,0.5,0.73077,0.88462,77.67303
itunes_amazon,"v7 n=(2, 3) idf=0.0 dim=2.0 norm=False/dice pw=1.0",v7,"{""denominator"": ""dice"", ""dim"": 2.0, ""idf"": 0.0, ""n"": ""(2, 3)"", ""normalize"": false, ""position_weight"": 1.0}",tune,False,26,0.59088,0.59088,0.62179,0.5,0.73077,0.88462,80.74066
itunes_amazon,"v7 n=(2, 3) idf=0.0 dim=2.0 norm=True/dice pw=0.0",v7,"{""denominator"": ""dice"", ""dim"": 2.0, ""idf"": 0.0, ""n"": ""(2, 3)"", ""normalize"": true, ""position_weight"": 0.0}",tune,False,26,0.83646,0.83646,0.84615,0.80769,0.88462,1.0,74.80615
itunes_amazon,"v7 n=(2, 3) idf=0.0 dim=2.0 norm=True/dice pw=0.5",v7,"{""denominator"": ""dice"", ""dim"": 2.0, ""idf"": 0.0, ""n"": ""(2, 3)"", ""normalize"": true, ""position_weight"": 0.5}",tune,False,26,0.84287,0.84287,0.85119,0.80769,0.88462,1.0,80.74364
itunes_amazon,"v7 n=(2, 3) idf=0.0 dim=2.0 norm=True/dice pw=1.0",v7,"{""denominator"": ""dice"", ""dim"": 2.0, ""idf"": 0.0, ""n"": ""(2, 3)"", ""normalize"": true, ""position_weight"": 1.0}",tune,False,26,0.84286,0.84286,0.85119,0.80769,0.88462,1.0,76.60162
itunes_amazon,"v7 n=(2, 3) idf=0.0 dim=2.0 norm=True/geo pw=0.0",v7,"{""denominator"": ""geo"", ""dim"": 2.0, ""idf"": 0.0, ""n"": ""(2, 3)"", ""normalize"": true, ""position_weight"": 0.0}",tune,False,26,0.84327,0.84327,0.85119,0.80769,0.88462,1.0,78.04961
itunes_amazon,"v7 n=(2, 3) idf=0.0 dim=2.0 norm=True/geo pw=0.5",v7,"{""denominator"": ""geo"", ""dim"": 2.0, ""idf"": 0.0, ""n"": ""(2, 3)"", ""normalize"": true, ""position_weight"": 0.5}",tune,False,26,0.86246,0.86246,0.86538,0.84615,0.88462,1.0,80.6179
itunes_amazon,"v7 n=(2, 3) idf=0.0 dim=2.0 norm=True/geo pw=1.0",v7,"{""denominator"": ""geo"", ""dim"": 2.0, ""idf"": 0.0, ""n"": ""(2, 3)"", ""normalize"": true, ""position_weight"": 1.0}",tune,False,26,0.86231,0.86231,0.86538,0.84615,0.88462,1.0,78.77365
itunes_amazon,"v7 n=(2, 3) idf=1.0 dim=1.0 norm=False/dice pw=0.0",v7,"{""denominator"": ""dice"", ""dim"": 1.0, ""idf"": 1.0, ""n"": ""(2, 3)"", ""normalize"": false, ""position_weight"": 0.0}",tune,False,26,0.80536,0.80536,0.8228,0.73077,0.88462,1.0,79.32723
itunes_amazon,"v7 n=(2, 3) idf=1.0 dim=1.0 norm=False/dice pw=0.5",v7,"{""denominator"": ""dice"", ""dim"": 1.0, ""idf"": 1.0, ""n"": ""(2, 3)"", ""normalize"": false, ""position_weight"": 0.5}",tune,False,26,0.82459,0.82459,0.83699,0.76923,0.88462,1.0,79.66268
itunes_amazon,"v7 n=(2, 3) idf=1.0 dim=1.0 norm=False/dice pw=1.0",v7,"{""denominator"": ""dice"", ""dim"": 1.0, ""idf"": 1.0, ""n"": ""(2, 3)"", ""normalize"": false, ""position_weight"": 1.0}",tune,False,26,0.82459,0.82459,0.83699,0.76923,0.88462,1.0,78.79409
itunes_amazon,"v7 n=(2, 3) idf=1.0 dim=1.0 norm=True/dice pw=0.0",v7,"{""denominator"": ""dice"", ""dim"": 1.0, ""idf"": 1.0, ""n"": ""(2, 3)"", ""normalize"": true, ""position_weight"": 0.0}",tune,False,26,0.86427,0.86427,0.86538,0.84615,0.88462,1.0,83.70347
itunes_amazon,"v7 n=(2, 3) idf=1.0 dim=1.0 norm=True/dice pw=0.5",v7,"{""denominator"": ""dice"", ""dim"": 1.0, ""idf"": 1.0, ""n"": ""(2, 3)"", ""normalize"": true, ""position_weight"": 0.5}",tune,False,26,0.86411,0.86411,0.86538,0.84615,0.88462,1.0,89.71646
itunes_amazon,"v7 n=(2, 3) idf=1.0 dim=1.0 norm=True/dice pw=1.0",v7,"{""denominator"": ""dice"", ""dim"": 1.0, ""idf"": 1.0, ""n"": ""(2, 3)"", ""normalize"": true, ""position_weight"": 1.0}",tune,False,26,0.86407,0.86407,0.86538,0.84615,0.88462,1.0,87.50146
itunes_amazon,"v7 n=(2, 3) idf=1.0 dim=1.0 norm=True/geo pw=0.0",v7,"{""denominator"": ""geo"", ""dim"": 1.0, ""idf"": 1.0, ""n"": ""(2, 3)"", ""normalize"": true, ""position_weight"": 0.0}",tune,False,26,0.87447,0.87447,0.9028,0.84615,1.0,1.0,88.70708
itunes_amazon,"v7 n=(2, 3) idf=1.0 dim=1.0 norm=True/geo pw=0.5",v7,"{""denominator"": ""geo"", ""dim"": 1.0, ""idf"": 1.0, ""n"": ""(2, 3)"", ""normalize"": true, ""position_weight"": 0.5}",tune,False,26,0.87286,0.87286,0.89066,0.84615,0.96154,1.0,87.48982
itunes_amazon,"v7 n=(2, 3) idf=1.0 dim=1.0 norm=True/geo pw=1.0",v7,"{""denominator"": ""geo"", ""dim"": 1.0, ""idf"": 1.0, ""n"": ""(2, 3)"", ""normalize"": true, ""position_weight"": 1.0}",tune,False,26,0.87115,0.87115,0.88978,0.84615,0.96154,1.0,87.41097
itunes_amazon,"v7 n=(2, 3) idf=1.0 dim=2.0 norm=False/dice pw=0.0",v7,"{""denominator"": ""dice"", ""dim"": 2.0, ""idf"": 1.0, ""n"": ""(2, 3)"", ""normalize"": false, ""position_weight"": 0.0}",tune,False,26,0.80536,0.80536,0.8228,0.73077,0.88462,1.0,88.72537
itunes_amazon,"v7 n=(2, 3) idf=1.0 dim=2.0 norm=False/dice pw=0.5",v7,"{""denominator"": ""dice"", ""dim"": 2.0, ""idf"": 1.0, ""n"": ""(2, 3)"", ""normalize"": false, ""position_weight"": 0.5}",tune,False,26,0.82459,0.82459,0.83699,0.76923,0.88462,1.0,84.00929
itunes_amazon,"v7 n=(2, 3) idf=1.0 dim=2.0 norm=False/dice pw=1.0",v7,"{""denominator"": ""dice"", ""dim"": 2.0, ""idf"": 1.0, ""n"": ""(2, 3)"", ""normalize"": false, ""position_weight"": 1.0}",tune,False,26,0.82459,0.82459,0.83699,0.76923,0.88462,1.0,87.89488
itunes_amazon,"v7 n=(2, 3) idf=1.0 dim=2.0 norm=True/dice pw=0.0",v7,"{""denominator"": ""dice"", ""dim"": 2.0, ""idf"": 1.0, ""n"": ""(2, 3)"", ""normalize"": true, ""position_weight"": 0.0}",tune,False,26,0.86427,0.86427,0.86538,0.84615,0.88462,1.0,85.42603
itunes_amazon,"v7 n=(2, 3) idf=1.0 dim=2.0 norm=True/dice pw=0.5",v7,"{""denominator"": ""dice"", ""dim"": 2.0, ""idf"": 1.0, ""n"": ""(2, 3)"", ""normalize"": true, ""position_weight"": 0.5}",tune,False,26,0.86411,0.86411,0.86538,0.84615,0.88462,1.0,86.97922
itunes_amazon,"v7 n=(2, 3) idf=1.0 dim=2.0 norm=True/dice pw=1.0",v7,"{""denominator"": ""dice"", ""dim"": 2.0, ""idf"": 1.0, ""n"": ""(2, 3)"", ""normalize"": true, ""position_weight"": 1.0}",tune,False,26,0.86407,0.86407,0.86538,0.84615,0.88462,1.0,85.68497
itunes_amazon,"v7 n=(2, 3) idf=1.0 dim=2.0 norm=True/geo pw=0.0",v7,"{""denominator"": ""geo"", ""dim"": 2.0, ""idf"": 1.0, ""n"": ""(2, 3)"", ""normalize"": true, ""position_weight"": 0.0}",tune,False,26,0.87404,0.87404,0.90234,0.84615,1.0,1.0,89.49976
itunes_amazon,"v7 n=(2, 3) idf=1.0 dim=2.0 norm=True/geo pw=0.5",v7,"{""denominator"": ""geo"", ""dim"": 2.0, ""idf"": 1.0, ""n"": ""(2, 3)"", ""normalize"": true, ""position_weight"": 0.5}",tune,False,26,0.87244,0.87244,0.8902,0.84615,0.96154,1.0,87.60961
itunes_amazon,"v7 n=(2, 3) idf=1.0 dim=2.0 norm=True/geo pw=1.0",v7,"{""denominator"": ""geo"", ""dim"": 2.0, ""idf"": 1.0, ""n"": ""(2, 3)"", ""normalize"": true, ""position_weight"": 1.0}",tune,False,26,0.87206,0.87206,0.89066,0.84615,0.96154,1.0,83.48281
itunes_amazon,"v7 n=(2, 3) idf=2.0 dim=1.0 norm=False/dice pw=0.0",v7,"{""denominator"": ""dice"", ""dim"": 1.0, ""idf"": 2.0, ""n"": ""(2, 3)"", ""normalize"": false, ""position_weight"": 0.0}",tune,False,26,0.87283,0.87283,0.89469,0.80769,0.96154,1.0,82.4497
itunes_amazon,"v7 n=(2, 3) idf=2.0 dim=1.0 norm=False/dice pw=0.5",v7,"{""denominator"": ""dice"", ""dim"": 1.0, ""idf"": 2.0, ""n"": ""(2, 3)"", ""normalize"": false, ""position_weight"": 0.5}",tune,False,26,0.87283,0.87283,0.89469,0.80769,0.96154,1.0,87.58841
itunes_amazon,"v7 n=(2, 3) idf=2.0 dim=1.0 norm=False/dice pw=1.0",v7,"{""denominator"": ""dice"", ""dim"": 1.0, ""idf"": 2.0, ""n"": ""(2, 3)"", ""normalize"": false, ""position_weight"": 1.0}",tune,False,26,0.87283,0.87283,0.89469,0.80769,0.96154,1.0,84.52487
itunes_amazon,"v7 n=(2, 3) idf=2.0 dim=1.0 norm=True/dice pw=0.0",v7,"{""denominator"": ""dice"", ""dim"": 1.0, ""idf"": 2.0, ""n"": ""(2, 3)"", ""normalize"": true, ""position_weight"": 0.0}",tune,False,26,0.92949,0.92949,0.94734,0.88462,1.0,1.0,87.29368
itunes_amazon,"v7 n=(2, 3) idf=2.0 dim=1.0 norm=True/dice pw=0.5",v7,"{""denominator"": ""dice"", ""dim"": 1.0, ""idf"": 2.0, ""n"": ""(2, 3)"", ""normalize"": true, ""position_weight"": 0.5}",tune,False,26,0.92949,0.92949,0.94734,0.88462,1.0,1.0,88.35532
itunes_amazon,"v7 n=(2, 3) idf=2.0 dim=1.0 norm=True/dice pw=1.0",v7,"{""denominator"": ""dice"", ""dim"": 1.0, ""idf"": 2.0, ""n"": ""(2, 3)"", ""normalize"": true, ""position_weight"": 1.0}",tune,False,26,0.92949,0.92949,0.94734,0.88462,1.0,1.0,87.82579
itunes_amazon,"v7 n=(2, 3) idf=2.0 dim=1.0 norm=True/geo pw=0.0",v7,"{""denominator"": ""geo"", ""dim"": 1.0, ""idf"": 2.0, ""n"": ""(2, 3)"", ""normalize"": true, ""position_weight"": 0.0}",tune,False,26,0.95513,0.95513,0.96657,0.92308,1.0,1.0,89.3325
itunes_amazon,"v7 n=(2, 3) idf=2.0 dim=1.0 norm=True/geo pw=0.5",v7,"{""denominator"": ""geo"", ""dim"": 1.0, ""idf"": 2.0, ""n"": ""(2, 3)"", ""normalize"": true, ""position_weight"": 0.5}",tune,False,26,0.95513,0.95513,0.96657,0.92308,1.0,1.0,87.0024
itunes_amazon,"v7 n=(2, 3) idf=2.0 dim=1.0 norm=True/geo pw=1.0",v7,"{""denominator"": ""geo"", ""dim"": 1.0, ""idf"": 2.0, ""n"": ""(2, 3)"", ""normalize"": true, ""position_weight"": 1.0}",tune,False,26,0.9359,0.9359,0.95238,0.88462,1.0,1.0,85.93437
itunes_amazon,"v7 n=(2, 3) idf=2.0 dim=2.0 norm=False/dice pw=0.0",v7,"{""denominator"": ""dice"", ""dim"": 2.0, ""idf"": 2.0, ""n"": ""(2, 3)"", ""normalize"": false, ""position_weight"": 0.0}",tune,False,26,0.87283,0.87283,0.89469,0.80769,0.96154,1.0,87.38597
itunes_amazon,"v7 n=(2, 3) idf=2.0 dim=2.0 norm=False/dice pw=0.5",v7,"{""denominator"": ""dice"", ""dim"": 2.0, ""idf"": 2.0, ""n"": ""(2, 3)"", ""normalize"": false, ""position_weight"": 0.5}",tune,False,26,0.87281,0.87281,0.89469,0.80769,0.96154,1.0,86.28076
itunes_amazon,"v7 n=(2, 3) idf=2.0 dim=2.0 norm=False/dice pw=1.0",v7,"{""denominator"": ""dice"", ""dim"": 2.0, ""idf"": 2.0, ""n"": ""(2, 3)"", ""normalize"": false, ""position_weight"": 1.0}",tune,False,26,0.87281,0.87281,0.89469,0.80769,0.96154,1.0,85.29382
itunes_amazon,"v7 n=(2, 3) idf=2.0 dim=2.0 norm=True/dice pw=0.0",v7,"{""denominator"": ""dice"", ""dim"": 2.0, ""idf"": 2.0, ""n"": ""(2, 3)"", ""normalize"": true, ""position_weight"": 0.0}",tune,False,26,0.92949,0.92949,0.94734,0.88462,1.0,1.0,83.38785
itunes_amazon,"v7 n=(2, 3) idf=2.0 dim=2.0 norm=True/dice pw=0.5",v7,"{""denominator"": ""dice"", ""dim"": 2.0, ""idf"": 2.0, ""n"": ""(2, 3)"", ""normalize"": true, ""position_weight"": 0.5}",tune,False,26,0.92949,0.92949,0.94734,0.88462,1.0,1.0,87.5488
itunes_amazon,"v7 n=(2, 3) idf=2.0 dim=2.0 norm=True/dice pw=1.0",v7,"{""denominator"": ""dice"", ""dim"": 2.0, ""idf"": 2.0, ""n"": ""(2, 3)"", ""normalize"": true, ""position_weight"": 1.0}",tune,False,26,0.92628,0.92628,0.94468,0.88462,1.0,1.0,86.98767
itunes_amazon,"v7 n=(2, 3) idf=2.0 dim=2.0 norm=True/geo pw=0.0",v7,"{""denominator"": ""geo"", ""dim"": 2.0, ""idf"": 2.0, ""n"": ""(2, 3)"", ""normalize"": true, ""position_weight"": 0.0}",tune,False,26,0.95513,0.95513,0.96657,0.92308,1.0,1.0,85.56716
itunes_amazon,"v7 n=(2, 3) idf=2.0 dim=2.0 norm=True/geo pw=0.5",v7,"{""denominator"": ""geo"", ""dim"": 2.0, ""idf"": 2.0, ""n"": ""(2, 3)"", ""normalize"": true, ""position_weight"": 0.5}",tune,False,26,0.95513,0.95513,0.96657,0.92308,1.0,1.0,84.13651
itunes_amazon,"v7 n=(2, 3) idf=2.0 dim=2.0 norm=True/geo pw=1.0",v7,"{""denominator"": ""geo"", ""dim"": 2.0, ""idf"": 2.0, ""n"": ""(2, 3)"", ""normalize"": true, ""position_weight"": 1.0}",tune,False,26,0.9359,0.9359,0.95238,0.88462,1.0,1.0,87.47862
itunes_amazon,"v7 n=(2, 3) idf=3.0 dim=1.0 norm=False/dice pw=0.0",v7,"{""denominator"": ""dice"", ""dim"": 1.0, ""idf"": 3.0, ""n"": ""(2, 3)"", ""normalize"": false, ""position_weight"": 0.0}",tune,False,26,0.88782,0.88782,0.91629,0.80769,1.0,1.0,85.70097
itunes_amazon,"v7 n=(2, 3) idf=3.0 dim=1.0 norm=False/dice pw=0.5",v7,"{""denominator"": ""dice"", ""dim"": 1.0, ""idf"": 3.0, ""n"": ""(2, 3)"", ""normalize"": false, ""position_weight"": 0.5}",tune,False,26,0.88782,0.88782,0.91629,0.80769,1.0,1.0,88.97233
itunes_amazon,"v7 n=(2, 3) idf=3.0 dim=1.0 norm=False/dice pw=1.0",v7,"{""denominator"": ""dice"", ""dim"": 1.0, ""idf"": 3.0, ""n"": ""(2, 3)"", ""normalize"": false, ""position_weight"": 1.0}",tune,False,26,0.88782,0.88782,0.91629,0.80769,1.0,1.0,87.54717
itunes_amazon,"v7 n=(2, 3) idf=3.0 dim=1.0 norm=True/dice pw=0.0",v7,"{""denominator"": ""dice"", ""dim"": 1.0, ""idf"": 3.0, ""n"": ""(2, 3)"", ""normalize"": true, ""position_weight"": 0.0}",tune,False,26,0.95513,0.95513,0.96657,0.92308,1.0,1.0,88.48362
itunes_amazon,"v7 n=(2, 3) idf=3.0 dim=1.0 norm=True/dice pw=0.5",v7,"{""denominator"": ""dice"", ""dim"": 1.0, ""idf"": 3.0, ""n"": ""(2, 3)"", ""normalize"": true, ""position_weight"": 0.5}",tune,False,26,0.9359,0.9359,0.95238,0.88462,1.0,1.0,86.44881
itunes_amazon,"v7 n=(2, 3) idf=3.0 dim=1.0 norm=True/dice pw=1.0",v7,"{""denominator"": ""dice"", ""dim"": 1.0, ""idf"": 3.0, ""n"": ""(2, 3)"", ""normalize"": true, ""position_weight"": 1.0}",tune,False,26,0.9359,0.9359,0.95238,0.88462,1.0,1.0,76.57958
itunes_amazon,"v7 n=(2, 3) idf=3.0 dim=1.0 norm=True/geo pw=0.0",v7,"{""denominator"": ""geo"", ""dim"": 1.0, ""idf"": 3.0, ""n"": ""(2, 3)"", ""normalize"": true, ""position_weight"": 0.0}",tune,False,26,0.95513,0.95513,0.96657,0.92308,1.0,1.0,82.55833
itunes_amazon,"v7 n=(2, 3) idf=3.0 dim=1.0 norm=True/geo pw=0.5",v7,"{""denominator"": ""geo"", ""dim"": 1.0, ""idf"": 3.0, ""n"": ""(2, 3)"", ""normalize"": true, ""position_weight"": 0.5}",tune,False,26,0.95513,0.95513,0.96657,0.92308,1.0,1.0,86.6615
itunes_amazon,"v7 n=(2, 3) idf=3.0 dim=1.0 norm=True/geo pw=1.0",v7,"{""denominator"": ""geo"", ""dim"": 1.0, ""idf"": 3.0, ""n"": ""(2, 3)"", ""normalize"": true, ""position_weight"": 1.0}",tune,False,26,0.9359,0.9359,0.95238,0.88462,1.0,1.0,91.7767
itunes_amazon,"v7 n=(2, 3) idf=3.0 dim=2.0 norm=False/dice pw=0.0",v7,"{""denominator"": ""dice"", ""dim"": 2.0, ""idf"": 3.0, ""n"": ""(2, 3)"", ""normalize"": false, ""position_weight"": 0.0}",tune,False,26,0.88782,0.88782,0.91629,0.80769,1.0,1.0,90.85831
itunes_amazon,"v7 n=(2, 3) idf=3.0 dim=2.0 norm=False/dice pw=0.5",v7,"{""denominator"": ""dice"", ""dim"": 2.0, ""idf"": 3.0, ""n"": ""(2, 3)"", ""normalize"": false, ""position_weight"": 0.5}",tune,False,26,0.88782,0.88782,0.91629,0.80769,1.0,1.0,87.22588
itunes_amazon,"v7 n=(2, 3) idf=3.0 dim=2.0 norm=False/dice pw=1.0",v7,"{""denominator"": ""dice"", ""dim"": 2.0, ""idf"": 3.0, ""n"": ""(2, 3)"", ""normalize"": false, ""position_weight"": 1.0}",tune,False,26,0.88782,0.88782,0.91629,0.80769,1.0,1.0,88.3667
itunes_amazon,"v7 n=(2, 3) idf=3.0 dim=2.0 norm=True/dice pw=0.0",v7,"{""denominator"": ""dice"", ""dim"": 2.0, ""idf"": 3.0, ""n"": ""(2, 3)"", ""normalize"": true, ""position_weight"": 0.0}",tune,False,26,0.95513,0.95513,0.96657,0.92308,1.0,1.0,84.66785
itunes_amazon,"v7 n=(2, 3) idf=3.0 dim=2.0 norm=True/dice pw=0.5",v7,"{""denominator"": ""dice"", ""dim"": 2.0, ""idf"": 3.0, ""n"": ""(2, 3)"", ""normalize"": true, ""position_weight"": 0.5}",tune,False,26,0.9359,0.9359,0.95238,0.88462,1.0,1.0,82.03077
itunes_amazon,"v7 n=(2, 3) idf=3.0 dim=2.0 norm=True/dice pw=1.0",v7,"{""denominator"": ""dice"", ""dim"": 2.0, ""idf"": 3.0, ""n"": ""(2, 3)"", ""normalize"": true, ""position_weight"": 1.0}",tune,False,26,0.9359,0.9359,0.95238,0.88462,1.0,1.0,85.47691
itunes_amazon,"v7 n=(2, 3) idf=3.0 dim=2.0 norm=True/geo pw=0.0",v7,"{""denominator"": ""geo"", ""dim"": 2.0, ""idf"": 3.0, ""n"": ""(2, 3)"", ""normalize"": true, ""position_weight"": 0.0}",tune,False,26,0.95513,0.95513,0.96657,0.92308,1.0,1.0,85.38939
itunes_amazon,"v7 n=(2, 3) idf=3.0 dim=2.0 norm=True/geo pw=0.5",v7,"{""denominator"": ""geo"", ""dim"": 2.0, ""idf"": 3.0, ""n"": ""(2, 3)"", ""normalize"": true, ""position_weight"": 0.5}",tune,False,26,0.95513,0.95513,0.96657,0.92308,1.0,1.0,89.55872
itunes_amazon,"v7 n=(2, 3) idf=3.0 dim=2.0 norm=True/geo pw=1.0",v7,"{""denominator"": ""geo"", ""dim"": 2.0, ""idf"": 3.0, ""n"": ""(2, 3)"", ""normalize"": true, ""position_weight"": 1.0}",tune,False,26,0.9359,0.9359,0.95238,0.88462,1.0,1.0,85.62037
itunes_amazon,"v7 n=(2, 4) idf=0.0 dim=1.0 norm=False/dice pw=0.0",v7,"{""denominator"": ""dice"", ""dim"": 1.0, ""idf"": 0.0, ""n"": ""(2, 4)"", ""normalize"": false, ""position_weight"": 0.0}",tune,False,26,0.63802,0.63802,0.65476,0.53846,0.73077,0.92308,75.73792
itunes_amazon,"v7 n=(2, 4) idf=0.0 dim=1.0 norm=False/dice pw=0.5",v7,"{""denominator"": ""dice"", ""dim"": 1.0, ""idf"": 0.0, ""n"": ""(2, 4)"", ""normalize"": false, ""position_weight"": 0.5}",tune,False,26,0.65937,0.65937,0.68177,0.57692,0.76923,0.92308,74.5811
itunes_amazon,"v7 n=(2, 4) idf=0.0 dim=1.0 norm=False/dice pw=1.0",v7,"{""denominator"": ""dice"", ""dim"": 1.0, ""idf"": 0.0, ""n"": ""(2, 4)"", ""normalize"": false, ""position_weight"": 1.0}",tune,False,26,0.66155,0.66155,0.68383,0.57692,0.76923,0.92308,73.18405
itunes_amazon,"v7 n=(2, 4) idf=0.0 dim=1.0 norm=True/dice pw=0.0",v7,"{""denominator"": ""dice"", ""dim"": 1.0, ""idf"": 0.0, ""n"": ""(2, 4)"", ""normalize"": true, ""position_weight"": 0.0}",tune,False,26,0.84301,0.84301,0.85119,0.80769,0.88462,1.0,66.04028
itunes_amazon,"v7 n=(2, 4) idf=0.0 dim=1.0 norm=True/dice pw=0.5",v7,"{""denominator"": ""dice"", ""dim"": 1.0, ""idf"": 0.0, ""n"": ""(2, 4)"", ""normalize"": true, ""position_weight"": 0.5}",tune,False,26,0.86225,0.86225,0.86538,0.84615,0.88462,1.0,74.34502
itunes_amazon,"v7 n=(2, 4) idf=0.0 dim=1.0 norm=True/dice pw=1.0",v7,"{""denominator"": ""dice"", ""dim"": 1.0, ""idf"": 0.0, ""n"": ""(2, 4)"", ""normalize"": true, ""position_weight"": 1.0}",tune,False,26,0.86222,0.86222,0.86538,0.84615,0.88462,1.0,68.15902
itunes_amazon,"v7 n=(2, 4) idf=0.0 dim=1.0 norm=True/geo pw=0.0",v7,"{""denominator"": ""geo"", ""dim"": 1.0, ""idf"": 0.0, ""n"": ""(2, 4)"", ""normalize"": true, ""position_weight"": 0.0}",tune,False,26,0.84366,0.84366,0.85119,0.80769,0.88462,1.0,68.15865
itunes_amazon,"v7 n=(2, 4) idf=0.0 dim=1.0 norm=True/geo pw=0.5",v7,"{""denominator"": ""geo"", ""dim"": 1.0, ""idf"": 0.0, ""n"": ""(2, 4)"", ""normalize"": true, ""position_weight"": 0.5}",tune,False,26,0.84355,0.84355,0.85119,0.80769,0.88462,1.0,69.19303
itunes_amazon,"v7 n=(2, 4) idf=0.0 dim=1.0 norm=True/geo pw=1.0",v7,"{""denominator"": ""geo"", ""dim"": 1.0, ""idf"": 0.0, ""n"": ""(2, 4)"", ""normalize"": true, ""position_weight"": 1.0}",tune,False,26,0.86262,0.86262,0.86538,0.84615,0.88462,1.0,66.29999
itunes_amazon,"v7 n=(2, 4) idf=0.0 dim=2.0 norm=False/dice pw=0.0",v7,"{""denominator"": ""dice"", ""dim"": 2.0, ""idf"": 0.0, ""n"": ""(2, 4)"", ""normalize"": false, ""position_weight"": 0.0}",tune,False,26,0.60933,0.60933,0.63553,0.5,0.73077,0.88462,74.80462
itunes_amazon,"v7 n=(2, 4) idf=0.0 dim=2.0 norm=False/dice pw=0.5",v7,"{""denominator"": ""dice"", ""dim"": 2.0, ""idf"": 0.0, ""n"": ""(2, 4)"", ""normalize"": false, ""position_weight"": 0.5}",tune,False,26,0.61587,0.61587,0.64056,0.5,0.73077,0.88462,70.87492
itunes_amazon,"v7 n=(2, 4) idf=0.0 dim=2.0 norm=False/dice pw=1.0",v7,"{""denominator"": ""dice"", ""dim"": 2.0, ""idf"": 0.0, ""n"": ""(2, 4)"", ""normalize"": false, ""position_weight"": 1.0}",tune,False,26,0.63496,0.63496,0.65476,0.53846,0.73077,0.88462,68.45873
itunes_amazon,"v7 n=(2, 4) idf=0.0 dim=2.0 norm=True/dice pw=0.0",v7,"{""denominator"": ""dice"", ""dim"": 2.0, ""idf"": 0.0, ""n"": ""(2, 4)"", ""normalize"": true, ""position_weight"": 0.0}",tune,False,26,0.84298,0.84298,0.85119,0.80769,0.88462,1.0,70.33476
itunes_amazon,"v7 n=(2, 4) idf=0.0 dim=2.0 norm=True/dice pw=0.5",v7,"{""denominator"": ""dice"", ""dim"": 2.0, ""idf"": 0.0, ""n"": ""(2, 4)"", ""normalize"": true, ""position_weight"": 0.5}",tune,False,26,0.86212,0.86212,0.86538,0.84615,0.88462,1.0,66.89527
itunes_amazon,"v7 n=(2, 4) idf=0.0 dim=2.0 norm=True/dice pw=1.0",v7,"{""denominator"": ""dice"", ""dim"": 2.0, ""idf"": 0.0, ""n"": ""(2, 4)"", ""normalize"": true, ""position_weight"": 1.0}",tune,False,26,0.86215,0.86215,0.86538,0.84615,0.88462,1.0,64.84702
itunes_amazon,"v7 n=(2, 4) idf=0.0 dim=2.0 norm=True/geo pw=0.0",v7,"{""denominator"": ""geo"", ""dim"": 2.0, ""idf"": 0.0, ""n"": ""(2, 4)"", ""normalize"": true, ""position_weight"": 0.0}",tune,False,26,0.84346,0.84346,0.85119,0.80769,0.88462,1.0,69.49928
itunes_amazon,"v7 n=(2, 4) idf=0.0 dim=2.0 norm=True/geo pw=0.5",v7,"{""denominator"": ""geo"", ""dim"": 2.0, ""idf"": 0.0, ""n"": ""(2, 4)"", ""normalize"": true, ""position_weight"": 0.5}",tune,False,26,0.8626,0.8626,0.86538,0.84615,0.88462,1.0,65.54062
itunes_amazon,"v7 n=(2, 4) idf=0.0 dim=2.0 norm=True/geo pw=1.0",v7,"{""denominator"": ""geo"", ""dim"": 2.0, ""idf"": 0.0, ""n"": ""(2, 4)"", ""normalize"": true, ""position_weight"": 1.0}",tune,False,26,0.86252,0.86252,0.86538,0.84615,0.88462,1.0,65.81792
itunes_amazon,"v7 n=(2, 4) idf=1.0 dim=1.0 norm=False/dice pw=0.0",v7,"{""denominator"": ""dice"", ""dim"": 1.0, ""idf"": 1.0, ""n"": ""(2, 4)"", ""normalize"": false, ""position_weight"": 0.0}",tune,False,26,0.82459,0.82459,0.83699,0.76923,0.88462,1.0,72.70455
itunes_amazon,"v7 n=(2, 4) idf=1.0 dim=1.0 norm=False/dice pw=0.5",v7,"{""denominator"": ""dice"", ""dim"": 1.0, ""idf"": 1.0, ""n"": ""(2, 4)"", ""normalize"": false, ""position_weight"": 0.5}",tune,False,26,0.82459,0.82459,0.83699,0.76923,0.88462,1.0,71.7366
itunes_amazon,"v7 n=(2, 4) idf=1.0 dim=1.0 norm=False/dice pw=1.0",v7,"{""denominator"": ""dice"", ""dim"": 1.0, ""idf"": 1.0, ""n"": ""(2, 4)"", ""normalize"": false, ""position_weight"": 1.0}",tune,False,26,0.82459,0.82459,0.83699,0.76923,0.88462,1.0,73.59795
itunes_amazon,"v7 n=(2, 4) idf=1.0 dim=1.0 norm=True/dice pw=0.0",v7,"{""denominator"": ""dice"", ""dim"": 1.0, ""idf"": 1.0, ""n"": ""(2, 4)"", ""normalize"": true, ""position_weight"": 0.0}",tune,False,26,0.86544,0.86544,0.86538,0.84615,0.88462,1.0,69.94408
itunes_amazon,"v7 n=(2, 4) idf=1.0 dim=1.0 norm=True/dice pw=0.5",v7,"{""denominator"": ""dice"", ""dim"": 1.0, ""idf"": 1.0, ""n"": ""(2, 4)"", ""normalize"": true, ""position_weight"": 0.5}",tune,False,26,0.8648,0.8648,0.86538,0.84615,0.88462,1.0,66.2493
itunes_amazon,"v7 n=(2, 4) idf=1.0 dim=1.0 norm=True/dice pw=1.0",v7,"{""denominator"": ""dice"", ""dim"": 1.0, ""idf"": 1.0, ""n"": ""(2, 4)"", ""normalize"": true, ""position_weight"": 1.0}",tune,False,26,0.86449,0.86449,0.86538,0.84615,0.88462,1.0,72.86629
itunes_amazon,"v7 n=(2, 4) idf=1.0 dim=1.0 norm=True/geo pw=0.0",v7,"{""denominator"": ""geo"", ""dim"": 1.0, ""idf"": 1.0, ""n"": ""(2, 4)"", ""normalize"": true, ""position_weight"": 0.0}",tune,False,26,0.87766,0.87766,0.9059,0.84615,1.0,1.0,73.51741
itunes_amazon,"v7 n=(2, 4) idf=1.0 dim=1.0 norm=True/geo pw=0.5",v7,"{""denominator"": ""geo"", ""dim"": 1.0, ""idf"": 1.0, ""n"": ""(2, 4)"", ""normalize"": true, ""position_weight"": 0.5}",tune,False,26,0.87607,0.87607,0.90436,0.84615,1.0,1.0,70.02276
itunes_amazon,"v7 n=(2, 4) idf=1.0 dim=1.0 norm=True/geo pw=1.0",v7,"{""denominator"": ""geo"", ""dim"": 1.0, ""idf"": 1.0, ""n"": ""(2, 4)"", ""normalize"": true, ""position_weight"": 1.0}",tune,False,26,0.87657,0.87657,0.89396,0.84615,0.96154,1.0,69.94649
itunes_amazon,"v7 n=(2, 4) idf=1.0 dim=2.0 norm=False/dice pw=0.0",v7,"{""denominator"": ""dice"", ""dim"": 2.0, ""idf"": 1.0, ""n"": ""(2, 4)"", ""normalize"": false, ""position_weight"": 0.0}",tune,False,26,0.82503,0.82503,0.83699,0.76923,0.88462,1.0,72.74557
itunes_amazon,"v7 n=(2, 4) idf=1.0 dim=2.0 norm=False/dice pw=0.5",v7,"{""denominator"": ""dice"", ""dim"": 2.0, ""idf"": 1.0, ""n"": ""(2, 4)"", ""normalize"": false, ""position_weight"": 0.5}",tune,False,26,0.82468,0.82468,0.83699,0.76923,0.88462,1.0,67.96945
itunes_amazon,"v7 n=(2, 4) idf=1.0 dim=2.0 norm=False/dice pw=1.0",v7,"{""denominator"": ""dice"", ""dim"": 2.0, ""idf"": 1.0, ""n"": ""(2, 4)"", ""normalize"": false, ""position_weight"": 1.0}",tune,False,26,0.82459,0.82459,0.83699,0.76923,0.88462,1.0,71.64074
itunes_amazon,"v7 n=(2, 4) idf=1.0 dim=2.0 norm=True/dice pw=0.0",v7,"{""denominator"": ""dice"", ""dim"": 2.0, ""idf"": 1.0, ""n"": ""(2, 4)"", ""normalize"": true, ""position_weight"": 0.0}",tune,False,26,0.8654,0.8654,0.86538,0.84615,0.88462,1.0,70.17971
itunes_amazon,"v7 n=(2, 4) idf=1.0 dim=2.0 norm=True/dice pw=0.5",v7,"{""denominator"": ""dice"", ""dim"": 2.0, ""idf"": 1.0, ""n"": ""(2, 4)"", ""normalize"": true, ""position_weight"": 0.5}",tune,False,26,0.8648,0.8648,0.86538,0.84615,0.88462,1.0,70.48711
itunes_amazon,"v7 n=(2, 4) idf=1.0 dim=2.0 norm=True/dice pw=1.0",v7,"{""denominator"": ""dice"", ""dim"": 2.0, ""idf"": 1.0, ""n"": ""(2, 4)"", ""normalize"": true, ""position_weight"": 1.0}",tune,False,26,0.86446,0.86446,0.86538,0.84615,0.88462,1.0,68.11567
itunes_amazon,"v7 n=(2, 4) idf=1.0 dim=2.0 norm=True/geo pw=0.0",v7,"{""denominator"": ""geo"", ""dim"": 2.0, ""idf"": 1.0, ""n"": ""(2, 4)"", ""normalize"": true, ""position_weight"": 0.0}",tune,False,26,0.87697,0.87697,0.90522,0.84615,1.0,1.0,69.69962
itunes_amazon,"v7 n=(2, 4) idf=1.0 dim=2.0 norm=True/geo pw=0.5",v7,"{""denominator"": ""geo"", ""dim"": 2.0, ""idf"": 1.0, ""n"": ""(2, 4)"", ""normalize"": true, ""position_weight"": 0.5}",tune,False,26,0.87575,0.87575,0.90397,0.84615,1.0,1.0,66.21358
itunes_amazon,"v7 n=(2, 4) idf=1.0 dim=2.0 norm=True/geo pw=1.0",v7,"{""denominator"": ""geo"", ""dim"": 2.0, ""idf"": 1.0, ""n"": ""(2, 4)"", ""normalize"": true, ""position_weight"": 1.0}",tune,False,26,0.875,0.875,0.89279,0.84615,0.96154,1.0,66.14172
itunes_amazon,"v7 n=(2, 4) idf=2.0 dim=1.0 norm=False/dice pw=0.0",v7,"{""denominator"": ""dice"", ""dim"": 1.0, ""idf"": 2.0, ""n"": ""(2, 4)"", ""normalize"": false, ""position_weight"": 0.0}",tune,False,26,0.87283,0.87283,0.89469,0.80769,0.96154,1.0,71.42756
itunes_amazon,"v7 n=(2, 4) idf=2.0 dim=1.0 norm=False/dice pw=0.5",v7,"{""denominator"": ""dice"", ""dim"": 1.0, ""idf"": 2.0, ""n"": ""(2, 4)"", ""normalize"": false, ""position_weight"": 0.5}",tune,False,26,0.87283,0.87283,0.89469,0.80769,0.96154,1.0,66.31361
itunes_amazon,"v7 n=(2, 4) idf=2.0 dim=1.0 norm=False/dice pw=1.0",v7,"{""denominator"": ""dice"", ""dim"": 1.0, ""idf"": 2.0, ""n"": ""(2, 4)"", ""normalize"": false, ""position_weight"": 1.0}",tune,False,26,0.87283,0.87283,0.89469,0.80769,0.96154,1.0,69.2136
itunes_amazon,"v7 n=(2, 4) idf=2.0 dim=1.0 norm=True/dice pw=0.0",v7,"{""denominator"": ""dice"", ""dim"": 1.0, ""idf"": 2.0, ""n"": ""(2, 4)"", ""normalize"": true, ""position_weight"": 0.0}",tune,False,26,0.9359,0.9359,0.95238,0.88462,1.0,1.0,63.20578
itunes_amazon,"v7 n=(2, 4) idf=2.0 dim=1.0 norm=True/dice pw=0.5",v7,"{""denominator"": ""dice"", ""dim"": 1.0, ""idf"": 2.0, ""n"": ""(2, 4)"", ""normalize"": true, ""position_weight"": 0.5}",tune,False,26,0.9359,0.9359,0.95238,0.88462,1.0,1.0,75.49582
itunes_amazon,"v7 n=(2, 4) idf=2.0 dim=1.0 norm=True/dice pw=1.0",v7,"{""denominator"": ""dice"", ""dim"": 1.0, ""idf"": 2.0, ""n"": ""(2, 4)"", ""normalize"": true, ""position_weight"": 1.0}",tune,False,26,0.9359,0.9359,0.95238,0.88462,1.0,1.0,66.24035
itunes_amazon,"v7 n=(2, 4) idf=2.0 dim=1.0 norm=True/geo pw=0.0",v7,"{""denominator"": ""geo"", ""dim"": 1.0, ""idf"": 2.0, ""n"": ""(2, 4)"", ""normalize"": true, ""position_weight"": 0.0}",tune,False,26,0.95513,0.95513,0.96657,0.92308,1.0,1.0,65.31745
itunes_amazon,"v7 n=(2, 4) idf=2.0 dim=1.0 norm=True/geo pw=0.5",v7,"{""denominator"": ""geo"", ""dim"": 1.0, ""idf"": 2.0, ""n"": ""(2, 4)"", ""normalize"": true, ""position_weight"": 0.5}",tune,False,26,0.95513,0.95513,0.96657,0.92308,1.0,1.0,66.69606
itunes_amazon,"v7 n=(2, 4) idf=2.0 dim=1.0 norm=True/geo pw=1.0",v7,"{""denominator"": ""geo"", ""dim"": 1.0, ""idf"": 2.0, ""n"": ""(2, 4)"", ""normalize"": true, ""position_weight"": 1.0}",tune,False,26,0.95513,0.95513,0.96657,0.92308,1.0,1.0,68.43068
itunes_amazon,"v7 n=(2, 4) idf=2.0 dim=2.0 norm=False/dice pw=0.0",v7,"{""denominator"": ""dice"", ""dim"": 2.0, ""idf"": 2.0, ""n"": ""(2, 4)"", ""normalize"": false, ""position_weight"": 0.0}",tune,False,26,0.87283,0.87283,0.89469,0.80769,0.96154,1.0,74.07969
itunes_amazon,"v7 n=(2, 4) idf=2.0 dim=2.0 norm=False/dice pw=0.5",v7,"{""denominator"": ""dice"", ""dim"": 2.0, ""idf"": 2.0, ""n"": ""(2, 4)"", ""normalize"": false, ""position_weight"": 0.5}",tune,False,26,0.87283,0.87283,0.89469,0.80769,0.96154,1.0,66.8395
itunes_amazon,"v7 n=(2, 4) idf=2.0 dim=2.0 norm=False/dice pw=1.0",v7,"{""denominator"": ""dice"", ""dim"": 2.0, ""idf"": 2.0, ""n"": ""(2, 4)"", ""normalize"": false, ""position_weight"": 1.0}",tune,False,26,0.87283,0.87283,0.89469,0.80769,0.96154,1.0,65.93157
itunes_amazon,"v7 n=(2, 4) idf=2.0 dim=2.0 norm=True/dice pw=0.0",v7,"{""denominator"": ""dice"", ""dim"": 2.0, ""idf"": 2.0, ""n"": ""(2, 4)"", ""normalize"": true, ""position_weight"": 0.0}",tune,False,26,0.9359,0.9359,0.95238,0.88462,1.0,1.0,67.58225
itunes_amazon,"v7 n=(2, 4) idf=2.0 dim=2.0 norm=True/dice pw=0.5",v7,"{""denominator"": ""dice"", ""dim"": 2.0, ""idf"": 2.0, ""n"": ""(2, 4)"", ""normalize"": true, ""position_weight"": 0.5}",tune,False,26,0.9359,0.9359,0.95238,0.88462,1.0,1.0,66.3914
itunes_amazon,"v7 n=(2, 4) idf=2.0 dim=2.0 norm=True/dice pw=1.0",v7,"{""denominator"": ""dice"", ""dim"": 2.0, ""idf"": 2.0, ""n"": ""(2, 4)"", ""normalize"": true, ""position_weight"": 1.0}",tune,False,26,0.9359,0.9359,0.95238,0.88462,1.0,1.0,68.84241
itunes_amazon,"v7 n=(2, 4) idf=2.0 dim=2.0 norm=True/geo pw=0.0",v7,"{""denominator"": ""geo"", ""dim"": 2.0, ""idf"": 2.0, ""n"": ""(2, 4)"", ""normalize"": true, ""position_weight"": 0.0}",tune,False,26,0.95513,0.95513,0.96657,0.92308,1.0,1.0,66.95874
itunes_amazon,"v7 n=(2, 4) idf=2.0 dim=2.0 norm=True/geo pw=0.5",v7,"{""denominator"": ""geo"", ""dim"": 2.0, ""idf"": 2.0, ""n"": ""(2, 4)"", ""normalize"": true, ""position_weight"": 0.5}",tune,False,26,0.95513,0.95513,0.96657,0.92308,1.0,1.0,71.60035
itunes_amazon,"v7 n=(2, 4) idf=2.0 dim=2.0 norm=True/geo pw=1.0",v7,"{""denominator"": ""geo"", ""dim"": 2.0, ""idf"": 2.0, ""n"": ""(2, 4)"", ""normalize"": true, ""position_weight"": 1.0}",tune,False,26,0.95513,0.95513,0.96657,0.92308,1.0,1.0,73.77269
itunes_amazon,"v7 n=(2, 4) idf=3.0 dim=1.0 norm=False/dice pw=0.0",v7,"{""denominator"": ""dice"", ""dim"": 1.0, ""idf"": 3.0, ""n"": ""(2, 4)"", ""normalize"": false, ""position_weight"": 0.0}",tune,False,26,0.91667,0.91667,0.93818,0.84615,1.0,1.0,67.1694
itunes_amazon,"v7 n=(2, 4) idf=3.0 dim=1.0 norm=False/dice pw=0.5",v7,"{""denominator"": ""dice"", ""dim"": 1.0, ""idf"": 3.0, ""n"": ""(2, 4)"", ""normalize"": false, ""position_weight"": 0.5}",tune,False,26,0.91667,0.91667,0.93818,0.84615,1.0,1.0,73.10791
itunes_amazon,"v7 n=(2, 4) idf=3.0 dim=1.0 norm=False/dice pw=1.0",v7,"{""denominator"": ""dice"", ""dim"": 1.0, ""idf"": 3.0, ""n"": ""(2, 4)"", ""normalize"": false, ""position_weight"": 1.0}",tune,False,26,0.91667,0.91667,0.93818,0.84615,1.0,1.0,72.08316
itunes_amazon,"v7 n=(2, 4) idf=3.0 dim=1.0 norm=True/dice pw=0.0",v7,"{""denominator"": ""dice"", ""dim"": 1.0, ""idf"": 3.0, ""n"": ""(2, 4)"", ""normalize"": true, ""position_weight"": 0.0}",tune,False,26,0.95513,0.95513,0.96657,0.92308,1.0,1.0,74.78934
itunes_amazon,"v7 n=(2, 4) idf=3.0 dim=1.0 norm=True/dice pw=0.5",v7,"{""denominator"": ""dice"", ""dim"": 1.0, ""idf"": 3.0, ""n"": ""(2, 4)"", ""normalize"": true, ""position_weight"": 0.5}",tune,False,26,0.9359,0.9359,0.95238,0.88462,1.0,1.0,70.96253
itunes_amazon,"v7 n=(2, 4) idf=3.0 dim=1.0 norm=True/dice pw=1.0",v7,"{""denominator"": ""dice"", ""dim"": 1.0, ""idf"": 3.0, ""n"": ""(2, 4)"", ""normalize"": true, ""position_weight"": 1.0}",tune,False,26,0.9359,0.9359,0.95238,0.88462,1.0,1.0,70.35914
itunes_amazon,"v7 n=(2, 4) idf=3.0 dim=1.0 norm=True/geo pw=0.0",v7,"{""denominator"": ""geo"", ""dim"": 1.0, ""idf"": 3.0, ""n"": ""(2, 4)"", ""normalize"": true, ""position_weight"": 0.0}",tune,False,26,0.95513,0.95513,0.96657,0.92308,1.0,1.0,68.27536
itunes_amazon,"v7 n=(2, 4) idf=3.0 dim=1.0 norm=True/geo pw=0.5",v7,"{""denominator"": ""geo"", ""dim"": 1.0, ""idf"": 3.0, ""n"": ""(2, 4)"", ""normalize"": true, ""position_weight"": 0.5}",tune,False,26,0.95513,0.95513,0.96657,0.92308,1.0,1.0,68.70938
itunes_amazon,"v7 n=(2, 4) idf=3.0 dim=1.0 norm=True/geo pw=1.0",v7,"{""denominator"": ""geo"", ""dim"": 1.0, ""idf"": 3.0, ""n"": ""(2, 4)"", ""normalize"": true, ""position_weight"": 1.0}",tune,False,26,0.9359,0.9359,0.95238,0.88462,1.0,1.0,69.64794
itunes_amazon,"v7 n=(2, 4) idf=3.0 dim=2.0 norm=False/dice pw=0.0",v7,"{""denominator"": ""dice"", ""dim"": 2.0, ""idf"": 3.0, ""n"": ""(2, 4)"", ""normalize"": false, ""position_weight"": 0.0}",tune,False,26,0.91667,0.91667,0.93818,0.84615,1.0,1.0,68.36881
itunes_amazon,"v7 n=(2, 4) idf=3.0 dim=2.0 norm=False/dice pw=0.5",v7,"{""denominator"": ""dice"", ""dim"": 2.0, ""idf"": 3.0, ""n"": ""(2, 4)"", ""normalize"": false, ""position_weight"": 0.5}",tune,False,26,0.91667,0.91667,0.93818,0.84615,1.0,1.0,69.06258
itunes_amazon,"v7 n=(2, 4) idf=3.0 dim=2.0 norm=False/dice pw=1.0",v7,"{""denominator"": ""dice"", ""dim"": 2.0, ""idf"": 3.0, ""n"": ""(2, 4)"", ""normalize"": false, ""position_weight"": 1.0}",tune,False,26,0.91667,0.91667,0.93818,0.84615,1.0,1.0,66.16963
itunes_amazon,"v7 n=(2, 4) idf=3.0 dim=2.0 norm=True/dice pw=0.0",v7,"{""denominator"": ""dice"", ""dim"": 2.0, ""idf"": 3.0, ""n"": ""(2, 4)"", ""normalize"": true, ""position_weight"": 0.0}",tune,False,26,0.95513,0.95513,0.96657,0.92308,1.0,1.0,70.52647
itunes_amazon,"v7 n=(2, 4) idf=3.0 dim=2.0 norm=True/dice pw=0.5",v7,"{""denominator"": ""dice"", ""dim"": 2.0, ""idf"": 3.0, ""n"": ""(2, 4)"", ""normalize"": true, ""position_weight"": 0.5}",tune,False,26,0.9359,0.9359,0.95238,0.88462,1.0,1.0,71.86204
itunes_amazon,"v7 n=(2, 4) idf=3.0 dim=2.0 norm=True/dice pw=1.0",v7,"{""denominator"": ""dice"", ""dim"": 2.0, ""idf"": 3.0, ""n"": ""(2, 4)"", ""normalize"": true, ""position_weight"": 1.0}",tune,False,26,0.9359,0.9359,0.95238,0.88462,1.0,1.0,76.04862
itunes_amazon,"v7 n=(2, 4) idf=3.0 dim=2.0 norm=True/geo pw=0.0",v7,"{""denominator"": ""geo"", ""dim"": 2.0, ""idf"": 3.0, ""n"": ""(2, 4)"", ""normalize"": true, ""position_weight"": 0.0}",tune,False,26,0.95513,0.95513,0.96657,0.92308,1.0,1.0,77.26991
itunes_amazon,"v7 n=(2, 4) idf=3.0 dim=2.0 norm=True/geo pw=0.5",v7,"{""denominator"": ""geo"", ""dim"": 2.0, ""idf"": 3.0, ""n"": ""(2, 4)"", ""normalize"": true, ""position_weight"": 0.5}",tune,False,26,0.9359,0.9359,0.95238,0.88462,1.0,1.0,78.97204
itunes_amazon,"v7 n=(2, 4) idf=3.0 dim=2.0 norm=True/geo pw=1.0",v7,"{""denominator"": ""geo"", ""dim"": 2.0, ""idf"": 3.0, ""n"": ""(2, 4)"", ""normalize"": true, ""position_weight"": 1.0}",tune,False,26,0.9359,0.9359,0.95238,0.88462,1.0,1.0,82.67427
itunes_amazon,"v7 n=(3, 4) idf=0.0 dim=1.0 norm=False/dice pw=0.0",v7,"{""denominator"": ""dice"", ""dim"": 1.0, ""idf"": 0.0, ""n"": ""(3, 4)"", ""normalize"": false, ""position_weight"": 0.0}",tune,False,26,0.77352,0.77352,0.79922,0.69231,0.88462,1.0,26.44401
itunes_amazon,"v7 n=(3, 4) idf=0.0 dim=1.0 norm=False/dice pw=0.5",v7,"{""denominator"": ""dice"", ""dim"": 1.0, ""idf"": 0.0, ""n"": ""(3, 4)"", ""normalize"": false, ""position_weight"": 0.5}",tune,False,26,0.79275,0.79275,0.81341,0.73077,0.88462,1.0,26.01936
itunes_amazon,"v7 n=(3, 4) idf=0.0 dim=1.0 norm=False/dice pw=1.0",v7,"{""denominator"": ""dice"", ""dim"": 1.0, ""idf"": 0.0, ""n"": ""(3, 4)"", ""normalize"": false, ""position_weight"": 1.0}",tune,False,26,0.79275,0.79275,0.81341,0.73077,0.88462,1.0,26.83253
itunes_amazon,"v7 n=(3, 4) idf=0.0 dim=1.0 norm=True/dice pw=0.0",v7,"{""denominator"": ""dice"", ""dim"": 1.0, ""idf"": 0.0, ""n"": ""(3, 4)"", ""normalize"": true, ""position_weight"": 0.0}",tune,False,26,0.84391,0.84391,0.85119,0.80769,0.88462,1.0,25.71737
itunes_amazon,"v7 n=(3, 4) idf=0.0 dim=1.0 norm=True/dice pw=0.5",v7,"{""denominator"": ""dice"", ""dim"": 1.0, ""idf"": 0.0, ""n"": ""(3, 4)"", ""normalize"": true, ""position_weight"": 0.5}",tune,False,26,0.84391,0.84391,0.85119,0.80769,0.88462,1.0,27.60795
itunes_amazon,"v7 n=(3, 4) idf=0.0 dim=1.0 norm=True/dice pw=1.0",v7,"{""denominator"": ""dice"", ""dim"": 1.0, ""idf"": 0.0, ""n"": ""(3, 4)"", ""normalize"": true, ""position_weight"": 1.0}",tune,False,26,0.84378,0.84378,0.85119,0.80769,0.88462,1.0,25.65454
itunes_amazon,"v7 n=(3, 4) idf=0.0 dim=1.0 norm=True/geo pw=0.0",v7,"{""denominator"": ""geo"", ""dim"": 1.0, ""idf"": 0.0, ""n"": ""(3, 4)"", ""normalize"": true, ""position_weight"": 0.0}",tune,False,26,0.84511,0.84511,0.85119,0.80769,0.88462,1.0,27.73693
itunes_amazon,"v7 n=(3, 4) idf=0.0 dim=1.0 norm=True/geo pw=0.5",v7,"{""denominator"": ""geo"", ""dim"": 1.0, ""idf"": 0.0, ""n"": ""(3, 4)"", ""normalize"": true, ""position_weight"": 0.5}",tune,False,26,0.84457,0.84457,0.85119,0.80769,0.88462,1.0,26.60967
itunes_amazon,"v7 n=(3, 4) idf=0.0 dim=1.0 norm=True/geo pw=1.0",v7,"{""denominator"": ""geo"", ""dim"": 1.0, ""idf"": 0.0, ""n"": ""(3, 4)"", ""normalize"": true, ""position_weight"": 1.0}",tune,False,26,0.84401,0.84401,0.85119,0.80769,0.88462,1.0,26.23323
itunes_amazon,"v7 n=(3, 4) idf=0.0 dim=2.0 norm=False/dice pw=0.0",v7,"{""denominator"": ""dice"", ""dim"": 2.0, ""idf"": 0.0, ""n"": ""(3, 4)"", ""normalize"": false, ""position_weight"": 0.0}",tune,False,26,0.77352,0.77352,0.79922,0.69231,0.88462,1.0,25.65271
itunes_amazon,"v7 n=(3, 4) idf=0.0 dim=2.0 norm=False/dice pw=0.5",v7,"{""denominator"": ""dice"", ""dim"": 2.0, ""idf"": 0.0, ""n"": ""(3, 4)"", ""normalize"": false, ""position_weight"": 0.5}",tune,False,26,0.79275,0.79275,0.81341,0.73077,0.88462,1.0,26.12932
itunes_amazon,"v7 n=(3, 4) idf=0.0 dim=2.0 norm=False/dice pw=1.0",v7,"{""denominator"": ""dice"", ""dim"": 2.0, ""idf"": 0.0, ""n"": ""(3, 4)"", ""normalize"": false, ""position_weight"": 1.0}",tune,False,26,0.79275,0.79275,0.81341,0.73077,0.88462,1.0,25.47367
itunes_amazon,"v7 n=(3, 4) idf=0.0 dim=2.0 norm=True/dice pw=0.0",v7,"{""denominator"": ""dice"", ""dim"": 2.0, ""idf"": 0.0, ""n"": ""(3, 4)"", ""normalize"": true, ""position_weight"": 0.0}",tune,False,26,0.84391,0.84391,0.85119,0.80769,0.88462,1.0,24.93834
itunes_amazon,"v7 n=(3, 4) idf=0.0 dim=2.0 norm=True/dice pw=0.5",v7,"{""denominator"": ""dice"", ""dim"": 2.0, ""idf"": 0.0, ""n"": ""(3, 4)"", ""normalize"": true, ""position_weight"": 0.5}",tune,False,26,0.84382,0.84382,0.85119,0.80769,0.88462,1.0,26.83911
itunes_amazon,"v7 n=(3, 4) idf=0.0 dim=2.0 norm=True/dice pw=1.0",v7,"{""denominator"": ""dice"", ""dim"": 2.0, ""idf"": 0.0, ""n"": ""(3, 4)"", ""normalize"": true, ""position_weight"": 1.0}",tune,False,26,0.84378,0.84378,0.85119,0.80769,0.88462,1.0,25.06798
itunes_amazon,"v7 n=(3, 4) idf=0.0 dim=2.0 norm=True/geo pw=0.0",v7,"{""denominator"": ""geo"", ""dim"": 2.0, ""idf"": 0.0, ""n"": ""(3, 4)"", ""normalize"": true, ""position_weight"": 0.0}",tune,False,26,0.84511,0.84511,0.85119,0.80769,0.88462,1.0,25.39087
itunes_amazon,"v7 n=(3, 4) idf=0.0 dim=2.0 norm=True/geo pw=0.5",v7,"{""denominator"": ""geo"", ""dim"": 2.0, ""idf"": 0.0, ""n"": ""(3, 4)"", ""normalize"": true, ""position_weight"": 0.5}",tune,False,26,0.84457,0.84457,0.85119,0.80769,0.88462,1.0,25.85221
itunes_amazon,"v7 n=(3, 4) idf=0.0 dim=2.0 norm=True/geo pw=1.0",v7,"{""denominator"": ""geo"", ""dim"": 2.0, ""idf"": 0.0, ""n"": ""(3, 4)"", ""normalize"": true, ""position_weight"": 1.0}",tune,False,26,0.84401,0.84401,0.85119,0.80769,0.88462,1.0,25.6085
itunes_amazon,"v7 n=(3, 4) idf=1.0 dim=1.0 norm=False/dice pw=0.0",v7,"{""denominator"": ""dice"", ""dim"": 1.0, ""idf"": 1.0, ""n"": ""(3, 4)"", ""normalize"": false, ""position_weight"": 0.0}",tune,False,26,0.82459,0.82459,0.83699,0.76923,0.88462,1.0,27.15239
itunes_amazon,"v7 n=(3, 4) idf=1.0 dim=1.0 norm=False/dice pw=0.5",v7,"{""denominator"": ""dice"", ""dim"": 1.0, ""idf"": 1.0, ""n"": ""(3, 4)"", ""normalize"": false, ""position_weight"": 0.5}",tune,False,26,0.82459,0.82459,0.83699,0.76923,0.88462,1.0,27.47014
itunes_amazon,"v7 n=(3, 4) idf=1.0 dim=1.0 norm=False/dice pw=1.0",v7,"{""denominator"": ""dice"", ""dim"": 1.0, ""idf"": 1.0, ""n"": ""(3, 4)"", ""normalize"": false, ""position_weight"": 1.0}",tune,False,26,0.82459,0.82459,0.83699,0.76923,0.88462,1.0,25.19552
itunes_amazon,"v7 n=(3, 4) idf=1.0 dim=1.0 norm=True/dice pw=0.0",v7,"{""denominator"": ""dice"", ""dim"": 1.0, ""idf"": 1.0, ""n"": ""(3, 4)"", ""normalize"": true, ""position_weight"": 0.0}",tune,False,26,0.87268,0.87268,0.88195,0.84615,0.92308,1.0,27.9201
itunes_amazon,"v7 n=(3, 4) idf=1.0 dim=1.0 norm=True/dice pw=0.5",v7,"{""denominator"": ""dice"", ""dim"": 1.0, ""idf"": 1.0, ""n"": ""(3, 4)"", ""normalize"": true, ""position_weight"": 0.5}",tune,False,26,0.87549,0.87549,0.88462,0.84615,0.92308,1.0,26.77774
itunes_amazon,"v7 n=(3, 4) idf=1.0 dim=1.0 norm=True/dice pw=1.0",v7,"{""denominator"": ""dice"", ""dim"": 1.0, ""idf"": 1.0, ""n"": ""(3, 4)"", ""normalize"": true, ""position_weight"": 1.0}",tune,False,26,0.8753,0.8753,0.88462,0.84615,0.92308,1.0,25.8061
itunes_amazon,"v7 n=(3, 4) idf=1.0 dim=1.0 norm=True/geo pw=0.0",v7,"{""denominator"": ""geo"", ""dim"": 1.0, ""idf"": 1.0, ""n"": ""(3, 4)"", ""normalize"": true, ""position_weight"": 0.0}",tune,False,26,0.8893,0.8893,0.90622,0.84615,0.96154,1.0,26.94632
itunes_amazon,"v7 n=(3, 4) idf=1.0 dim=1.0 norm=True/geo pw=0.5",v7,"{""denominator"": ""geo"", ""dim"": 1.0, ""idf"": 1.0, ""n"": ""(3, 4)"", ""normalize"": true, ""position_weight"": 0.5}",tune,False,26,0.87862,0.87862,0.89744,0.84615,0.96154,1.0,27.32356
itunes_amazon,"v7 n=(3, 4) idf=1.0 dim=1.0 norm=True/geo pw=1.0",v7,"{""denominator"": ""geo"", ""dim"": 1.0, ""idf"": 1.0, ""n"": ""(3, 4)"", ""normalize"": true, ""position_weight"": 1.0}",tune,False,26,0.87697,0.87697,0.89573,0.84615,0.96154,1.0,27.47005
itunes_amazon,"v7 n=(3, 4) idf=1.0 dim=2.0 norm=False/dice pw=0.0",v7,"{""denominator"": ""dice"", ""dim"": 2.0, ""idf"": 1.0, ""n"": ""(3, 4)"", ""normalize"": false, ""position_weight"": 0.0}",tune,False,26,0.82468,0.82468,0.83699,0.76923,0.88462,1.0,23.93207
itunes_amazon,"v7 n=(3, 4) idf=1.0 dim=2.0 norm=False/dice pw=0.5",v7,"{""denominator"": ""dice"", ""dim"": 2.0, ""idf"": 1.0, ""n"": ""(3, 4)"", ""normalize"": false, ""position_weight"": 0.5}",tune,False,26,0.82459,0.82459,0.83699,0.76923,0.88462,1.0,27.06123
itunes_amazon,"v7 n=(3, 4) idf=1.0 dim=2.0 norm=False/dice pw=1.0",v7,"{""denominator"": ""dice"", ""dim"": 2.0, ""idf"": 1.0, ""n"": ""(3, 4)"", ""normalize"": false, ""position_weight"": 1.0}",tune,False,26,0.82459,0.82459,0.83699,0.76923,0.88462,1.0,26.907
itunes_amazon,"v7 n=(3, 4) idf=1.0 dim=2.0 norm=True/dice pw=0.0",v7,"{""denominator"": ""dice"", ""dim"": 2.0, ""idf"": 1.0, ""n"": ""(3, 4)"", ""normalize"": true, ""position_weight"": 0.0}",tune,False,26,0.87076,0.87076,0.88026,0.84615,0.92308,1.0,25.3664
itunes_amazon,"v7 n=(3, 4) idf=1.0 dim=2.0 norm=True/dice pw=0.5",v7,"{""denominator"": ""dice"", ""dim"": 2.0, ""idf"": 1.0, ""n"": ""(3, 4)"", ""normalize"": true, ""position_weight"": 0.5}",tune,False,26,0.87549,0.87549,0.88462,0.84615,0.92308,1.0,26.44255
itunes_amazon,"v7 n=(3, 4) idf=1.0 dim=2.0 norm=True/dice pw=1.0",v7,"{""denominator"": ""dice"", ""dim"": 2.0, ""idf"": 1.0, ""n"": ""(3, 4)"", ""normalize"": true, ""position_weight"": 1.0}",tune,False,26,0.8753,0.8753,0.88462,0.84615,0.92308,1.0,28.32756
itunes_amazon,"v7 n=(3, 4) idf=1.0 dim=2.0 norm=True/geo pw=0.0",v7,"{""denominator"": ""geo"", ""dim"": 2.0, ""idf"": 1.0, ""n"": ""(3, 4)"", ""normalize"": true, ""position_weight"": 0.0}",tune,False,26,0.8893,0.8893,0.90622,0.84615,0.96154,1.0,26.21423
itunes_amazon,"v7 n=(3, 4) idf=1.0 dim=2.0 norm=True/geo pw=0.5",v7,"{""denominator"": ""geo"", ""dim"": 2.0, ""idf"": 1.0, ""n"": ""(3, 4)"", ""normalize"": true, ""position_weight"": 0.5}",tune,False,26,0.87862,0.87862,0.89744,0.84615,0.96154,1.0,26.79155
itunes_amazon,"v7 n=(3, 4) idf=1.0 dim=2.0 norm=True/geo pw=1.0",v7,"{""denominator"": ""geo"", ""dim"": 2.0, ""idf"": 1.0, ""n"": ""(3, 4)"", ""normalize"": true, ""position_weight"": 1.0}",tune,False,26,0.87697,0.87697,0.89573,0.84615,0.96154,1.0,26.74668
itunes_amazon,"v7 n=(3, 4) idf=2.0 dim=1.0 norm=False/dice pw=0.0",v7,"{""denominator"": ""dice"", ""dim"": 1.0, ""idf"": 2.0, ""n"": ""(3, 4)"", ""normalize"": false, ""position_weight"": 0.0}",tune,False,26,0.87283,0.87283,0.89469,0.80769,0.96154,1.0,26.50071
itunes_amazon,"v7 n=(3, 4) idf=2.0 dim=1.0 norm=False/dice pw=0.5",v7,"{""denominator"": ""dice"", ""dim"": 1.0, ""idf"": 2.0, ""n"": ""(3, 4)"", ""normalize"": false, ""position_weight"": 0.5}",tune,False,26,0.87283,0.87283,0.89469,0.80769,0.96154,1.0,27.11797
itunes_amazon,"v7 n=(3, 4) idf=2.0 dim=1.0 norm=False/dice pw=1.0",v7,"{""denominator"": ""dice"", ""dim"": 1.0, ""idf"": 2.0, ""n"": ""(3, 4)"", ""normalize"": false, ""position_weight"": 1.0}",tune,False,26,0.87283,0.87283,0.89469,0.80769,0.96154,1.0,25.69748
itunes_amazon,"v7 n=(3, 4) idf=2.0 dim=1.0 norm=True/dice pw=0.0",v7,"{""denominator"": ""dice"", ""dim"": 1.0, ""idf"": 2.0, ""n"": ""(3, 4)"", ""normalize"": true, ""position_weight"": 0.0}",tune,False,26,0.92628,0.92628,0.94468,0.88462,1.0,1.0,25.13188
itunes_amazon,"v7 n=(3, 4) idf=2.0 dim=1.0 norm=True/dice pw=0.5",v7,"{""denominator"": ""dice"", ""dim"": 1.0, ""idf"": 2.0, ""n"": ""(3, 4)"", ""normalize"": true, ""position_weight"": 0.5}",tune,False,26,0.92628,0.92628,0.94468,0.88462,1.0,1.0,26.53429
itunes_amazon,"v7 n=(3, 4) idf=2.0 dim=1.0 norm=True/dice pw=1.0",v7,"{""denominator"": ""dice"", ""dim"": 1.0, ""idf"": 2.0, ""n"": ""(3, 4)"", ""normalize"": true, ""position_weight"": 1.0}",tune,False,26,0.92628,0.92628,0.94468,0.88462,1.0,1.0,26.1888
itunes_amazon,"v7 n=(3, 4) idf=2.0 dim=1.0 norm=True/geo pw=0.0",v7,"{""denominator"": ""geo"", ""dim"": 1.0, ""idf"": 2.0, ""n"": ""(3, 4)"", ""normalize"": true, ""position_weight"": 0.0}",tune,False,26,0.95513,0.95513,0.96657,0.92308,1.0,1.0,26.21503
itunes_amazon,"v7 n=(3, 4) idf=2.0 dim=1.0 norm=True/geo pw=0.5",v7,"{""denominator"": ""geo"", ""dim"": 1.0, ""idf"": 2.0, ""n"": ""(3, 4)"", ""normalize"": true, ""position_weight"": 0.5}",tune,False,26,0.9359,0.9359,0.95238,0.88462,1.0,1.0,27.70379
itunes_amazon,"v7 n=(3, 4) idf=2.0 dim=1.0 norm=True/geo pw=1.0",v7,"{""denominator"": ""geo"", ""dim"": 1.0, ""idf"": 2.0, ""n"": ""(3, 4)"", ""normalize"": true, ""position_weight"": 1.0}",tune,False,26,0.9359,0.9359,0.95238,0.88462,1.0,1.0,27.01943
itunes_amazon,"v7 n=(3, 4) idf=2.0 dim=2.0 norm=False/dice pw=0.0",v7,"{""denominator"": ""dice"", ""dim"": 2.0, ""idf"": 2.0, ""n"": ""(3, 4)"", ""normalize"": false, ""position_weight"": 0.0}",tune,False,26,0.87283,0.87283,0.89469,0.80769,0.96154,1.0,26.03819
itunes_amazon,"v7 n=(3, 4) idf=2.0 dim=2.0 norm=False/dice pw=0.5",v7,"{""denominator"": ""dice"", ""dim"": 2.0, ""idf"": 2.0, ""n"": ""(3, 4)"", ""normalize"": false, ""position_weight"": 0.5}",tune,False,26,0.87283,0.87283,0.89469,0.80769,0.96154,1.0,25.83531
itunes_amazon,"v7 n=(3, 4) idf=2.0 dim=2.0 norm=False/dice pw=1.0",v7,"{""denominator"": ""dice"", ""dim"": 2.0, ""idf"": 2.0, ""n"": ""(3, 4)"", ""normalize"": false, ""position_weight"": 1.0}",tune,False,26,0.87283,0.87283,0.89469,0.80769,0.96154,1.0,28.83588
itunes_amazon,"v7 n=(3, 4) idf=2.0 dim=2.0 norm=True/dice pw=0.0",v7,"{""denominator"": ""dice"", ""dim"": 2.0, ""idf"": 2.0, ""n"": ""(3, 4)"", ""normalize"": true, ""position_weight"": 0.0}",tune,False,26,0.92628,0.92628,0.94468,0.88462,1.0,1.0,28.37896
itunes_amazon,"v7 n=(3, 4) idf=2.0 dim=2.0 norm=True/dice pw=0.5",v7,"{""denominator"": ""dice"", ""dim"": 2.0, ""idf"": 2.0, ""n"": ""(3, 4)"", ""normalize"": true, ""position_weight"": 0.5}",tune,False,26,0.92628,0.92628,0.94468,0.88462,1.0,1.0,26.82664
itunes_amazon,"v7 n=(3, 4) idf=2.0 dim=2.0 norm=True/dice pw=1.0",v7,"{""denominator"": ""dice"", ""dim"": 2.0, ""idf"": 2.0, ""n"": ""(3, 4)"", ""normalize"": true, ""position_weight"": 1.0}",tune,False,26,0.92628,0.92628,0.94468,0.88462,1.0,1.0,26.88443
itunes_amazon,"v7 n=(3, 4) idf=2.0 dim=2.0 norm=True/geo pw=0.0",v7,"{""denominator"": ""geo"", ""dim"": 2.0, ""idf"": 2.0, ""n"": ""(3, 4)"", ""normalize"": true, ""position_weight"": 0.0}",tune,False,26,0.95513,0.95513,0.96657,0.92308,1.0,1.0,26.54155
itunes_amazon,"v7 n=(3, 4) idf=2.0 dim=2.0 norm=True/geo pw=0.5",v7,"{""denominator"": ""geo"", ""dim"": 2.0, ""idf"": 2.0, ""n"": ""(3, 4)"", ""normalize"": true, ""position_weight"": 0.5}",tune,False,26,0.9359,0.9359,0.95238,0.88462,1.0,1.0,26.83171
itunes_amazon,"v7 n=(3, 4) idf=2.0 dim=2.0 norm=True/geo pw=1.0",v7,"{""denominator"": ""geo"", ""dim"": 2.0, ""idf"": 2.0, ""n"": ""(3, 4)"", ""normalize"": true, ""position_weight"": 1.0}",tune,False,26,0.9359,0.9359,0.95238,0.88462,1.0,1.0,25.82858
itunes_amazon,"v7 n=(3, 4) idf=3.0 dim=1.0 norm=False/dice pw=0.0",v7,"{""denominator"": ""dice"", ""dim"": 1.0, ""idf"": 3.0, ""n"": ""(3, 4)"", ""normalize"": false, ""position_weight"": 0.0}",tune,False,26,0.91667,0.91667,0.93818,0.84615,1.0,1.0,26.64558
itunes_amazon,"v7 n=(3, 4) idf=3.0 dim=1.0 norm=False/dice pw=0.5",v7,"{""denominator"": ""dice"", ""dim"": 1.0, ""idf"": 3.0, ""n"": ""(3, 4)"", ""normalize"": false, ""position_weight"": 0.5}",tune,False,26,0.89744,0.89744,0.92399,0.80769,1.0,1.0,26.29935
itunes_amazon,"v7 n=(3, 4) idf=3.0 dim=1.0 norm=False/dice pw=1.0",v7,"{""denominator"": ""dice"", ""dim"": 1.0, ""idf"": 3.0, ""n"": ""(3, 4)"", ""normalize"": false, ""position_weight"": 1.0}",tune,False,26,0.88782,0.88782,0.91629,0.80769,1.0,1.0,26.50236
itunes_amazon,"v7 n=(3, 4) idf=3.0 dim=1.0 norm=True/dice pw=0.0",v7,"{""denominator"": ""dice"", ""dim"": 1.0, ""idf"": 3.0, ""n"": ""(3, 4)"", ""normalize"": true, ""position_weight"": 0.0}",tune,False,26,0.9359,0.9359,0.95238,0.88462,1.0,1.0,26.84226
itunes_amazon,"v7 n=(3, 4) idf=3.0 dim=1.0 norm=True/dice pw=0.5",v7,"{""denominator"": ""dice"", ""dim"": 1.0, ""idf"": 3.0, ""n"": ""(3, 4)"", ""normalize"": true, ""position_weight"": 0.5}",tune,False,26,0.9359,0.9359,0.95238,0.88462,1.0,1.0,26.3496
itunes_amazon,"v7 n=(3, 4) idf=3.0 dim=1.0 norm=True/dice pw=1.0",v7,"{""denominator"": ""dice"", ""dim"": 1.0, ""idf"": 3.0, ""n"": ""(3, 4)"", ""normalize"": true, ""position_weight"": 1.0}",tune,False,26,0.9359,0.9359,0.95238,0.88462,1.0,1.0,26.23385
itunes_amazon,"v7 n=(3, 4) idf=3.0 dim=1.0 norm=True/geo pw=0.0",v7,"{""denominator"": ""geo"", ""dim"": 1.0, ""idf"": 3.0, ""n"": ""(3, 4)"", ""normalize"": true, ""position_weight"": 0.0}",tune,False,26,0.9359,0.9359,0.95238,0.88462,1.0,1.0,25.54064
itunes_amazon,"v7 n=(3, 4) idf=3.0 dim=1.0 norm=True/geo pw=0.5",v7,"{""denominator"": ""geo"", ""dim"": 1.0, ""idf"": 3.0, ""n"": ""(3, 4)"", ""normalize"": true, ""position_weight"": 0.5}",tune,False,26,0.9359,0.9359,0.95238,0.88462,1.0,1.0,25.83232
itunes_amazon,"v7 n=(3, 4) idf=3.0 dim=1.0 norm=True/geo pw=1.0",v7,"{""denominator"": ""geo"", ""dim"": 1.0, ""idf"": 3.0, ""n"": ""(3, 4)"", ""normalize"": true, ""position_weight"": 1.0}",tune,False,26,0.9359,0.9359,0.95238,0.88462,1.0,1.0,26.21095
itunes_amazon,"v7 n=(3, 4) idf=3.0 dim=2.0 norm=False/dice pw=0.0",v7,"{""denominator"": ""dice"", ""dim"": 2.0, ""idf"": 3.0, ""n"": ""(3, 4)"", ""normalize"": false, ""position_weight"": 0.0}",tune,False,26,0.91667,0.91667,0.93818,0.84615,1.0,1.0,27.15881
itunes_amazon,"v7 n=(3, 4) idf=3.0 dim=2.0 norm=False/dice pw=0.5",v7,"{""denominator"": ""dice"", ""dim"": 2.0, ""idf"": 3.0, ""n"": ""(3, 4)"", ""normalize"": false, ""position_weight"": 0.5}",tune,False,26,0.91667,0.91667,0.93818,0.84615,1.0,1.0,26.51578
itunes_amazon,"v7 n=(3, 4) idf=3.0 dim=2.0 norm=False/dice pw=1.0",v7,"{""denominator"": ""dice"", ""dim"": 2.0, ""idf"": 3.0, ""n"": ""(3, 4)"", ""normalize"": false, ""position_weight"": 1.0}",tune,False,26,0.91667,0.91667,0.93818,0.84615,1.0,1.0,26.43822
itunes_amazon,"v7 n=(3, 4) idf=3.0 dim=2.0 norm=True/dice pw=0.0",v7,"{""denominator"": ""dice"", ""dim"": 2.0, ""idf"": 3.0, ""n"": ""(3, 4)"", ""normalize"": true, ""position_weight"": 0.0}",tune,False,26,0.9359,0.9359,0.95238,0.88462,1.0,1.0,27.71443
itunes_amazon,"v7 n=(3, 4) idf=3.0 dim=2.0 norm=True/dice pw=0.5",v7,"{""denominator"": ""dice"", ""dim"": 2.0, ""idf"": 3.0, ""n"": ""(3, 4)"", ""normalize"": true, ""position_weight"": 0.5}",tune,False,26,0.9359,0.9359,0.95238,0.88462,1.0,1.0,26.13739
itunes_amazon,"v7 n=(3, 4) idf=3.0 dim=2.0 norm=True/dice pw=1.0",v7,"{""denominator"": ""dice"", ""dim"": 2.0, ""idf"": 3.0, ""n"": ""(3, 4)"", ""normalize"": true, ""position_weight"": 1.0}",tune,False,26,0.9359,0.9359,0.95238,0.88462,1.0,1.0,26.84847
itunes_amazon,"v7 n=(3, 4) idf=3.0 dim=2.0 norm=True/geo pw=0.0",v7,"{""denominator"": ""geo"", ""dim"": 2.0, ""idf"": 3.0, ""n"": ""(3, 4)"", ""normalize"": true, ""position_weight"": 0.0}",tune,False,26,0.9359,0.9359,0.95238,0.88462,1.0,1.0,27.26043
itunes_amazon,"v7 n=(3, 4) idf=3.0 dim=2.0 norm=True/geo pw=0.5",v7,"{""denominator"": ""geo"", ""dim"": 2.0, ""idf"": 3.0, ""n"": ""(3, 4)"", ""normalize"": true, ""position_weight"": 0.5}",tune,False,26,0.9359,0.9359,0.95238,0.88462,1.0,1.0,25.52002
itunes_amazon,"v7 n=(3, 4) idf=3.0 dim=2.0 norm=True/geo pw=1.0",v7,"{""denominator"": ""geo"", ""dim"": 2.0, ""idf"": 3.0, ""n"": ""(3, 4)"", ""normalize"": true, ""position_weight"": 1.0}",tune,False,26,0.9359,0.9359,0.95238,0.88462,1.0,1.0,25.78718
itunes_amazon,"v7 n=(2,) idf=2.0 dim=1.0 norm=True/geo pw=0.0",v7,"{""denominator"": ""geo"", ""dim"": 1.0, ""idf"": 2.0, ""n"": ""(2,)"", ""normalize"": true, ""position_weight"": 0.0}",test,True,26,0.98077,0.98077,0.9858,0.96154,1.0,1.0,67.42818
itunes_amazon,v7 default,v7_default,"{""denominator"": ""dice"", ""dim"": 1.0, ""idf"": 0.0, ""n"": ""(2, 4)"", ""normalize"": true, ""position_weight"": 1.0}",test,True,26,0.90724,0.90724,0.90888,0.88462,0.92308,1.0,71.96012
itunes_amazon,"v7 n=(2,) idf=2.0 dim=1.0 norm=True/geo pw=0.0",v7_pw0.0,"{""denominator"": ""geo"", ""dim"": 1.0, ""idf"": 2.0, ""n"": ""(2,)"", ""normalize"": true, ""position_weight"": 0.0}",test,True,26,0.98077,0.98077,0.9858,0.96154,1.0,1.0,64.8667
itunes_amazon,"v7 n=(2,) idf=2.0 dim=1.0 norm=True/geo pw=0.5",v7_pw0.5,"{""denominator"": ""geo"", ""dim"": 1.0, ""idf"": 2.0, ""n"": ""(2,)"", ""normalize"": true, ""position_weight"": 0.5}",test,True,26,0.98077,0.98077,0.9858,0.96154,1.0,1.0,63.86829
itunes_amazon,"v7 n=(2,) idf=2.0 dim=1.0 norm=True/geo pw=1.0",v7_pw1.0,"{""denominator"": ""geo"", ""dim"": 1.0, ""idf"": 2.0, ""n"": ""(2,)"", ""normalize"": true, ""position_weight"": 1.0}",test,True,26,0.98077,0.98077,0.9858,0.96154,1.0,1.0,63.34009
itunes_amazon,v7 top-50 reranked by bm25_char,v7>bm25_char,"{""depth"": 50}",test,True,26,0.91296,0.91296,0.92376,0.88462,0.96154,1.0,71.89159
itunes_amazon,"bm25_char n=(2,) k1=0.5 b=0.3 idf^1.0",bm25_char,"{""b"": 0.3, ""idf_exp"": 1.0, ""k1"": 0.5, ""n"": ""(2,)""}",tune,False,26,0.77997,0.77997,0.79083,0.73077,0.84615,1.0,4.42272
itunes_amazon,"bm25_char n=(2,) k1=0.5 b=0.3 idf^2.0",bm25_char,"{""b"": 0.3, ""idf_exp"": 2.0, ""k1"": 0.5, ""n"": ""(2,)""}",tune,False,26,0.90064,0.90064,0.92545,0.84615,1.0,1.0,4.55661
itunes_amazon,"bm25_char n=(2,) k1=0.5 b=0.3 idf^3.0",bm25_char,"{""b"": 0.3, ""idf_exp"": 3.0, ""k1"": 0.5, ""n"": ""(2,)""}",tune,False,26,0.92628,0.92628,0.94468,0.88462,1.0,1.0,4.48742
itunes_amazon,"bm25_char n=(2,) k1=0.5 b=0.75 idf^1.0",bm25_char,"{""b"": 0.75, ""idf_exp"": 1.0, ""k1"": 0.5, ""n"": ""(2,)""}",tune,False,26,0.81333,0.81333,0.82761,0.76923,0.88462,1.0,4.49895
itunes_amazon,"bm25_char n=(2,) k1=0.5 b=0.75 idf^2.0",bm25_char,"{""b"": 0.75, ""idf_exp"": 2.0, ""k1"": 0.5, ""n"": ""(2,)""}",tune,False,26,0.91026,0.91026,0.93315,0.84615,1.0,1.0,5.01519
itunes_amazon,"bm25_char n=(2,) k1=0.5 b=0.75 idf^3.0",bm25_char,"{""b"": 0.75, ""idf_exp"": 3.0, ""k1"": 0.5, ""n"": ""(2,)""}",tune,False,26,0.92628,0.92628,0.94468,0.88462,1.0,1.0,4.61028
itunes_amazon,"bm25_char n=(2,) k1=0.5 b=1.0 idf^1.0",bm25_char,"{""b"": 1.0, ""idf_exp"": 1.0, ""k1"": 0.5, ""n"": ""(2,)""}",tune,False,26,0.84444,0.84444,0.85119,0.80769,0.88462,1.0,4.1308
itunes_amazon,"bm25_char n=(2,) k1=0.5 b=1.0 idf^2.0",bm25_char,"{""b"": 1.0, ""idf_exp"": 2.0, ""k1"": 0.5, ""n"": ""(2,)""}",tune,False,26,0.92949,0.92949,0.94734,0.88462,1.0,1.0,4.21738
itunes_amazon,"bm25_char n=(2,) k1=0.5 b=1.0 idf^3.0",bm25_char,"{""b"": 1.0, ""idf_exp"": 3.0, ""k1"": 0.5, ""n"": ""(2,)""}",tune,False,26,0.90705,0.90705,0.93048,0.84615,1.0,1.0,4.0548
itunes_amazon,"bm25_char n=(2,) k1=1.2 b=0.3 idf^1.0",bm25_char,"{""b"": 0.3, ""idf_exp"": 1.0, ""k1"": 1.2, ""n"": ""(2,)""}",tune,False,26,0.74314,0.74314,0.7635,0.69231,0.84615,1.0,4.34822
itunes_amazon,"bm25_char n=(2,) k1=1.2 b=0.3 idf^2.0",bm25_char,"{""b"": 0.3, ""idf_exp"": 2.0, ""k1"": 1.2, ""n"": ""(2,)""}",tune,False,26,0.89872,0.89872,0.92376,0.84615,1.0,1.0,4.13055
itunes_amazon,"bm25_char n=(2,) k1=1.2 b=0.3 idf^3.0",bm25_char,"{""b"": 0.3, ""idf_exp"": 3.0, ""k1"": 1.2, ""n"": ""(2,)""}",tune,False,26,0.92628,0.92628,0.94468,0.88462,1.0,1.0,4.21897
itunes_amazon,"bm25_char n=(2,) k1=1.2 b=0.75 idf^1.0",bm25_char,"{""b"": 0.75, ""idf_exp"": 1.0, ""k1"": 1.2, ""n"": ""(2,)""}",tune,False,26,0.81184,0.81184,0.82643,0.76923,0.88462,1.0,4.08185
itunes_amazon,"bm25_char n=(2,) k1=1.2 b=0.75 idf^2.0",bm25_char,"{""b"": 0.75, ""idf_exp"": 2.0, ""k1"": 1.2, ""n"": ""(2,)""}",tune,False,26,0.92949,0.92949,0.94734,0.88462,1.0,1.0,4.34908
itunes_amazon,"bm25_char n=(2,) k1=1.2 b=0.75 idf^3.0",bm25_char,"{""b"": 0.75, ""idf_exp"": 3.0, ""k1"": 1.2, ""n"": ""(2,)""}",tune,False,26,0.91026,0.91026,0.93315,0.84615,1.0,1.0,3.8499
itunes_amazon,"bm25_char n=(2,) k1=1.2 b=1.0 idf^1.0",bm25_char,"{""b"": 1.0, ""idf_exp"": 1.0, ""k1"": 1.2, ""n"": ""(2,)""}",tune,False,26,0.82551,0.82551,0.83699,0.76923,0.88462,1.0,4.33641
itunes_amazon,"bm25_char n=(2,) k1=1.2 b=1.0 idf^2.0",bm25_char,"{""b"": 1.0, ""idf_exp"": 2.0, ""k1"": 1.2, ""n"": ""(2,)""}",tune,False,26,0.9359,0.9359,0.95238,0.88462,1.0,1.0,4.43013
itunes_amazon,"bm25_char n=(2,) k1=1.2 b=1.0 idf^3.0",bm25_char,"{""b"": 1.0, ""idf_exp"": 3.0, ""k1"": 1.2, ""n"": ""(2,)""}",tune,False,26,0.91026,0.91026,0.93315,0.84615,1.0,1.0,4.26454
itunes_amazon,"bm25_char n=(2,) k1=2.0 b=0.3 idf^1.0",bm25_char,"{""b"": 0.3, ""idf_exp"": 1.0, ""k1"": 2.0, ""n"": ""(2,)""}",tune,False,26,0.73985,0.73985,0.76062,0.69231,0.84615,1.0,4.38597
itunes_amazon,"bm25_char n=(2,) k1=2.0 b=0.3 idf^2.0",bm25_char,"{""b"": 0.3, ""idf_exp"": 2.0, ""k1"": 2.0, ""n"": ""(2,)""}",tune,False,26,0.89744,0.89744,0.92258,0.84615,1.0,1.0,4.06266
itunes_amazon,"bm25_char n=(2,) k1=2.0 b=0.3 idf^3.0",bm25_char,"{""b"": 0.3, ""idf_exp"": 3.0, ""k1"": 2.0, ""n"": ""(2,)""}",tune,False,26,0.92949,0.92949,0.94734,0.88462,1.0,1.0,4.58054
itunes_amazon,"bm25_char n=(2,) k1=2.0 b=0.75 idf^1.0",bm25_char,"{""b"": 0.75, ""idf_exp"": 1.0, ""k1"": 2.0, ""n"": ""(2,)""}",tune,False,26,0.80863,0.80863,0.81273,0.76923,0.84615,1.0,4.86714
itunes_amazon,"bm25_char n=(2,) k1=2.0 b=0.75 idf^2.0",bm25_char,"{""b"": 0.75, ""idf_exp"": 2.0, ""k1"": 2.0, ""n"": ""(2,)""}",tune,False,26,0.9359,0.9359,0.95238,0.88462,1.0,1.0,4.99528
itunes_amazon,"bm25_char n=(2,) k1=2.0 b=0.75 idf^3.0",bm25_char,"{""b"": 0.75, ""idf_exp"": 3.0, ""k1"": 2.0, ""n"": ""(2,)""}",tune,False,26,0.91026,0.91026,0.93315,0.84615,1.0,1.0,5.10958
itunes_amazon,"bm25_char n=(2,) k1=2.0 b=1.0 idf^1.0",bm25_char,"{""b"": 1.0, ""idf_exp"": 1.0, ""k1"": 2.0, ""n"": ""(2,)""}",tune,False,26,0.81715,0.81715,0.82929,0.76923,0.88462,1.0,5.26439
itunes_amazon,"bm25_char n=(2,) k1=2.0 b=1.0 idf^2.0",bm25_char,"{""b"": 1.0, ""idf_exp"": 2.0, ""k1"": 2.0, ""n"": ""(2,)""}",tune,False,26,0.91667,0.91667,0.93818,0.84615,1.0,1.0,6.42831
itunes_amazon,"bm25_char n=(2,) k1=2.0 b=1.0 idf^3.0",bm25_char,"{""b"": 1.0, ""idf_exp"": 3.0, ""k1"": 2.0, ""n"": ""(2,)""}",tune,False,26,0.91026,0.91026,0.93315,0.84615,1.0,1.0,5.5758
itunes_amazon,"bm25_char n=(3,) k1=0.5 b=0.3 idf^1.0",bm25_char,"{""b"": 0.3, ""idf_exp"": 1.0, ""k1"": 0.5, ""n"": ""(3,)""}",tune,False,26,0.86305,0.86305,0.86538,0.84615,0.88462,1.0,6.37871
itunes_amazon,"bm25_char n=(3,) k1=0.5 b=0.3 idf^2.0",bm25_char,"{""b"": 0.3, ""idf_exp"": 2.0, ""k1"": 0.5, ""n"": ""(3,)""}",tune,False,26,0.91127,0.91127,0.92308,0.88462,0.96154,1.0,6.18218
itunes_amazon,"bm25_char n=(3,) k1=0.5 b=0.3 idf^3.0",bm25_char,"{""b"": 0.3, ""idf_exp"": 3.0, ""k1"": 0.5, ""n"": ""(3,)""}",tune,False,26,0.92216,0.92216,0.94093,0.88462,1.0,1.0,5.96065
itunes_amazon,"bm25_char n=(3,) k1=0.5 b=0.75 idf^1.0",bm25_char,"{""b"": 0.75, ""idf_exp"": 1.0, ""k1"": 0.5, ""n"": ""(3,)""}",tune,False,26,0.86384,0.86384,0.86538,0.84615,0.88462,1.0,5.81427
itunes_amazon,"bm25_char n=(3,) k1=0.5 b=0.75 idf^2.0",bm25_char,"{""b"": 0.75, ""idf_exp"": 2.0, ""k1"": 0.5, ""n"": ""(3,)""}",tune,False,26,0.9113,0.9113,0.92308,0.88462,0.96154,1.0,5.96948
itunes_amazon,"bm25_char n=(3,) k1=0.5 b=0.75 idf^3.0",bm25_char,"{""b"": 0.75, ""idf_exp"": 3.0, ""k1"": 0.5, ""n"": ""(3,)""}",tune,False,26,0.92628,0.92628,0.94468,0.88462,1.0,1.0,6.57258
itunes_amazon,"bm25_char n=(3,) k1=0.5 b=1.0 idf^1.0",bm25_char,"{""b"": 1.0, ""idf_exp"": 1.0, ""k1"": 0.5, ""n"": ""(3,)""}",tune,False,26,0.86566,0.86566,0.8765,0.84615,0.92308,1.0,6.75468
itunes_amazon,"bm25_char n=(3,) k1=0.5 b=1.0 idf^2.0",bm25_char,"{""b"": 1.0, ""idf_exp"": 2.0, ""k1"": 0.5, ""n"": ""(3,)""}",tune,False,26,0.9113,0.9113,0.92308,0.88462,0.96154,1.0,6.3253
itunes_amazon,"bm25_char n=(3,) k1=0.5 b=1.0 idf^3.0",bm25_char,"{""b"": 1.0, ""idf_exp"": 3.0, ""k1"": 0.5, ""n"": ""(3,)""}",tune,False,26,0.92628,0.92628,0.94468,0.88462,1.0,1.0,6.16816
itunes_amazon,"bm25_char n=(3,) k1=1.2 b=0.3 idf^1.0",bm25_char,"{""b"": 0.3, ""idf_exp"": 1.0, ""k1"": 1.2, ""n"": ""(3,)""}",tune,False,26,0.86305,0.86305,0.86538,0.84615,0.88462,1.0,5.89662
itunes_amazon,"bm25_char n=(3,) k1=1.2 b=0.3 idf^2.0",bm25_char,"{""b"": 0.3, ""idf_exp"": 2.0, ""k1"": 1.2, ""n"": ""(3,)""}",tune,False,26,0.91127,0.91127,0.92308,0.88462,0.96154,1.0,5.6767
itunes_amazon,"bm25_char n=(3,) k1=1.2 b=0.3 idf^3.0",bm25_char,"{""b"": 0.3, ""idf_exp"": 3.0, ""k1"": 1.2, ""n"": ""(3,)""}",tune,False,26,0.90171,0.90171,0.9255,0.84615,1.0,1.0,5.87039
itunes_amazon,"bm25_char n=(3,) k1=1.2 b=0.75 idf^1.0",bm25_char,"{""b"": 0.75, ""idf_exp"": 1.0, ""k1"": 1.2, ""n"": ""(3,)""}",tune,False,26,0.86951,0.86951,0.88026,0.84615,0.92308,1.0,5.78592
itunes_amazon,"bm25_char n=(3,) k1=1.2 b=0.75 idf^2.0",bm25_char,"{""b"": 0.75, ""idf_exp"": 2.0, ""k1"": 1.2, ""n"": ""(3,)""}",tune,False,26,0.9113,0.9113,0.92308,0.88462,0.96154,1.0,5.901
itunes_amazon,"bm25_char n=(3,) k1=1.2 b=0.75 idf^3.0",bm25_char,"{""b"": 0.75, ""idf_exp"": 3.0, ""k1"": 1.2, ""n"": ""(3,)""}",tune,False,26,0.92628,0.92628,0.94468,0.88462,1.0,1.0,5.40863
itunes_amazon,"bm25_char n=(3,) k1=1.2 b=1.0 idf^1.0",bm25_char,"{""b"": 1.0, ""idf_exp"": 1.0, ""k1"": 1.2, ""n"": ""(3,)""}",tune,False,26,0.87483,0.87483,0.88462,0.84615,0.92308,1.0,5.84409
itunes_amazon,"bm25_char n=(3,) k1=1.2 b=1.0 idf^2.0",bm25_char,"{""b"": 1.0, ""idf_exp"": 2.0, ""k1"": 1.2, ""n"": ""(3,)""}",tune,False,26,0.91771,0.91771,0.92811,0.88462,0.96154,1.0,5.87954
itunes_amazon,"bm25_char n=(3,) k1=1.2 b=1.0 idf^3.0",bm25_char,"{""b"": 1.0, ""idf_exp"": 3.0, ""k1"": 1.2, ""n"": ""(3,)""}",tune,False,26,0.9359,0.9359,0.95238,0.88462,1.0,1.0,5.61174
itunes_amazon,"bm25_char n=(3,) k1=2.0 b=0.3 idf^1.0",bm25_char,"{""b"": 0.3, ""idf_exp"": 1.0, ""k1"": 2.0, ""n"": ""(3,)""}",tune,False,26,0.86305,0.86305,0.86538,0.84615,0.88462,1.0,5.63042
itunes_amazon,"bm25_char n=(3,) k1=2.0 b=0.3 idf^2.0",bm25_char,"{""b"": 0.3, ""idf_exp"": 2.0, ""k1"": 2.0, ""n"": ""(3,)""}",tune,False,26,0.89204,0.89204,0.90888,0.84615,0.96154,1.0,5.04632
itunes_amazon,"bm25_char n=(3,) k1=2.0 b=0.3 idf^3.0",bm25_char,"{""b"": 0.3, ""idf_exp"": 3.0, ""k1"": 2.0, ""n"": ""(3,)""}",tune,False,26,0.90128,0.90128,0.92504,0.84615,1.0,1.0,5.79113
itunes_amazon,"bm25_char n=(3,) k1=2.0 b=0.75 idf^1.0",bm25_char,"{""b"": 0.75, ""idf_exp"": 1.0, ""k1"": 2.0, ""n"": ""(3,)""}",tune,False,26,0.87143,0.87143,0.88195,0.84615,0.92308,1.0,5.65805
itunes_amazon,"bm25_char n=(3,) k1=2.0 b=0.75 idf^2.0",bm25_char,"{""b"": 0.75, ""idf_exp"": 2.0, ""k1"": 2.0, ""n"": ""(3,)""}",tune,False,26,0.91771,0.91771,0.92811,0.88462,0.96154,1.0,5.64873
itunes_amazon,"bm25_char n=(3,) k1=2.0 b=0.75 idf^3.0",bm25_char,"{""b"": 0.75, ""idf_exp"": 3.0, ""k1"": 2.0, ""n"": ""(3,)""}",tune,False,26,0.92628,0.92628,0.94468,0.88462,1.0,1.0,5.6742
itunes_amazon,"bm25_char n=(3,) k1=2.0 b=1.0 idf^1.0",bm25_char,"{""b"": 1.0, ""idf_exp"": 1.0, ""k1"": 2.0, ""n"": ""(3,)""}",tune,False,26,0.87577,0.87577,0.88462,0.84615,0.92308,1.0,5.70122
itunes_amazon,"bm25_char n=(3,) k1=2.0 b=1.0 idf^2.0",bm25_char,"{""b"": 1.0, ""idf_exp"": 2.0, ""k1"": 2.0, ""n"": ""(3,)""}",tune,False,26,0.91783,0.91783,0.92811,0.88462,0.96154,1.0,5.67031
itunes_amazon,"bm25_char n=(3,) k1=2.0 b=1.0 idf^3.0",bm25_char,"{""b"": 1.0, ""idf_exp"": 3.0, ""k1"": 2.0, ""n"": ""(3,)""}",tune,False,26,0.95513,0.95513,0.96657,0.92308,1.0,1.0,5.8998
itunes_amazon,"bm25_char n=(4,) k1=0.5 b=0.3 idf^1.0",bm25_char,"{""b"": 0.3, ""idf_exp"": 1.0, ""k1"": 0.5, ""n"": ""(4,)""}",tune,False,26,0.86404,0.86404,0.86538,0.84615,0.88462,1.0,5.86537
itunes_amazon,"bm25_char n=(4,) k1=0.5 b=0.3 idf^2.0",bm25_char,"{""b"": 0.3, ""idf_exp"": 2.0, ""k1"": 0.5, ""n"": ""(4,)""}",tune,False,26,0.9113,0.9113,0.92308,0.88462,0.96154,1.0,5.9932
itunes_amazon,"bm25_char n=(4,) k1=0.5 b=0.3 idf^3.0",bm25_char,"{""b"": 0.3, ""idf_exp"": 3.0, ""k1"": 0.5, ""n"": ""(4,)""}",tune,False,26,0.95513,0.95513,0.96657,0.92308,1.0,1.0,6.13114
itunes_amazon,"bm25_char n=(4,) k1=0.5 b=0.75 idf^1.0",bm25_char,"{""b"": 0.75, ""idf_exp"": 1.0, ""k1"": 0.5, ""n"": ""(4,)""}",tune,False,26,0.8697,0.8697,0.88026,0.84615,0.92308,1.0,6.19923
itunes_amazon,"bm25_char n=(4,) k1=0.5 b=0.75 idf^2.0",bm25_char,"{""b"": 0.75, ""idf_exp"": 2.0, ""k1"": 0.5, ""n"": ""(4,)""}",tune,False,26,0.91771,0.91771,0.92811,0.88462,0.96154,1.0,5.90968
itunes_amazon,"bm25_char n=(4,) k1=0.5 b=0.75 idf^3.0",bm25_char,"{""b"": 0.75, ""idf_exp"": 3.0, ""k1"": 0.5, ""n"": ""(4,)""}",tune,False,26,0.95513,0.95513,0.96657,0.92308,1.0,1.0,5.74706
itunes_amazon,"bm25_char n=(4,) k1=0.5 b=1.0 idf^1.0",bm25_char,"{""b"": 1.0, ""idf_exp"": 1.0, ""k1"": 0.5, ""n"": ""(4,)""}",tune,False,26,0.87174,0.87174,0.88195,0.84615,0.92308,1.0,6.08542
itunes_amazon,"bm25_char n=(4,) k1=0.5 b=1.0 idf^2.0",bm25_char,"{""b"": 1.0, ""idf_exp"": 2.0, ""k1"": 0.5, ""n"": ""(4,)""}",tune,False,26,0.91795,0.91795,0.92811,0.88462,0.96154,1.0,6.19948
itunes_amazon,"bm25_char n=(4,) k1=0.5 b=1.0 idf^3.0",bm25_char,"{""b"": 1.0, ""idf_exp"": 3.0, ""k1"": 0.5, ""n"": ""(4,)""}",tune,False,26,0.95513,0.95513,0.96657,0.92308,1.0,1.0,6.30738
itunes_amazon,"bm25_char n=(4,) k1=1.2 b=0.3 idf^1.0",bm25_char,"{""b"": 0.3, ""idf_exp"": 1.0, ""k1"": 1.2, ""n"": ""(4,)""}",tune,False,26,0.86457,0.86457,0.86538,0.84615,0.88462,1.0,6.08903
itunes_amazon,"bm25_char n=(4,) k1=1.2 b=0.3 idf^2.0",bm25_char,"{""b"": 0.3, ""idf_exp"": 2.0, ""k1"": 1.2, ""n"": ""(4,)""}",tune,False,26,0.9113,0.9113,0.92308,0.88462,0.96154,1.0,6.04082
itunes_amazon,"bm25_char n=(4,) k1=1.2 b=0.3 idf^3.0",bm25_char,"{""b"": 0.3, ""idf_exp"": 3.0, ""k1"": 1.2, ""n"": ""(4,)""}",tune,False,26,0.95513,0.95513,0.96657,0.92308,1.0,1.0,6.04612
itunes_amazon,"bm25_char n=(4,) k1=1.2 b=0.75 idf^1.0",bm25_char,"{""b"": 0.75, ""idf_exp"": 1.0, ""k1"": 1.2, ""n"": ""(4,)""}",tune,False,26,0.87494,0.87494,0.88462,0.84615,0.92308,1.0,5.8028
itunes_amazon,"bm25_char n=(4,) k1=1.2 b=0.75 idf^2.0",bm25_char,"{""b"": 0.75, ""idf_exp"": 2.0, ""k1"": 1.2, ""n"": ""(4,)""}",tune,False,26,0.91787,0.91787,0.92811,0.88462,0.96154,1.0,5.91179
itunes_amazon,"bm25_char n=(4,) k1=1.2 b=0.75 idf^3.0",bm25_char,"{""b"": 0.75, ""idf_exp"": 3.0, ""k1"": 1.2, ""n"": ""(4,)""}",tune,False,26,0.95513,0.95513,0.96657,0.92308,1.0,1.0,5.94617
itunes_amazon,"bm25_char n=(4,) k1=1.2 b=1.0 idf^1.0",bm25_char,"{""b"": 1.0, ""idf_exp"": 1.0, ""k1"": 1.2, ""n"": ""(4,)""}",tune,False,26,0.88242,0.88242,0.90118,0.84615,0.96154,1.0,6.29538
itunes_amazon,"bm25_char n=(4,) k1=1.2 b=1.0 idf^2.0",bm25_char,"{""b"": 1.0, ""idf_exp"": 2.0, ""k1"": 1.2, ""n"": ""(4,)""}",tune,False,26,0.92216,0.92216,0.94093,0.88462,1.0,1.0,6.03644
itunes_amazon,"bm25_char n=(4,) k1=1.2 b=1.0 idf^3.0",bm25_char,"{""b"": 1.0, ""idf_exp"": 3.0, ""k1"": 1.2, ""n"": ""(4,)""}",tune,False,26,0.95513,0.95513,0.96657,0.92308,1.0,1.0,5.99044
itunes_amazon,"bm25_char n=(4,) k1=2.0 b=0.3 idf^1.0",bm25_char,"{""b"": 0.3, ""idf_exp"": 1.0, ""k1"": 2.0, ""n"": ""(4,)""}",tune,False,26,0.86935,0.86935,0.88026,0.84615,0.92308,1.0,5.81252
itunes_amazon,"bm25_char n=(4,) k1=2.0 b=0.3 idf^2.0",bm25_char,"{""b"": 0.3, ""idf_exp"": 2.0, ""k1"": 2.0, ""n"": ""(4,)""}",tune,False,26,0.91771,0.91771,0.92811,0.88462,0.96154,1.0,5.7217
itunes_amazon,"bm25_char n=(4,) k1=2.0 b=0.3 idf^3.0",bm25_char,"{""b"": 0.3, ""idf_exp"": 3.0, ""k1"": 2.0, ""n"": ""(4,)""}",tune,False,26,0.95513,0.95513,0.96657,0.92308,1.0,1.0,5.94213
itunes_amazon,"bm25_char n=(4,) k1=2.0 b=0.75 idf^1.0",bm25_char,"{""b"": 0.75, ""idf_exp"": 1.0, ""k1"": 2.0, ""n"": ""(4,)""}",tune,False,26,0.87537,0.87537,0.88462,0.84615,0.92308,1.0,5.73025
itunes_amazon,"bm25_char n=(4,) k1=2.0 b=0.75 idf^2.0",bm25_char,"{""b"": 0.75, ""idf_exp"": 2.0, ""k1"": 2.0, ""n"": ""(4,)""}",tune,False,26,0.91827,0.91827,0.92811,0.88462,0.96154,1.0,6.1735
itunes_amazon,"bm25_char n=(4,) k1=2.0 b=0.75 idf^3.0",bm25_char,"{""b"": 0.75, ""idf_exp"": 3.0, ""k1"": 2.0, ""n"": ""(4,)""}",tune,False,26,0.95513,0.95513,0.96657,0.92308,1.0,1.0,5.95023
itunes_amazon,"bm25_char n=(4,) k1=2.0 b=1.0 idf^1.0",bm25_char,"{""b"": 1.0, ""idf_exp"": 1.0, ""k1"": 2.0, ""n"": ""(4,)""}",tune,False,26,0.89204,0.89204,0.90888,0.84615,0.96154,1.0,5.97495
itunes_amazon,"bm25_char n=(4,) k1=2.0 b=1.0 idf^2.0",bm25_char,"{""b"": 1.0, ""idf_exp"": 2.0, ""k1"": 2.0, ""n"": ""(4,)""}",tune,False,26,0.92628,0.92628,0.94468,0.88462,1.0,1.0,6.35929
itunes_amazon,"bm25_char n=(4,) k1=2.0 b=1.0 idf^3.0",bm25_char,"{""b"": 1.0, ""idf_exp"": 3.0, ""k1"": 2.0, ""n"": ""(4,)""}",tune,False,26,0.95513,0.95513,0.96657,0.92308,1.0,1.0,5.99438
itunes_amazon,"bm25_char n=(2, 3) k1=0.5 b=0.3 idf^1.0",bm25_char,"{""b"": 0.3, ""idf_exp"": 1.0, ""k1"": 0.5, ""n"": ""(2, 3)""}",tune,False,26,0.86305,0.86305,0.86538,0.84615,0.88462,1.0,9.72601
itunes_amazon,"bm25_char n=(2, 3) k1=0.5 b=0.3 idf^2.0",bm25_char,"{""b"": 0.3, ""idf_exp"": 2.0, ""k1"": 0.5, ""n"": ""(2, 3)""}",tune,False,26,0.9113,0.9113,0.92308,0.88462,0.96154,1.0,9.67682
itunes_amazon,"bm25_char n=(2, 3) k1=0.5 b=0.3 idf^3.0",bm25_char,"{""b"": 0.3, ""idf_exp"": 3.0, ""k1"": 0.5, ""n"": ""(2, 3)""}",tune,False,26,0.92628,0.92628,0.94468,0.88462,1.0,1.0,9.68995
itunes_amazon,"bm25_char n=(2, 3) k1=0.5 b=0.75 idf^1.0",bm25_char,"{""b"": 0.75, ""idf_exp"": 1.0, ""k1"": 0.5, ""n"": ""(2, 3)""}",tune,False,26,0.86387,0.86387,0.86538,0.84615,0.88462,1.0,9.97902
itunes_amazon,"bm25_char n=(2, 3) k1=0.5 b=0.75 idf^2.0",bm25_char,"{""b"": 0.75, ""idf_exp"": 2.0, ""k1"": 0.5, ""n"": ""(2, 3)""}",tune,False,26,0.9113,0.9113,0.92308,0.88462,0.96154,1.0,9.47248
itunes_amazon,"bm25_char n=(2, 3) k1=0.5 b=0.75 idf^3.0",bm25_char,"{""b"": 0.75, ""idf_exp"": 3.0, ""k1"": 0.5, ""n"": ""(2, 3)""}",tune,False,26,0.92949,0.92949,0.94734,0.88462,1.0,1.0,9.21743
itunes_amazon,"bm25_char n=(2, 3) k1=0.5 b=1.0 idf^1.0",bm25_char,"{""b"": 1.0, ""idf_exp"": 1.0, ""k1"": 0.5, ""n"": ""(2, 3)""}",tune,False,26,0.86408,0.86408,0.86538,0.84615,0.88462,1.0,10.20054
itunes_amazon,"bm25_char n=(2, 3) k1=0.5 b=1.0 idf^2.0",bm25_char,"{""b"": 1.0, ""idf_exp"": 2.0, ""k1"": 0.5, ""n"": ""(2, 3)""}",tune,False,26,0.9113,0.9113,0.92308,0.88462,0.96154,1.0,11.86158
itunes_amazon,"bm25_char n=(2, 3) k1=0.5 b=1.0 idf^3.0",bm25_char,"{""b"": 1.0, ""idf_exp"": 3.0, ""k1"": 0.5, ""n"": ""(2, 3)""}",tune,False,26,0.95513,0.95513,0.96657,0.92308,1.0,1.0,11.91541
itunes_amazon,"bm25_char n=(2, 3) k1=1.2 b=0.3 idf^1.0",bm25_char,"{""b"": 0.3, ""idf_exp"": 1.0, ""k1"": 1.2, ""n"": ""(2, 3)""}",tune,False,26,0.84382,0.84382,0.85119,0.80769,0.88462,1.0,11.91415
itunes_amazon,"bm25_char n=(2, 3) k1=1.2 b=0.3 idf^2.0",bm25_char,"{""b"": 0.3, ""idf_exp"": 2.0, ""k1"": 1.2, ""n"": ""(2, 3)""}",tune,False,26,0.91127,0.91127,0.92308,0.88462,0.96154,1.0,12.56186
itunes_amazon,"bm25_char n=(2, 3) k1=1.2 b=0.3 idf^3.0",bm25_char,"{""b"": 0.3, ""idf_exp"": 3.0, ""k1"": 1.2, ""n"": ""(2, 3)""}",tune,False,26,0.92628,0.92628,0.94468,0.88462,1.0,1.0,10.37115
itunes_amazon,"bm25_char n=(2, 3) k1=1.2 b=0.75 idf^1.0",bm25_char,"{""b"": 0.75, ""idf_exp"": 1.0, ""k1"": 1.2, ""n"": ""(2, 3)""}",tune,False,26,0.86558,0.86558,0.8765,0.84615,0.92308,1.0,9.80703
itunes_amazon,"bm25_char n=(2, 3) k1=1.2 b=0.75 idf^2.0",bm25_char,"{""b"": 0.75, ""idf_exp"": 2.0, ""k1"": 1.2, ""n"": ""(2, 3)""}",tune,False,26,0.9113,0.9113,0.92308,0.88462,0.96154,1.0,10.5208
itunes_amazon,"bm25_char n=(2, 3) k1=1.2 b=0.75 idf^3.0",bm25_char,"{""b"": 0.75, ""idf_exp"": 3.0, ""k1"": 1.2, ""n"": ""(2, 3)""}",tune,False,26,0.95513,0.95513,0.96657,0.92308,1.0,1.0,11.85698
itunes_amazon,"bm25_char n=(2, 3) k1=1.2 b=1.0 idf^1.0",bm25_char,"{""b"": 1.0, ""idf_exp"": 1.0, ""k1"": 1.2, ""n"": ""(2, 3)""}",tune,False,26,0.87143,0.87143,0.88195,0.84615,0.92308,1.0,12.26839
itunes_amazon,"bm25_char n=(2, 3) k1=1.2 b=1.0 idf^2.0",bm25_char,"{""b"": 1.0, ""idf_exp"": 2.0, ""k1"": 1.2, ""n"": ""(2, 3)""}",tune,False,26,0.91941,0.91941,0.92811,0.88462,0.96154,1.0,11.57145
itunes_amazon,"bm25_char n=(2, 3) k1=1.2 b=1.0 idf^3.0",bm25_char,"{""b"": 1.0, ""idf_exp"": 3.0, ""k1"": 1.2, ""n"": ""(2, 3)""}",tune,False,26,0.95513,0.95513,0.96657,0.92308,1.0,1.0,11.99979
itunes_amazon,"bm25_char n=(2, 3) k1=2.0 b=0.3 idf^1.0",bm25_char,"{""b"": 0.3, ""idf_exp"": 1.0, ""k1"": 2.0, ""n"": ""(2, 3)""}",tune,False,26,0.84382,0.84382,0.85119,0.80769,0.88462,1.0,11.56803
itunes_amazon,"bm25_char n=(2, 3) k1=2.0 b=0.3 idf^2.0",bm25_char,"{""b"": 0.3, ""idf_exp"": 2.0, ""k1"": 2.0, ""n"": ""(2, 3)""}",tune,False,26,0.91127,0.91127,0.92308,0.88462,0.96154,1.0,11.8174
itunes_amazon,"bm25_char n=(2, 3) k1=2.0 b=0.3 idf^3.0",bm25_char,"{""b"": 0.3, ""idf_exp"": 3.0, ""k1"": 2.0, ""n"": ""(2, 3)""}",tune,False,26,0.92628,0.92628,0.94468,0.88462,1.0,1.0,10.68418
itunes_amazon,"bm25_char n=(2, 3) k1=2.0 b=0.75 idf^1.0",bm25_char,"{""b"": 0.75, ""idf_exp"": 1.0, ""k1"": 2.0, ""n"": ""(2, 3)""}",tune,False,26,0.86807,0.86807,0.87908,0.84615,0.92308,1.0,9.9353
itunes_amazon,"bm25_char n=(2, 3) k1=2.0 b=0.75 idf^2.0",bm25_char,"{""b"": 0.75, ""idf_exp"": 2.0, ""k1"": 2.0, ""n"": ""(2, 3)""}",tune,False,26,0.91771,0.91771,0.92811,0.88462,0.96154,1.0,10.13945
itunes_amazon,"bm25_char n=(2, 3) k1=2.0 b=0.75 idf^3.0",bm25_char,"{""b"": 0.75, ""idf_exp"": 3.0, ""k1"": 2.0, ""n"": ""(2, 3)""}",tune,False,26,0.95513,0.95513,0.96657,0.92308,1.0,1.0,10.49743
itunes_amazon,"bm25_char n=(2, 3) k1=2.0 b=1.0 idf^1.0",bm25_char,"{""b"": 1.0, ""idf_exp"": 1.0, ""k1"": 2.0, ""n"": ""(2, 3)""}",tune,False,26,0.87464,0.87464,0.88462,0.84615,0.92308,1.0,10.59613
itunes_amazon,"bm25_char n=(2, 3) k1=2.0 b=1.0 idf^2.0",bm25_char,"{""b"": 1.0, ""idf_exp"": 2.0, ""k1"": 2.0, ""n"": ""(2, 3)""}",tune,False,26,0.92051,0.92051,0.93923,0.88462,1.0,1.0,10.33596
itunes_amazon,"bm25_char n=(2, 3) k1=2.0 b=1.0 idf^3.0",bm25_char,"{""b"": 1.0, ""idf_exp"": 3.0, ""k1"": 2.0, ""n"": ""(2, 3)""}",tune,False,26,0.95513,0.95513,0.96657,0.92308,1.0,1.0,10.01031
itunes_amazon,"bm25_char n=(2, 4) k1=0.5 b=0.3 idf^1.0",bm25_char,"{""b"": 0.3, ""idf_exp"": 1.0, ""k1"": 0.5, ""n"": ""(2, 4)""}",tune,False,26,0.86395,0.86395,0.86538,0.84615,0.88462,1.0,10.18464
itunes_amazon,"bm25_char n=(2, 4) k1=0.5 b=0.3 idf^2.0",bm25_char,"{""b"": 0.3, ""idf_exp"": 2.0, ""k1"": 0.5, ""n"": ""(2, 4)""}",tune,False,26,0.9113,0.9113,0.92308,0.88462,0.96154,1.0,10.0943
itunes_amazon,"bm25_char n=(2, 4) k1=0.5 b=0.3 idf^3.0",bm25_char,"{""b"": 0.3, ""idf_exp"": 3.0, ""k1"": 0.5, ""n"": ""(2, 4)""}",tune,False,26,0.95513,0.95513,0.96657,0.92308,1.0,1.0,9.91058
itunes_amazon,"bm25_char n=(2, 4) k1=0.5 b=0.75 idf^1.0",bm25_char,"{""b"": 0.75, ""idf_exp"": 1.0, ""k1"": 0.5, ""n"": ""(2, 4)""}",tune,False,26,0.86415,0.86415,0.86538,0.84615,0.88462,1.0,10.2266
itunes_amazon,"bm25_char n=(2, 4) k1=0.5 b=0.75 idf^2.0",bm25_char,"{""b"": 0.75, ""idf_exp"": 2.0, ""k1"": 0.5, ""n"": ""(2, 4)""}",tune,False,26,0.91174,0.91174,0.92308,0.88462,0.96154,1.0,10.34633
itunes_amazon,"bm25_char n=(2, 4) k1=0.5 b=0.75 idf^3.0",bm25_char,"{""b"": 0.75, ""idf_exp"": 3.0, ""k1"": 0.5, ""n"": ""(2, 4)""}",tune,False,26,0.95513,0.95513,0.96657,0.92308,1.0,1.0,10.20393
itunes_amazon,"bm25_char n=(2, 4) k1=0.5 b=1.0 idf^1.0",bm25_char,"{""b"": 1.0, ""idf_exp"": 1.0, ""k1"": 0.5, ""n"": ""(2, 4)""}",tune,False,26,0.86751,0.86751,0.87821,0.84615,0.92308,1.0,9.61505
itunes_amazon,"bm25_char n=(2, 4) k1=0.5 b=1.0 idf^2.0",bm25_char,"{""b"": 1.0, ""idf_exp"": 2.0, ""k1"": 0.5, ""n"": ""(2, 4)""}",tune,False,26,0.92094,0.92094,0.93969,0.88462,1.0,1.0,9.59628
itunes_amazon,"bm25_char n=(2, 4) k1=0.5 b=1.0 idf^3.0",bm25_char,"{""b"": 1.0, ""idf_exp"": 3.0, ""k1"": 0.5, ""n"": ""(2, 4)""}",tune,False,26,0.95513,0.95513,0.96657,0.92308,1.0,1.0,10.11379
itunes_amazon,"bm25_char n=(2, 4) k1=1.2 b=0.3 idf^1.0",bm25_char,"{""b"": 0.3, ""idf_exp"": 1.0, ""k1"": 1.2, ""n"": ""(2, 4)""}",tune,False,26,0.86345,0.86345,0.86538,0.84615,0.88462,1.0,9.96432
itunes_amazon,"bm25_char n=(2, 4) k1=1.2 b=0.3 idf^2.0",bm25_char,"{""b"": 0.3, ""idf_exp"": 2.0, ""k1"": 1.2, ""n"": ""(2, 4)""}",tune,False,26,0.9113,0.9113,0.92308,0.88462,0.96154,1.0,10.4201
itunes_amazon,"bm25_char n=(2, 4) k1=1.2 b=0.3 idf^3.0",bm25_char,"{""b"": 0.3, ""idf_exp"": 3.0, ""k1"": 1.2, ""n"": ""(2, 4)""}",tune,False,26,0.95513,0.95513,0.96657,0.92308,1.0,1.0,10.56854
itunes_amazon,"bm25_char n=(2, 4) k1=1.2 b=0.75 idf^1.0",bm25_char,"{""b"": 0.75, ""idf_exp"": 1.0, ""k1"": 1.2, ""n"": ""(2, 4)""}",tune,False,26,0.87163,0.87163,0.88195,0.84615,0.92308,1.0,9.92791
itunes_amazon,"bm25_char n=(2, 4) k1=1.2 b=0.75 idf^2.0",bm25_char,"{""b"": 0.75, ""idf_exp"": 2.0, ""k1"": 1.2, ""n"": ""(2, 4)""}",tune,False,26,0.91987,0.91987,0.92811,0.88462,0.96154,1.0,10.09223
itunes_amazon,"bm25_char n=(2, 4) k1=1.2 b=0.75 idf^3.0",bm25_char,"{""b"": 0.75, ""idf_exp"": 3.0, ""k1"": 1.2, ""n"": ""(2, 4)""}",tune,False,26,0.95513,0.95513,0.96657,0.92308,1.0,1.0,9.74034
itunes_amazon,"bm25_char n=(2, 4) k1=1.2 b=1.0 idf^1.0",bm25_char,"{""b"": 1.0, ""idf_exp"": 1.0, ""k1"": 1.2, ""n"": ""(2, 4)""}",tune,False,26,0.87537,0.87537,0.88462,0.84615,0.92308,1.0,10.35525
itunes_amazon,"bm25_char n=(2, 4) k1=1.2 b=1.0 idf^2.0",bm25_char,"{""b"": 1.0, ""idf_exp"": 2.0, ""k1"": 1.2, ""n"": ""(2, 4)""}",tune,False,26,0.92628,0.92628,0.94468,0.88462,1.0,1.0,10.287
itunes_amazon,"bm25_char n=(2, 4) k1=1.2 b=1.0 idf^3.0",bm25_char,"{""b"": 1.0, ""idf_exp"": 3.0, ""k1"": 1.2, ""n"": ""(2, 4)""}",tune,False,26,0.95513,0.95513,0.96657,0.92308,1.0,1.0,10.34357
itunes_amazon,"bm25_char n=(2, 4) k1=2.0 b=0.3 idf^1.0",bm25_char,"{""b"": 0.3, ""idf_exp"": 1.0, ""k1"": 2.0, ""n"": ""(2, 4)""}",tune,False,26,0.86316,0.86316,0.86538,0.84615,0.88462,1.0,9.74373
itunes_amazon,"bm25_char n=(2, 4) k1=2.0 b=0.3 idf^2.0",bm25_char,"{""b"": 0.3, ""idf_exp"": 2.0, ""k1"": 2.0, ""n"": ""(2, 4)""}",tune,False,26,0.9113,0.9113,0.92308,0.88462,0.96154,1.0,11.93495
itunes_amazon,"bm25_char n=(2, 4) k1=2.0 b=0.3 idf^3.0",bm25_char,"{""b"": 0.3, ""idf_exp"": 3.0, ""k1"": 2.0, ""n"": ""(2, 4)""}",tune,False,26,0.95513,0.95513,0.96657,0.92308,1.0,1.0,14.17592
itunes_amazon,"bm25_char n=(2, 4) k1=2.0 b=0.75 idf^1.0",bm25_char,"{""b"": 0.75, ""idf_exp"": 1.0, ""k1"": 2.0, ""n"": ""(2, 4)""}",tune,False,26,0.87483,0.87483,0.88462,0.84615,0.92308,1.0,13.81329
itunes_amazon,"bm25_char n=(2, 4) k1=2.0 b=0.75 idf^2.0",bm25_char,"{""b"": 0.75, ""idf_exp"": 2.0, ""k1"": 2.0, ""n"": ""(2, 4)""}",tune,False,26,0.92016,0.92016,0.92811,0.88462,0.96154,1.0,12.77092
itunes_amazon,"bm25_char n=(2, 4) k1=2.0 b=0.75 idf^3.0",bm25_char,"{""b"": 0.75, ""idf_exp"": 3.0, ""k1"": 2.0, ""n"": ""(2, 4)""}",tune,False,26,0.95513,0.95513,0.96657,0.92308,1.0,1.0,11.40241
itunes_amazon,"bm25_char n=(2, 4) k1=2.0 b=1.0 idf^1.0",bm25_char,"{""b"": 1.0, ""idf_exp"": 1.0, ""k1"": 2.0, ""n"": ""(2, 4)""}",tune,False,26,0.87922,0.87922,0.89832,0.84615,0.96154,1.0,11.49626
itunes_amazon,"bm25_char n=(2, 4) k1=2.0 b=1.0 idf^2.0",bm25_char,"{""b"": 1.0, ""idf_exp"": 2.0, ""k1"": 2.0, ""n"": ""(2, 4)""}",tune,False,26,0.92628,0.92628,0.94468,0.88462,1.0,1.0,11.73013
itunes_amazon,"bm25_char n=(2, 4) k1=2.0 b=1.0 idf^3.0",bm25_char,"{""b"": 1.0, ""idf_exp"": 3.0, ""k1"": 2.0, ""n"": ""(2, 4)""}",tune,False,26,0.95513,0.95513,0.96657,0.92308,1.0,1.0,10.92196
itunes_amazon,"bm25_char n=(3, 4) k1=0.5 b=0.3 idf^1.0",bm25_char,"{""b"": 0.3, ""idf_exp"": 1.0, ""k1"": 0.5, ""n"": ""(3, 4)""}",tune,False,26,0.86384,0.86384,0.86538,0.84615,0.88462,1.0,11.99966
itunes_amazon,"bm25_char n=(3, 4) k1=0.5 b=0.3 idf^2.0",bm25_char,"{""b"": 0.3, ""idf_exp"": 2.0, ""k1"": 0.5, ""n"": ""(3, 4)""}",tune,False,26,0.9113,0.9113,0.92308,0.88462,0.96154,1.0,12.10373
itunes_amazon,"bm25_char n=(3, 4) k1=0.5 b=0.3 idf^3.0",bm25_char,"{""b"": 0.3, ""idf_exp"": 3.0, ""k1"": 0.5, ""n"": ""(3, 4)""}",tune,False,26,0.92628,0.92628,0.94468,0.88462,1.0,1.0,12.03065
itunes_amazon,"bm25_char n=(3, 4) k1=0.5 b=0.75 idf^1.0",bm25_char,"{""b"": 0.75, ""idf_exp"": 1.0, ""k1"": 0.5, ""n"": ""(3, 4)""}",tune,False,26,0.86522,0.86522,0.86538,0.84615,0.88462,1.0,11.7755
itunes_amazon,"bm25_char n=(3, 4) k1=0.5 b=0.75 idf^2.0",bm25_char,"{""b"": 0.75, ""idf_exp"": 2.0, ""k1"": 0.5, ""n"": ""(3, 4)""}",tune,False,26,0.9113,0.9113,0.92308,0.88462,0.96154,1.0,13.81006
itunes_amazon,"bm25_char n=(3, 4) k1=0.5 b=0.75 idf^3.0",bm25_char,"{""b"": 0.75, ""idf_exp"": 3.0, ""k1"": 0.5, ""n"": ""(3, 4)""}",tune,False,26,0.95513,0.95513,0.96657,0.92308,1.0,1.0,12.68485
itunes_amazon,"bm25_char n=(3, 4) k1=0.5 b=1.0 idf^1.0",bm25_char,"{""b"": 1.0, ""idf_exp"": 1.0, ""k1"": 0.5, ""n"": ""(3, 4)""}",tune,False,26,0.8697,0.8697,0.88026,0.84615,0.92308,1.0,12.38954
itunes_amazon,"bm25_char n=(3, 4) k1=0.5 b=1.0 idf^2.0",bm25_char,"{""b"": 1.0, ""idf_exp"": 2.0, ""k1"": 0.5, ""n"": ""(3, 4)""}",tune,False,26,0.9113,0.9113,0.92308,0.88462,0.96154,1.0,11.42507
itunes_amazon,"bm25_char n=(3, 4) k1=0.5 b=1.0 idf^3.0",bm25_char,"{""b"": 1.0, ""idf_exp"": 3.0, ""k1"": 0.5, ""n"": ""(3, 4)""}",tune,False,26,0.95513,0.95513,0.96657,0.92308,1.0,1.0,11.69254
itunes_amazon,"bm25_char n=(3, 4) k1=1.2 b=0.3 idf^1.0",bm25_char,"{""b"": 0.3, ""idf_exp"": 1.0, ""k1"": 1.2, ""n"": ""(3, 4)""}",tune,False,26,0.86338,0.86338,0.86538,0.84615,0.88462,1.0,11.61739
itunes_amazon,"bm25_char n=(3, 4) k1=1.2 b=0.3 idf^2.0",bm25_char,"{""b"": 0.3, ""idf_exp"": 2.0, ""k1"": 1.2, ""n"": ""(3, 4)""}",tune,False,26,0.91127,0.91127,0.92308,0.88462,0.96154,1.0,11.83213
itunes_amazon,"bm25_char n=(3, 4) k1=1.2 b=0.3 idf^3.0",bm25_char,"{""b"": 0.3, ""idf_exp"": 3.0, ""k1"": 1.2, ""n"": ""(3, 4)""}",tune,False,26,0.92628,0.92628,0.94468,0.88462,1.0,1.0,11.85084
itunes_amazon,"bm25_char n=(3, 4) k1=1.2 b=0.75 idf^1.0",bm25_char,"{""b"": 0.75, ""idf_exp"": 1.0, ""k1"": 1.2, ""n"": ""(3, 4)""}",tune,False,26,0.87163,0.87163,0.88195,0.84615,0.92308,1.0,12.30596
itunes_amazon,"bm25_char n=(3, 4) k1=1.2 b=0.75 idf^2.0",bm25_char,"{""b"": 0.75, ""idf_exp"": 2.0, ""k1"": 1.2, ""n"": ""(3, 4)""}",tune,False,26,0.91771,0.91771,0.92811,0.88462,0.96154,1.0,13.34494
itunes_amazon,"bm25_char n=(3, 4) k1=1.2 b=0.75 idf^3.0",bm25_char,"{""b"": 0.75, ""idf_exp"": 3.0, ""k1"": 1.2, ""n"": ""(3, 4)""}",tune,False,26,0.95513,0.95513,0.96657,0.92308,1.0,1.0,11.90757
itunes_amazon,"bm25_char n=(3, 4) k1=1.2 b=1.0 idf^1.0",bm25_char,"{""b"": 1.0, ""idf_exp"": 1.0, ""k1"": 1.2, ""n"": ""(3, 4)""}",tune,False,26,0.8763,0.8763,0.88462,0.84615,0.92308,1.0,11.69588
itunes_amazon,"bm25_char n=(3, 4) k1=1.2 b=1.0 idf^2.0",bm25_char,"{""b"": 1.0, ""idf_exp"": 2.0, ""k1"": 1.2, ""n"": ""(3, 4)""}",tune,False,26,0.91834,0.91834,0.92811,0.88462,0.96154,1.0,12.15899
itunes_amazon,"bm25_char n=(3, 4) k1=1.2 b=1.0 idf^3.0",bm25_char,"{""b"": 1.0, ""idf_exp"": 3.0, ""k1"": 1.2, ""n"": ""(3, 4)""}",tune,False,26,0.95513,0.95513,0.96657,0.92308,1.0,1.0,12.1297
itunes_amazon,"bm25_char n=(3, 4) k1=2.0 b=0.3 idf^1.0",bm25_char,"{""b"": 0.3, ""idf_exp"": 1.0, ""k1"": 2.0, ""n"": ""(3, 4)""}",tune,False,26,0.86343,0.86343,0.86538,0.84615,0.88462,1.0,11.82607
itunes_amazon,"bm25_char n=(3, 4) k1=2.0 b=0.3 idf^2.0",bm25_char,"{""b"": 0.3, ""idf_exp"": 2.0, ""k1"": 2.0, ""n"": ""(3, 4)""}",tune,False,26,0.91127,0.91127,0.92308,0.88462,0.96154,1.0,11.40855
itunes_amazon,"bm25_char n=(3, 4) k1=2.0 b=0.3 idf^3.0",bm25_char,"{""b"": 0.3, ""idf_exp"": 3.0, ""k1"": 2.0, ""n"": ""(3, 4)""}",tune,False,26,0.92628,0.92628,0.94468,0.88462,1.0,1.0,11.25907
itunes_amazon,"bm25_char n=(3, 4) k1=2.0 b=0.75 idf^1.0",bm25_char,"{""b"": 0.75, ""idf_exp"": 1.0, ""k1"": 2.0, ""n"": ""(3, 4)""}",tune,False,26,0.87483,0.87483,0.88462,0.84615,0.92308,1.0,11.74686
itunes_amazon,"bm25_char n=(3, 4) k1=2.0 b=0.75 idf^2.0",bm25_char,"{""b"": 0.75, ""idf_exp"": 2.0, ""k1"": 2.0, ""n"": ""(3, 4)""}",tune,False,26,0.91774,0.91774,0.92811,0.88462,0.96154,1.0,12.2807
itunes_amazon,"bm25_char n=(3, 4) k1=2.0 b=0.75 idf^3.0",bm25_char,"{""b"": 0.75, ""idf_exp"": 3.0, ""k1"": 2.0, ""n"": ""(3, 4)""}",tune,False,26,0.95513,0.95513,0.96657,0.92308,1.0,1.0,13.56935
itunes_amazon,"bm25_char n=(3, 4) k1=2.0 b=1.0 idf^1.0",bm25_char,"{""b"": 1.0, ""idf_exp"": 1.0, ""k1"": 2.0, ""n"": ""(3, 4)""}",tune,False,26,0.88242,0.88242,0.90118,0.84615,0.96154,1.0,12.68488
itunes_amazon,"bm25_char n=(3, 4) k1=2.0 b=1.0 idf^2.0",bm25_char,"{""b"": 1.0, ""idf_exp"": 2.0, ""k1"": 2.0, ""n"": ""(3, 4)""}",tune,False,26,0.91987,0.91987,0.92811,0.88462,0.96154,1.0,11.48358
itunes_amazon,"bm25_char n=(3, 4) k1=2.0 b=1.0 idf^3.0",bm25_char,"{""b"": 1.0, ""idf_exp"": 3.0, ""k1"": 2.0, ""n"": ""(3, 4)""}",tune,False,26,0.95513,0.95513,0.96657,0.92308,1.0,1.0,11.62314
itunes_amazon,"bm25_char n=(3,) k1=2.0 b=1.0 idf^3.0",bm25_char,"{""b"": 1.0, ""idf_exp"": 3.0, ""k1"": 2.0, ""n"": ""(3,)""}",test,True,26,0.95,0.95,0.96222,0.92308,1.0,1.0,5.7405
itunes_amazon,"tfidf_char n=(2,)",tfidf_char,"{""n"": ""(2,)""}",tune,False,26,0.95513,0.95513,0.96657,0.92308,1.0,1.0,3.16025
itunes_amazon,"tfidf_char n=(3,)",tfidf_char,"{""n"": ""(3,)""}",tune,False,26,0.92628,0.92628,0.94468,0.88462,1.0,1.0,6.70155
itunes_amazon,"tfidf_char n=(4,)",tfidf_char,"{""n"": ""(4,)""}",tune,False,26,0.9359,0.9359,0.95238,0.88462,1.0,1.0,4.58892
itunes_amazon,"tfidf_char n=(2, 3)",tfidf_char,"{""n"": ""(2, 3)""}",tune,False,26,0.92628,0.92628,0.94468,0.88462,1.0,1.0,8.70228
itunes_amazon,"tfidf_char n=(2, 4)",tfidf_char,"{""n"": ""(2, 4)""}",tune,False,26,0.95513,0.95513,0.96657,0.92308,1.0,1.0,8.93542
itunes_amazon,"tfidf_char n=(3, 4)",tfidf_char,"{""n"": ""(3, 4)""}",tune,False,26,0.92628,0.92628,0.94468,0.88462,1.0,1.0,9.22352
itunes_amazon,"tfidf_char n=(2,)",tfidf_char,"{""n"": ""(2,)""}",test,True,26,0.98077,0.98077,0.9858,0.96154,1.0,1.0,3.3054
itunes_amazon,bm25_word k1=0.5 b=0.3,bm25_word,"{""b"": 0.3, ""idf_exp"": 1.0, ""k1"": 0.5}",tune,False,26,0.86508,0.86508,0.86538,0.84615,0.88462,1.0,1.49293
itunes_amazon,bm25_word k1=0.5 b=0.75,bm25_word,"{""b"": 0.75, ""idf_exp"": 1.0, ""k1"": 0.5}",tune,False,26,0.90397,0.90397,0.91667,0.88462,0.96154,1.0,1.1875
itunes_amazon,bm25_word k1=0.5 b=1.0,bm25_word,"{""b"": 1.0, ""idf_exp"": 1.0, ""k1"": 0.5}",tune,False,26,0.90489,0.90489,0.91755,0.88462,0.96154,1.0,1.20892
itunes_amazon,bm25_word k1=1.2 b=0.3,bm25_word,"{""b"": 0.3, ""idf_exp"": 1.0, ""k1"": 1.2}",tune,False,26,0.86427,0.86427,0.86538,0.84615,0.88462,1.0,1.21062
itunes_amazon,bm25_word k1=1.2 b=0.75,bm25_word,"{""b"": 0.75, ""idf_exp"": 1.0, ""k1"": 1.2}",tune,False,26,0.9113,0.9113,0.92308,0.88462,0.96154,1.0,1.2494
itunes_amazon,bm25_word k1=1.2 b=1.0,bm25_word,"{""b"": 1.0, ""idf_exp"": 1.0, ""k1"": 1.2}",tune,False,26,0.91132,0.91132,0.92308,0.88462,0.96154,1.0,1.18822
itunes_amazon,bm25_word k1=2.0 b=0.3,bm25_word,"{""b"": 0.3, ""idf_exp"": 1.0, ""k1"": 2.0}",tune,False,26,0.86522,0.86522,0.86538,0.84615,0.88462,1.0,1.31514
itunes_amazon,bm25_word k1=2.0 b=0.75,bm25_word,"{""b"": 0.75, ""idf_exp"": 1.0, ""k1"": 2.0}",tune,False,26,0.9113,0.9113,0.92308,0.88462,0.96154,1.0,1.18392
itunes_amazon,bm25_word k1=2.0 b=1.0,bm25_word,"{""b"": 1.0, ""idf_exp"": 1.0, ""k1"": 2.0}",tune,False,26,0.91777,0.91777,0.92811,0.88462,0.96154,1.0,1.392
itunes_amazon,bm25_word k1=2.0 b=1.0,bm25_word,"{""b"": 1.0, ""idf_exp"": 1.0, ""k1"": 2.0}",test,True,26,0.92094,0.92094,0.93969,0.88462,1.0,1.0,1.40002
itunes_amazon,bm25_char top-50 reranked by v7,bm25_char>v7,"{""depth"": 50}",test,True,26,0.98077,0.98077,0.9858,0.96154,1.0,1.0,85.40822
itunes_amazon,v7 top-50 reranked by bm25_char,v7>bm25_char,"{""depth"": 50}",test,True,26,0.95,0.95,0.96222,0.92308,1.0,1.0,76.45743
itunes_amazon,rrf of v7 and bm25_char,"rrf(v7,bm25_char)","{""depth"": 50, ""k"": 60}",test,True,26,0.96154,0.96154,0.97161,0.92308,1.0,1.0,76.25719
itunes_amazon,tfidf_char top-50 reranked by v7,tfidf_char>v7,"{""depth"": 50}",test,True,26,0.98077,0.98077,0.9858,0.96154,1.0,1.0,76.93494
itunes_amazon,rrf of v7 and tfidf_char,"rrf(v7,tfidf_char)","{""depth"": 50, ""k"": 60}",test,True,26,0.98077,0.98077,0.9858,0.96154,1.0,1.0,74.76025
itunes_amazon,bm25_char + v7 at lam=0.1,"mix(bm25_char,v7)","{""lam"": 0.1}",tune,False,26,0.95513,0.95513,0.96657,0.92308,1.0,1.0,68.08107
itunes_amazon,bm25_char + v7 at lam=0.25,"mix(bm25_char,v7)","{""lam"": 0.25}",tune,False,26,0.95513,0.95513,0.96657,0.92308,1.0,1.0,69.28728
itunes_amazon,bm25_char + v7 at lam=0.5,"mix(bm25_char,v7)","{""lam"": 0.5}",tune,False,26,0.95513,0.95513,0.96657,0.92308,1.0,1.0,73.01501
itunes_amazon,bm25_char + v7 at lam=0.75,"mix(bm25_char,v7)","{""lam"": 0.75}",tune,False,26,0.95513,0.95513,0.96657,0.92308,1.0,1.0,64.85293
itunes_amazon,bm25_char + v7 at lam=0.9,"mix(bm25_char,v7)","{""lam"": 0.9}",tune,False,26,0.95513,0.95513,0.96657,0.92308,1.0,1.0,71.61265
itunes_amazon,bm25_char + v7 at lam=0.1,"mix(bm25_char,v7)","{""lam"": 0.1}",test,True,26,0.95,0.95,0.96222,0.92308,1.0,1.0,63.71509
itunes_amazon,tfidf_char + v7 at lam=0.1,"mix(tfidf_char,v7)","{""lam"": 0.1}",tune,False,26,0.95513,0.95513,0.96657,0.92308,1.0,1.0,63.56043
itunes_amazon,tfidf_char + v7 at lam=0.25,"mix(tfidf_char,v7)","{""lam"": 0.25}",tune,False,26,0.95513,0.95513,0.96657,0.92308,1.0,1.0,65.83691
itunes_amazon,tfidf_char + v7 at lam=0.5,"mix(tfidf_char,v7)","{""lam"": 0.5}",tune,False,26,0.95513,0.95513,0.96657,0.92308,1.0,1.0,63.36008
itunes_amazon,tfidf_char + v7 at lam=0.75,"mix(tfidf_char,v7)","{""lam"": 0.75}",tune,False,26,0.95513,0.95513,0.96657,0.92308,1.0,1.0,70.48525
itunes_amazon,tfidf_char + v7 at lam=0.9,"mix(tfidf_char,v7)","{""lam"": 0.9}",tune,False,26,0.95513,0.95513,0.96657,0.92308,1.0,1.0,72.00626
itunes_amazon,tfidf_char + v7 at lam=0.1,"mix(tfidf_char,v7)","{""lam"": 0.1}",test,True,26,0.98077,0.98077,0.9858,0.96154,1.0,1.0,68.5509
