task,system,family,config,split,selected,n_queries,map,mrr,ndcg@10,hit@1,recall@10,recall@50,ms_per_query
ermagellan,"v7 n=(2,) idf=0.0 dim=1.0 norm=False/dice pw=0.0",v7,"{""denominator"": ""dice"", ""dim"": 1.0, ""idf"": 0.0, ""n"": ""(2,)"", ""normalize"": false, ""position_weight"": 0.0}",tune,False,103,0.10012,0.10012,0.12457,0.05825,0.23301,0.37864,47.9011
ermagellan,"v7 n=(2,) idf=0.0 dim=1.0 norm=False/dice pw=0.5",v7,"{""denominator"": ""dice"", ""dim"": 1.0, ""idf"": 0.0, ""n"": ""(2,)"", ""normalize"": false, ""position_weight"": 0.5}",tune,False,103,0.10027,0.10027,0.12164,0.05825,0.2233,0.39806,52.91952
ermagellan,"v7 n=(2,) idf=0.0 dim=1.0 norm=False/dice pw=1.0",v7,"{""denominator"": ""dice"", ""dim"": 1.0, ""idf"": 0.0, ""n"": ""(2,)"", ""normalize"": false, ""position_weight"": 1.0}",tune,False,103,0.10216,0.10216,0.11743,0.05825,0.20388,0.39806,45.95526
ermagellan,"v7 n=(2,) idf=0.0 dim=1.0 norm=True/dice pw=0.0",v7,"{""denominator"": ""dice"", ""dim"": 1.0, ""idf"": 0.0, ""n"": ""(2,)"", ""normalize"": true, ""position_weight"": 0.0}",tune,False,103,0.36608,0.36608,0.41313,0.26214,0.59223,0.7767,48.63026
ermagellan,"v7 n=(2,) idf=0.0 dim=1.0 norm=True/dice pw=0.5",v7,"{""denominator"": ""dice"", ""dim"": 1.0, ""idf"": 0.0, ""n"": ""(2,)"", ""normalize"": true, ""position_weight"": 0.5}",tune,False,103,0.37592,0.37592,0.41809,0.27184,0.58252,0.7767,51.99363
ermagellan,"v7 n=(2,) idf=0.0 dim=1.0 norm=True/dice pw=1.0",v7,"{""denominator"": ""dice"", ""dim"": 1.0, ""idf"": 0.0, ""n"": ""(2,)"", ""normalize"": true, ""position_weight"": 1.0}",tune,False,103,0.37696,0.37696,0.41588,0.28155,0.57282,0.76699,56.9187
ermagellan,"v7 n=(2,) idf=0.0 dim=1.0 norm=True/geo pw=0.0",v7,"{""denominator"": ""geo"", ""dim"": 1.0, ""idf"": 0.0, ""n"": ""(2,)"", ""normalize"": true, ""position_weight"": 0.0}",tune,False,103,0.56087,0.56087,0.62358,0.42718,0.83495,0.90291,54.62664
ermagellan,"v7 n=(2,) idf=0.0 dim=1.0 norm=True/geo pw=0.5",v7,"{""denominator"": ""geo"", ""dim"": 1.0, ""idf"": 0.0, ""n"": ""(2,)"", ""normalize"": true, ""position_weight"": 0.5}",tune,False,103,0.57565,0.57565,0.63167,0.45631,0.82524,0.90291,51.6748
ermagellan,"v7 n=(2,) idf=0.0 dim=1.0 norm=True/geo pw=1.0",v7,"{""denominator"": ""geo"", ""dim"": 1.0, ""idf"": 0.0, ""n"": ""(2,)"", ""normalize"": true, ""position_weight"": 1.0}",tune,False,103,0.57192,0.57192,0.62904,0.43689,0.82524,0.92233,45.6071
ermagellan,"v7 n=(2,) idf=1.0 dim=1.0 norm=False/dice pw=0.0",v7,"{""denominator"": ""dice"", ""dim"": 1.0, ""idf"": 1.0, ""n"": ""(2,)"", ""normalize"": false, ""position_weight"": 0.0}",tune,False,103,0.35836,0.35836,0.41711,0.23301,0.63107,0.80583,49.92539
ermagellan,"v7 n=(2,) idf=1.0 dim=1.0 norm=False/dice pw=0.5",v7,"{""denominator"": ""dice"", ""dim"": 1.0, ""idf"": 1.0, ""n"": ""(2,)"", ""normalize"": false, ""position_weight"": 0.5}",tune,False,103,0.37125,0.37125,0.42923,0.25243,0.64078,0.81553,49.1333
ermagellan,"v7 n=(2,) idf=1.0 dim=1.0 norm=False/dice pw=1.0",v7,"{""denominator"": ""dice"", ""dim"": 1.0, ""idf"": 1.0, ""n"": ""(2,)"", ""normalize"": false, ""position_weight"": 1.0}",tune,False,103,0.40408,0.40408,0.45639,0.30097,0.65049,0.82524,48.32301
ermagellan,"v7 n=(2,) idf=1.0 dim=1.0 norm=True/dice pw=0.0",v7,"{""denominator"": ""dice"", ""dim"": 1.0, ""idf"": 1.0, ""n"": ""(2,)"", ""normalize"": true, ""position_weight"": 0.0}",tune,False,103,0.6186,0.6186,0.65927,0.51456,0.80583,0.91262,50.32379
ermagellan,"v7 n=(2,) idf=1.0 dim=1.0 norm=True/dice pw=0.5",v7,"{""denominator"": ""dice"", ""dim"": 1.0, ""idf"": 1.0, ""n"": ""(2,)"", ""normalize"": true, ""position_weight"": 0.5}",tune,False,103,0.63359,0.63359,0.67578,0.53398,0.82524,0.91262,47.98082
ermagellan,"v7 n=(2,) idf=1.0 dim=1.0 norm=True/dice pw=1.0",v7,"{""denominator"": ""dice"", ""dim"": 1.0, ""idf"": 1.0, ""n"": ""(2,)"", ""normalize"": true, ""position_weight"": 1.0}",tune,False,103,0.6396,0.6396,0.68591,0.53398,0.84466,0.92233,58.91356
ermagellan,"v7 n=(2,) idf=1.0 dim=1.0 norm=True/geo pw=0.0",v7,"{""denominator"": ""geo"", ""dim"": 1.0, ""idf"": 1.0, ""n"": ""(2,)"", ""normalize"": true, ""position_weight"": 0.0}",tune,False,103,0.76463,0.76463,0.79897,0.66019,0.91262,0.97087,58.5634
ermagellan,"v7 n=(2,) idf=1.0 dim=1.0 norm=True/geo pw=0.5",v7,"{""denominator"": ""geo"", ""dim"": 1.0, ""idf"": 1.0, ""n"": ""(2,)"", ""normalize"": true, ""position_weight"": 0.5}",tune,False,103,0.76725,0.76725,0.80308,0.66019,0.92233,0.99029,67.52372
ermagellan,"v7 n=(2,) idf=1.0 dim=1.0 norm=True/geo pw=1.0",v7,"{""denominator"": ""geo"", ""dim"": 1.0, ""idf"": 1.0, ""n"": ""(2,)"", ""normalize"": true, ""position_weight"": 1.0}",tune,False,103,0.7768,0.7768,0.8102,0.6699,0.92233,0.99029,70.24697
ermagellan,"v7 n=(2,) idf=2.0 dim=1.0 norm=False/dice pw=0.0",v7,"{""denominator"": ""dice"", ""dim"": 1.0, ""idf"": 2.0, ""n"": ""(2,)"", ""normalize"": false, ""position_weight"": 0.0}",tune,False,103,0.59043,0.59043,0.62677,0.48544,0.76699,0.92233,47.60035
ermagellan,"v7 n=(2,) idf=2.0 dim=1.0 norm=False/dice pw=0.5",v7,"{""denominator"": ""dice"", ""dim"": 1.0, ""idf"": 2.0, ""n"": ""(2,)"", ""normalize"": false, ""position_weight"": 0.5}",tune,False,103,0.60813,0.60813,0.64466,0.51456,0.78641,0.95146,45.19182
ermagellan,"v7 n=(2,) idf=2.0 dim=1.0 norm=False/dice pw=1.0",v7,"{""denominator"": ""dice"", ""dim"": 1.0, ""idf"": 2.0, ""n"": ""(2,)"", ""normalize"": false, ""position_weight"": 1.0}",tune,False,103,0.61615,0.61615,0.65289,0.52427,0.79612,0.96117,51.84087
ermagellan,"v7 n=(2,) idf=2.0 dim=1.0 norm=True/dice pw=0.0",v7,"{""denominator"": ""dice"", ""dim"": 1.0, ""idf"": 2.0, ""n"": ""(2,)"", ""normalize"": true, ""position_weight"": 0.0}",tune,False,103,0.74629,0.74629,0.79094,0.65049,0.94175,0.99029,48.99507
ermagellan,"v7 n=(2,) idf=2.0 dim=1.0 norm=True/dice pw=0.5",v7,"{""denominator"": ""dice"", ""dim"": 1.0, ""idf"": 2.0, ""n"": ""(2,)"", ""normalize"": true, ""position_weight"": 0.5}",tune,False,103,0.75356,0.75356,0.79962,0.65049,0.95146,0.99029,54.90975
ermagellan,"v7 n=(2,) idf=2.0 dim=1.0 norm=True/dice pw=1.0",v7,"{""denominator"": ""dice"", ""dim"": 1.0, ""idf"": 2.0, ""n"": ""(2,)"", ""normalize"": true, ""position_weight"": 1.0}",tune,False,103,0.77803,0.77803,0.81857,0.67961,0.95146,0.99029,49.26892
ermagellan,"v7 n=(2,) idf=2.0 dim=1.0 norm=True/geo pw=0.0",v7,"{""denominator"": ""geo"", ""dim"": 1.0, ""idf"": 2.0, ""n"": ""(2,)"", ""normalize"": true, ""position_weight"": 0.0}",tune,False,103,0.82503,0.82503,0.86263,0.72816,0.98058,1.0,51.15448
ermagellan,"v7 n=(2,) idf=2.0 dim=1.0 norm=True/geo pw=0.5",v7,"{""denominator"": ""geo"", ""dim"": 1.0, ""idf"": 2.0, ""n"": ""(2,)"", ""normalize"": true, ""position_weight"": 0.5}",tune,False,103,0.83313,0.83313,0.87156,0.73786,0.99029,1.0,57.56537
ermagellan,"v7 n=(2,) idf=2.0 dim=1.0 norm=True/geo pw=1.0",v7,"{""denominator"": ""geo"", ""dim"": 1.0, ""idf"": 2.0, ""n"": ""(2,)"", ""normalize"": true, ""position_weight"": 1.0}",tune,False,103,0.84868,0.84868,0.88346,0.75728,0.99029,1.0,47.73483
ermagellan,"v7 n=(2,) idf=3.0 dim=1.0 norm=False/dice pw=0.0",v7,"{""denominator"": ""dice"", ""dim"": 1.0, ""idf"": 3.0, ""n"": ""(2,)"", ""normalize"": false, ""position_weight"": 0.0}",tune,False,103,0.67023,0.67023,0.71766,0.56311,0.8835,0.97087,56.63047
ermagellan,"v7 n=(2,) idf=3.0 dim=1.0 norm=False/dice pw=0.5",v7,"{""denominator"": ""dice"", ""dim"": 1.0, ""idf"": 3.0, ""n"": ""(2,)"", ""normalize"": false, ""position_weight"": 0.5}",tune,False,103,0.67409,0.67409,0.72332,0.56311,0.8932,0.98058,46.85976
ermagellan,"v7 n=(2,) idf=3.0 dim=1.0 norm=False/dice pw=1.0",v7,"{""denominator"": ""dice"", ""dim"": 1.0, ""idf"": 3.0, ""n"": ""(2,)"", ""normalize"": false, ""position_weight"": 1.0}",tune,False,103,0.69032,0.69032,0.73625,0.57282,0.8932,0.98058,50.69362
ermagellan,"v7 n=(2,) idf=3.0 dim=1.0 norm=True/dice pw=0.0",v7,"{""denominator"": ""dice"", ""dim"": 1.0, ""idf"": 3.0, ""n"": ""(2,)"", ""normalize"": true, ""position_weight"": 0.0}",tune,False,103,0.79709,0.79709,0.83256,0.70874,0.95146,0.99029,49.60256
ermagellan,"v7 n=(2,) idf=3.0 dim=1.0 norm=True/dice pw=0.5",v7,"{""denominator"": ""dice"", ""dim"": 1.0, ""idf"": 3.0, ""n"": ""(2,)"", ""normalize"": true, ""position_weight"": 0.5}",tune,False,103,0.79358,0.79358,0.83556,0.69903,0.97087,0.99029,46.58164
ermagellan,"v7 n=(2,) idf=3.0 dim=1.0 norm=True/dice pw=1.0",v7,"{""denominator"": ""dice"", ""dim"": 1.0, ""idf"": 3.0, ""n"": ""(2,)"", ""normalize"": true, ""position_weight"": 1.0}",tune,False,103,0.80925,0.80925,0.84768,0.71845,0.97087,0.99029,70.3755
ermagellan,"v7 n=(2,) idf=3.0 dim=1.0 norm=True/geo pw=0.0",v7,"{""denominator"": ""geo"", ""dim"": 1.0, ""idf"": 3.0, ""n"": ""(2,)"", ""normalize"": true, ""position_weight"": 0.0}",tune,False,103,0.86506,0.86506,0.89201,0.80583,0.98058,1.0,66.64413
ermagellan,"v7 n=(2,) idf=3.0 dim=1.0 norm=True/geo pw=0.5",v7,"{""denominator"": ""geo"", ""dim"": 1.0, ""idf"": 3.0, ""n"": ""(2,)"", ""normalize"": true, ""position_weight"": 0.5}",tune,False,103,0.86593,0.86593,0.89273,0.80583,0.98058,1.0,63.41708
ermagellan,"v7 n=(2,) idf=3.0 dim=1.0 norm=True/geo pw=1.0",v7,"{""denominator"": ""geo"", ""dim"": 1.0, ""idf"": 3.0, ""n"": ""(2,)"", ""normalize"": true, ""position_weight"": 1.0}",tune,False,103,0.87106,0.87106,0.89654,0.81553,0.98058,1.0,63.48771
ermagellan,"v7 n=(3,) idf=0.0 dim=1.0 norm=False/dice pw=0.0",v7,"{""denominator"": ""dice"", ""dim"": 1.0, ""idf"": 0.0, ""n"": ""(3,)"", ""normalize"": false, ""position_weight"": 0.0}",tune,False,103,0.46916,0.46916,0.54407,0.32039,0.80583,0.93204,17.4127
ermagellan,"v7 n=(3,) idf=0.0 dim=1.0 norm=False/dice pw=0.5",v7,"{""denominator"": ""dice"", ""dim"": 1.0, ""idf"": 0.0, ""n"": ""(3,)"", ""normalize"": false, ""position_weight"": 0.5}",tune,False,103,0.46136,0.46136,0.53535,0.31068,0.79612,0.93204,19.23491
ermagellan,"v7 n=(3,) idf=0.0 dim=1.0 norm=False/dice pw=1.0",v7,"{""denominator"": ""dice"", ""dim"": 1.0, ""idf"": 0.0, ""n"": ""(3,)"", ""normalize"": false, ""position_weight"": 1.0}",tune,False,103,0.45887,0.45887,0.53111,0.31068,0.78641,0.92233,16.12582
ermagellan,"v7 n=(3,) idf=0.0 dim=1.0 norm=True/dice pw=0.0",v7,"{""denominator"": ""dice"", ""dim"": 1.0, ""idf"": 0.0, ""n"": ""(3,)"", ""normalize"": true, ""position_weight"": 0.0}",tune,False,103,0.68418,0.68418,0.74021,0.54369,0.92233,1.0,18.41276
ermagellan,"v7 n=(3,) idf=0.0 dim=1.0 norm=True/dice pw=0.5",v7,"{""denominator"": ""dice"", ""dim"": 1.0, ""idf"": 0.0, ""n"": ""(3,)"", ""normalize"": true, ""position_weight"": 0.5}",tune,False,103,0.69919,0.69919,0.75411,0.57282,0.93204,1.0,19.38469
ermagellan,"v7 n=(3,) idf=0.0 dim=1.0 norm=True/dice pw=1.0",v7,"{""denominator"": ""dice"", ""dim"": 1.0, ""idf"": 0.0, ""n"": ""(3,)"", ""normalize"": true, ""position_weight"": 1.0}",tune,False,103,0.69888,0.69888,0.75372,0.57282,0.93204,1.0,18.78367
ermagellan,"v7 n=(3,) idf=0.0 dim=1.0 norm=True/geo pw=0.0",v7,"{""denominator"": ""geo"", ""dim"": 1.0, ""idf"": 0.0, ""n"": ""(3,)"", ""normalize"": true, ""position_weight"": 0.0}",tune,False,103,0.71665,0.71665,0.7753,0.57282,0.96117,1.0,16.48052
ermagellan,"v7 n=(3,) idf=0.0 dim=1.0 norm=True/geo pw=0.5",v7,"{""denominator"": ""geo"", ""dim"": 1.0, ""idf"": 0.0, ""n"": ""(3,)"", ""normalize"": true, ""position_weight"": 0.5}",tune,False,103,0.72089,0.72089,0.77606,0.57282,0.95146,1.0,16.02394
ermagellan,"v7 n=(3,) idf=0.0 dim=1.0 norm=True/geo pw=1.0",v7,"{""denominator"": ""geo"", ""dim"": 1.0, ""idf"": 0.0, ""n"": ""(3,)"", ""normalize"": true, ""position_weight"": 1.0}",tune,False,103,0.72714,0.72714,0.78616,0.58252,0.97087,1.0,17.67635
ermagellan,"v7 n=(3,) idf=1.0 dim=1.0 norm=False/dice pw=0.0",v7,"{""denominator"": ""dice"", ""dim"": 1.0, ""idf"": 1.0, ""n"": ""(3,)"", ""normalize"": false, ""position_weight"": 0.0}",tune,False,103,0.66395,0.66395,0.7224,0.51456,0.91262,0.99029,19.7668
ermagellan,"v7 n=(3,) idf=1.0 dim=1.0 norm=False/dice pw=0.5",v7,"{""denominator"": ""dice"", ""dim"": 1.0, ""idf"": 1.0, ""n"": ""(3,)"", ""normalize"": false, ""position_weight"": 0.5}",tune,False,103,0.67602,0.67602,0.73162,0.52427,0.91262,1.0,23.16582
ermagellan,"v7 n=(3,) idf=1.0 dim=1.0 norm=False/dice pw=1.0",v7,"{""denominator"": ""dice"", ""dim"": 1.0, ""idf"": 1.0, ""n"": ""(3,)"", ""normalize"": false, ""position_weight"": 1.0}",tune,False,103,0.67797,0.67797,0.73315,0.52427,0.91262,1.0,21.41713
ermagellan,"v7 n=(3,) idf=1.0 dim=1.0 norm=True/dice pw=0.0",v7,"{""denominator"": ""dice"", ""dim"": 1.0, ""idf"": 1.0, ""n"": ""(3,)"", ""normalize"": true, ""position_weight"": 0.0}",tune,False,103,0.76085,0.76085,0.80354,0.64078,0.94175,1.0,20.92002
ermagellan,"v7 n=(3,) idf=1.0 dim=1.0 norm=True/dice pw=0.5",v7,"{""denominator"": ""dice"", ""dim"": 1.0, ""idf"": 1.0, ""n"": ""(3,)"", ""normalize"": true, ""position_weight"": 0.5}",tune,False,103,0.769,0.769,0.80945,0.66019,0.94175,1.0,20.65959
ermagellan,"v7 n=(3,) idf=1.0 dim=1.0 norm=True/dice pw=1.0",v7,"{""denominator"": ""dice"", ""dim"": 1.0, ""idf"": 1.0, ""n"": ""(3,)"", ""normalize"": true, ""position_weight"": 1.0}",tune,False,103,0.76996,0.76996,0.81009,0.66019,0.94175,1.0,13.55934
ermagellan,"v7 n=(3,) idf=1.0 dim=1.0 norm=True/geo pw=0.0",v7,"{""denominator"": ""geo"", ""dim"": 1.0, ""idf"": 1.0, ""n"": ""(3,)"", ""normalize"": true, ""position_weight"": 0.0}",tune,False,103,0.81527,0.81527,0.85525,0.71845,0.98058,1.0,13.30873
ermagellan,"v7 n=(3,) idf=1.0 dim=1.0 norm=True/geo pw=0.5",v7,"{""denominator"": ""geo"", ""dim"": 1.0, ""idf"": 1.0, ""n"": ""(3,)"", ""normalize"": true, ""position_weight"": 0.5}",tune,False,103,0.82839,0.82839,0.86513,0.73786,0.98058,1.0,13.43676
ermagellan,"v7 n=(3,) idf=1.0 dim=1.0 norm=True/geo pw=1.0",v7,"{""denominator"": ""geo"", ""dim"": 1.0, ""idf"": 1.0, ""n"": ""(3,)"", ""normalize"": true, ""position_weight"": 1.0}",tune,False,103,0.82467,0.82467,0.86525,0.72816,0.99029,1.0,13.65498
ermagellan,"v7 n=(3,) idf=2.0 dim=1.0 norm=False/dice pw=0.0",v7,"{""denominator"": ""dice"", ""dim"": 1.0, ""idf"": 2.0, ""n"": ""(3,)"", ""normalize"": false, ""position_weight"": 0.0}",tune,False,103,0.76314,0.76314,0.81313,0.64078,0.97087,1.0,13.93126
ermagellan,"v7 n=(3,) idf=2.0 dim=1.0 norm=False/dice pw=0.5",v7,"{""denominator"": ""dice"", ""dim"": 1.0, ""idf"": 2.0, ""n"": ""(3,)"", ""normalize"": false, ""position_weight"": 0.5}",tune,False,103,0.7563,0.7563,0.80785,0.63107,0.97087,1.0,14.00239
ermagellan,"v7 n=(3,) idf=2.0 dim=1.0 norm=False/dice pw=1.0",v7,"{""denominator"": ""dice"", ""dim"": 1.0, ""idf"": 2.0, ""n"": ""(3,)"", ""normalize"": false, ""position_weight"": 1.0}",tune,False,103,0.75835,0.75835,0.80946,0.63107,0.97087,1.0,13.47476
ermagellan,"v7 n=(3,) idf=2.0 dim=1.0 norm=True/dice pw=0.0",v7,"{""denominator"": ""dice"", ""dim"": 1.0, ""idf"": 2.0, ""n"": ""(3,)"", ""normalize"": true, ""position_weight"": 0.0}",tune,False,103,0.81494,0.81494,0.85534,0.70874,0.98058,1.0,13.93615
ermagellan,"v7 n=(3,) idf=2.0 dim=1.0 norm=True/dice pw=0.5",v7,"{""denominator"": ""dice"", ""dim"": 1.0, ""idf"": 2.0, ""n"": ""(3,)"", ""normalize"": true, ""position_weight"": 0.5}",tune,False,103,0.81498,0.81498,0.85534,0.70874,0.98058,1.0,23.45067
ermagellan,"v7 n=(3,) idf=2.0 dim=1.0 norm=True/dice pw=1.0",v7,"{""denominator"": ""dice"", ""dim"": 1.0, ""idf"": 2.0, ""n"": ""(3,)"", ""normalize"": true, ""position_weight"": 1.0}",tune,False,103,0.8156,0.8156,0.8559,0.70874,0.98058,1.0,27.9504
ermagellan,"v7 n=(3,) idf=2.0 dim=1.0 norm=True/geo pw=0.0",v7,"{""denominator"": ""geo"", ""dim"": 1.0, ""idf"": 2.0, ""n"": ""(3,)"", ""normalize"": true, ""position_weight"": 0.0}",tune,False,103,0.87106,0.87106,0.90051,0.79612,0.99029,1.0,23.15398
ermagellan,"v7 n=(3,) idf=2.0 dim=1.0 norm=True/geo pw=0.5",v7,"{""denominator"": ""geo"", ""dim"": 1.0, ""idf"": 2.0, ""n"": ""(3,)"", ""normalize"": true, ""position_weight"": 0.5}",tune,False,103,0.88077,0.88077,0.90767,0.81553,0.99029,1.0,26.30916
ermagellan,"v7 n=(3,) idf=2.0 dim=1.0 norm=True/geo pw=1.0",v7,"{""denominator"": ""geo"", ""dim"": 1.0, ""idf"": 2.0, ""n"": ""(3,)"", ""normalize"": true, ""position_weight"": 1.0}",tune,False,103,0.88613,0.88613,0.91168,0.82524,0.99029,1.0,22.08934
ermagellan,"v7 n=(3,) idf=3.0 dim=1.0 norm=False/dice pw=0.0",v7,"{""denominator"": ""dice"", ""dim"": 1.0, ""idf"": 3.0, ""n"": ""(3,)"", ""normalize"": false, ""position_weight"": 0.0}",tune,False,103,0.79763,0.79763,0.84243,0.6699,0.98058,1.0,21.11549
ermagellan,"v7 n=(3,) idf=3.0 dim=1.0 norm=False/dice pw=0.5",v7,"{""denominator"": ""dice"", ""dim"": 1.0, ""idf"": 3.0, ""n"": ""(3,)"", ""normalize"": false, ""position_weight"": 0.5}",tune,False,103,0.81939,0.81939,0.85863,0.70874,0.98058,1.0,24.35095
ermagellan,"v7 n=(3,) idf=3.0 dim=1.0 norm=False/dice pw=1.0",v7,"{""denominator"": ""dice"", ""dim"": 1.0, ""idf"": 3.0, ""n"": ""(3,)"", ""normalize"": false, ""position_weight"": 1.0}",tune,False,103,0.81954,0.81954,0.86144,0.70874,0.99029,1.0,25.91099
ermagellan,"v7 n=(3,) idf=3.0 dim=1.0 norm=True/dice pw=0.0",v7,"{""denominator"": ""dice"", ""dim"": 1.0, ""idf"": 3.0, ""n"": ""(3,)"", ""normalize"": true, ""position_weight"": 0.0}",tune,False,103,0.84757,0.84757,0.88235,0.75728,0.99029,1.0,23.02216
ermagellan,"v7 n=(3,) idf=3.0 dim=1.0 norm=True/dice pw=0.5",v7,"{""denominator"": ""dice"", ""dim"": 1.0, ""idf"": 3.0, ""n"": ""(3,)"", ""normalize"": true, ""position_weight"": 0.5}",tune,False,103,0.85728,0.85728,0.88952,0.7767,0.99029,1.0,21.0564
ermagellan,"v7 n=(3,) idf=3.0 dim=1.0 norm=True/dice pw=1.0",v7,"{""denominator"": ""dice"", ""dim"": 1.0, ""idf"": 3.0, ""n"": ""(3,)"", ""normalize"": true, ""position_weight"": 1.0}",tune,False,103,0.85841,0.85841,0.89049,0.7767,0.99029,1.0,19.82152
ermagellan,"v7 n=(3,) idf=3.0 dim=1.0 norm=True/geo pw=0.0",v7,"{""denominator"": ""geo"", ""dim"": 1.0, ""idf"": 3.0, ""n"": ""(3,)"", ""normalize"": true, ""position_weight"": 0.0}",tune,False,103,0.90825,0.90825,0.93087,0.85437,1.0,1.0,17.10039
ermagellan,"v7 n=(3,) idf=3.0 dim=1.0 norm=True/geo pw=0.5",v7,"{""denominator"": ""geo"", ""dim"": 1.0, ""idf"": 3.0, ""n"": ""(3,)"", ""normalize"": true, ""position_weight"": 0.5}",tune,False,103,0.91254,0.91254,0.93403,0.86408,1.0,1.0,18.09821
ermagellan,"v7 n=(3,) idf=3.0 dim=1.0 norm=True/geo pw=1.0",v7,"{""denominator"": ""geo"", ""dim"": 1.0, ""idf"": 3.0, ""n"": ""(3,)"", ""normalize"": true, ""position_weight"": 1.0}",tune,False,103,0.9119,0.9119,0.93361,0.86408,1.0,1.0,18.00912
ermagellan,"v7 n=(2, 3) idf=0.0 dim=1.0 norm=False/dice pw=0.0",v7,"{""denominator"": ""dice"", ""dim"": 1.0, ""idf"": 0.0, ""n"": ""(2, 3)"", ""normalize"": false, ""position_weight"": 0.0}",tune,False,103,0.2562,0.2562,0.28998,0.18447,0.4466,0.71845,82.93842
ermagellan,"v7 n=(2, 3) idf=0.0 dim=1.0 norm=False/dice pw=0.5",v7,"{""denominator"": ""dice"", ""dim"": 1.0, ""idf"": 0.0, ""n"": ""(2, 3)"", ""normalize"": false, ""position_weight"": 0.5}",tune,False,103,0.25582,0.25582,0.28471,0.18447,0.42718,0.70874,102.71909
ermagellan,"v7 n=(2, 3) idf=0.0 dim=1.0 norm=False/dice pw=1.0",v7,"{""denominator"": ""dice"", ""dim"": 1.0, ""idf"": 0.0, ""n"": ""(2, 3)"", ""normalize"": false, ""position_weight"": 1.0}",tune,False,103,0.25332,0.25332,0.2776,0.18447,0.40777,0.68932,103.47199
ermagellan,"v7 n=(2, 3) idf=0.0 dim=1.0 norm=True/dice pw=0.0",v7,"{""denominator"": ""dice"", ""dim"": 1.0, ""idf"": 0.0, ""n"": ""(2, 3)"", ""normalize"": true, ""position_weight"": 0.0}",tune,False,103,0.58671,0.58671,0.64828,0.45631,0.85437,0.92233,101.27183
ermagellan,"v7 n=(2, 3) idf=0.0 dim=1.0 norm=True/dice pw=0.5",v7,"{""denominator"": ""dice"", ""dim"": 1.0, ""idf"": 0.0, ""n"": ""(2, 3)"", ""normalize"": true, ""position_weight"": 0.5}",tune,False,103,0.59679,0.59679,0.66091,0.47573,0.87379,0.92233,92.13734
ermagellan,"v7 n=(2, 3) idf=0.0 dim=1.0 norm=True/dice pw=1.0",v7,"{""denominator"": ""dice"", ""dim"": 1.0, ""idf"": 0.0, ""n"": ""(2, 3)"", ""normalize"": true, ""position_weight"": 1.0}",tune,False,103,0.59615,0.59615,0.66304,0.47573,0.8835,0.92233,99.51997
ermagellan,"v7 n=(2, 3) idf=0.0 dim=1.0 norm=True/geo pw=0.0",v7,"{""denominator"": ""geo"", ""dim"": 1.0, ""idf"": 0.0, ""n"": ""(2, 3)"", ""normalize"": true, ""position_weight"": 0.0}",tune,False,103,0.69588,0.69588,0.75174,0.56311,0.93204,1.0,97.00783
ermagellan,"v7 n=(2, 3) idf=0.0 dim=1.0 norm=True/geo pw=0.5",v7,"{""denominator"": ""geo"", ""dim"": 1.0, ""idf"": 0.0, ""n"": ""(2, 3)"", ""normalize"": true, ""position_weight"": 0.5}",tune,False,103,0.69736,0.69736,0.75247,0.57282,0.93204,1.0,97.65955
ermagellan,"v7 n=(2, 3) idf=0.0 dim=1.0 norm=True/geo pw=1.0",v7,"{""denominator"": ""geo"", ""dim"": 1.0, ""idf"": 0.0, ""n"": ""(2, 3)"", ""normalize"": true, ""position_weight"": 1.0}",tune,False,103,0.7016,0.7016,0.75576,0.57282,0.93204,1.0,100.73957
ermagellan,"v7 n=(2, 3) idf=0.0 dim=2.0 norm=False/dice pw=0.0",v7,"{""denominator"": ""dice"", ""dim"": 2.0, ""idf"": 0.0, ""n"": ""(2, 3)"", ""normalize"": false, ""position_weight"": 0.0}",tune,False,103,0.22837,0.22837,0.2499,0.16505,0.36893,0.65049,99.20921
ermagellan,"v7 n=(2, 3) idf=0.0 dim=2.0 norm=False/dice pw=0.5",v7,"{""denominator"": ""dice"", ""dim"": 2.0, ""idf"": 0.0, ""n"": ""(2, 3)"", ""normalize"": false, ""position_weight"": 0.5}",tune,False,103,0.23012,0.23012,0.24618,0.16505,0.34951,0.65049,82.41783
ermagellan,"v7 n=(2, 3) idf=0.0 dim=2.0 norm=False/dice pw=1.0",v7,"{""denominator"": ""dice"", ""dim"": 2.0, ""idf"": 0.0, ""n"": ""(2, 3)"", ""normalize"": false, ""position_weight"": 1.0}",tune,False,103,0.23007,0.23007,0.25243,0.16505,0.36893,0.64078,70.66705
ermagellan,"v7 n=(2, 3) idf=0.0 dim=2.0 norm=True/dice pw=0.0",v7,"{""denominator"": ""dice"", ""dim"": 2.0, ""idf"": 0.0, ""n"": ""(2, 3)"", ""normalize"": true, ""position_weight"": 0.0}",tune,False,103,0.55413,0.55413,0.61274,0.41748,0.81553,0.91262,62.45217
ermagellan,"v7 n=(2, 3) idf=0.0 dim=2.0 norm=True/dice pw=0.5",v7,"{""denominator"": ""dice"", ""dim"": 2.0, ""idf"": 0.0, ""n"": ""(2, 3)"", ""normalize"": true, ""position_weight"": 0.5}",tune,False,103,0.55712,0.55712,0.61764,0.42718,0.82524,0.91262,74.16779
ermagellan,"v7 n=(2, 3) idf=0.0 dim=2.0 norm=True/dice pw=1.0",v7,"{""denominator"": ""dice"", ""dim"": 2.0, ""idf"": 0.0, ""n"": ""(2, 3)"", ""normalize"": true, ""position_weight"": 1.0}",tune,False,103,0.55105,0.55105,0.61233,0.42718,0.82524,0.91262,83.39177
ermagellan,"v7 n=(2, 3) idf=0.0 dim=2.0 norm=True/geo pw=0.0",v7,"{""denominator"": ""geo"", ""dim"": 2.0, ""idf"": 0.0, ""n"": ""(2, 3)"", ""normalize"": true, ""position_weight"": 0.0}",tune,False,103,0.68811,0.68811,0.74053,0.5534,0.91262,0.99029,109.09179
ermagellan,"v7 n=(2, 3) idf=0.0 dim=2.0 norm=True/geo pw=0.5",v7,"{""denominator"": ""geo"", ""dim"": 2.0, ""idf"": 0.0, ""n"": ""(2, 3)"", ""normalize"": true, ""position_weight"": 0.5}",tune,False,103,0.69138,0.69138,0.74573,0.56311,0.92233,0.99029,78.82028
ermagellan,"v7 n=(2, 3) idf=0.0 dim=2.0 norm=True/geo pw=1.0",v7,"{""denominator"": ""geo"", ""dim"": 2.0, ""idf"": 0.0, ""n"": ""(2, 3)"", ""normalize"": true, ""position_weight"": 1.0}",tune,False,103,0.69451,0.69451,0.74799,0.56311,0.92233,0.99029,69.62556
ermagellan,"v7 n=(2, 3) idf=1.0 dim=1.0 norm=False/dice pw=0.0",v7,"{""denominator"": ""dice"", ""dim"": 1.0, ""idf"": 1.0, ""n"": ""(2, 3)"", ""normalize"": false, ""position_weight"": 0.0}",tune,False,103,0.58176,0.58176,0.64714,0.42718,0.86408,0.94175,80.68063
ermagellan,"v7 n=(2, 3) idf=1.0 dim=1.0 norm=False/dice pw=0.5",v7,"{""denominator"": ""dice"", ""dim"": 1.0, ""idf"": 1.0, ""n"": ""(2, 3)"", ""normalize"": false, ""position_weight"": 0.5}",tune,False,103,0.58375,0.58375,0.64861,0.42718,0.86408,0.95146,71.78002
ermagellan,"v7 n=(2, 3) idf=1.0 dim=1.0 norm=False/dice pw=1.0",v7,"{""denominator"": ""dice"", ""dim"": 1.0, ""idf"": 1.0, ""n"": ""(2, 3)"", ""normalize"": false, ""position_weight"": 1.0}",tune,False,103,0.5976,0.5976,0.65913,0.43689,0.86408,0.95146,75.39176
ermagellan,"v7 n=(2, 3) idf=1.0 dim=1.0 norm=True/dice pw=0.0",v7,"{""denominator"": ""dice"", ""dim"": 1.0, ""idf"": 1.0, ""n"": ""(2, 3)"", ""normalize"": true, ""position_weight"": 0.0}",tune,False,103,0.72055,0.72055,0.76622,0.61165,0.91262,0.97087,67.99711
ermagellan,"v7 n=(2, 3) idf=1.0 dim=1.0 norm=True/dice pw=0.5",v7,"{""denominator"": ""dice"", ""dim"": 1.0, ""idf"": 1.0, ""n"": ""(2, 3)"", ""normalize"": true, ""position_weight"": 0.5}",tune,False,103,0.73272,0.73272,0.77538,0.62136,0.91262,0.97087,82.19041
ermagellan,"v7 n=(2, 3) idf=1.0 dim=1.0 norm=True/dice pw=1.0",v7,"{""denominator"": ""dice"", ""dim"": 1.0, ""idf"": 1.0, ""n"": ""(2, 3)"", ""normalize"": true, ""position_weight"": 1.0}",tune,False,103,0.73513,0.73513,0.77987,0.62136,0.92233,0.97087,70.51618
ermagellan,"v7 n=(2, 3) idf=1.0 dim=1.0 norm=True/geo pw=0.0",v7,"{""denominator"": ""geo"", ""dim"": 1.0, ""idf"": 1.0, ""n"": ""(2, 3)"", ""normalize"": true, ""position_weight"": 0.0}",tune,False,103,0.78837,0.78837,0.82979,0.6699,0.96117,1.0,66.30242
ermagellan,"v7 n=(2, 3) idf=1.0 dim=1.0 norm=True/geo pw=0.5",v7,"{""denominator"": ""geo"", ""dim"": 1.0, ""idf"": 1.0, ""n"": ""(2, 3)"", ""normalize"": true, ""position_weight"": 0.5}",tune,False,103,0.80079,0.80079,0.84187,0.68932,0.97087,1.0,64.58722
ermagellan,"v7 n=(2, 3) idf=1.0 dim=1.0 norm=True/geo pw=1.0",v7,"{""denominator"": ""geo"", ""dim"": 1.0, ""idf"": 1.0, ""n"": ""(2, 3)"", ""normalize"": true, ""position_weight"": 1.0}",tune,False,103,0.8025,0.8025,0.84314,0.68932,0.97087,1.0,66.07065
ermagellan,"v7 n=(2, 3) idf=1.0 dim=2.0 norm=False/dice pw=0.0",v7,"{""denominator"": ""dice"", ""dim"": 2.0, ""idf"": 1.0, ""n"": ""(2, 3)"", ""normalize"": false, ""position_weight"": 0.0}",tune,False,103,0.60397,0.60397,0.66368,0.45631,0.86408,0.95146,63.08366
ermagellan,"v7 n=(2, 3) idf=1.0 dim=2.0 norm=False/dice pw=0.5",v7,"{""denominator"": ""dice"", ""dim"": 2.0, ""idf"": 1.0, ""n"": ""(2, 3)"", ""normalize"": false, ""position_weight"": 0.5}",tune,False,103,0.60852,0.60852,0.67022,0.45631,0.87379,0.95146,58.71089
ermagellan,"v7 n=(2, 3) idf=1.0 dim=2.0 norm=False/dice pw=1.0",v7,"{""denominator"": ""dice"", ""dim"": 2.0, ""idf"": 1.0, ""n"": ""(2, 3)"", ""normalize"": false, ""position_weight"": 1.0}",tune,False,103,0.6127,0.6127,0.67331,0.45631,0.87379,0.95146,75.18506
ermagellan,"v7 n=(2, 3) idf=1.0 dim=2.0 norm=True/dice pw=0.0",v7,"{""denominator"": ""dice"", ""dim"": 2.0, ""idf"": 1.0, ""n"": ""(2, 3)"", ""normalize"": true, ""position_weight"": 0.0}",tune,False,103,0.69565,0.69565,0.74513,0.58252,0.90291,0.94175,68.03457
ermagellan,"v7 n=(2, 3) idf=1.0 dim=2.0 norm=True/dice pw=0.5",v7,"{""denominator"": ""dice"", ""dim"": 2.0, ""idf"": 1.0, ""n"": ""(2, 3)"", ""normalize"": true, ""position_weight"": 0.5}",tune,False,103,0.70327,0.70327,0.75099,0.58252,0.90291,0.95146,74.43151
ermagellan,"v7 n=(2, 3) idf=1.0 dim=2.0 norm=True/dice pw=1.0",v7,"{""denominator"": ""dice"", ""dim"": 2.0, ""idf"": 1.0, ""n"": ""(2, 3)"", ""normalize"": true, ""position_weight"": 1.0}",tune,False,103,0.7142,0.7142,0.76199,0.59223,0.91262,0.95146,83.0821
ermagellan,"v7 n=(2, 3) idf=1.0 dim=2.0 norm=True/geo pw=0.0",v7,"{""denominator"": ""geo"", ""dim"": 2.0, ""idf"": 1.0, ""n"": ""(2, 3)"", ""normalize"": true, ""position_weight"": 0.0}",tune,False,103,0.78651,0.78651,0.82577,0.6699,0.95146,1.0,86.66402
ermagellan,"v7 n=(2, 3) idf=1.0 dim=2.0 norm=True/geo pw=0.5",v7,"{""denominator"": ""geo"", ""dim"": 2.0, ""idf"": 1.0, ""n"": ""(2, 3)"", ""normalize"": true, ""position_weight"": 0.5}",tune,False,103,0.78757,0.78757,0.82923,0.6699,0.96117,1.0,60.68709
ermagellan,"v7 n=(2, 3) idf=1.0 dim=2.0 norm=True/geo pw=1.0",v7,"{""denominator"": ""geo"", ""dim"": 2.0, ""idf"": 1.0, ""n"": ""(2, 3)"", ""normalize"": true, ""position_weight"": 1.0}",tune,False,103,0.79021,0.79021,0.83122,0.6699,0.96117,1.0,55.55132
ermagellan,"v7 n=(2, 3) idf=2.0 dim=1.0 norm=False/dice pw=0.0",v7,"{""denominator"": ""dice"", ""dim"": 1.0, ""idf"": 2.0, ""n"": ""(2, 3)"", ""normalize"": false, ""position_weight"": 0.0}",tune,False,103,0.74703,0.74703,0.79533,0.62136,0.95146,1.0,89.74614
ermagellan,"v7 n=(2, 3) idf=2.0 dim=1.0 norm=False/dice pw=0.5",v7,"{""denominator"": ""dice"", ""dim"": 1.0, ""idf"": 2.0, ""n"": ""(2, 3)"", ""normalize"": false, ""position_weight"": 0.5}",tune,False,103,0.75218,0.75218,0.80184,0.63107,0.96117,1.0,64.95699
ermagellan,"v7 n=(2, 3) idf=2.0 dim=1.0 norm=False/dice pw=1.0",v7,"{""denominator"": ""dice"", ""dim"": 1.0, ""idf"": 2.0, ""n"": ""(2, 3)"", ""normalize"": false, ""position_weight"": 1.0}",tune,False,103,0.75843,0.75843,0.8092,0.64078,0.97087,1.0,65.20805
ermagellan,"v7 n=(2, 3) idf=2.0 dim=1.0 norm=True/dice pw=0.0",v7,"{""denominator"": ""dice"", ""dim"": 1.0, ""idf"": 2.0, ""n"": ""(2, 3)"", ""normalize"": true, ""position_weight"": 0.0}",tune,False,103,0.80353,0.80353,0.84367,0.70874,0.97087,0.99029,64.59708
ermagellan,"v7 n=(2, 3) idf=2.0 dim=1.0 norm=True/dice pw=0.5",v7,"{""denominator"": ""dice"", ""dim"": 1.0, ""idf"": 2.0, ""n"": ""(2, 3)"", ""normalize"": true, ""position_weight"": 0.5}",tune,False,103,0.80051,0.80051,0.84136,0.69903,0.97087,1.0,64.88659
ermagellan,"v7 n=(2, 3) idf=2.0 dim=1.0 norm=True/dice pw=1.0",v7,"{""denominator"": ""dice"", ""dim"": 1.0, ""idf"": 2.0, ""n"": ""(2, 3)"", ""normalize"": true, ""position_weight"": 1.0}",tune,False,103,0.80223,0.80223,0.84263,0.69903,0.97087,1.0,62.85078
ermagellan,"v7 n=(2, 3) idf=2.0 dim=1.0 norm=True/geo pw=0.0",v7,"{""denominator"": ""geo"", ""dim"": 1.0, ""idf"": 2.0, ""n"": ""(2, 3)"", ""normalize"": true, ""position_weight"": 0.0}",tune,False,103,0.87879,0.87879,0.90279,0.81553,0.98058,1.0,62.91648
ermagellan,"v7 n=(2, 3) idf=2.0 dim=1.0 norm=True/geo pw=0.5",v7,"{""denominator"": ""geo"", ""dim"": 1.0, ""idf"": 2.0, ""n"": ""(2, 3)"", ""normalize"": true, ""position_weight"": 0.5}",tune,False,103,0.88931,0.88931,0.91063,0.83495,0.98058,1.0,62.43624
ermagellan,"v7 n=(2, 3) idf=2.0 dim=1.0 norm=True/geo pw=1.0",v7,"{""denominator"": ""geo"", ""dim"": 1.0, ""idf"": 2.0, ""n"": ""(2, 3)"", ""normalize"": true, ""position_weight"": 1.0}",tune,False,103,0.89448,0.89448,0.91451,0.84466,0.98058,1.0,64.20842
ermagellan,"v7 n=(2, 3) idf=2.0 dim=2.0 norm=False/dice pw=0.0",v7,"{""denominator"": ""dice"", ""dim"": 2.0, ""idf"": 2.0, ""n"": ""(2, 3)"", ""normalize"": false, ""position_weight"": 0.0}",tune,False,103,0.75534,0.75534,0.8071,0.63107,0.97087,1.0,64.42368
ermagellan,"v7 n=(2, 3) idf=2.0 dim=2.0 norm=False/dice pw=0.5",v7,"{""denominator"": ""dice"", ""dim"": 2.0, ""idf"": 2.0, ""n"": ""(2, 3)"", ""normalize"": false, ""position_weight"": 0.5}",tune,False,103,0.76097,0.76097,0.81135,0.64078,0.97087,1.0,63.96891
ermagellan,"v7 n=(2, 3) idf=2.0 dim=2.0 norm=False/dice pw=1.0",v7,"{""denominator"": ""dice"", ""dim"": 2.0, ""idf"": 2.0, ""n"": ""(2, 3)"", ""normalize"": false, ""position_weight"": 1.0}",tune,False,103,0.76691,0.76691,0.81566,0.65049,0.97087,1.0,63.65904
ermagellan,"v7 n=(2, 3) idf=2.0 dim=2.0 norm=True/dice pw=0.0",v7,"{""denominator"": ""dice"", ""dim"": 2.0, ""idf"": 2.0, ""n"": ""(2, 3)"", ""normalize"": true, ""position_weight"": 0.0}",tune,False,103,0.80039,0.80039,0.83824,0.70874,0.96117,0.99029,64.86276
ermagellan,"v7 n=(2, 3) idf=2.0 dim=2.0 norm=True/dice pw=0.5",v7,"{""denominator"": ""dice"", ""dim"": 2.0, ""idf"": 2.0, ""n"": ""(2, 3)"", ""normalize"": true, ""position_weight"": 0.5}",tune,False,103,0.80183,0.80183,0.84214,0.70874,0.97087,0.99029,64.03193
ermagellan,"v7 n=(2, 3) idf=2.0 dim=2.0 norm=True/dice pw=1.0",v7,"{""denominator"": ""dice"", ""dim"": 2.0, ""idf"": 2.0, ""n"": ""(2, 3)"", ""normalize"": true, ""position_weight"": 1.0}",tune,False,103,0.79228,0.79228,0.83498,0.68932,0.97087,0.99029,63.29653
ermagellan,"v7 n=(2, 3) idf=2.0 dim=2.0 norm=True/geo pw=0.0",v7,"{""denominator"": ""geo"", ""dim"": 2.0, ""idf"": 2.0, ""n"": ""(2, 3)"", ""normalize"": true, ""position_weight"": 0.0}",tune,False,103,0.87337,0.87337,0.89878,0.80583,0.98058,1.0,65.83313
ermagellan,"v7 n=(2, 3) idf=2.0 dim=2.0 norm=True/geo pw=0.5",v7,"{""denominator"": ""geo"", ""dim"": 2.0, ""idf"": 2.0, ""n"": ""(2, 3)"", ""normalize"": true, ""position_weight"": 0.5}",tune,False,103,0.8796,0.8796,0.90347,0.81553,0.98058,1.0,70.20409
ermagellan,"v7 n=(2, 3) idf=2.0 dim=2.0 norm=True/geo pw=1.0",v7,"{""denominator"": ""geo"", ""dim"": 2.0, ""idf"": 2.0, ""n"": ""(2, 3)"", ""normalize"": true, ""position_weight"": 1.0}",tune,False,103,0.87992,0.87992,0.90376,0.81553,0.98058,1.0,67.73939
ermagellan,"v7 n=(2, 3) idf=3.0 dim=1.0 norm=False/dice pw=0.0",v7,"{""denominator"": ""dice"", ""dim"": 1.0, ""idf"": 3.0, ""n"": ""(2, 3)"", ""normalize"": false, ""position_weight"": 0.0}",tune,False,103,0.79677,0.79677,0.84428,0.67961,0.99029,1.0,66.24676
ermagellan,"v7 n=(2, 3) idf=3.0 dim=1.0 norm=False/dice pw=0.5",v7,"{""denominator"": ""dice"", ""dim"": 1.0, ""idf"": 3.0, ""n"": ""(2, 3)"", ""normalize"": false, ""position_weight"": 0.5}",tune,False,103,0.81039,0.81039,0.85449,0.69903,0.99029,1.0,65.93219
ermagellan,"v7 n=(2, 3) idf=3.0 dim=1.0 norm=False/dice pw=1.0",v7,"{""denominator"": ""dice"", ""dim"": 1.0, ""idf"": 3.0, ""n"": ""(2, 3)"", ""normalize"": false, ""position_weight"": 1.0}",tune,False,103,0.82312,0.82312,0.86414,0.71845,0.99029,1.0,57.69953
ermagellan,"v7 n=(2, 3) idf=3.0 dim=1.0 norm=True/dice pw=0.0",v7,"{""denominator"": ""dice"", ""dim"": 1.0, ""idf"": 3.0, ""n"": ""(2, 3)"", ""normalize"": true, ""position_weight"": 0.0}",tune,False,103,0.84398,0.84398,0.8803,0.74757,0.99029,1.0,57.83107
ermagellan,"v7 n=(2, 3) idf=3.0 dim=1.0 norm=True/dice pw=0.5",v7,"{""denominator"": ""dice"", ""dim"": 1.0, ""idf"": 3.0, ""n"": ""(2, 3)"", ""normalize"": true, ""position_weight"": 0.5}",tune,False,103,0.85289,0.85289,0.8871,0.75728,0.99029,1.0,63.70585
ermagellan,"v7 n=(2, 3) idf=3.0 dim=1.0 norm=True/dice pw=1.0",v7,"{""denominator"": ""dice"", ""dim"": 1.0, ""idf"": 3.0, ""n"": ""(2, 3)"", ""normalize"": true, ""position_weight"": 1.0}",tune,False,103,0.85778,0.85778,0.89068,0.76699,0.99029,1.0,59.24459
ermagellan,"v7 n=(2, 3) idf=3.0 dim=1.0 norm=True/geo pw=0.0",v7,"{""denominator"": ""geo"", ""dim"": 1.0, ""idf"": 3.0, ""n"": ""(2, 3)"", ""normalize"": true, ""position_weight"": 0.0}",tune,False,103,0.9137,0.9137,0.93487,0.86408,1.0,1.0,59.26805
ermagellan,"v7 n=(2, 3) idf=3.0 dim=1.0 norm=True/geo pw=0.5",v7,"{""denominator"": ""geo"", ""dim"": 1.0, ""idf"": 3.0, ""n"": ""(2, 3)"", ""normalize"": true, ""position_weight"": 0.5}",tune,False,103,0.91901,0.91901,0.93889,0.87379,1.0,1.0,60.2972
ermagellan,"v7 n=(2, 3) idf=3.0 dim=1.0 norm=True/geo pw=1.0",v7,"{""denominator"": ""geo"", ""dim"": 1.0, ""idf"": 3.0, ""n"": ""(2, 3)"", ""normalize"": true, ""position_weight"": 1.0}",tune,False,103,0.91901,0.91901,0.93889,0.87379,1.0,1.0,62.44453
ermagellan,"v7 n=(2, 3) idf=3.0 dim=2.0 norm=False/dice pw=0.0",v7,"{""denominator"": ""dice"", ""dim"": 2.0, ""idf"": 3.0, ""n"": ""(2, 3)"", ""normalize"": false, ""position_weight"": 0.0}",tune,False,103,0.79793,0.79793,0.84541,0.6699,0.99029,1.0,64.93098
ermagellan,"v7 n=(2, 3) idf=3.0 dim=2.0 norm=False/dice pw=0.5",v7,"{""denominator"": ""dice"", ""dim"": 2.0, ""idf"": 3.0, ""n"": ""(2, 3)"", ""normalize"": false, ""position_weight"": 0.5}",tune,False,103,0.81466,0.81466,0.85786,0.69903,0.99029,1.0,61.4626
ermagellan,"v7 n=(2, 3) idf=3.0 dim=2.0 norm=False/dice pw=1.0",v7,"{""denominator"": ""dice"", ""dim"": 2.0, ""idf"": 3.0, ""n"": ""(2, 3)"", ""normalize"": false, ""position_weight"": 1.0}",tune,False,103,0.8245,0.8245,0.86514,0.71845,0.99029,1.0,97.62502
ermagellan,"v7 n=(2, 3) idf=3.0 dim=2.0 norm=True/dice pw=0.0",v7,"{""denominator"": ""dice"", ""dim"": 2.0, ""idf"": 3.0, ""n"": ""(2, 3)"", ""normalize"": true, ""position_weight"": 0.0}",tune,False,103,0.82733,0.82733,0.8675,0.72816,0.99029,1.0,74.40182
ermagellan,"v7 n=(2, 3) idf=3.0 dim=2.0 norm=True/dice pw=0.5",v7,"{""denominator"": ""dice"", ""dim"": 2.0, ""idf"": 3.0, ""n"": ""(2, 3)"", ""normalize"": true, ""position_weight"": 0.5}",tune,False,103,0.83504,0.83504,0.87381,0.72816,0.99029,1.0,66.69929
ermagellan,"v7 n=(2, 3) idf=3.0 dim=2.0 norm=True/dice pw=1.0",v7,"{""denominator"": ""dice"", ""dim"": 2.0, ""idf"": 3.0, ""n"": ""(2, 3)"", ""normalize"": true, ""position_weight"": 1.0}",tune,False,103,0.83991,0.83991,0.87739,0.73786,0.99029,1.0,63.45383
ermagellan,"v7 n=(2, 3) idf=3.0 dim=2.0 norm=True/geo pw=0.0",v7,"{""denominator"": ""geo"", ""dim"": 2.0, ""idf"": 3.0, ""n"": ""(2, 3)"", ""normalize"": true, ""position_weight"": 0.0}",tune,False,103,0.90493,0.90493,0.92539,0.85437,0.99029,1.0,63.74285
ermagellan,"v7 n=(2, 3) idf=3.0 dim=2.0 norm=True/geo pw=0.5",v7,"{""denominator"": ""geo"", ""dim"": 2.0, ""idf"": 3.0, ""n"": ""(2, 3)"", ""normalize"": true, ""position_weight"": 0.5}",tune,False,103,0.91625,0.91625,0.93383,0.87379,0.99029,1.0,65.24586
ermagellan,"v7 n=(2, 3) idf=3.0 dim=2.0 norm=True/geo pw=1.0",v7,"{""denominator"": ""geo"", ""dim"": 2.0, ""idf"": 3.0, ""n"": ""(2, 3)"", ""normalize"": true, ""position_weight"": 1.0}",tune,False,103,0.91791,0.91791,0.9379,0.87379,1.0,1.0,68.61039
ermagellan,"v7 n=(2, 4) idf=0.0 dim=1.0 norm=False/dice pw=0.0",v7,"{""denominator"": ""dice"", ""dim"": 1.0, ""idf"": 0.0, ""n"": ""(2, 4)"", ""normalize"": false, ""position_weight"": 0.0}",tune,False,103,0.30619,0.30619,0.34472,0.21359,0.51456,0.76699,56.42811
ermagellan,"v7 n=(2, 4) idf=0.0 dim=1.0 norm=False/dice pw=0.5",v7,"{""denominator"": ""dice"", ""dim"": 1.0, ""idf"": 0.0, ""n"": ""(2, 4)"", ""normalize"": false, ""position_weight"": 0.5}",tune,False,103,0.295,0.295,0.33391,0.20388,0.50485,0.76699,57.01657
ermagellan,"v7 n=(2, 4) idf=0.0 dim=1.0 norm=False/dice pw=1.0",v7,"{""denominator"": ""dice"", ""dim"": 1.0, ""idf"": 0.0, ""n"": ""(2, 4)"", ""normalize"": false, ""position_weight"": 1.0}",tune,False,103,0.28702,0.28702,0.32313,0.19417,0.48544,0.74757,59.60967
ermagellan,"v7 n=(2, 4) idf=0.0 dim=1.0 norm=True/dice pw=0.0",v7,"{""denominator"": ""dice"", ""dim"": 1.0, ""idf"": 0.0, ""n"": ""(2, 4)"", ""normalize"": true, ""position_weight"": 0.0}",tune,False,103,0.62027,0.62027,0.68198,0.48544,0.8835,0.94175,66.4399
ermagellan,"v7 n=(2, 4) idf=0.0 dim=1.0 norm=True/dice pw=0.5",v7,"{""denominator"": ""dice"", ""dim"": 1.0, ""idf"": 0.0, ""n"": ""(2, 4)"", ""normalize"": true, ""position_weight"": 0.5}",tune,False,103,0.62623,0.62623,0.68703,0.49515,0.8835,0.93204,64.05251
ermagellan,"v7 n=(2, 4) idf=0.0 dim=1.0 norm=True/dice pw=1.0",v7,"{""denominator"": ""dice"", ""dim"": 1.0, ""idf"": 0.0, ""n"": ""(2, 4)"", ""normalize"": true, ""position_weight"": 1.0}",tune,False,103,0.63025,0.63025,0.68995,0.50485,0.8835,0.93204,56.66833
ermagellan,"v7 n=(2, 4) idf=0.0 dim=1.0 norm=True/geo pw=0.0",v7,"{""denominator"": ""geo"", ""dim"": 1.0, ""idf"": 0.0, ""n"": ""(2, 4)"", ""normalize"": true, ""position_weight"": 0.0}",tune,False,103,0.70621,0.70621,0.75926,0.57282,0.93204,1.0,57.80775
ermagellan,"v7 n=(2, 4) idf=0.0 dim=1.0 norm=True/geo pw=0.5",v7,"{""denominator"": ""geo"", ""dim"": 1.0, ""idf"": 0.0, ""n"": ""(2, 4)"", ""normalize"": true, ""position_weight"": 0.5}",tune,False,103,0.69683,0.69683,0.75223,0.5534,0.93204,1.0,67.28235
ermagellan,"v7 n=(2, 4) idf=0.0 dim=1.0 norm=True/geo pw=1.0",v7,"{""denominator"": ""geo"", ""dim"": 1.0, ""idf"": 0.0, ""n"": ""(2, 4)"", ""normalize"": true, ""position_weight"": 1.0}",tune,False,103,0.70212,0.70212,0.76177,0.56311,0.95146,1.0,62.88409
ermagellan,"v7 n=(2, 4) idf=0.0 dim=2.0 norm=False/dice pw=0.0",v7,"{""denominator"": ""dice"", ""dim"": 2.0, ""idf"": 0.0, ""n"": ""(2, 4)"", ""normalize"": false, ""position_weight"": 0.0}",tune,False,103,0.24123,0.24123,0.26432,0.17476,0.38835,0.67961,54.82892
ermagellan,"v7 n=(2, 4) idf=0.0 dim=2.0 norm=False/dice pw=0.5",v7,"{""denominator"": ""dice"", ""dim"": 2.0, ""idf"": 0.0, ""n"": ""(2, 4)"", ""normalize"": false, ""position_weight"": 0.5}",tune,False,103,0.23628,0.23628,0.26127,0.16505,0.38835,0.65049,52.37081
ermagellan,"v7 n=(2, 4) idf=0.0 dim=2.0 norm=False/dice pw=1.0",v7,"{""denominator"": ""dice"", ""dim"": 2.0, ""idf"": 0.0, ""n"": ""(2, 4)"", ""normalize"": false, ""position_weight"": 1.0}",tune,False,103,0.23648,0.23648,0.2591,0.16505,0.37864,0.65049,52.534
ermagellan,"v7 n=(2, 4) idf=0.0 dim=2.0 norm=True/dice pw=0.0",v7,"{""denominator"": ""dice"", ""dim"": 2.0, ""idf"": 0.0, ""n"": ""(2, 4)"", ""normalize"": true, ""position_weight"": 0.0}",tune,False,103,0.59226,0.59226,0.64692,0.47573,0.83495,0.91262,52.10146
ermagellan,"v7 n=(2, 4) idf=0.0 dim=2.0 norm=True/dice pw=0.5",v7,"{""denominator"": ""dice"", ""dim"": 2.0, ""idf"": 0.0, ""n"": ""(2, 4)"", ""normalize"": true, ""position_weight"": 0.5}",tune,False,103,0.58775,0.58775,0.64862,0.47573,0.85437,0.91262,54.64992
ermagellan,"v7 n=(2, 4) idf=0.0 dim=2.0 norm=True/dice pw=1.0",v7,"{""denominator"": ""dice"", ""dim"": 2.0, ""idf"": 0.0, ""n"": ""(2, 4)"", ""normalize"": true, ""position_weight"": 1.0}",tune,False,103,0.59236,0.59236,0.64895,0.48544,0.84466,0.91262,56.14591
ermagellan,"v7 n=(2, 4) idf=0.0 dim=2.0 norm=True/geo pw=0.0",v7,"{""denominator"": ""geo"", ""dim"": 2.0, ""idf"": 0.0, ""n"": ""(2, 4)"", ""normalize"": true, ""position_weight"": 0.0}",tune,False,103,0.70156,0.70156,0.75608,0.57282,0.93204,0.99029,50.61317
ermagellan,"v7 n=(2, 4) idf=0.0 dim=2.0 norm=True/geo pw=0.5",v7,"{""denominator"": ""geo"", ""dim"": 2.0, ""idf"": 0.0, ""n"": ""(2, 4)"", ""normalize"": true, ""position_weight"": 0.5}",tune,False,103,0.69185,0.69185,0.74565,0.56311,0.92233,1.0,52.62544
ermagellan,"v7 n=(2, 4) idf=0.0 dim=2.0 norm=True/geo pw=1.0",v7,"{""denominator"": ""geo"", ""dim"": 2.0, ""idf"": 0.0, ""n"": ""(2, 4)"", ""normalize"": true, ""position_weight"": 1.0}",tune,False,103,0.69678,0.69678,0.74946,0.56311,0.92233,1.0,54.73984
ermagellan,"v7 n=(2, 4) idf=1.0 dim=1.0 norm=False/dice pw=0.0",v7,"{""denominator"": ""dice"", ""dim"": 1.0, ""idf"": 1.0, ""n"": ""(2, 4)"", ""normalize"": false, ""position_weight"": 0.0}",tune,False,103,0.66527,0.66527,0.71738,0.53398,0.8932,0.98058,59.35057
ermagellan,"v7 n=(2, 4) idf=1.0 dim=1.0 norm=False/dice pw=0.5",v7,"{""denominator"": ""dice"", ""dim"": 1.0, ""idf"": 1.0, ""n"": ""(2, 4)"", ""normalize"": false, ""position_weight"": 0.5}",tune,False,103,0.66957,0.66957,0.72389,0.53398,0.90291,0.98058,81.21332
ermagellan,"v7 n=(2, 4) idf=1.0 dim=1.0 norm=False/dice pw=1.0",v7,"{""denominator"": ""dice"", ""dim"": 1.0, ""idf"": 1.0, ""n"": ""(2, 4)"", ""normalize"": false, ""position_weight"": 1.0}",tune,False,103,0.6717,0.6717,0.72539,0.53398,0.90291,1.0,56.61043
ermagellan,"v7 n=(2, 4) idf=1.0 dim=1.0 norm=True/dice pw=0.0",v7,"{""denominator"": ""dice"", ""dim"": 1.0, ""idf"": 1.0, ""n"": ""(2, 4)"", ""normalize"": true, ""position_weight"": 0.0}",tune,False,103,0.72944,0.72944,0.77566,0.62136,0.92233,0.97087,57.12277
ermagellan,"v7 n=(2, 4) idf=1.0 dim=1.0 norm=True/dice pw=0.5",v7,"{""denominator"": ""dice"", ""dim"": 1.0, ""idf"": 1.0, ""n"": ""(2, 4)"", ""normalize"": true, ""position_weight"": 0.5}",tune,False,103,0.73568,0.73568,0.78039,0.62136,0.92233,0.97087,55.26169
ermagellan,"v7 n=(2, 4) idf=1.0 dim=1.0 norm=True/dice pw=1.0",v7,"{""denominator"": ""dice"", ""dim"": 1.0, ""idf"": 1.0, ""n"": ""(2, 4)"", ""normalize"": true, ""position_weight"": 1.0}",tune,False,103,0.73964,0.73964,0.78343,0.62136,0.92233,0.97087,59.52424
ermagellan,"v7 n=(2, 4) idf=1.0 dim=1.0 norm=True/geo pw=0.0",v7,"{""denominator"": ""geo"", ""dim"": 1.0, ""idf"": 1.0, ""n"": ""(2, 4)"", ""normalize"": true, ""position_weight"": 0.0}",tune,False,103,0.79359,0.79359,0.83625,0.67961,0.97087,1.0,55.01179
ermagellan,"v7 n=(2, 4) idf=1.0 dim=1.0 norm=True/geo pw=0.5",v7,"{""denominator"": ""geo"", ""dim"": 1.0, ""idf"": 1.0, ""n"": ""(2, 4)"", ""normalize"": true, ""position_weight"": 0.5}",tune,False,103,0.79333,0.79333,0.83611,0.67961,0.97087,1.0,61.94474
ermagellan,"v7 n=(2, 4) idf=1.0 dim=1.0 norm=True/geo pw=1.0",v7,"{""denominator"": ""geo"", ""dim"": 1.0, ""idf"": 1.0, ""n"": ""(2, 4)"", ""normalize"": true, ""position_weight"": 1.0}",tune,False,103,0.80777,0.80777,0.84691,0.69903,0.97087,1.0,57.89323
ermagellan,"v7 n=(2, 4) idf=1.0 dim=2.0 norm=False/dice pw=0.0",v7,"{""denominator"": ""dice"", ""dim"": 2.0, ""idf"": 1.0, ""n"": ""(2, 4)"", ""normalize"": false, ""position_weight"": 0.0}",tune,False,103,0.66717,0.66717,0.72488,0.53398,0.91262,0.97087,58.2642
ermagellan,"v7 n=(2, 4) idf=1.0 dim=2.0 norm=False/dice pw=0.5",v7,"{""denominator"": ""dice"", ""dim"": 2.0, ""idf"": 1.0, ""n"": ""(2, 4)"", ""normalize"": false, ""position_weight"": 0.5}",tune,False,103,0.67596,0.67596,0.73135,0.54369,0.91262,0.99029,55.69388
ermagellan,"v7 n=(2, 4) idf=1.0 dim=2.0 norm=False/dice pw=1.0",v7,"{""denominator"": ""dice"", ""dim"": 2.0, ""idf"": 1.0, ""n"": ""(2, 4)"", ""normalize"": false, ""position_weight"": 1.0}",tune,False,103,0.67752,0.67752,0.72996,0.54369,0.90291,0.99029,51.53205
ermagellan,"v7 n=(2, 4) idf=1.0 dim=2.0 norm=True/dice pw=0.0",v7,"{""denominator"": ""dice"", ""dim"": 2.0, ""idf"": 1.0, ""n"": ""(2, 4)"", ""normalize"": true, ""position_weight"": 0.0}",tune,False,103,0.67563,0.67563,0.72715,0.5534,0.8932,0.94175,51.897
ermagellan,"v7 n=(2, 4) idf=1.0 dim=2.0 norm=True/dice pw=0.5",v7,"{""denominator"": ""dice"", ""dim"": 2.0, ""idf"": 1.0, ""n"": ""(2, 4)"", ""normalize"": true, ""position_weight"": 0.5}",tune,False,103,0.68169,0.68169,0.73456,0.5534,0.90291,0.94175,51.75143
ermagellan,"v7 n=(2, 4) idf=1.0 dim=2.0 norm=True/dice pw=1.0",v7,"{""denominator"": ""dice"", ""dim"": 2.0, ""idf"": 1.0, ""n"": ""(2, 4)"", ""normalize"": true, ""position_weight"": 1.0}",tune,False,103,0.69772,0.69772,0.74666,0.57282,0.90291,0.95146,51.79035
ermagellan,"v7 n=(2, 4) idf=1.0 dim=2.0 norm=True/geo pw=0.0",v7,"{""denominator"": ""geo"", ""dim"": 2.0, ""idf"": 1.0, ""n"": ""(2, 4)"", ""normalize"": true, ""position_weight"": 0.0}",tune,False,103,0.78972,0.78972,0.82762,0.67961,0.95146,1.0,51.89279
ermagellan,"v7 n=(2, 4) idf=1.0 dim=2.0 norm=True/geo pw=0.5",v7,"{""denominator"": ""geo"", ""dim"": 2.0, ""idf"": 1.0, ""n"": ""(2, 4)"", ""normalize"": true, ""position_weight"": 0.5}",tune,False,103,0.791,0.791,0.82856,0.67961,0.95146,1.0,53.96429
ermagellan,"v7 n=(2, 4) idf=1.0 dim=2.0 norm=True/geo pw=1.0",v7,"{""denominator"": ""geo"", ""dim"": 2.0, ""idf"": 1.0, ""n"": ""(2, 4)"", ""normalize"": true, ""position_weight"": 1.0}",tune,False,103,0.79892,0.79892,0.83747,0.68932,0.96117,1.0,58.68015
ermagellan,"v7 n=(2, 4) idf=2.0 dim=1.0 norm=False/dice pw=0.0",v7,"{""denominator"": ""dice"", ""dim"": 1.0, ""idf"": 2.0, ""n"": ""(2, 4)"", ""normalize"": false, ""position_weight"": 0.0}",tune,False,103,0.76073,0.76073,0.81056,0.65049,0.97087,1.0,53.30255
ermagellan,"v7 n=(2, 4) idf=2.0 dim=1.0 norm=False/dice pw=0.5",v7,"{""denominator"": ""dice"", ""dim"": 1.0, ""idf"": 2.0, ""n"": ""(2, 4)"", ""normalize"": false, ""position_weight"": 0.5}",tune,False,103,0.76513,0.76513,0.81408,0.65049,0.97087,1.0,57.02131
ermagellan,"v7 n=(2, 4) idf=2.0 dim=1.0 norm=False/dice pw=1.0",v7,"{""denominator"": ""dice"", ""dim"": 1.0, ""idf"": 2.0, ""n"": ""(2, 4)"", ""normalize"": false, ""position_weight"": 1.0}",tune,False,103,0.76682,0.76682,0.81535,0.65049,0.97087,1.0,60.21043
ermagellan,"v7 n=(2, 4) idf=2.0 dim=1.0 norm=True/dice pw=0.0",v7,"{""denominator"": ""dice"", ""dim"": 1.0, ""idf"": 2.0, ""n"": ""(2, 4)"", ""normalize"": true, ""position_weight"": 0.0}",tune,False,103,0.79527,0.79527,0.83785,0.67961,0.97087,1.0,73.753
ermagellan,"v7 n=(2, 4) idf=2.0 dim=1.0 norm=True/dice pw=0.5",v7,"{""denominator"": ""dice"", ""dim"": 1.0, ""idf"": 2.0, ""n"": ""(2, 4)"", ""normalize"": true, ""position_weight"": 0.5}",tune,False,103,0.79457,0.79457,0.83718,0.67961,0.97087,1.0,62.31583
ermagellan,"v7 n=(2, 4) idf=2.0 dim=1.0 norm=True/dice pw=1.0",v7,"{""denominator"": ""dice"", ""dim"": 1.0, ""idf"": 2.0, ""n"": ""(2, 4)"", ""normalize"": true, ""position_weight"": 1.0}",tune,False,103,0.80473,0.80473,0.84464,0.69903,0.97087,1.0,61.09829
ermagellan,"v7 n=(2, 4) idf=2.0 dim=1.0 norm=True/geo pw=0.0",v7,"{""denominator"": ""geo"", ""dim"": 1.0, ""idf"": 2.0, ""n"": ""(2, 4)"", ""normalize"": true, ""position_weight"": 0.0}",tune,False,103,0.86779,0.86779,0.89742,0.79612,0.99029,1.0,68.73283
ermagellan,"v7 n=(2, 4) idf=2.0 dim=1.0 norm=True/geo pw=0.5",v7,"{""denominator"": ""geo"", ""dim"": 1.0, ""idf"": 2.0, ""n"": ""(2, 4)"", ""normalize"": true, ""position_weight"": 0.5}",tune,False,103,0.87022,0.87022,0.89936,0.79612,0.99029,1.0,58.29332
ermagellan,"v7 n=(2, 4) idf=2.0 dim=1.0 norm=True/geo pw=1.0",v7,"{""denominator"": ""geo"", ""dim"": 1.0, ""idf"": 2.0, ""n"": ""(2, 4)"", ""normalize"": true, ""position_weight"": 1.0}",tune,False,103,0.88155,0.88155,0.90793,0.81553,0.99029,1.0,56.89639
ermagellan,"v7 n=(2, 4) idf=2.0 dim=2.0 norm=False/dice pw=0.0",v7,"{""denominator"": ""dice"", ""dim"": 2.0, ""idf"": 2.0, ""n"": ""(2, 4)"", ""normalize"": false, ""position_weight"": 0.0}",tune,False,103,0.76547,0.76547,0.81935,0.66019,0.99029,1.0,56.39888
ermagellan,"v7 n=(2, 4) idf=2.0 dim=2.0 norm=False/dice pw=0.5",v7,"{""denominator"": ""dice"", ""dim"": 2.0, ""idf"": 2.0, ""n"": ""(2, 4)"", ""normalize"": false, ""position_weight"": 0.5}",tune,False,103,0.76517,0.76517,0.81949,0.65049,0.99029,1.0,56.82201
ermagellan,"v7 n=(2, 4) idf=2.0 dim=2.0 norm=False/dice pw=1.0",v7,"{""denominator"": ""dice"", ""dim"": 2.0, ""idf"": 2.0, ""n"": ""(2, 4)"", ""normalize"": false, ""position_weight"": 1.0}",tune,False,103,0.76681,0.76681,0.82076,0.65049,0.99029,1.0,56.18538
ermagellan,"v7 n=(2, 4) idf=2.0 dim=2.0 norm=True/dice pw=0.0",v7,"{""denominator"": ""dice"", ""dim"": 2.0, ""idf"": 2.0, ""n"": ""(2, 4)"", ""normalize"": true, ""position_weight"": 0.0}",tune,False,103,0.7983,0.7983,0.83695,0.69903,0.96117,0.99029,65.19269
ermagellan,"v7 n=(2, 4) idf=2.0 dim=2.0 norm=True/dice pw=0.5",v7,"{""denominator"": ""dice"", ""dim"": 2.0, ""idf"": 2.0, ""n"": ""(2, 4)"", ""normalize"": true, ""position_weight"": 0.5}",tune,False,103,0.80333,0.80333,0.84061,0.70874,0.96117,0.99029,63.95033
ermagellan,"v7 n=(2, 4) idf=2.0 dim=2.0 norm=True/dice pw=1.0",v7,"{""denominator"": ""dice"", ""dim"": 2.0, ""idf"": 2.0, ""n"": ""(2, 4)"", ""normalize"": true, ""position_weight"": 1.0}",tune,False,103,0.79995,0.79995,0.84073,0.69903,0.97087,1.0,63.63325
ermagellan,"v7 n=(2, 4) idf=2.0 dim=2.0 norm=True/geo pw=0.0",v7,"{""denominator"": ""geo"", ""dim"": 2.0, ""idf"": 2.0, ""n"": ""(2, 4)"", ""normalize"": true, ""position_weight"": 0.0}",tune,False,103,0.87232,0.87232,0.89794,0.80583,0.98058,1.0,58.19662
ermagellan,"v7 n=(2, 4) idf=2.0 dim=2.0 norm=True/geo pw=0.5",v7,"{""denominator"": ""geo"", ""dim"": 2.0, ""idf"": 2.0, ""n"": ""(2, 4)"", ""normalize"": true, ""position_weight"": 0.5}",tune,False,103,0.87474,0.87474,0.89988,0.80583,0.98058,1.0,51.28777
ermagellan,"v7 n=(2, 4) idf=2.0 dim=2.0 norm=True/geo pw=1.0",v7,"{""denominator"": ""geo"", ""dim"": 2.0, ""idf"": 2.0, ""n"": ""(2, 4)"", ""normalize"": true, ""position_weight"": 1.0}",tune,False,103,0.87021,0.87021,0.8966,0.79612,0.98058,1.0,58.00618
ermagellan,"v7 n=(2, 4) idf=3.0 dim=1.0 norm=False/dice pw=0.0",v7,"{""denominator"": ""dice"", ""dim"": 1.0, ""idf"": 3.0, ""n"": ""(2, 4)"", ""normalize"": false, ""position_weight"": 0.0}",tune,False,103,0.79774,0.79774,0.84444,0.68932,0.99029,1.0,56.374
ermagellan,"v7 n=(2, 4) idf=3.0 dim=1.0 norm=False/dice pw=0.5",v7,"{""denominator"": ""dice"", ""dim"": 1.0, ""idf"": 3.0, ""n"": ""(2, 4)"", ""normalize"": false, ""position_weight"": 0.5}",tune,False,103,0.79807,0.79807,0.8475,0.68932,1.0,1.0,56.3823
ermagellan,"v7 n=(2, 4) idf=3.0 dim=1.0 norm=False/dice pw=1.0",v7,"{""denominator"": ""dice"", ""dim"": 1.0, ""idf"": 3.0, ""n"": ""(2, 4)"", ""normalize"": false, ""position_weight"": 1.0}",tune,False,103,0.80148,0.80148,0.85022,0.68932,1.0,1.0,62.78514
ermagellan,"v7 n=(2, 4) idf=3.0 dim=1.0 norm=True/dice pw=0.0",v7,"{""denominator"": ""dice"", ""dim"": 1.0, ""idf"": 3.0, ""n"": ""(2, 4)"", ""normalize"": true, ""position_weight"": 0.0}",tune,False,103,0.84494,0.84494,0.8809,0.74757,0.99029,1.0,64.79656
ermagellan,"v7 n=(2, 4) idf=3.0 dim=1.0 norm=True/dice pw=0.5",v7,"{""denominator"": ""dice"", ""dim"": 1.0, ""idf"": 3.0, ""n"": ""(2, 4)"", ""normalize"": true, ""position_weight"": 0.5}",tune,False,103,0.86034,0.86034,0.89232,0.7767,0.99029,1.0,89.08087
ermagellan,"v7 n=(2, 4) idf=3.0 dim=1.0 norm=True/dice pw=1.0",v7,"{""denominator"": ""dice"", ""dim"": 1.0, ""idf"": 3.0, ""n"": ""(2, 4)"", ""normalize"": true, ""position_weight"": 1.0}",tune,False,103,0.86846,0.86846,0.89845,0.78641,0.99029,1.0,60.59424
ermagellan,"v7 n=(2, 4) idf=3.0 dim=1.0 norm=True/geo pw=0.0",v7,"{""denominator"": ""geo"", ""dim"": 1.0, ""idf"": 3.0, ""n"": ""(2, 4)"", ""normalize"": true, ""position_weight"": 0.0}",tune,False,103,0.91216,0.91216,0.93369,0.86408,1.0,1.0,60.37848
ermagellan,"v7 n=(2, 4) idf=3.0 dim=1.0 norm=True/geo pw=0.5",v7,"{""denominator"": ""geo"", ""dim"": 1.0, ""idf"": 3.0, ""n"": ""(2, 4)"", ""normalize"": true, ""position_weight"": 0.5}",tune,False,103,0.91352,0.91352,0.93488,0.86408,1.0,1.0,57.98841
ermagellan,"v7 n=(2, 4) idf=3.0 dim=1.0 norm=True/geo pw=1.0",v7,"{""denominator"": ""geo"", ""dim"": 1.0, ""idf"": 3.0, ""n"": ""(2, 4)"", ""normalize"": true, ""position_weight"": 1.0}",tune,False,103,0.91546,0.91546,0.93609,0.87379,1.0,1.0,58.50934
ermagellan,"v7 n=(2, 4) idf=3.0 dim=2.0 norm=False/dice pw=0.0",v7,"{""denominator"": ""dice"", ""dim"": 2.0, ""idf"": 3.0, ""n"": ""(2, 4)"", ""normalize"": false, ""position_weight"": 0.0}",tune,False,103,0.7911,0.7911,0.83992,0.6699,0.99029,1.0,61.99023
ermagellan,"v7 n=(2, 4) idf=3.0 dim=2.0 norm=False/dice pw=0.5",v7,"{""denominator"": ""dice"", ""dim"": 2.0, ""idf"": 3.0, ""n"": ""(2, 4)"", ""normalize"": false, ""position_weight"": 0.5}",tune,False,103,0.78796,0.78796,0.84041,0.66019,1.0,1.0,55.97847
ermagellan,"v7 n=(2, 4) idf=3.0 dim=2.0 norm=False/dice pw=1.0",v7,"{""denominator"": ""dice"", ""dim"": 2.0, ""idf"": 3.0, ""n"": ""(2, 4)"", ""normalize"": false, ""position_weight"": 1.0}",tune,False,103,0.79443,0.79443,0.84527,0.6699,1.0,1.0,56.97317
ermagellan,"v7 n=(2, 4) idf=3.0 dim=2.0 norm=True/dice pw=0.0",v7,"{""denominator"": ""dice"", ""dim"": 2.0, ""idf"": 3.0, ""n"": ""(2, 4)"", ""normalize"": true, ""position_weight"": 0.0}",tune,False,103,0.82003,0.82003,0.86202,0.71845,0.99029,1.0,56.6444
ermagellan,"v7 n=(2, 4) idf=3.0 dim=2.0 norm=True/dice pw=0.5",v7,"{""denominator"": ""dice"", ""dim"": 2.0, ""idf"": 3.0, ""n"": ""(2, 4)"", ""normalize"": true, ""position_weight"": 0.5}",tune,False,103,0.83,0.83,0.86971,0.72816,0.99029,1.0,56.79977
ermagellan,"v7 n=(2, 4) idf=3.0 dim=2.0 norm=True/dice pw=1.0",v7,"{""denominator"": ""dice"", ""dim"": 2.0, ""idf"": 3.0, ""n"": ""(2, 4)"", ""normalize"": true, ""position_weight"": 1.0}",tune,False,103,0.83647,0.83647,0.87457,0.73786,0.99029,1.0,55.39554
ermagellan,"v7 n=(2, 4) idf=3.0 dim=2.0 norm=True/geo pw=0.0",v7,"{""denominator"": ""geo"", ""dim"": 2.0, ""idf"": 3.0, ""n"": ""(2, 4)"", ""normalize"": true, ""position_weight"": 0.0}",tune,False,103,0.90156,0.90156,0.92576,0.84466,1.0,1.0,55.57611
ermagellan,"v7 n=(2, 4) idf=3.0 dim=2.0 norm=True/geo pw=0.5",v7,"{""denominator"": ""geo"", ""dim"": 2.0, ""idf"": 3.0, ""n"": ""(2, 4)"", ""normalize"": true, ""position_weight"": 0.5}",tune,False,103,0.90526,0.90526,0.92838,0.85437,1.0,1.0,55.83487
ermagellan,"v7 n=(2, 4) idf=3.0 dim=2.0 norm=True/geo pw=1.0",v7,"{""denominator"": ""geo"", ""dim"": 2.0, ""idf"": 3.0, ""n"": ""(2, 4)"", ""normalize"": true, ""position_weight"": 1.0}",tune,False,103,0.91076,0.91076,0.93251,0.86408,1.0,1.0,75.53835
ermagellan,"v7 n=(3, 4) idf=0.0 dim=1.0 norm=False/dice pw=0.0",v7,"{""denominator"": ""dice"", ""dim"": 1.0, ""idf"": 0.0, ""n"": ""(3, 4)"", ""normalize"": false, ""position_weight"": 0.0}",tune,False,103,0.55832,0.55832,0.62299,0.39806,0.84466,0.95146,22.7201
ermagellan,"v7 n=(3, 4) idf=0.0 dim=1.0 norm=False/dice pw=0.5",v7,"{""denominator"": ""dice"", ""dim"": 1.0, ""idf"": 0.0, ""n"": ""(3, 4)"", ""normalize"": false, ""position_weight"": 0.5}",tune,False,103,0.55914,0.55914,0.62144,0.39806,0.83495,0.95146,20.98785
ermagellan,"v7 n=(3, 4) idf=0.0 dim=1.0 norm=False/dice pw=1.0",v7,"{""denominator"": ""dice"", ""dim"": 1.0, ""idf"": 0.0, ""n"": ""(3, 4)"", ""normalize"": false, ""position_weight"": 1.0}",tune,False,103,0.54855,0.54855,0.61092,0.39806,0.82524,0.94175,21.14439
ermagellan,"v7 n=(3, 4) idf=0.0 dim=1.0 norm=True/dice pw=0.0",v7,"{""denominator"": ""dice"", ""dim"": 1.0, ""idf"": 0.0, ""n"": ""(3, 4)"", ""normalize"": true, ""position_weight"": 0.0}",tune,False,103,0.7024,0.7024,0.75585,0.57282,0.93204,1.0,20.90613
ermagellan,"v7 n=(3, 4) idf=0.0 dim=1.0 norm=True/dice pw=0.5",v7,"{""denominator"": ""dice"", ""dim"": 1.0, ""idf"": 0.0, ""n"": ""(3, 4)"", ""normalize"": true, ""position_weight"": 0.5}",tune,False,103,0.7043,0.7043,0.75438,0.58252,0.92233,1.0,22.23615
ermagellan,"v7 n=(3, 4) idf=0.0 dim=1.0 norm=True/dice pw=1.0",v7,"{""denominator"": ""dice"", ""dim"": 1.0, ""idf"": 0.0, ""n"": ""(3, 4)"", ""normalize"": true, ""position_weight"": 1.0}",tune,False,103,0.70614,0.70614,0.75599,0.58252,0.92233,1.0,22.24447
ermagellan,"v7 n=(3, 4) idf=0.0 dim=1.0 norm=True/geo pw=0.0",v7,"{""denominator"": ""geo"", ""dim"": 1.0, ""idf"": 0.0, ""n"": ""(3, 4)"", ""normalize"": true, ""position_weight"": 0.0}",tune,False,103,0.71885,0.71885,0.77709,0.58252,0.96117,1.0,21.75198
ermagellan,"v7 n=(3, 4) idf=0.0 dim=1.0 norm=True/geo pw=0.5",v7,"{""denominator"": ""geo"", ""dim"": 1.0, ""idf"": 0.0, ""n"": ""(3, 4)"", ""normalize"": true, ""position_weight"": 0.5}",tune,False,103,0.72188,0.72188,0.77958,0.58252,0.96117,1.0,21.41856
ermagellan,"v7 n=(3, 4) idf=0.0 dim=1.0 norm=True/geo pw=1.0",v7,"{""denominator"": ""geo"", ""dim"": 1.0, ""idf"": 0.0, ""n"": ""(3, 4)"", ""normalize"": true, ""position_weight"": 1.0}",tune,False,103,0.72652,0.72652,0.78601,0.58252,0.97087,1.0,23.04733
ermagellan,"v7 n=(3, 4) idf=0.0 dim=2.0 norm=False/dice pw=0.0",v7,"{""denominator"": ""dice"", ""dim"": 2.0, ""idf"": 0.0, ""n"": ""(3, 4)"", ""normalize"": false, ""position_weight"": 0.0}",tune,False,103,0.54931,0.54931,0.61632,0.38835,0.84466,0.95146,20.88248
ermagellan,"v7 n=(3, 4) idf=0.0 dim=2.0 norm=False/dice pw=0.5",v7,"{""denominator"": ""dice"", ""dim"": 2.0, ""idf"": 0.0, ""n"": ""(3, 4)"", ""normalize"": false, ""position_weight"": 0.5}",tune,False,103,0.54152,0.54152,0.6083,0.37864,0.83495,0.94175,21.93298
ermagellan,"v7 n=(3, 4) idf=0.0 dim=2.0 norm=False/dice pw=1.0",v7,"{""denominator"": ""dice"", ""dim"": 2.0, ""idf"": 0.0, ""n"": ""(3, 4)"", ""normalize"": false, ""position_weight"": 1.0}",tune,False,103,0.53149,0.53149,0.59834,0.36893,0.82524,0.94175,22.0181
ermagellan,"v7 n=(3, 4) idf=0.0 dim=2.0 norm=True/dice pw=0.0",v7,"{""denominator"": ""dice"", ""dim"": 2.0, ""idf"": 0.0, ""n"": ""(3, 4)"", ""normalize"": true, ""position_weight"": 0.0}",tune,False,103,0.70236,0.70236,0.75585,0.57282,0.93204,1.0,26.91453
ermagellan,"v7 n=(3, 4) idf=0.0 dim=2.0 norm=True/dice pw=0.5",v7,"{""denominator"": ""dice"", ""dim"": 2.0, ""idf"": 0.0, ""n"": ""(3, 4)"", ""normalize"": true, ""position_weight"": 0.5}",tune,False,103,0.70428,0.70428,0.75438,0.58252,0.92233,1.0,23.19232
ermagellan,"v7 n=(3, 4) idf=0.0 dim=2.0 norm=True/dice pw=1.0",v7,"{""denominator"": ""dice"", ""dim"": 2.0, ""idf"": 0.0, ""n"": ""(3, 4)"", ""normalize"": true, ""position_weight"": 1.0}",tune,False,103,0.70098,0.70098,0.75218,0.57282,0.92233,1.0,22.59464
ermagellan,"v7 n=(3, 4) idf=0.0 dim=2.0 norm=True/geo pw=0.0",v7,"{""denominator"": ""geo"", ""dim"": 2.0, ""idf"": 0.0, ""n"": ""(3, 4)"", ""normalize"": true, ""position_weight"": 0.0}",tune,False,103,0.72694,0.72694,0.78321,0.59223,0.96117,1.0,21.73891
ermagellan,"v7 n=(3, 4) idf=0.0 dim=2.0 norm=True/geo pw=0.5",v7,"{""denominator"": ""geo"", ""dim"": 2.0, ""idf"": 0.0, ""n"": ""(3, 4)"", ""normalize"": true, ""position_weight"": 0.5}",tune,False,103,0.72107,0.72107,0.77921,0.57282,0.96117,1.0,21.40072
ermagellan,"v7 n=(3, 4) idf=0.0 dim=2.0 norm=True/geo pw=1.0",v7,"{""denominator"": ""geo"", ""dim"": 2.0, ""idf"": 0.0, ""n"": ""(3, 4)"", ""normalize"": true, ""position_weight"": 1.0}",tune,False,103,0.72652,0.72652,0.78601,0.58252,0.97087,1.0,22.62037
ermagellan,"v7 n=(3, 4) idf=1.0 dim=1.0 norm=False/dice pw=0.0",v7,"{""denominator"": ""dice"", ""dim"": 1.0, ""idf"": 1.0, ""n"": ""(3, 4)"", ""normalize"": false, ""position_weight"": 0.0}",tune,False,103,0.69231,0.69231,0.74609,0.5534,0.92233,1.0,23.63414
ermagellan,"v7 n=(3, 4) idf=1.0 dim=1.0 norm=False/dice pw=0.5",v7,"{""denominator"": ""dice"", ""dim"": 1.0, ""idf"": 1.0, ""n"": ""(3, 4)"", ""normalize"": false, ""position_weight"": 0.5}",tune,False,103,0.70644,0.70644,0.75666,0.57282,0.92233,1.0,23.57464
ermagellan,"v7 n=(3, 4) idf=1.0 dim=1.0 norm=False/dice pw=1.0",v7,"{""denominator"": ""dice"", ""dim"": 1.0, ""idf"": 1.0, ""n"": ""(3, 4)"", ""normalize"": false, ""position_weight"": 1.0}",tune,False,103,0.71248,0.71248,0.76373,0.58252,0.93204,1.0,24.54279
ermagellan,"v7 n=(3, 4) idf=1.0 dim=1.0 norm=True/dice pw=0.0",v7,"{""denominator"": ""dice"", ""dim"": 1.0, ""idf"": 1.0, ""n"": ""(3, 4)"", ""normalize"": true, ""position_weight"": 0.0}",tune,False,103,0.75573,0.75573,0.79886,0.64078,0.94175,1.0,23.5458
ermagellan,"v7 n=(3, 4) idf=1.0 dim=1.0 norm=True/dice pw=0.5",v7,"{""denominator"": ""dice"", ""dim"": 1.0, ""idf"": 1.0, ""n"": ""(3, 4)"", ""normalize"": true, ""position_weight"": 0.5}",tune,False,103,0.76203,0.76203,0.80349,0.65049,0.94175,1.0,23.51099
ermagellan,"v7 n=(3, 4) idf=1.0 dim=1.0 norm=True/dice pw=1.0",v7,"{""denominator"": ""dice"", ""dim"": 1.0, ""idf"": 1.0, ""n"": ""(3, 4)"", ""normalize"": true, ""position_weight"": 1.0}",tune,False,103,0.75773,0.75773,0.80031,0.64078,0.94175,1.0,24.56497
ermagellan,"v7 n=(3, 4) idf=1.0 dim=1.0 norm=True/geo pw=0.0",v7,"{""denominator"": ""geo"", ""dim"": 1.0, ""idf"": 1.0, ""n"": ""(3, 4)"", ""normalize"": true, ""position_weight"": 0.0}",tune,False,103,0.79972,0.79972,0.84683,0.68932,0.99029,1.0,24.47412
ermagellan,"v7 n=(3, 4) idf=1.0 dim=1.0 norm=True/geo pw=0.5",v7,"{""denominator"": ""geo"", ""dim"": 1.0, ""idf"": 1.0, ""n"": ""(3, 4)"", ""normalize"": true, ""position_weight"": 0.5}",tune,False,103,0.81105,0.81105,0.85527,0.70874,0.99029,1.0,24.52651
ermagellan,"v7 n=(3, 4) idf=1.0 dim=1.0 norm=True/geo pw=1.0",v7,"{""denominator"": ""geo"", ""dim"": 1.0, ""idf"": 1.0, ""n"": ""(3, 4)"", ""normalize"": true, ""position_weight"": 1.0}",tune,False,103,0.82028,0.82028,0.86232,0.71845,0.99029,1.0,27.4459
ermagellan,"v7 n=(3, 4) idf=1.0 dim=2.0 norm=False/dice pw=0.0",v7,"{""denominator"": ""dice"", ""dim"": 2.0, ""idf"": 1.0, ""n"": ""(3, 4)"", ""normalize"": false, ""position_weight"": 0.0}",tune,False,103,0.69224,0.69224,0.74609,0.5534,0.92233,1.0,29.70545
ermagellan,"v7 n=(3, 4) idf=1.0 dim=2.0 norm=False/dice pw=0.5",v7,"{""denominator"": ""dice"", ""dim"": 2.0, ""idf"": 1.0, ""n"": ""(3, 4)"", ""normalize"": false, ""position_weight"": 0.5}",tune,False,103,0.70682,0.70682,0.7571,0.57282,0.92233,1.0,24.995
ermagellan,"v7 n=(3, 4) idf=1.0 dim=2.0 norm=False/dice pw=1.0",v7,"{""denominator"": ""dice"", ""dim"": 2.0, ""idf"": 1.0, ""n"": ""(3, 4)"", ""normalize"": false, ""position_weight"": 1.0}",tune,False,103,0.71257,0.71257,0.76109,0.58252,0.92233,1.0,25.26337
ermagellan,"v7 n=(3, 4) idf=1.0 dim=2.0 norm=True/dice pw=0.0",v7,"{""denominator"": ""dice"", ""dim"": 2.0, ""idf"": 1.0, ""n"": ""(3, 4)"", ""normalize"": true, ""position_weight"": 0.0}",tune,False,103,0.76217,0.76217,0.80372,0.65049,0.94175,1.0,25.19369
ermagellan,"v7 n=(3, 4) idf=1.0 dim=2.0 norm=True/dice pw=0.5",v7,"{""denominator"": ""dice"", ""dim"": 2.0, ""idf"": 1.0, ""n"": ""(3, 4)"", ""normalize"": true, ""position_weight"": 0.5}",tune,False,103,0.76193,0.76193,0.80349,0.65049,0.94175,1.0,26.14042
ermagellan,"v7 n=(3, 4) idf=1.0 dim=2.0 norm=True/dice pw=1.0",v7,"{""denominator"": ""dice"", ""dim"": 2.0, ""idf"": 1.0, ""n"": ""(3, 4)"", ""normalize"": true, ""position_weight"": 1.0}",tune,False,103,0.76226,0.76226,0.80367,0.65049,0.94175,1.0,26.99568
ermagellan,"v7 n=(3, 4) idf=1.0 dim=2.0 norm=True/geo pw=0.0",v7,"{""denominator"": ""geo"", ""dim"": 2.0, ""idf"": 1.0, ""n"": ""(3, 4)"", ""normalize"": true, ""position_weight"": 0.0}",tune,False,103,0.79972,0.79972,0.84683,0.68932,0.99029,1.0,27.6787
ermagellan,"v7 n=(3, 4) idf=1.0 dim=2.0 norm=True/geo pw=0.5",v7,"{""denominator"": ""geo"", ""dim"": 2.0, ""idf"": 1.0, ""n"": ""(3, 4)"", ""normalize"": true, ""position_weight"": 0.5}",tune,False,103,0.81268,0.81268,0.85654,0.70874,0.99029,1.0,26.59073
ermagellan,"v7 n=(3, 4) idf=1.0 dim=2.0 norm=True/geo pw=1.0",v7,"{""denominator"": ""geo"", ""dim"": 2.0, ""idf"": 1.0, ""n"": ""(3, 4)"", ""normalize"": true, ""position_weight"": 1.0}",tune,False,103,0.82514,0.82514,0.8659,0.72816,0.99029,1.0,25.13014
ermagellan,"v7 n=(3, 4) idf=2.0 dim=1.0 norm=False/dice pw=0.0",v7,"{""denominator"": ""dice"", ""dim"": 1.0, ""idf"": 2.0, ""n"": ""(3, 4)"", ""normalize"": false, ""position_weight"": 0.0}",tune,False,103,0.77233,0.77233,0.82246,0.66019,0.98058,1.0,21.39806
ermagellan,"v7 n=(3, 4) idf=2.0 dim=1.0 norm=False/dice pw=0.5",v7,"{""denominator"": ""dice"", ""dim"": 1.0, ""idf"": 2.0, ""n"": ""(3, 4)"", ""normalize"": false, ""position_weight"": 0.5}",tune,False,103,0.77237,0.77237,0.82246,0.66019,0.98058,1.0,21.56978
ermagellan,"v7 n=(3, 4) idf=2.0 dim=1.0 norm=False/dice pw=1.0",v7,"{""denominator"": ""dice"", ""dim"": 1.0, ""idf"": 2.0, ""n"": ""(3, 4)"", ""normalize"": false, ""position_weight"": 1.0}",tune,False,103,0.77039,0.77039,0.82099,0.65049,0.98058,1.0,21.96643
ermagellan,"v7 n=(3, 4) idf=2.0 dim=1.0 norm=True/dice pw=0.0",v7,"{""denominator"": ""dice"", ""dim"": 1.0, ""idf"": 2.0, ""n"": ""(3, 4)"", ""normalize"": true, ""position_weight"": 0.0}",tune,False,103,0.79711,0.79711,0.8418,0.67961,0.98058,1.0,20.86887
ermagellan,"v7 n=(3, 4) idf=2.0 dim=1.0 norm=True/dice pw=0.5",v7,"{""denominator"": ""dice"", ""dim"": 1.0, ""idf"": 2.0, ""n"": ""(3, 4)"", ""normalize"": true, ""position_weight"": 0.5}",tune,False,103,0.79807,0.79807,0.84261,0.67961,0.98058,1.0,21.09675
ermagellan,"v7 n=(3, 4) idf=2.0 dim=1.0 norm=True/dice pw=1.0",v7,"{""denominator"": ""dice"", ""dim"": 1.0, ""idf"": 2.0, ""n"": ""(3, 4)"", ""normalize"": true, ""position_weight"": 1.0}",tune,False,103,0.80515,0.80515,0.8507,0.68932,0.99029,1.0,21.0471
ermagellan,"v7 n=(3, 4) idf=2.0 dim=1.0 norm=True/geo pw=0.0",v7,"{""denominator"": ""geo"", ""dim"": 1.0, ""idf"": 2.0, ""n"": ""(3, 4)"", ""normalize"": true, ""position_weight"": 0.0}",tune,False,103,0.86121,0.86121,0.89339,0.7767,0.99029,1.0,21.08547
ermagellan,"v7 n=(3, 4) idf=2.0 dim=1.0 norm=True/geo pw=0.5",v7,"{""denominator"": ""geo"", ""dim"": 1.0, ""idf"": 2.0, ""n"": ""(3, 4)"", ""normalize"": true, ""position_weight"": 0.5}",tune,False,103,0.86528,0.86528,0.8963,0.78641,0.99029,1.0,20.868
ermagellan,"v7 n=(3, 4) idf=2.0 dim=1.0 norm=True/geo pw=1.0",v7,"{""denominator"": ""geo"", ""dim"": 1.0, ""idf"": 2.0, ""n"": ""(3, 4)"", ""normalize"": true, ""position_weight"": 1.0}",tune,False,103,0.87015,0.87015,0.89988,0.79612,0.99029,1.0,21.57717
ermagellan,"v7 n=(3, 4) idf=2.0 dim=2.0 norm=False/dice pw=0.0",v7,"{""denominator"": ""dice"", ""dim"": 2.0, ""idf"": 2.0, ""n"": ""(3, 4)"", ""normalize"": false, ""position_weight"": 0.0}",tune,False,103,0.77076,0.77076,0.82119,0.66019,0.98058,1.0,21.43046
ermagellan,"v7 n=(3, 4) idf=2.0 dim=2.0 norm=False/dice pw=0.5",v7,"{""denominator"": ""dice"", ""dim"": 2.0, ""idf"": 2.0, ""n"": ""(3, 4)"", ""normalize"": false, ""position_weight"": 0.5}",tune,False,103,0.77198,0.77198,0.82204,0.66019,0.98058,1.0,20.88911
ermagellan,"v7 n=(3, 4) idf=2.0 dim=2.0 norm=False/dice pw=1.0",v7,"{""denominator"": ""dice"", ""dim"": 2.0, ""idf"": 2.0, ""n"": ""(3, 4)"", ""normalize"": false, ""position_weight"": 1.0}",tune,False,103,0.77018,0.77018,0.82079,0.65049,0.98058,1.0,25.59054
ermagellan,"v7 n=(3, 4) idf=2.0 dim=2.0 norm=True/dice pw=0.0",v7,"{""denominator"": ""dice"", ""dim"": 2.0, ""idf"": 2.0, ""n"": ""(3, 4)"", ""normalize"": true, ""position_weight"": 0.0}",tune,False,103,0.79672,0.79672,0.8415,0.67961,0.98058,1.0,21.67407
ermagellan,"v7 n=(3, 4) idf=2.0 dim=2.0 norm=True/dice pw=0.5",v7,"{""denominator"": ""dice"", ""dim"": 2.0, ""idf"": 2.0, ""n"": ""(3, 4)"", ""normalize"": true, ""position_weight"": 0.5}",tune,False,103,0.79807,0.79807,0.84261,0.67961,0.98058,1.0,20.8184
ermagellan,"v7 n=(3, 4) idf=2.0 dim=2.0 norm=True/dice pw=1.0",v7,"{""denominator"": ""dice"", ""dim"": 2.0, ""idf"": 2.0, ""n"": ""(3, 4)"", ""normalize"": true, ""position_weight"": 1.0}",tune,False,103,0.80516,0.80516,0.8507,0.68932,0.99029,1.0,20.87515
ermagellan,"v7 n=(3, 4) idf=2.0 dim=2.0 norm=True/geo pw=0.0",v7,"{""denominator"": ""geo"", ""dim"": 2.0, ""idf"": 2.0, ""n"": ""(3, 4)"", ""normalize"": true, ""position_weight"": 0.0}",tune,False,103,0.86123,0.86123,0.89339,0.7767,0.99029,1.0,21.21586
ermagellan,"v7 n=(3, 4) idf=2.0 dim=2.0 norm=True/geo pw=0.5",v7,"{""denominator"": ""geo"", ""dim"": 2.0, ""idf"": 2.0, ""n"": ""(3, 4)"", ""normalize"": true, ""position_weight"": 0.5}",tune,False,103,0.86529,0.86529,0.8963,0.78641,0.99029,1.0,21.46846
ermagellan,"v7 n=(3, 4) idf=2.0 dim=2.0 norm=True/geo pw=1.0",v7,"{""denominator"": ""geo"", ""dim"": 2.0, ""idf"": 2.0, ""n"": ""(3, 4)"", ""normalize"": true, ""position_weight"": 1.0}",tune,False,103,0.87015,0.87015,0.89988,0.79612,0.99029,1.0,21.06644
ermagellan,"v7 n=(3, 4) idf=3.0 dim=1.0 norm=False/dice pw=0.0",v7,"{""denominator"": ""dice"", ""dim"": 1.0, ""idf"": 3.0, ""n"": ""(3, 4)"", ""normalize"": false, ""position_weight"": 0.0}",tune,False,103,0.80263,0.80263,0.84844,0.68932,0.99029,1.0,21.43227
ermagellan,"v7 n=(3, 4) idf=3.0 dim=1.0 norm=False/dice pw=0.5",v7,"{""denominator"": ""dice"", ""dim"": 1.0, ""idf"": 3.0, ""n"": ""(3, 4)"", ""normalize"": false, ""position_weight"": 0.5}",tune,False,103,0.80786,0.80786,0.85234,0.69903,0.99029,1.0,20.70662
ermagellan,"v7 n=(3, 4) idf=3.0 dim=1.0 norm=False/dice pw=1.0",v7,"{""denominator"": ""dice"", ""dim"": 1.0, ""idf"": 3.0, ""n"": ""(3, 4)"", ""normalize"": false, ""position_weight"": 1.0}",tune,False,103,0.80957,0.80957,0.85642,0.69903,1.0,1.0,20.6775
ermagellan,"v7 n=(3, 4) idf=3.0 dim=1.0 norm=True/dice pw=0.0",v7,"{""denominator"": ""dice"", ""dim"": 1.0, ""idf"": 3.0, ""n"": ""(3, 4)"", ""normalize"": true, ""position_weight"": 0.0}",tune,False,103,0.8318,0.8318,0.8734,0.72816,1.0,1.0,21.56225
ermagellan,"v7 n=(3, 4) idf=3.0 dim=1.0 norm=True/dice pw=0.5",v7,"{""denominator"": ""dice"", ""dim"": 1.0, ""idf"": 3.0, ""n"": ""(3, 4)"", ""normalize"": true, ""position_weight"": 0.5}",tune,False,103,0.83391,0.83391,0.87514,0.72816,1.0,1.0,20.97866
ermagellan,"v7 n=(3, 4) idf=3.0 dim=1.0 norm=True/dice pw=1.0",v7,"{""denominator"": ""dice"", ""dim"": 1.0, ""idf"": 3.0, ""n"": ""(3, 4)"", ""normalize"": true, ""position_weight"": 1.0}",tune,False,103,0.84815,0.84815,0.88559,0.75728,1.0,1.0,20.89607
ermagellan,"v7 n=(3, 4) idf=3.0 dim=1.0 norm=True/geo pw=0.0",v7,"{""denominator"": ""geo"", ""dim"": 1.0, ""idf"": 3.0, ""n"": ""(3, 4)"", ""normalize"": true, ""position_weight"": 0.0}",tune,False,103,0.89693,0.89693,0.92243,0.83495,1.0,1.0,21.30422
ermagellan,"v7 n=(3, 4) idf=3.0 dim=1.0 norm=True/geo pw=0.5",v7,"{""denominator"": ""geo"", ""dim"": 1.0, ""idf"": 3.0, ""n"": ""(3, 4)"", ""normalize"": true, ""position_weight"": 0.5}",tune,False,103,0.90097,0.90097,0.92534,0.84466,1.0,1.0,21.08423
ermagellan,"v7 n=(3, 4) idf=3.0 dim=1.0 norm=True/geo pw=1.0",v7,"{""denominator"": ""geo"", ""dim"": 1.0, ""idf"": 3.0, ""n"": ""(3, 4)"", ""normalize"": true, ""position_weight"": 1.0}",tune,False,103,0.9034,0.9034,0.92698,0.85437,1.0,1.0,22.02011
ermagellan,"v7 n=(3, 4) idf=3.0 dim=2.0 norm=False/dice pw=0.0",v7,"{""denominator"": ""dice"", ""dim"": 2.0, ""idf"": 3.0, ""n"": ""(3, 4)"", ""normalize"": false, ""position_weight"": 0.0}",tune,False,103,0.80276,0.80276,0.84858,0.68932,0.99029,1.0,22.79762
ermagellan,"v7 n=(3, 4) idf=3.0 dim=2.0 norm=False/dice pw=0.5",v7,"{""denominator"": ""dice"", ""dim"": 2.0, ""idf"": 3.0, ""n"": ""(3, 4)"", ""normalize"": false, ""position_weight"": 0.5}",tune,False,103,0.80301,0.80301,0.84876,0.68932,0.99029,1.0,23.9025
ermagellan,"v7 n=(3, 4) idf=3.0 dim=2.0 norm=False/dice pw=1.0",v7,"{""denominator"": ""dice"", ""dim"": 2.0, ""idf"": 3.0, ""n"": ""(3, 4)"", ""normalize"": false, ""position_weight"": 1.0}",tune,False,103,0.80495,0.80495,0.85306,0.68932,1.0,1.0,21.3542
ermagellan,"v7 n=(3, 4) idf=3.0 dim=2.0 norm=True/dice pw=0.0",v7,"{""denominator"": ""dice"", ""dim"": 2.0, ""idf"": 3.0, ""n"": ""(3, 4)"", ""normalize"": true, ""position_weight"": 0.0}",tune,False,103,0.83652,0.83652,0.87684,0.73786,1.0,1.0,22.30846
ermagellan,"v7 n=(3, 4) idf=3.0 dim=2.0 norm=True/dice pw=0.5",v7,"{""denominator"": ""dice"", ""dim"": 2.0, ""idf"": 3.0, ""n"": ""(3, 4)"", ""normalize"": true, ""position_weight"": 0.5}",tune,False,103,0.84183,0.84183,0.88086,0.74757,1.0,1.0,21.77023
ermagellan,"v7 n=(3, 4) idf=3.0 dim=2.0 norm=True/dice pw=1.0",v7,"{""denominator"": ""dice"", ""dim"": 2.0, ""idf"": 3.0, ""n"": ""(3, 4)"", ""normalize"": true, ""position_weight"": 1.0}",tune,False,103,0.84798,0.84798,0.88542,0.75728,1.0,1.0,22.21878
ermagellan,"v7 n=(3, 4) idf=3.0 dim=2.0 norm=True/geo pw=0.0",v7,"{""denominator"": ""geo"", ""dim"": 2.0, ""idf"": 3.0, ""n"": ""(3, 4)"", ""normalize"": true, ""position_weight"": 0.0}",tune,False,103,0.89693,0.89693,0.92243,0.83495,1.0,1.0,21.52207
ermagellan,"v7 n=(3, 4) idf=3.0 dim=2.0 norm=True/geo pw=0.5",v7,"{""denominator"": ""geo"", ""dim"": 2.0, ""idf"": 3.0, ""n"": ""(3, 4)"", ""normalize"": true, ""position_weight"": 0.5}",tune,False,103,0.90097,0.90097,0.92534,0.84466,1.0,1.0,23.54635
ermagellan,"v7 n=(3, 4) idf=3.0 dim=2.0 norm=True/geo pw=1.0",v7,"{""denominator"": ""geo"", ""dim"": 2.0, ""idf"": 3.0, ""n"": ""(3, 4)"", ""normalize"": true, ""position_weight"": 1.0}",tune,False,103,0.90583,0.90583,0.92892,0.85437,1.0,1.0,20.97986
ermagellan,"v7 n=(2, 3) idf=3.0 dim=1.0 norm=True/geo pw=0.5",v7,"{""denominator"": ""geo"", ""dim"": 1.0, ""idf"": 3.0, ""n"": ""(2, 3)"", ""normalize"": true, ""position_weight"": 0.5}",test,True,103,0.87804,0.87804,0.90599,0.79612,0.99029,1.0,75.44833
ermagellan,v7 default,v7_default,"{""denominator"": ""dice"", ""dim"": 1.0, ""idf"": 0.0, ""n"": ""(2, 4)"", ""normalize"": true, ""position_weight"": 1.0}",test,True,103,0.65133,0.65133,0.70158,0.53398,0.87379,0.94175,74.52756
ermagellan,"v7 n=(2, 3) idf=3.0 dim=1.0 norm=True/geo pw=0.0",v7_pw0.0,"{""denominator"": ""geo"", ""dim"": 1.0, ""idf"": 3.0, ""n"": ""(2, 3)"", ""normalize"": true, ""position_weight"": 0.0}",test,True,103,0.87475,0.87475,0.90345,0.79612,0.99029,1.0,61.28294
ermagellan,"v7 n=(2, 3) idf=3.0 dim=1.0 norm=True/geo pw=0.5",v7_pw0.5,"{""denominator"": ""geo"", ""dim"": 1.0, ""idf"": 3.0, ""n"": ""(2, 3)"", ""normalize"": true, ""position_weight"": 0.5}",test,True,103,0.87804,0.87804,0.90599,0.79612,0.99029,1.0,65.34342
ermagellan,"v7 n=(2, 3) idf=3.0 dim=1.0 norm=True/geo pw=1.0",v7_pw1.0,"{""denominator"": ""geo"", ""dim"": 1.0, ""idf"": 3.0, ""n"": ""(2, 3)"", ""normalize"": true, ""position_weight"": 1.0}",test,True,103,0.88315,0.88315,0.9098,0.80583,0.99029,1.0,63.46585
ermagellan,v7 top-50 reranked by bm25_char,v7>bm25_char,"{""depth"": 50}",test,True,103,0.86217,0.86217,0.8902,0.79612,0.98058,1.0,76.35837
ermagellan,"bm25_char n=(2,) k1=0.5 b=0.3 idf^1.0",bm25_char,"{""b"": 0.3, ""idf_exp"": 1.0, ""k1"": 0.5, ""n"": ""(2,)""}",tune,False,103,0.66097,0.66097,0.70247,0.54369,0.84466,0.94175,5.64862
ermagellan,"bm25_char n=(2,) k1=0.5 b=0.3 idf^2.0",bm25_char,"{""b"": 0.3, ""idf_exp"": 2.0, ""k1"": 0.5, ""n"": ""(2,)""}",tune,False,103,0.78484,0.78484,0.82506,0.67961,0.95146,0.99029,5.08426
ermagellan,"bm25_char n=(2,) k1=0.5 b=0.3 idf^3.0",bm25_char,"{""b"": 0.3, ""idf_exp"": 3.0, ""k1"": 0.5, ""n"": ""(2,)""}",tune,False,103,0.84441,0.84441,0.8777,0.76699,0.98058,0.99029,4.98493
ermagellan,"bm25_char n=(2,) k1=0.5 b=0.75 idf^1.0",bm25_char,"{""b"": 0.75, ""idf_exp"": 1.0, ""k1"": 0.5, ""n"": ""(2,)""}",tune,False,103,0.73543,0.73543,0.7762,0.64078,0.91262,0.95146,4.74674
ermagellan,"bm25_char n=(2,) k1=0.5 b=0.75 idf^2.0",bm25_char,"{""b"": 0.75, ""idf_exp"": 2.0, ""k1"": 0.5, ""n"": ""(2,)""}",tune,False,103,0.8662,0.8662,0.89128,0.80583,0.97087,0.99029,5.27609
ermagellan,"bm25_char n=(2,) k1=0.5 b=0.75 idf^3.0",bm25_char,"{""b"": 0.75, ""idf_exp"": 3.0, ""k1"": 0.5, ""n"": ""(2,)""}",tune,False,103,0.87905,0.87905,0.90401,0.81553,0.98058,0.99029,5.11127
ermagellan,"bm25_char n=(2,) k1=0.5 b=1.0 idf^1.0",bm25_char,"{""b"": 1.0, ""idf_exp"": 1.0, ""k1"": 0.5, ""n"": ""(2,)""}",tune,False,103,0.77683,0.77683,0.81102,0.68932,0.92233,0.96117,4.56809
ermagellan,"bm25_char n=(2,) k1=0.5 b=1.0 idf^2.0",bm25_char,"{""b"": 1.0, ""idf_exp"": 2.0, ""k1"": 0.5, ""n"": ""(2,)""}",tune,False,103,0.87302,0.87302,0.89626,0.81553,0.97087,0.99029,4.43239
ermagellan,"bm25_char n=(2,) k1=0.5 b=1.0 idf^3.0",bm25_char,"{""b"": 1.0, ""idf_exp"": 3.0, ""k1"": 0.5, ""n"": ""(2,)""}",tune,False,103,0.88297,0.88297,0.90693,0.81553,0.98058,1.0,4.58533
ermagellan,"bm25_char n=(2,) k1=1.2 b=0.3 idf^1.0",bm25_char,"{""b"": 0.3, ""idf_exp"": 1.0, ""k1"": 1.2, ""n"": ""(2,)""}",tune,False,103,0.66188,0.66188,0.70619,0.54369,0.85437,0.94175,4.56239
ermagellan,"bm25_char n=(2,) k1=1.2 b=0.3 idf^2.0",bm25_char,"{""b"": 0.3, ""idf_exp"": 2.0, ""k1"": 1.2, ""n"": ""(2,)""}",tune,False,103,0.78745,0.78745,0.82699,0.67961,0.95146,0.99029,5.09845
ermagellan,"bm25_char n=(2,) k1=1.2 b=0.3 idf^3.0",bm25_char,"{""b"": 0.3, ""idf_exp"": 3.0, ""k1"": 1.2, ""n"": ""(2,)""}",tune,False,103,0.84453,0.84453,0.87789,0.76699,0.98058,0.99029,7.41389
ermagellan,"bm25_char n=(2,) k1=1.2 b=0.75 idf^1.0",bm25_char,"{""b"": 0.75, ""idf_exp"": 1.0, ""k1"": 1.2, ""n"": ""(2,)""}",tune,False,103,0.79718,0.79718,0.82661,0.71845,0.92233,0.96117,8.14847
ermagellan,"bm25_char n=(2,) k1=1.2 b=0.75 idf^2.0",bm25_char,"{""b"": 0.75, ""idf_exp"": 2.0, ""k1"": 1.2, ""n"": ""(2,)""}",tune,False,103,0.86503,0.86503,0.89019,0.79612,0.97087,0.99029,5.85208
ermagellan,"bm25_char n=(2,) k1=1.2 b=0.75 idf^3.0",bm25_char,"{""b"": 0.75, ""idf_exp"": 3.0, ""k1"": 1.2, ""n"": ""(2,)""}",tune,False,103,0.86962,0.86962,0.89715,0.78641,0.98058,1.0,5.17894
ermagellan,"bm25_char n=(2,) k1=1.2 b=1.0 idf^1.0",bm25_char,"{""b"": 1.0, ""idf_exp"": 1.0, ""k1"": 1.2, ""n"": ""(2,)""}",tune,False,103,0.838,0.838,0.85639,0.78641,0.92233,0.97087,4.90759
ermagellan,"bm25_char n=(2,) k1=1.2 b=1.0 idf^2.0",bm25_char,"{""b"": 1.0, ""idf_exp"": 2.0, ""k1"": 1.2, ""n"": ""(2,)""}",tune,False,103,0.88681,0.88681,0.90941,0.82524,0.98058,1.0,5.01614
ermagellan,"bm25_char n=(2,) k1=1.2 b=1.0 idf^3.0",bm25_char,"{""b"": 1.0, ""idf_exp"": 3.0, ""k1"": 1.2, ""n"": ""(2,)""}",tune,False,103,0.89404,0.89404,0.91507,0.83495,0.98058,1.0,5.10805
ermagellan,"bm25_char n=(2,) k1=2.0 b=0.3 idf^1.0",bm25_char,"{""b"": 0.3, ""idf_exp"": 1.0, ""k1"": 2.0, ""n"": ""(2,)""}",tune,False,103,0.6376,0.6376,0.69057,0.50485,0.86408,0.94175,6.33411
ermagellan,"bm25_char n=(2,) k1=2.0 b=0.3 idf^2.0",bm25_char,"{""b"": 0.3, ""idf_exp"": 2.0, ""k1"": 2.0, ""n"": ""(2,)""}",tune,False,103,0.78868,0.78868,0.82781,0.67961,0.95146,0.99029,4.78908
ermagellan,"bm25_char n=(2,) k1=2.0 b=0.3 idf^3.0",bm25_char,"{""b"": 0.3, ""idf_exp"": 3.0, ""k1"": 2.0, ""n"": ""(2,)""}",tune,False,103,0.83754,0.83754,0.87251,0.75728,0.98058,0.99029,6.17567
ermagellan,"bm25_char n=(2,) k1=2.0 b=0.75 idf^1.0",bm25_char,"{""b"": 0.75, ""idf_exp"": 1.0, ""k1"": 2.0, ""n"": ""(2,)""}",tune,False,103,0.80927,0.80927,0.83566,0.73786,0.92233,0.96117,5.65045
ermagellan,"bm25_char n=(2,) k1=2.0 b=0.75 idf^2.0",bm25_char,"{""b"": 0.75, ""idf_exp"": 2.0, ""k1"": 2.0, ""n"": ""(2,)""}",tune,False,103,0.84957,0.84957,0.88154,0.76699,0.98058,0.99029,5.14043
ermagellan,"bm25_char n=(2,) k1=2.0 b=0.75 idf^3.0",bm25_char,"{""b"": 0.75, ""idf_exp"": 3.0, ""k1"": 2.0, ""n"": ""(2,)""}",tune,False,103,0.87216,0.87216,0.89879,0.79612,0.98058,1.0,5.42756
ermagellan,"bm25_char n=(2,) k1=2.0 b=1.0 idf^1.0",bm25_char,"{""b"": 1.0, ""idf_exp"": 1.0, ""k1"": 2.0, ""n"": ""(2,)""}",tune,False,103,0.83414,0.83414,0.85584,0.7767,0.93204,0.98058,4.55329
ermagellan,"bm25_char n=(2,) k1=2.0 b=1.0 idf^2.0",bm25_char,"{""b"": 1.0, ""idf_exp"": 2.0, ""k1"": 2.0, ""n"": ""(2,)""}",tune,False,103,0.8892,0.8892,0.91417,0.82524,0.99029,1.0,4.34696
ermagellan,"bm25_char n=(2,) k1=2.0 b=1.0 idf^3.0",bm25_char,"{""b"": 1.0, ""idf_exp"": 3.0, ""k1"": 2.0, ""n"": ""(2,)""}",tune,False,103,0.8849,0.8849,0.90833,0.81553,0.98058,1.0,4.67437
ermagellan,"bm25_char n=(3,) k1=0.5 b=0.3 idf^1.0",bm25_char,"{""b"": 0.3, ""idf_exp"": 1.0, ""k1"": 0.5, ""n"": ""(3,)""}",tune,False,103,0.80934,0.80934,0.84213,0.72816,0.95146,1.0,5.47218
ermagellan,"bm25_char n=(3,) k1=0.5 b=0.3 idf^2.0",bm25_char,"{""b"": 0.3, ""idf_exp"": 2.0, ""k1"": 0.5, ""n"": ""(3,)""}",tune,False,103,0.85996,0.85996,0.89202,0.7767,0.99029,1.0,5.54328
ermagellan,"bm25_char n=(3,) k1=0.5 b=0.3 idf^3.0",bm25_char,"{""b"": 0.3, ""idf_exp"": 3.0, ""k1"": 0.5, ""n"": ""(3,)""}",tune,False,103,0.89806,0.89806,0.92085,0.83495,0.99029,1.0,6.29925
ermagellan,"bm25_char n=(3,) k1=0.5 b=0.75 idf^1.0",bm25_char,"{""b"": 0.75, ""idf_exp"": 1.0, ""k1"": 0.5, ""n"": ""(3,)""}",tune,False,103,0.83026,0.83026,0.85833,0.74757,0.95146,1.0,7.70091
ermagellan,"bm25_char n=(3,) k1=0.5 b=0.75 idf^2.0",bm25_char,"{""b"": 0.75, ""idf_exp"": 2.0, ""k1"": 0.5, ""n"": ""(3,)""}",tune,False,103,0.88662,0.88662,0.91185,0.82524,0.99029,1.0,5.64943
ermagellan,"bm25_char n=(3,) k1=0.5 b=0.75 idf^3.0",bm25_char,"{""b"": 0.75, ""idf_exp"": 3.0, ""k1"": 0.5, ""n"": ""(3,)""}",tune,False,103,0.91521,0.91521,0.93658,0.85437,1.0,1.0,5.56813
ermagellan,"bm25_char n=(3,) k1=0.5 b=1.0 idf^1.0",bm25_char,"{""b"": 1.0, ""idf_exp"": 1.0, ""k1"": 0.5, ""n"": ""(3,)""}",tune,False,103,0.85058,0.85058,0.8734,0.7767,0.95146,1.0,5.11126
ermagellan,"bm25_char n=(3,) k1=0.5 b=1.0 idf^2.0",bm25_char,"{""b"": 1.0, ""idf_exp"": 2.0, ""k1"": 0.5, ""n"": ""(3,)""}",tune,False,103,0.90603,0.90603,0.92654,0.85437,0.99029,1.0,5.42874
ermagellan,"bm25_char n=(3,) k1=0.5 b=1.0 idf^3.0",bm25_char,"{""b"": 1.0, ""idf_exp"": 3.0, ""k1"": 0.5, ""n"": ""(3,)""}",tune,False,103,0.92492,0.92492,0.94374,0.87379,1.0,1.0,5.44211
ermagellan,"bm25_char n=(3,) k1=1.2 b=0.3 idf^1.0",bm25_char,"{""b"": 0.3, ""idf_exp"": 1.0, ""k1"": 1.2, ""n"": ""(3,)""}",tune,False,103,0.79992,0.79992,0.83536,0.70874,0.95146,1.0,6.00096
ermagellan,"bm25_char n=(3,) k1=1.2 b=0.3 idf^2.0",bm25_char,"{""b"": 0.3, ""idf_exp"": 2.0, ""k1"": 1.2, ""n"": ""(3,)""}",tune,False,103,0.84851,0.84851,0.88333,0.75728,0.99029,1.0,6.16382
ermagellan,"bm25_char n=(3,) k1=1.2 b=0.3 idf^3.0",bm25_char,"{""b"": 0.3, ""idf_exp"": 3.0, ""k1"": 1.2, ""n"": ""(3,)""}",tune,False,103,0.88761,0.88761,0.91293,0.81553,0.99029,1.0,5.38881
ermagellan,"bm25_char n=(3,) k1=1.2 b=0.75 idf^1.0",bm25_char,"{""b"": 0.75, ""idf_exp"": 1.0, ""k1"": 1.2, ""n"": ""(3,)""}",tune,False,103,0.85148,0.85148,0.87689,0.7767,0.96117,1.0,5.46737
ermagellan,"bm25_char n=(3,) k1=1.2 b=0.75 idf^2.0",bm25_char,"{""b"": 0.75, ""idf_exp"": 2.0, ""k1"": 1.2, ""n"": ""(3,)""}",tune,False,103,0.90587,0.90587,0.92664,0.84466,0.99029,1.0,5.29513
ermagellan,"bm25_char n=(3,) k1=1.2 b=0.75 idf^3.0",bm25_char,"{""b"": 0.75, ""idf_exp"": 3.0, ""k1"": 1.2, ""n"": ""(3,)""}",tune,False,103,0.92826,0.92826,0.9461,0.8835,1.0,1.0,5.38625
ermagellan,"bm25_char n=(3,) k1=1.2 b=1.0 idf^1.0",bm25_char,"{""b"": 1.0, ""idf_exp"": 1.0, ""k1"": 1.2, ""n"": ""(3,)""}",tune,False,103,0.85935,0.85935,0.88549,0.78641,0.97087,1.0,5.36109
ermagellan,"bm25_char n=(3,) k1=1.2 b=1.0 idf^2.0",bm25_char,"{""b"": 1.0, ""idf_exp"": 2.0, ""k1"": 1.2, ""n"": ""(3,)""}",tune,False,103,0.91926,0.91926,0.93941,0.86408,1.0,1.0,5.32304
ermagellan,"bm25_char n=(3,) k1=1.2 b=1.0 idf^3.0",bm25_char,"{""b"": 1.0, ""idf_exp"": 3.0, ""k1"": 1.2, ""n"": ""(3,)""}",tune,False,103,0.93972,0.93972,0.95467,0.90291,1.0,1.0,5.53797
ermagellan,"bm25_char n=(3,) k1=2.0 b=0.3 idf^1.0",bm25_char,"{""b"": 0.3, ""idf_exp"": 1.0, ""k1"": 2.0, ""n"": ""(3,)""}",tune,False,103,0.78743,0.78743,0.82606,0.68932,0.95146,1.0,5.38334
ermagellan,"bm25_char n=(3,) k1=2.0 b=0.3 idf^2.0",bm25_char,"{""b"": 0.3, ""idf_exp"": 2.0, ""k1"": 2.0, ""n"": ""(3,)""}",tune,False,103,0.86092,0.86092,0.89239,0.78641,0.99029,1.0,5.20784
ermagellan,"bm25_char n=(3,) k1=2.0 b=0.3 idf^3.0",bm25_char,"{""b"": 0.3, ""idf_exp"": 3.0, ""k1"": 2.0, ""n"": ""(3,)""}",tune,False,103,0.89256,0.89256,0.91932,0.82524,1.0,1.0,5.52659
ermagellan,"bm25_char n=(3,) k1=2.0 b=0.75 idf^1.0",bm25_char,"{""b"": 0.75, ""idf_exp"": 1.0, ""k1"": 2.0, ""n"": ""(3,)""}",tune,False,103,0.84351,0.84351,0.87128,0.75728,0.96117,1.0,6.91901
ermagellan,"bm25_char n=(3,) k1=2.0 b=0.75 idf^2.0",bm25_char,"{""b"": 0.75, ""idf_exp"": 2.0, ""k1"": 2.0, ""n"": ""(3,)""}",tune,False,103,0.89198,0.89198,0.91632,0.81553,0.99029,1.0,6.48223
ermagellan,"bm25_char n=(3,) k1=2.0 b=0.75 idf^3.0",bm25_char,"{""b"": 0.75, ""idf_exp"": 3.0, ""k1"": 2.0, ""n"": ""(3,)""}",tune,False,103,0.93325,0.93325,0.94982,0.8932,1.0,1.0,5.56583
ermagellan,"bm25_char n=(3,) k1=2.0 b=1.0 idf^1.0",bm25_char,"{""b"": 1.0, ""idf_exp"": 1.0, ""k1"": 2.0, ""n"": ""(3,)""}",tune,False,103,0.85859,0.85859,0.88492,0.78641,0.97087,1.0,5.44826
ermagellan,"bm25_char n=(3,) k1=2.0 b=1.0 idf^2.0",bm25_char,"{""b"": 1.0, ""idf_exp"": 2.0, ""k1"": 2.0, ""n"": ""(3,)""}",tune,False,103,0.92225,0.92225,0.94156,0.87379,1.0,1.0,5.41363
ermagellan,"bm25_char n=(3,) k1=2.0 b=1.0 idf^3.0",bm25_char,"{""b"": 1.0, ""idf_exp"": 3.0, ""k1"": 2.0, ""n"": ""(3,)""}",tune,False,103,0.92857,0.92857,0.94641,0.8835,1.0,1.0,5.48125
ermagellan,"bm25_char n=(4,) k1=0.5 b=0.3 idf^1.0",bm25_char,"{""b"": 0.3, ""idf_exp"": 1.0, ""k1"": 0.5, ""n"": ""(4,)""}",tune,False,103,0.79283,0.79283,0.83219,0.68932,0.96117,1.0,5.14234
ermagellan,"bm25_char n=(4,) k1=0.5 b=0.3 idf^2.0",bm25_char,"{""b"": 0.3, ""idf_exp"": 2.0, ""k1"": 0.5, ""n"": ""(4,)""}",tune,False,103,0.8426,0.8426,0.88145,0.74757,1.0,1.0,5.15949
ermagellan,"bm25_char n=(4,) k1=0.5 b=0.3 idf^3.0",bm25_char,"{""b"": 0.3, ""idf_exp"": 3.0, ""k1"": 0.5, ""n"": ""(4,)""}",tune,False,103,0.86003,0.86003,0.89526,0.76699,1.0,1.0,5.16355
ermagellan,"bm25_char n=(4,) k1=0.5 b=0.75 idf^1.0",bm25_char,"{""b"": 0.75, ""idf_exp"": 1.0, ""k1"": 0.5, ""n"": ""(4,)""}",tune,False,103,0.81845,0.81845,0.8548,0.71845,0.97087,1.0,5.53301
ermagellan,"bm25_char n=(4,) k1=0.5 b=0.75 idf^2.0",bm25_char,"{""b"": 0.75, ""idf_exp"": 2.0, ""k1"": 0.5, ""n"": ""(4,)""}",tune,False,103,0.85704,0.85704,0.8928,0.75728,1.0,1.0,5.17874
ermagellan,"bm25_char n=(4,) k1=0.5 b=0.75 idf^3.0",bm25_char,"{""b"": 0.75, ""idf_exp"": 3.0, ""k1"": 0.5, ""n"": ""(4,)""}",tune,False,103,0.88301,0.88301,0.91238,0.80583,1.0,1.0,5.15832
ermagellan,"bm25_char n=(4,) k1=0.5 b=1.0 idf^1.0",bm25_char,"{""b"": 1.0, ""idf_exp"": 1.0, ""k1"": 0.5, ""n"": ""(4,)""}",tune,False,103,0.83226,0.83226,0.86536,0.73786,0.97087,1.0,5.10272
ermagellan,"bm25_char n=(4,) k1=0.5 b=1.0 idf^2.0",bm25_char,"{""b"": 1.0, ""idf_exp"": 2.0, ""k1"": 0.5, ""n"": ""(4,)""}",tune,False,103,0.86077,0.86077,0.89558,0.76699,1.0,1.0,5.07927
ermagellan,"bm25_char n=(4,) k1=0.5 b=1.0 idf^3.0",bm25_char,"{""b"": 1.0, ""idf_exp"": 3.0, ""k1"": 0.5, ""n"": ""(4,)""}",tune,False,103,0.88786,0.88786,0.91596,0.81553,1.0,1.0,4.91524
ermagellan,"bm25_char n=(4,) k1=1.2 b=0.3 idf^1.0",bm25_char,"{""b"": 0.3, ""idf_exp"": 1.0, ""k1"": 1.2, ""n"": ""(4,)""}",tune,False,103,0.78012,0.78012,0.82857,0.66019,0.98058,1.0,5.18677
ermagellan,"bm25_char n=(4,) k1=1.2 b=0.3 idf^2.0",bm25_char,"{""b"": 0.3, ""idf_exp"": 2.0, ""k1"": 1.2, ""n"": ""(4,)""}",tune,False,103,0.82302,0.82302,0.86668,0.71845,1.0,1.0,5.33632
ermagellan,"bm25_char n=(4,) k1=1.2 b=0.3 idf^3.0",bm25_char,"{""b"": 0.3, ""idf_exp"": 3.0, ""k1"": 1.2, ""n"": ""(4,)""}",tune,False,103,0.84903,0.84903,0.88712,0.74757,1.0,1.0,6.58817
ermagellan,"bm25_char n=(4,) k1=1.2 b=0.75 idf^1.0",bm25_char,"{""b"": 0.75, ""idf_exp"": 1.0, ""k1"": 1.2, ""n"": ""(4,)""}",tune,False,103,0.82046,0.82046,0.85931,0.71845,0.98058,1.0,5.49746
ermagellan,"bm25_char n=(4,) k1=1.2 b=0.75 idf^2.0",bm25_char,"{""b"": 0.75, ""idf_exp"": 2.0, ""k1"": 1.2, ""n"": ""(4,)""}",tune,False,103,0.87663,0.87663,0.90743,0.79612,1.0,1.0,5.58004
ermagellan,"bm25_char n=(4,) k1=1.2 b=0.75 idf^3.0",bm25_char,"{""b"": 0.75, ""idf_exp"": 3.0, ""k1"": 1.2, ""n"": ""(4,)""}",tune,False,103,0.88495,0.88495,0.91395,0.80583,1.0,1.0,6.65363
ermagellan,"bm25_char n=(4,) k1=1.2 b=1.0 idf^1.0",bm25_char,"{""b"": 1.0, ""idf_exp"": 1.0, ""k1"": 1.2, ""n"": ""(4,)""}",tune,False,103,0.83671,0.83671,0.8715,0.74757,0.98058,1.0,5.31121
ermagellan,"bm25_char n=(4,) k1=1.2 b=1.0 idf^2.0",bm25_char,"{""b"": 1.0, ""idf_exp"": 2.0, ""k1"": 1.2, ""n"": ""(4,)""}",tune,False,103,0.89676,0.89676,0.92241,0.83495,1.0,1.0,5.0556
ermagellan,"bm25_char n=(4,) k1=1.2 b=1.0 idf^3.0",bm25_char,"{""b"": 1.0, ""idf_exp"": 3.0, ""k1"": 1.2, ""n"": ""(4,)""}",tune,False,103,0.89709,0.89709,0.92306,0.82524,1.0,1.0,4.95471
ermagellan,"bm25_char n=(4,) k1=2.0 b=0.3 idf^1.0",bm25_char,"{""b"": 0.3, ""idf_exp"": 1.0, ""k1"": 2.0, ""n"": ""(4,)""}",tune,False,103,0.77136,0.77136,0.82231,0.64078,0.98058,1.0,4.80192
ermagellan,"bm25_char n=(4,) k1=2.0 b=0.3 idf^2.0",bm25_char,"{""b"": 0.3, ""idf_exp"": 2.0, ""k1"": 2.0, ""n"": ""(4,)""}",tune,False,103,0.82454,0.82454,0.868,0.71845,1.0,1.0,5.40458
ermagellan,"bm25_char n=(4,) k1=2.0 b=0.3 idf^3.0",bm25_char,"{""b"": 0.3, ""idf_exp"": 3.0, ""k1"": 2.0, ""n"": ""(4,)""}",tune,False,103,0.84256,0.84256,0.88226,0.73786,1.0,1.0,5.31027
ermagellan,"bm25_char n=(4,) k1=2.0 b=0.75 idf^1.0",bm25_char,"{""b"": 0.75, ""idf_exp"": 1.0, ""k1"": 2.0, ""n"": ""(4,)""}",tune,False,103,0.8084,0.8084,0.85042,0.69903,0.98058,1.0,5.33605
ermagellan,"bm25_char n=(4,) k1=2.0 b=0.75 idf^2.0",bm25_char,"{""b"": 0.75, ""idf_exp"": 2.0, ""k1"": 2.0, ""n"": ""(4,)""}",tune,False,103,0.85712,0.85712,0.89291,0.76699,1.0,1.0,5.17152
ermagellan,"bm25_char n=(4,) k1=2.0 b=0.75 idf^3.0",bm25_char,"{""b"": 0.75, ""idf_exp"": 3.0, ""k1"": 2.0, ""n"": ""(4,)""}",tune,False,103,0.89709,0.89709,0.92306,0.82524,1.0,1.0,5.30309
ermagellan,"bm25_char n=(4,) k1=2.0 b=1.0 idf^1.0",bm25_char,"{""b"": 1.0, ""idf_exp"": 1.0, ""k1"": 2.0, ""n"": ""(4,)""}",tune,False,103,0.8384,0.8384,0.87328,0.73786,0.98058,1.0,5.11934
ermagellan,"bm25_char n=(4,) k1=2.0 b=1.0 idf^2.0",bm25_char,"{""b"": 1.0, ""idf_exp"": 2.0, ""k1"": 2.0, ""n"": ""(4,)""}",tune,False,103,0.89223,0.89223,0.91912,0.82524,1.0,1.0,4.93537
ermagellan,"bm25_char n=(4,) k1=2.0 b=1.0 idf^3.0",bm25_char,"{""b"": 1.0, ""idf_exp"": 3.0, ""k1"": 2.0, ""n"": ""(4,)""}",tune,False,103,0.91731,0.91731,0.93807,0.86408,1.0,1.0,5.34789
ermagellan,"bm25_char n=(2, 3) k1=0.5 b=0.3 idf^1.0",bm25_char,"{""b"": 0.3, ""idf_exp"": 1.0, ""k1"": 0.5, ""n"": ""(2, 3)""}",tune,False,103,0.78466,0.78466,0.81955,0.68932,0.93204,0.98058,10.38506
ermagellan,"bm25_char n=(2, 3) k1=0.5 b=0.3 idf^2.0",bm25_char,"{""b"": 0.3, ""idf_exp"": 2.0, ""k1"": 0.5, ""n"": ""(2, 3)""}",tune,False,103,0.85358,0.85358,0.8871,0.76699,0.99029,1.0,13.15057
ermagellan,"bm25_char n=(2, 3) k1=0.5 b=0.3 idf^3.0",bm25_char,"{""b"": 0.3, ""idf_exp"": 3.0, ""k1"": 0.5, ""n"": ""(2, 3)""}",tune,False,103,0.89951,0.89951,0.92235,0.82524,0.99029,1.0,10.12197
ermagellan,"bm25_char n=(2, 3) k1=0.5 b=0.75 idf^1.0",bm25_char,"{""b"": 0.75, ""idf_exp"": 1.0, ""k1"": 0.5, ""n"": ""(2, 3)""}",tune,False,103,0.81812,0.81812,0.84656,0.73786,0.94175,1.0,12.91328
ermagellan,"bm25_char n=(2, 3) k1=0.5 b=0.75 idf^2.0",bm25_char,"{""b"": 0.75, ""idf_exp"": 2.0, ""k1"": 0.5, ""n"": ""(2, 3)""}",tune,False,103,0.89498,0.89498,0.91828,0.83495,0.99029,1.0,10.48791
ermagellan,"bm25_char n=(2, 3) k1=0.5 b=0.75 idf^3.0",bm25_char,"{""b"": 0.75, ""idf_exp"": 3.0, ""k1"": 0.5, ""n"": ""(2, 3)""}",tune,False,103,0.91731,0.91731,0.93541,0.86408,0.99029,1.0,10.98571
ermagellan,"bm25_char n=(2, 3) k1=0.5 b=1.0 idf^1.0",bm25_char,"{""b"": 1.0, ""idf_exp"": 1.0, ""k1"": 0.5, ""n"": ""(2, 3)""}",tune,False,103,0.84267,0.84267,0.86748,0.7767,0.95146,1.0,9.79238
ermagellan,"bm25_char n=(2, 3) k1=0.5 b=1.0 idf^2.0",bm25_char,"{""b"": 1.0, ""idf_exp"": 2.0, ""k1"": 0.5, ""n"": ""(2, 3)""}",tune,False,103,0.89984,0.89984,0.92191,0.84466,0.99029,1.0,9.52416
ermagellan,"bm25_char n=(2, 3) k1=0.5 b=1.0 idf^3.0",bm25_char,"{""b"": 1.0, ""idf_exp"": 3.0, ""k1"": 0.5, ""n"": ""(2, 3)""}",tune,False,103,0.93764,0.93764,0.95042,0.90291,0.99029,1.0,9.62519
ermagellan,"bm25_char n=(2, 3) k1=1.2 b=0.3 idf^1.0",bm25_char,"{""b"": 0.3, ""idf_exp"": 1.0, ""k1"": 1.2, ""n"": ""(2, 3)""}",tune,False,103,0.77086,0.77086,0.80925,0.6699,0.93204,0.99029,9.67301
ermagellan,"bm25_char n=(2, 3) k1=1.2 b=0.3 idf^2.0",bm25_char,"{""b"": 0.3, ""idf_exp"": 2.0, ""k1"": 1.2, ""n"": ""(2, 3)""}",tune,False,103,0.83666,0.83666,0.87457,0.73786,0.99029,1.0,9.78005
ermagellan,"bm25_char n=(2, 3) k1=1.2 b=0.3 idf^3.0",bm25_char,"{""b"": 0.3, ""idf_exp"": 3.0, ""k1"": 1.2, ""n"": ""(2, 3)""}",tune,False,103,0.88252,0.88252,0.90935,0.80583,0.99029,1.0,9.92252
ermagellan,"bm25_char n=(2, 3) k1=1.2 b=0.75 idf^1.0",bm25_char,"{""b"": 0.75, ""idf_exp"": 1.0, ""k1"": 1.2, ""n"": ""(2, 3)""}",tune,False,103,0.83785,0.83785,0.86423,0.76699,0.95146,1.0,9.80828
ermagellan,"bm25_char n=(2, 3) k1=1.2 b=0.75 idf^2.0",bm25_char,"{""b"": 0.75, ""idf_exp"": 2.0, ""k1"": 1.2, ""n"": ""(2, 3)""}",tune,False,103,0.89903,0.89903,0.92154,0.83495,0.99029,1.0,13.05688
ermagellan,"bm25_char n=(2, 3) k1=1.2 b=0.75 idf^3.0",bm25_char,"{""b"": 0.75, ""idf_exp"": 3.0, ""k1"": 1.2, ""n"": ""(2, 3)""}",tune,False,103,0.92712,0.92712,0.94258,0.8835,0.99029,1.0,11.35349
ermagellan,"bm25_char n=(2, 3) k1=1.2 b=1.0 idf^1.0",bm25_char,"{""b"": 1.0, ""idf_exp"": 1.0, ""k1"": 1.2, ""n"": ""(2, 3)""}",tune,False,103,0.85048,0.85048,0.87367,0.7767,0.95146,1.0,9.67153
ermagellan,"bm25_char n=(2, 3) k1=1.2 b=1.0 idf^2.0",bm25_char,"{""b"": 1.0, ""idf_exp"": 2.0, ""k1"": 1.2, ""n"": ""(2, 3)""}",tune,False,103,0.91817,0.91817,0.93593,0.86408,0.99029,1.0,9.95101
ermagellan,"bm25_char n=(2, 3) k1=1.2 b=1.0 idf^3.0",bm25_char,"{""b"": 1.0, ""idf_exp"": 3.0, ""k1"": 1.2, ""n"": ""(2, 3)""}",tune,False,103,0.93778,0.93778,0.95034,0.90291,0.99029,1.0,9.89739
ermagellan,"bm25_char n=(2, 3) k1=2.0 b=0.3 idf^1.0",bm25_char,"{""b"": 0.3, ""idf_exp"": 1.0, ""k1"": 2.0, ""n"": ""(2, 3)""}",tune,False,103,0.76758,0.76758,0.80695,0.66019,0.93204,0.99029,9.89759
ermagellan,"bm25_char n=(2, 3) k1=2.0 b=0.3 idf^2.0",bm25_char,"{""b"": 0.3, ""idf_exp"": 2.0, ""k1"": 2.0, ""n"": ""(2, 3)""}",tune,False,103,0.84129,0.84129,0.87795,0.74757,0.99029,1.0,9.6946
ermagellan,"bm25_char n=(2, 3) k1=2.0 b=0.3 idf^3.0",bm25_char,"{""b"": 0.3, ""idf_exp"": 3.0, ""k1"": 2.0, ""n"": ""(2, 3)""}",tune,False,103,0.88329,0.88329,0.91002,0.80583,0.99029,1.0,9.75504
ermagellan,"bm25_char n=(2, 3) k1=2.0 b=0.75 idf^1.0",bm25_char,"{""b"": 0.75, ""idf_exp"": 1.0, ""k1"": 2.0, ""n"": ""(2, 3)""}",tune,False,103,0.8375,0.8375,0.86421,0.75728,0.95146,1.0,9.54533
ermagellan,"bm25_char n=(2, 3) k1=2.0 b=0.75 idf^2.0",bm25_char,"{""b"": 0.75, ""idf_exp"": 2.0, ""k1"": 2.0, ""n"": ""(2, 3)""}",tune,False,103,0.89179,0.89179,0.91632,0.81553,0.99029,1.0,9.51719
ermagellan,"bm25_char n=(2, 3) k1=2.0 b=0.75 idf^3.0",bm25_char,"{""b"": 0.75, ""idf_exp"": 3.0, ""k1"": 2.0, ""n"": ""(2, 3)""}",tune,False,103,0.92645,0.92645,0.9419,0.8835,0.99029,1.0,9.70595
ermagellan,"bm25_char n=(2, 3) k1=2.0 b=1.0 idf^1.0",bm25_char,"{""b"": 1.0, ""idf_exp"": 1.0, ""k1"": 2.0, ""n"": ""(2, 3)""}",tune,False,103,0.86606,0.86606,0.88823,0.79612,0.96117,1.0,13.2057
ermagellan,"bm25_char n=(2, 3) k1=2.0 b=1.0 idf^2.0",bm25_char,"{""b"": 1.0, ""idf_exp"": 2.0, ""k1"": 2.0, ""n"": ""(2, 3)""}",tune,False,103,0.92141,0.92141,0.93824,0.87379,0.99029,1.0,10.71629
ermagellan,"bm25_char n=(2, 3) k1=2.0 b=1.0 idf^3.0",bm25_char,"{""b"": 1.0, ""idf_exp"": 3.0, ""k1"": 2.0, ""n"": ""(2, 3)""}",tune,False,103,0.93716,0.93716,0.95267,0.90291,1.0,1.0,9.8285
ermagellan,"bm25_char n=(2, 4) k1=0.5 b=0.3 idf^1.0",bm25_char,"{""b"": 0.3, ""idf_exp"": 1.0, ""k1"": 0.5, ""n"": ""(2, 4)""}",tune,False,103,0.79189,0.79189,0.82134,0.69903,0.92233,1.0,9.48012
ermagellan,"bm25_char n=(2, 4) k1=0.5 b=0.3 idf^2.0",bm25_char,"{""b"": 0.3, ""idf_exp"": 2.0, ""k1"": 0.5, ""n"": ""(2, 4)""}",tune,False,103,0.84628,0.84628,0.88409,0.75728,1.0,1.0,9.41029
ermagellan,"bm25_char n=(2, 4) k1=0.5 b=0.3 idf^3.0",bm25_char,"{""b"": 0.3, ""idf_exp"": 3.0, ""k1"": 0.5, ""n"": ""(2, 4)""}",tune,False,103,0.87767,0.87767,0.90842,0.79612,1.0,1.0,9.52343
ermagellan,"bm25_char n=(2, 4) k1=0.5 b=0.75 idf^1.0",bm25_char,"{""b"": 0.75, ""idf_exp"": 1.0, ""k1"": 0.5, ""n"": ""(2, 4)""}",tune,False,103,0.82116,0.82116,0.84577,0.73786,0.93204,1.0,9.6275
ermagellan,"bm25_char n=(2, 4) k1=0.5 b=0.75 idf^2.0",bm25_char,"{""b"": 0.75, ""idf_exp"": 2.0, ""k1"": 0.5, ""n"": ""(2, 4)""}",tune,False,103,0.87438,0.87438,0.90547,0.79612,1.0,1.0,9.30186
ermagellan,"bm25_char n=(2, 4) k1=0.5 b=0.75 idf^3.0",bm25_char,"{""b"": 0.75, ""idf_exp"": 3.0, ""k1"": 0.5, ""n"": ""(2, 4)""}",tune,False,103,0.9,0.9,0.9252,0.83495,1.0,1.0,9.295
ermagellan,"bm25_char n=(2, 4) k1=0.5 b=1.0 idf^1.0",bm25_char,"{""b"": 1.0, ""idf_exp"": 1.0, ""k1"": 0.5, ""n"": ""(2, 4)""}",tune,False,103,0.82463,0.82463,0.85124,0.73786,0.94175,1.0,9.62344
ermagellan,"bm25_char n=(2, 4) k1=0.5 b=1.0 idf^2.0",bm25_char,"{""b"": 1.0, ""idf_exp"": 2.0, ""k1"": 0.5, ""n"": ""(2, 4)""}",tune,False,103,0.90025,0.90025,0.92515,0.83495,1.0,1.0,9.35996
ermagellan,"bm25_char n=(2, 4) k1=0.5 b=1.0 idf^3.0",bm25_char,"{""b"": 1.0, ""idf_exp"": 3.0, ""k1"": 0.5, ""n"": ""(2, 4)""}",tune,False,103,0.90049,0.90049,0.9255,0.83495,1.0,1.0,11.65962
ermagellan,"bm25_char n=(2, 4) k1=1.2 b=0.3 idf^1.0",bm25_char,"{""b"": 0.3, ""idf_exp"": 1.0, ""k1"": 1.2, ""n"": ""(2, 4)""}",tune,False,103,0.78769,0.78769,0.82112,0.68932,0.93204,1.0,10.91904
ermagellan,"bm25_char n=(2, 4) k1=1.2 b=0.3 idf^2.0",bm25_char,"{""b"": 0.3, ""idf_exp"": 2.0, ""k1"": 1.2, ""n"": ""(2, 4)""}",tune,False,103,0.8301,0.8301,0.87202,0.72816,1.0,1.0,9.59362
ermagellan,"bm25_char n=(2, 4) k1=1.2 b=0.3 idf^3.0",bm25_char,"{""b"": 0.3, ""idf_exp"": 3.0, ""k1"": 1.2, ""n"": ""(2, 4)""}",tune,False,103,0.87039,0.87039,0.9032,0.7767,1.0,1.0,9.30537
ermagellan,"bm25_char n=(2, 4) k1=1.2 b=0.75 idf^1.0",bm25_char,"{""b"": 0.75, ""idf_exp"": 1.0, ""k1"": 1.2, ""n"": ""(2, 4)""}",tune,False,103,0.83324,0.83324,0.86058,0.74757,0.95146,1.0,9.31156
ermagellan,"bm25_char n=(2, 4) k1=1.2 b=0.75 idf^2.0",bm25_char,"{""b"": 0.75, ""idf_exp"": 2.0, ""k1"": 1.2, ""n"": ""(2, 4)""}",tune,False,103,0.88601,0.88601,0.91458,0.80583,1.0,1.0,9.39734
ermagellan,"bm25_char n=(2, 4) k1=1.2 b=0.75 idf^3.0",bm25_char,"{""b"": 0.75, ""idf_exp"": 3.0, ""k1"": 1.2, ""n"": ""(2, 4)""}",tune,False,103,0.90437,0.90437,0.92859,0.83495,1.0,1.0,10.21057
ermagellan,"bm25_char n=(2, 4) k1=1.2 b=1.0 idf^1.0",bm25_char,"{""b"": 1.0, ""idf_exp"": 1.0, ""k1"": 1.2, ""n"": ""(2, 4)""}",tune,False,103,0.84931,0.84931,0.87774,0.7767,0.97087,1.0,9.53477
ermagellan,"bm25_char n=(2, 4) k1=1.2 b=1.0 idf^2.0",bm25_char,"{""b"": 1.0, ""idf_exp"": 2.0, ""k1"": 1.2, ""n"": ""(2, 4)""}",tune,False,103,0.91029,0.91029,0.93257,0.85437,1.0,1.0,9.79361
ermagellan,"bm25_char n=(2, 4) k1=1.2 b=1.0 idf^3.0",bm25_char,"{""b"": 1.0, ""idf_exp"": 3.0, ""k1"": 1.2, ""n"": ""(2, 4)""}",tune,False,103,0.91893,0.91893,0.93934,0.86408,1.0,1.0,9.46821
ermagellan,"bm25_char n=(2, 4) k1=2.0 b=0.3 idf^1.0",bm25_char,"{""b"": 0.3, ""idf_exp"": 1.0, ""k1"": 2.0, ""n"": ""(2, 4)""}",tune,False,103,0.78392,0.78392,0.81848,0.67961,0.93204,1.0,9.8781
ermagellan,"bm25_char n=(2, 4) k1=2.0 b=0.3 idf^2.0",bm25_char,"{""b"": 0.3, ""idf_exp"": 2.0, ""k1"": 2.0, ""n"": ""(2, 4)""}",tune,False,103,0.81983,0.81983,0.86446,0.70874,1.0,1.0,12.41313
ermagellan,"bm25_char n=(2, 4) k1=2.0 b=0.3 idf^3.0",bm25_char,"{""b"": 0.3, ""idf_exp"": 3.0, ""k1"": 2.0, ""n"": ""(2, 4)""}",tune,False,103,0.86958,0.86958,0.90253,0.7767,1.0,1.0,10.32856
ermagellan,"bm25_char n=(2, 4) k1=2.0 b=0.75 idf^1.0",bm25_char,"{""b"": 0.75, ""idf_exp"": 1.0, ""k1"": 2.0, ""n"": ""(2, 4)""}",tune,False,103,0.8231,0.8231,0.85279,0.72816,0.95146,1.0,10.92991
ermagellan,"bm25_char n=(2, 4) k1=2.0 b=0.75 idf^2.0",bm25_char,"{""b"": 0.75, ""idf_exp"": 2.0, ""k1"": 2.0, ""n"": ""(2, 4)""}",tune,False,103,0.87663,0.87663,0.90743,0.79612,1.0,1.0,10.40588
ermagellan,"bm25_char n=(2, 4) k1=2.0 b=0.75 idf^3.0",bm25_char,"{""b"": 0.75, ""idf_exp"": 3.0, ""k1"": 2.0, ""n"": ""(2, 4)""}",tune,False,103,0.90761,0.90761,0.9309,0.84466,1.0,1.0,10.88415
ermagellan,"bm25_char n=(2, 4) k1=2.0 b=1.0 idf^1.0",bm25_char,"{""b"": 1.0, ""idf_exp"": 1.0, ""k1"": 2.0, ""n"": ""(2, 4)""}",tune,False,103,0.86256,0.86256,0.89092,0.78641,0.98058,1.0,10.71042
ermagellan,"bm25_char n=(2, 4) k1=2.0 b=1.0 idf^2.0",bm25_char,"{""b"": 1.0, ""idf_exp"": 2.0, ""k1"": 2.0, ""n"": ""(2, 4)""}",tune,False,103,0.92702,0.92702,0.94511,0.8835,1.0,1.0,9.58762
ermagellan,"bm25_char n=(2, 4) k1=2.0 b=1.0 idf^3.0",bm25_char,"{""b"": 1.0, ""idf_exp"": 3.0, ""k1"": 2.0, ""n"": ""(2, 4)""}",tune,False,103,0.93301,0.93301,0.94966,0.8932,1.0,1.0,9.5472
ermagellan,"bm25_char n=(3, 4) k1=0.5 b=0.3 idf^1.0",bm25_char,"{""b"": 0.3, ""idf_exp"": 1.0, ""k1"": 0.5, ""n"": ""(3, 4)""}",tune,False,103,0.79922,0.79922,0.83146,0.70874,0.94175,1.0,11.28052
ermagellan,"bm25_char n=(3, 4) k1=0.5 b=0.3 idf^2.0",bm25_char,"{""b"": 0.3, ""idf_exp"": 2.0, ""k1"": 0.5, ""n"": ""(3, 4)""}",tune,False,103,0.85189,0.85189,0.88824,0.76699,1.0,1.0,11.09659
ermagellan,"bm25_char n=(3, 4) k1=0.5 b=0.3 idf^3.0",bm25_char,"{""b"": 0.3, ""idf_exp"": 3.0, ""k1"": 0.5, ""n"": ""(3, 4)""}",tune,False,103,0.88026,0.88026,0.91057,0.79612,1.0,1.0,13.08
ermagellan,"bm25_char n=(3, 4) k1=0.5 b=0.75 idf^1.0",bm25_char,"{""b"": 0.75, ""idf_exp"": 1.0, ""k1"": 0.5, ""n"": ""(3, 4)""}",tune,False,103,0.8232,0.8232,0.85268,0.72816,0.95146,1.0,12.87742
ermagellan,"bm25_char n=(3, 4) k1=0.5 b=0.75 idf^2.0",bm25_char,"{""b"": 0.75, ""idf_exp"": 2.0, ""k1"": 0.5, ""n"": ""(3, 4)""}",tune,False,103,0.88463,0.88463,0.91348,0.80583,1.0,1.0,10.39227
ermagellan,"bm25_char n=(3, 4) k1=0.5 b=0.75 idf^3.0",bm25_char,"{""b"": 0.75, ""idf_exp"": 3.0, ""k1"": 0.5, ""n"": ""(3, 4)""}",tune,False,103,0.91424,0.91424,0.93588,0.85437,1.0,1.0,10.42877
ermagellan,"bm25_char n=(3, 4) k1=0.5 b=1.0 idf^1.0",bm25_char,"{""b"": 1.0, ""idf_exp"": 1.0, ""k1"": 0.5, ""n"": ""(3, 4)""}",tune,False,103,0.85116,0.85116,0.87912,0.7767,0.97087,1.0,10.06289
ermagellan,"bm25_char n=(3, 4) k1=0.5 b=1.0 idf^2.0",bm25_char,"{""b"": 1.0, ""idf_exp"": 2.0, ""k1"": 0.5, ""n"": ""(3, 4)""}",tune,False,103,0.90405,0.90405,0.92781,0.84466,1.0,1.0,10.79874
ermagellan,"bm25_char n=(3, 4) k1=0.5 b=1.0 idf^3.0",bm25_char,"{""b"": 1.0, ""idf_exp"": 3.0, ""k1"": 0.5, ""n"": ""(3, 4)""}",tune,False,103,0.91748,0.91748,0.93819,0.86408,1.0,1.0,16.69079
ermagellan,"bm25_char n=(3, 4) k1=1.2 b=0.3 idf^1.0",bm25_char,"{""b"": 0.3, ""idf_exp"": 1.0, ""k1"": 1.2, ""n"": ""(3, 4)""}",tune,False,103,0.78872,0.78872,0.82678,0.67961,0.95146,1.0,12.22685
ermagellan,"bm25_char n=(3, 4) k1=1.2 b=0.3 idf^2.0",bm25_char,"{""b"": 0.3, ""idf_exp"": 2.0, ""k1"": 1.2, ""n"": ""(3, 4)""}",tune,False,103,0.84014,0.84014,0.87952,0.74757,1.0,1.0,13.04427
ermagellan,"bm25_char n=(3, 4) k1=1.2 b=0.3 idf^3.0",bm25_char,"{""b"": 0.3, ""idf_exp"": 3.0, ""k1"": 1.2, ""n"": ""(3, 4)""}",tune,False,103,0.87977,0.87977,0.91007,0.79612,1.0,1.0,14.65975
ermagellan,"bm25_char n=(3, 4) k1=1.2 b=0.75 idf^1.0",bm25_char,"{""b"": 0.75, ""idf_exp"": 1.0, ""k1"": 1.2, ""n"": ""(3, 4)""}",tune,False,103,0.84188,0.84188,0.87519,0.75728,0.98058,1.0,13.0766
ermagellan,"bm25_char n=(3, 4) k1=1.2 b=0.75 idf^2.0",bm25_char,"{""b"": 0.75, ""idf_exp"": 2.0, ""k1"": 1.2, ""n"": ""(3, 4)""}",tune,False,103,0.90129,0.90129,0.92592,0.83495,1.0,1.0,10.42363
ermagellan,"bm25_char n=(3, 4) k1=1.2 b=0.75 idf^3.0",bm25_char,"{""b"": 0.75, ""idf_exp"": 3.0, ""k1"": 1.2, ""n"": ""(3, 4)""}",tune,False,103,0.92395,0.92395,0.94305,0.87379,1.0,1.0,10.55456
ermagellan,"bm25_char n=(3, 4) k1=1.2 b=1.0 idf^1.0",bm25_char,"{""b"": 1.0, ""idf_exp"": 1.0, ""k1"": 1.2, ""n"": ""(3, 4)""}",tune,False,103,0.85575,0.85575,0.8858,0.7767,0.98058,1.0,10.15435
ermagellan,"bm25_char n=(3, 4) k1=1.2 b=1.0 idf^2.0",bm25_char,"{""b"": 1.0, ""idf_exp"": 2.0, ""k1"": 1.2, ""n"": ""(3, 4)""}",tune,False,103,0.90365,0.90365,0.92759,0.84466,1.0,1.0,10.38672
ermagellan,"bm25_char n=(3, 4) k1=1.2 b=1.0 idf^3.0",bm25_char,"{""b"": 1.0, ""idf_exp"": 3.0, ""k1"": 1.2, ""n"": ""(3, 4)""}",tune,False,103,0.92864,0.92864,0.9465,0.8835,1.0,1.0,10.7392
ermagellan,"bm25_char n=(3, 4) k1=2.0 b=0.3 idf^1.0",bm25_char,"{""b"": 0.3, ""idf_exp"": 1.0, ""k1"": 2.0, ""n"": ""(3, 4)""}",tune,False,103,0.78634,0.78634,0.82542,0.6699,0.95146,1.0,11.00265
ermagellan,"bm25_char n=(3, 4) k1=2.0 b=0.3 idf^2.0",bm25_char,"{""b"": 0.3, ""idf_exp"": 2.0, ""k1"": 2.0, ""n"": ""(3, 4)""}",tune,False,103,0.83034,0.83034,0.8724,0.72816,1.0,1.0,10.63442
ermagellan,"bm25_char n=(3, 4) k1=2.0 b=0.3 idf^3.0",bm25_char,"{""b"": 0.3, ""idf_exp"": 3.0, ""k1"": 2.0, ""n"": ""(3, 4)""}",tune,False,103,0.87411,0.87411,0.90581,0.78641,1.0,1.0,13.71262
ermagellan,"bm25_char n=(3, 4) k1=2.0 b=0.75 idf^1.0",bm25_char,"{""b"": 0.75, ""idf_exp"": 1.0, ""k1"": 2.0, ""n"": ""(3, 4)""}",tune,False,103,0.83282,0.83282,0.8687,0.73786,0.98058,1.0,10.32646
ermagellan,"bm25_char n=(3, 4) k1=2.0 b=0.75 idf^2.0",bm25_char,"{""b"": 0.75, ""idf_exp"": 2.0, ""k1"": 2.0, ""n"": ""(3, 4)""}",tune,False,103,0.8755,0.8755,0.90653,0.79612,1.0,1.0,10.53301
ermagellan,"bm25_char n=(3, 4) k1=2.0 b=0.75 idf^3.0",bm25_char,"{""b"": 0.75, ""idf_exp"": 3.0, ""k1"": 2.0, ""n"": ""(3, 4)""}",tune,False,103,0.91246,0.91246,0.93448,0.85437,1.0,1.0,10.34236
ermagellan,"bm25_char n=(3, 4) k1=2.0 b=1.0 idf^1.0",bm25_char,"{""b"": 1.0, ""idf_exp"": 1.0, ""k1"": 2.0, ""n"": ""(3, 4)""}",tune,False,103,0.8541,0.8541,0.88447,0.7767,0.98058,1.0,10.40804
ermagellan,"bm25_char n=(3, 4) k1=2.0 b=1.0 idf^2.0",bm25_char,"{""b"": 1.0, ""idf_exp"": 2.0, ""k1"": 2.0, ""n"": ""(3, 4)""}",tune,False,103,0.91084,0.91084,0.93309,0.85437,1.0,1.0,10.35085
ermagellan,"bm25_char n=(3, 4) k1=2.0 b=1.0 idf^3.0",bm25_char,"{""b"": 1.0, ""idf_exp"": 3.0, ""k1"": 2.0, ""n"": ""(3, 4)""}",tune,False,103,0.93139,0.93139,0.94839,0.8932,1.0,1.0,10.4359
ermagellan,"bm25_char n=(3,) k1=1.2 b=1.0 idf^3.0",bm25_char,"{""b"": 1.0, ""idf_exp"": 3.0, ""k1"": 1.2, ""n"": ""(3,)""}",test,True,103,0.93228,0.93228,0.94624,0.8932,0.99029,1.0,5.49584
ermagellan,"tfidf_char n=(2,)",tfidf_char,"{""n"": ""(2,)""}",tune,False,103,0.92788,0.92788,0.94317,0.8835,0.99029,1.0,2.64024
ermagellan,"tfidf_char n=(3,)",tfidf_char,"{""n"": ""(3,)""}",tune,False,103,0.91861,0.91861,0.93904,0.86408,1.0,1.0,3.63914
ermagellan,"tfidf_char n=(4,)",tfidf_char,"{""n"": ""(4,)""}",tune,False,103,0.89935,0.89935,0.92442,0.83495,1.0,1.0,3.37309
ermagellan,"tfidf_char n=(2, 3)",tfidf_char,"{""n"": ""(2, 3)""}",tune,False,103,0.93204,0.93204,0.94912,0.8835,1.0,1.0,8.17217
ermagellan,"tfidf_char n=(2, 4)",tfidf_char,"{""n"": ""(2, 4)""}",tune,False,103,0.90414,0.90414,0.92801,0.84466,1.0,1.0,9.83497
ermagellan,"tfidf_char n=(3, 4)",tfidf_char,"{""n"": ""(3, 4)""}",tune,False,103,0.91367,0.91367,0.935,0.86408,1.0,1.0,9.19771
ermagellan,"tfidf_char n=(2, 3)",tfidf_char,"{""n"": ""(2, 3)""}",test,True,103,0.93528,0.93528,0.9487,0.8932,0.99029,1.0,9.37854
ermagellan,bm25_word k1=0.5 b=0.3,bm25_word,"{""b"": 0.3, ""idf_exp"": 1.0, ""k1"": 0.5}",tune,False,103,0.74712,0.74712,0.78192,0.65049,0.90291,0.99029,1.34174
ermagellan,bm25_word k1=0.5 b=0.75,bm25_word,"{""b"": 0.75, ""idf_exp"": 1.0, ""k1"": 0.5}",tune,False,103,0.75962,0.75962,0.79656,0.66019,0.92233,0.99029,1.27959
ermagellan,bm25_word k1=0.5 b=1.0,bm25_word,"{""b"": 1.0, ""idf_exp"": 1.0, ""k1"": 0.5}",tune,False,103,0.76322,0.76322,0.80193,0.6699,0.93204,0.99029,1.09832
ermagellan,bm25_word k1=1.2 b=0.3,bm25_word,"{""b"": 0.3, ""idf_exp"": 1.0, ""k1"": 1.2}",tune,False,103,0.73303,0.73303,0.77153,0.62136,0.90291,0.99029,1.21747
ermagellan,bm25_word k1=1.2 b=0.75,bm25_word,"{""b"": 0.75, ""idf_exp"": 1.0, ""k1"": 1.2}",tune,False,103,0.76362,0.76362,0.80234,0.6699,0.93204,0.99029,1.39765
ermagellan,bm25_word k1=1.2 b=1.0,bm25_word,"{""b"": 1.0, ""idf_exp"": 1.0, ""k1"": 1.2}",tune,False,103,0.76591,0.76591,0.80662,0.6699,0.94175,0.99029,1.35029
ermagellan,bm25_word k1=2.0 b=0.3,bm25_word,"{""b"": 0.3, ""idf_exp"": 1.0, ""k1"": 2.0}",tune,False,103,0.72896,0.72896,0.76817,0.62136,0.90291,0.99029,1.68896
ermagellan,bm25_word k1=2.0 b=0.75,bm25_word,"{""b"": 0.75, ""idf_exp"": 1.0, ""k1"": 2.0}",tune,False,103,0.76084,0.76084,0.80015,0.66019,0.93204,0.99029,1.23893
ermagellan,bm25_word k1=2.0 b=1.0,bm25_word,"{""b"": 1.0, ""idf_exp"": 1.0, ""k1"": 2.0}",tune,False,103,0.77765,0.77765,0.81521,0.68932,0.94175,0.99029,1.16356
ermagellan,bm25_word k1=2.0 b=1.0,bm25_word,"{""b"": 1.0, ""idf_exp"": 1.0, ""k1"": 2.0}",test,True,103,0.84807,0.84807,0.88187,0.7767,0.99029,1.0,1.13143
ermagellan,bm25_char top-50 reranked by v7,bm25_char>v7,"{""depth"": 50}",test,True,103,0.87816,0.87816,0.90599,0.79612,0.99029,1.0,104.09415
ermagellan,v7 top-50 reranked by bm25_char,v7>bm25_char,"{""depth"": 50}",test,True,103,0.93233,0.93233,0.94624,0.8932,0.99029,1.0,95.61758
ermagellan,rrf of v7 and bm25_char,"rrf(v7,bm25_char)","{""depth"": 50, ""k"": 60}",test,True,103,0.89334,0.89334,0.91765,0.81553,0.99029,1.0,98.39468
ermagellan,tfidf_char top-50 reranked by v7,tfidf_char>v7,"{""depth"": 50}",test,True,103,0.87812,0.87812,0.90599,0.79612,0.99029,1.0,97.80891
ermagellan,rrf of v7 and tfidf_char,"rrf(v7,tfidf_char)","{""depth"": 50, ""k"": 60}",test,True,103,0.90507,0.90507,0.92653,0.83495,0.99029,1.0,101.3103
ermagellan,bm25_char + v7 at lam=0.1,"mix(bm25_char,v7)","{""lam"": 0.1}",tune,False,103,0.94053,0.94053,0.95535,0.90291,1.0,1.0,147.78279
ermagellan,bm25_char + v7 at lam=0.25,"mix(bm25_char,v7)","{""lam"": 0.25}",tune,False,103,0.94134,0.94134,0.95602,0.90291,1.0,1.0,142.44085
ermagellan,bm25_char + v7 at lam=0.5,"mix(bm25_char,v7)","{""lam"": 0.5}",tune,False,103,0.93406,0.93406,0.95049,0.8932,1.0,1.0,141.81736
ermagellan,bm25_char + v7 at lam=0.75,"mix(bm25_char,v7)","{""lam"": 0.75}",tune,False,103,0.93358,0.93358,0.95007,0.8932,1.0,1.0,138.63595
ermagellan,bm25_char + v7 at lam=0.9,"mix(bm25_char,v7)","{""lam"": 0.9}",tune,False,103,0.92549,0.92549,0.94382,0.8835,1.0,1.0,147.3239
ermagellan,bm25_char + v7 at lam=0.25,"mix(bm25_char,v7)","{""lam"": 0.25}",test,True,103,0.93633,0.93633,0.94922,0.90291,0.99029,1.0,133.33842
ermagellan,tfidf_char + v7 at lam=0.1,"mix(tfidf_char,v7)","{""lam"": 0.1}",tune,False,103,0.94152,0.94152,0.95607,0.90291,1.0,1.0,126.56322
ermagellan,tfidf_char + v7 at lam=0.25,"mix(tfidf_char,v7)","{""lam"": 0.25}",tune,False,103,0.94134,0.94134,0.9559,0.90291,1.0,1.0,125.74786
ermagellan,tfidf_char + v7 at lam=0.5,"mix(tfidf_char,v7)","{""lam"": 0.5}",tune,False,103,0.9284,0.9284,0.94619,0.8835,1.0,1.0,129.52198
ermagellan,tfidf_char + v7 at lam=0.75,"mix(tfidf_char,v7)","{""lam"": 0.75}",tune,False,103,0.92516,0.92516,0.94364,0.8835,1.0,1.0,136.15798
ermagellan,tfidf_char + v7 at lam=0.9,"mix(tfidf_char,v7)","{""lam"": 0.9}",tune,False,103,0.92678,0.92678,0.94492,0.8835,1.0,1.0,141.28467
ermagellan,tfidf_char + v7 at lam=0.1,"mix(tfidf_char,v7)","{""lam"": 0.1}",test,True,103,0.93042,0.93042,0.94512,0.8835,0.99029,1.0,138.43735
