task,system,family,config,split,selected,n_queries,map,mrr,ndcg@10,hit@1,recall@10,recall@50,ms_per_query
amazon_google,"v7 n=(2,) idf=0.0 dim=1.0 norm=False/dice pw=0.0",v7,"{""denominator"": ""dice"", ""dim"": 1.0, ""idf"": 0.0, ""n"": ""(2,)"", ""normalize"": false, ""position_weight"": 0.0}",tune,False,150,0.63982,0.64509,0.68037,0.54667,0.82333,0.95,14.88451
amazon_google,"v7 n=(2,) idf=0.0 dim=1.0 norm=False/dice pw=0.5",v7,"{""denominator"": ""dice"", ""dim"": 1.0, ""idf"": 0.0, ""n"": ""(2,)"", ""normalize"": false, ""position_weight"": 0.5}",tune,False,150,0.64057,0.64258,0.69037,0.50667,0.85667,0.96333,15.78368
amazon_google,"v7 n=(2,) idf=0.0 dim=1.0 norm=False/dice pw=1.0",v7,"{""denominator"": ""dice"", ""dim"": 1.0, ""idf"": 0.0, ""n"": ""(2,)"", ""normalize"": false, ""position_weight"": 1.0}",tune,False,150,0.6479,0.64998,0.69753,0.51333,0.86333,0.96333,14.40252
amazon_google,"v7 n=(2,) idf=0.0 dim=1.0 norm=True/dice pw=0.0",v7,"{""denominator"": ""dice"", ""dim"": 1.0, ""idf"": 0.0, ""n"": ""(2,)"", ""normalize"": true, ""position_weight"": 0.0}",tune,False,150,0.75884,0.76116,0.80646,0.64,0.95667,0.99,14.62669
amazon_google,"v7 n=(2,) idf=0.0 dim=1.0 norm=True/dice pw=0.5",v7,"{""denominator"": ""dice"", ""dim"": 1.0, ""idf"": 0.0, ""n"": ""(2,)"", ""normalize"": true, ""position_weight"": 0.5}",tune,False,150,0.74612,0.74988,0.79474,0.63333,0.95,0.99,14.53228
amazon_google,"v7 n=(2,) idf=0.0 dim=1.0 norm=True/dice pw=1.0",v7,"{""denominator"": ""dice"", ""dim"": 1.0, ""idf"": 0.0, ""n"": ""(2,)"", ""normalize"": true, ""position_weight"": 1.0}",tune,False,150,0.73859,0.74309,0.78058,0.62667,0.91667,0.99,14.31133
amazon_google,"v7 n=(2,) idf=0.0 dim=1.0 norm=True/geo pw=0.0",v7,"{""denominator"": ""geo"", ""dim"": 1.0, ""idf"": 0.0, ""n"": ""(2,)"", ""normalize"": true, ""position_weight"": 0.0}",tune,False,150,0.77398,0.77776,0.82018,0.66,0.96333,0.99667,14.56188
amazon_google,"v7 n=(2,) idf=0.0 dim=1.0 norm=True/geo pw=0.5",v7,"{""denominator"": ""geo"", ""dim"": 1.0, ""idf"": 0.0, ""n"": ""(2,)"", ""normalize"": true, ""position_weight"": 0.5}",tune,False,150,0.75967,0.76484,0.80927,0.65333,0.96333,0.99,14.27207
amazon_google,"v7 n=(2,) idf=0.0 dim=1.0 norm=True/geo pw=1.0",v7,"{""denominator"": ""geo"", ""dim"": 1.0, ""idf"": 0.0, ""n"": ""(2,)"", ""normalize"": true, ""position_weight"": 1.0}",tune,False,150,0.75161,0.75772,0.79791,0.64667,0.94333,0.99,14.71735
amazon_google,"v7 n=(2,) idf=1.0 dim=1.0 norm=False/dice pw=0.0",v7,"{""denominator"": ""dice"", ""dim"": 1.0, ""idf"": 1.0, ""n"": ""(2,)"", ""normalize"": false, ""position_weight"": 0.0}",tune,False,150,0.72629,0.73205,0.77603,0.62667,0.93667,1.0,14.80176
amazon_google,"v7 n=(2,) idf=1.0 dim=1.0 norm=False/dice pw=0.5",v7,"{""denominator"": ""dice"", ""dim"": 1.0, ""idf"": 1.0, ""n"": ""(2,)"", ""normalize"": false, ""position_weight"": 0.5}",tune,False,150,0.71624,0.71977,0.77421,0.58667,0.95667,1.0,14.34587
amazon_google,"v7 n=(2,) idf=1.0 dim=1.0 norm=False/dice pw=1.0",v7,"{""denominator"": ""dice"", ""dim"": 1.0, ""idf"": 1.0, ""n"": ""(2,)"", ""normalize"": false, ""position_weight"": 1.0}",tune,False,150,0.70967,0.71093,0.76896,0.57333,0.95667,1.0,14.10806
amazon_google,"v7 n=(2,) idf=1.0 dim=1.0 norm=True/dice pw=0.0",v7,"{""denominator"": ""dice"", ""dim"": 1.0, ""idf"": 1.0, ""n"": ""(2,)"", ""normalize"": true, ""position_weight"": 0.0}",tune,False,150,0.84673,0.84895,0.88265,0.75333,0.99,1.0,14.33713
amazon_google,"v7 n=(2,) idf=1.0 dim=1.0 norm=True/dice pw=0.5",v7,"{""denominator"": ""dice"", ""dim"": 1.0, ""idf"": 1.0, ""n"": ""(2,)"", ""normalize"": true, ""position_weight"": 0.5}",tune,False,150,0.83503,0.83725,0.87402,0.73333,0.99,1.0,14.48645
amazon_google,"v7 n=(2,) idf=1.0 dim=1.0 norm=True/dice pw=1.0",v7,"{""denominator"": ""dice"", ""dim"": 1.0, ""idf"": 1.0, ""n"": ""(2,)"", ""normalize"": true, ""position_weight"": 1.0}",tune,False,150,0.82016,0.8231,0.86306,0.71333,0.99,1.0,13.62049
amazon_google,"v7 n=(2,) idf=1.0 dim=1.0 norm=True/geo pw=0.0",v7,"{""denominator"": ""geo"", ""dim"": 1.0, ""idf"": 1.0, ""n"": ""(2,)"", ""normalize"": true, ""position_weight"": 0.0}",tune,False,150,0.85181,0.85253,0.88723,0.76,0.99333,1.0,13.83276
amazon_google,"v7 n=(2,) idf=1.0 dim=1.0 norm=True/geo pw=0.5",v7,"{""denominator"": ""geo"", ""dim"": 1.0, ""idf"": 1.0, ""n"": ""(2,)"", ""normalize"": true, ""position_weight"": 0.5}",tune,False,150,0.83321,0.83516,0.8739,0.72667,0.99333,1.0,13.81033
amazon_google,"v7 n=(2,) idf=1.0 dim=1.0 norm=True/geo pw=1.0",v7,"{""denominator"": ""geo"", ""dim"": 1.0, ""idf"": 1.0, ""n"": ""(2,)"", ""normalize"": true, ""position_weight"": 1.0}",tune,False,150,0.82294,0.82531,0.86623,0.71333,0.99333,1.0,13.99704
amazon_google,"v7 n=(2,) idf=2.0 dim=1.0 norm=False/dice pw=0.0",v7,"{""denominator"": ""dice"", ""dim"": 1.0, ""idf"": 2.0, ""n"": ""(2,)"", ""normalize"": false, ""position_weight"": 0.0}",tune,False,150,0.76354,0.76854,0.8079,0.67333,0.95,1.0,13.98293
amazon_google,"v7 n=(2,) idf=2.0 dim=1.0 norm=False/dice pw=0.5",v7,"{""denominator"": ""dice"", ""dim"": 1.0, ""idf"": 2.0, ""n"": ""(2,)"", ""normalize"": false, ""position_weight"": 0.5}",tune,False,150,0.74296,0.74602,0.79796,0.62,0.97,1.0,13.57616
amazon_google,"v7 n=(2,) idf=2.0 dim=1.0 norm=False/dice pw=1.0",v7,"{""denominator"": ""dice"", ""dim"": 1.0, ""idf"": 2.0, ""n"": ""(2,)"", ""normalize"": false, ""position_weight"": 1.0}",tune,False,150,0.74263,0.74555,0.79779,0.62,0.97,1.0,13.66922
amazon_google,"v7 n=(2,) idf=2.0 dim=1.0 norm=True/dice pw=0.0",v7,"{""denominator"": ""dice"", ""dim"": 1.0, ""idf"": 2.0, ""n"": ""(2,)"", ""normalize"": true, ""position_weight"": 0.0}",tune,False,150,0.802,0.803,0.84844,0.67333,0.98667,0.99333,12.94949
amazon_google,"v7 n=(2,) idf=2.0 dim=1.0 norm=True/dice pw=0.5",v7,"{""denominator"": ""dice"", ""dim"": 1.0, ""idf"": 2.0, ""n"": ""(2,)"", ""normalize"": true, ""position_weight"": 0.5}",tune,False,150,0.79105,0.79238,0.84061,0.65333,0.98667,0.99333,13.4691
amazon_google,"v7 n=(2,) idf=2.0 dim=1.0 norm=True/dice pw=1.0",v7,"{""denominator"": ""dice"", ""dim"": 1.0, ""idf"": 2.0, ""n"": ""(2,)"", ""normalize"": true, ""position_weight"": 1.0}",tune,False,150,0.79691,0.79974,0.84524,0.66667,0.98667,1.0,13.35479
amazon_google,"v7 n=(2,) idf=2.0 dim=1.0 norm=True/geo pw=0.0",v7,"{""denominator"": ""geo"", ""dim"": 1.0, ""idf"": 2.0, ""n"": ""(2,)"", ""normalize"": true, ""position_weight"": 0.0}",tune,False,150,0.82367,0.82456,0.86474,0.70667,0.98667,1.0,13.76712
amazon_google,"v7 n=(2,) idf=2.0 dim=1.0 norm=True/geo pw=0.5",v7,"{""denominator"": ""geo"", ""dim"": 1.0, ""idf"": 2.0, ""n"": ""(2,)"", ""normalize"": true, ""position_weight"": 0.5}",tune,False,150,0.81364,0.81507,0.8575,0.68667,0.98667,1.0,14.15247
amazon_google,"v7 n=(2,) idf=2.0 dim=1.0 norm=True/geo pw=1.0",v7,"{""denominator"": ""geo"", ""dim"": 1.0, ""idf"": 2.0, ""n"": ""(2,)"", ""normalize"": true, ""position_weight"": 1.0}",tune,False,150,0.81953,0.82207,0.86221,0.7,0.98667,1.0,12.89792
amazon_google,"v7 n=(2,) idf=3.0 dim=1.0 norm=False/dice pw=0.0",v7,"{""denominator"": ""dice"", ""dim"": 1.0, ""idf"": 3.0, ""n"": ""(2,)"", ""normalize"": false, ""position_weight"": 0.0}",tune,False,150,0.74292,0.74737,0.79152,0.64667,0.95,1.0,14.60702
amazon_google,"v7 n=(2,) idf=3.0 dim=1.0 norm=False/dice pw=0.5",v7,"{""denominator"": ""dice"", ""dim"": 1.0, ""idf"": 3.0, ""n"": ""(2,)"", ""normalize"": false, ""position_weight"": 0.5}",tune,False,150,0.71578,0.71893,0.77507,0.58667,0.96333,1.0,13.75809
amazon_google,"v7 n=(2,) idf=3.0 dim=1.0 norm=False/dice pw=1.0",v7,"{""denominator"": ""dice"", ""dim"": 1.0, ""idf"": 3.0, ""n"": ""(2,)"", ""normalize"": false, ""position_weight"": 1.0}",tune,False,150,0.70903,0.71056,0.76966,0.57333,0.96333,1.0,14.37813
amazon_google,"v7 n=(2,) idf=3.0 dim=1.0 norm=True/dice pw=0.0",v7,"{""denominator"": ""dice"", ""dim"": 1.0, ""idf"": 3.0, ""n"": ""(2,)"", ""normalize"": true, ""position_weight"": 0.0}",tune,False,150,0.75412,0.75727,0.80657,0.63333,0.96667,0.99333,13.16283
amazon_google,"v7 n=(2,) idf=3.0 dim=1.0 norm=True/dice pw=0.5",v7,"{""denominator"": ""dice"", ""dim"": 1.0, ""idf"": 3.0, ""n"": ""(2,)"", ""normalize"": true, ""position_weight"": 0.5}",tune,False,150,0.75135,0.75228,0.80577,0.62,0.97333,0.99333,12.79916
amazon_google,"v7 n=(2,) idf=3.0 dim=1.0 norm=True/dice pw=1.0",v7,"{""denominator"": ""dice"", ""dim"": 1.0, ""idf"": 3.0, ""n"": ""(2,)"", ""normalize"": true, ""position_weight"": 1.0}",tune,False,150,0.75552,0.75561,0.81068,0.62667,0.98,0.99333,13.58178
amazon_google,"v7 n=(2,) idf=3.0 dim=1.0 norm=True/geo pw=0.0",v7,"{""denominator"": ""geo"", ""dim"": 1.0, ""idf"": 3.0, ""n"": ""(2,)"", ""normalize"": true, ""position_weight"": 0.0}",tune,False,150,0.77528,0.77766,0.82439,0.65333,0.97333,0.99333,13.71592
amazon_google,"v7 n=(2,) idf=3.0 dim=1.0 norm=True/geo pw=0.5",v7,"{""denominator"": ""geo"", ""dim"": 1.0, ""idf"": 3.0, ""n"": ""(2,)"", ""normalize"": true, ""position_weight"": 0.5}",tune,False,150,0.75738,0.75888,0.81277,0.62,0.98,0.99333,13.96206
amazon_google,"v7 n=(2,) idf=3.0 dim=1.0 norm=True/geo pw=1.0",v7,"{""denominator"": ""geo"", ""dim"": 1.0, ""idf"": 3.0, ""n"": ""(2,)"", ""normalize"": true, ""position_weight"": 1.0}",tune,False,150,0.7591,0.75893,0.81364,0.62,0.98,0.99333,13.45848
amazon_google,"v7 n=(3,) idf=0.0 dim=1.0 norm=False/dice pw=0.0",v7,"{""denominator"": ""dice"", ""dim"": 1.0, ""idf"": 0.0, ""n"": ""(3,)"", ""normalize"": false, ""position_weight"": 0.0}",tune,False,150,0.75778,0.76101,0.79939,0.64667,0.93333,1.0,5.31663
amazon_google,"v7 n=(3,) idf=0.0 dim=1.0 norm=False/dice pw=0.5",v7,"{""denominator"": ""dice"", ""dim"": 1.0, ""idf"": 0.0, ""n"": ""(3,)"", ""normalize"": false, ""position_weight"": 0.5}",tune,False,150,0.75528,0.76016,0.80368,0.64,0.95333,1.0,4.78893
amazon_google,"v7 n=(3,) idf=0.0 dim=1.0 norm=False/dice pw=1.0",v7,"{""denominator"": ""dice"", ""dim"": 1.0, ""idf"": 0.0, ""n"": ""(3,)"", ""normalize"": false, ""position_weight"": 1.0}",tune,False,150,0.75175,0.75664,0.80089,0.63333,0.95333,1.0,5.16909
amazon_google,"v7 n=(3,) idf=0.0 dim=1.0 norm=True/dice pw=0.0",v7,"{""denominator"": ""dice"", ""dim"": 1.0, ""idf"": 0.0, ""n"": ""(3,)"", ""normalize"": true, ""position_weight"": 0.0}",tune,False,150,0.78326,0.78807,0.83146,0.66667,0.97667,0.99667,4.88188
amazon_google,"v7 n=(3,) idf=0.0 dim=1.0 norm=True/dice pw=0.5",v7,"{""denominator"": ""dice"", ""dim"": 1.0, ""idf"": 0.0, ""n"": ""(3,)"", ""normalize"": true, ""position_weight"": 0.5}",tune,False,150,0.77515,0.77996,0.82372,0.66,0.97,0.99667,4.90753
amazon_google,"v7 n=(3,) idf=0.0 dim=1.0 norm=True/dice pw=1.0",v7,"{""denominator"": ""dice"", ""dim"": 1.0, ""idf"": 0.0, ""n"": ""(3,)"", ""normalize"": true, ""position_weight"": 1.0}",tune,False,150,0.75786,0.76425,0.8064,0.64,0.95333,0.99667,5.24348
amazon_google,"v7 n=(3,) idf=0.0 dim=1.0 norm=True/geo pw=0.0",v7,"{""denominator"": ""geo"", ""dim"": 1.0, ""idf"": 0.0, ""n"": ""(3,)"", ""normalize"": true, ""position_weight"": 0.0}",tune,False,150,0.79232,0.79695,0.84022,0.68,0.98333,1.0,5.43015
amazon_google,"v7 n=(3,) idf=0.0 dim=1.0 norm=True/geo pw=0.5",v7,"{""denominator"": ""geo"", ""dim"": 1.0, ""idf"": 0.0, ""n"": ""(3,)"", ""normalize"": true, ""position_weight"": 0.5}",tune,False,150,0.77649,0.7835,0.82686,0.66667,0.97667,1.0,4.71278
amazon_google,"v7 n=(3,) idf=0.0 dim=1.0 norm=True/geo pw=1.0",v7,"{""denominator"": ""geo"", ""dim"": 1.0, ""idf"": 0.0, ""n"": ""(3,)"", ""normalize"": true, ""position_weight"": 1.0}",tune,False,150,0.75848,0.76542,0.80675,0.64,0.95333,0.99667,5.08686
amazon_google,"v7 n=(3,) idf=1.0 dim=1.0 norm=False/dice pw=0.0",v7,"{""denominator"": ""dice"", ""dim"": 1.0, ""idf"": 1.0, ""n"": ""(3,)"", ""normalize"": false, ""position_weight"": 0.0}",tune,False,150,0.78297,0.78719,0.82755,0.68,0.96667,1.0,5.19532
amazon_google,"v7 n=(3,) idf=1.0 dim=1.0 norm=False/dice pw=0.5",v7,"{""denominator"": ""dice"", ""dim"": 1.0, ""idf"": 1.0, ""n"": ""(3,)"", ""normalize"": false, ""position_weight"": 0.5}",tune,False,150,0.78878,0.79183,0.8341,0.67333,0.97333,1.0,4.9537
amazon_google,"v7 n=(3,) idf=1.0 dim=1.0 norm=False/dice pw=1.0",v7,"{""denominator"": ""dice"", ""dim"": 1.0, ""idf"": 1.0, ""n"": ""(3,)"", ""normalize"": false, ""position_weight"": 1.0}",tune,False,150,0.77908,0.78047,0.82697,0.64667,0.97333,1.0,4.35667
amazon_google,"v7 n=(3,) idf=1.0 dim=1.0 norm=True/dice pw=0.0",v7,"{""denominator"": ""dice"", ""dim"": 1.0, ""idf"": 1.0, ""n"": ""(3,)"", ""normalize"": true, ""position_weight"": 0.0}",tune,False,150,0.87233,0.87344,0.90284,0.79333,0.99333,1.0,5.02814
amazon_google,"v7 n=(3,) idf=1.0 dim=1.0 norm=True/dice pw=0.5",v7,"{""denominator"": ""dice"", ""dim"": 1.0, ""idf"": 1.0, ""n"": ""(3,)"", ""normalize"": true, ""position_weight"": 0.5}",tune,False,150,0.86157,0.86301,0.89497,0.77333,0.99333,1.0,5.41948
amazon_google,"v7 n=(3,) idf=1.0 dim=1.0 norm=True/dice pw=1.0",v7,"{""denominator"": ""dice"", ""dim"": 1.0, ""idf"": 1.0, ""n"": ""(3,)"", ""normalize"": true, ""position_weight"": 1.0}",tune,False,150,0.84136,0.8437,0.88023,0.73333,0.99333,1.0,5.25217
amazon_google,"v7 n=(3,) idf=1.0 dim=1.0 norm=True/geo pw=0.0",v7,"{""denominator"": ""geo"", ""dim"": 1.0, ""idf"": 1.0, ""n"": ""(3,)"", ""normalize"": true, ""position_weight"": 0.0}",tune,False,150,0.86794,0.86906,0.89952,0.78667,0.99333,1.0,4.82881
amazon_google,"v7 n=(3,) idf=1.0 dim=1.0 norm=True/geo pw=0.5",v7,"{""denominator"": ""geo"", ""dim"": 1.0, ""idf"": 1.0, ""n"": ""(3,)"", ""normalize"": true, ""position_weight"": 0.5}",tune,False,150,0.85739,0.8585,0.89173,0.76667,0.99333,1.0,5.61471
amazon_google,"v7 n=(3,) idf=1.0 dim=1.0 norm=True/geo pw=1.0",v7,"{""denominator"": ""geo"", ""dim"": 1.0, ""idf"": 1.0, ""n"": ""(3,)"", ""normalize"": true, ""position_weight"": 1.0}",tune,False,150,0.85105,0.85305,0.88537,0.75333,0.98667,1.0,5.15766
amazon_google,"v7 n=(3,) idf=2.0 dim=1.0 norm=False/dice pw=0.0",v7,"{""denominator"": ""dice"", ""dim"": 1.0, ""idf"": 2.0, ""n"": ""(3,)"", ""normalize"": false, ""position_weight"": 0.0}",tune,False,150,0.80255,0.80539,0.84818,0.7,0.98667,1.0,5.05129
amazon_google,"v7 n=(3,) idf=2.0 dim=1.0 norm=False/dice pw=0.5",v7,"{""denominator"": ""dice"", ""dim"": 1.0, ""idf"": 2.0, ""n"": ""(3,)"", ""normalize"": false, ""position_weight"": 0.5}",tune,False,150,0.79948,0.80081,0.84747,0.68667,0.99333,1.0,5.01705
amazon_google,"v7 n=(3,) idf=2.0 dim=1.0 norm=False/dice pw=1.0",v7,"{""denominator"": ""dice"", ""dim"": 1.0, ""idf"": 2.0, ""n"": ""(3,)"", ""normalize"": false, ""position_weight"": 1.0}",tune,False,150,0.78946,0.79149,0.84043,0.66667,0.99333,1.0,5.47193
amazon_google,"v7 n=(3,) idf=2.0 dim=1.0 norm=True/dice pw=0.0",v7,"{""denominator"": ""dice"", ""dim"": 1.0, ""idf"": 2.0, ""n"": ""(3,)"", ""normalize"": true, ""position_weight"": 0.0}",tune,False,150,0.86199,0.86399,0.89554,0.77333,0.99333,1.0,5.00231
amazon_google,"v7 n=(3,) idf=2.0 dim=1.0 norm=True/dice pw=0.5",v7,"{""denominator"": ""dice"", ""dim"": 1.0, ""idf"": 2.0, ""n"": ""(3,)"", ""normalize"": true, ""position_weight"": 0.5}",tune,False,150,0.86194,0.86394,0.89361,0.77333,0.98667,1.0,5.44339
amazon_google,"v7 n=(3,) idf=2.0 dim=1.0 norm=True/dice pw=1.0",v7,"{""denominator"": ""dice"", ""dim"": 1.0, ""idf"": 2.0, ""n"": ""(3,)"", ""normalize"": true, ""position_weight"": 1.0}",tune,False,150,0.8544,0.85662,0.88801,0.76,0.98667,1.0,5.14729
amazon_google,"v7 n=(3,) idf=2.0 dim=1.0 norm=True/geo pw=0.0",v7,"{""denominator"": ""geo"", ""dim"": 1.0, ""idf"": 2.0, ""n"": ""(3,)"", ""normalize"": true, ""position_weight"": 0.0}",tune,False,150,0.86811,0.86978,0.90007,0.78,0.99333,1.0,5.60442
amazon_google,"v7 n=(3,) idf=2.0 dim=1.0 norm=True/geo pw=0.5",v7,"{""denominator"": ""geo"", ""dim"": 1.0, ""idf"": 2.0, ""n"": ""(3,)"", ""normalize"": true, ""position_weight"": 0.5}",tune,False,150,0.86738,0.86938,0.89963,0.78,0.99333,1.0,5.78306
amazon_google,"v7 n=(3,) idf=2.0 dim=1.0 norm=True/geo pw=1.0",v7,"{""denominator"": ""geo"", ""dim"": 1.0, ""idf"": 2.0, ""n"": ""(3,)"", ""normalize"": true, ""position_weight"": 1.0}",tune,False,150,0.86697,0.86931,0.89936,0.78,0.99333,1.0,5.26874
amazon_google,"v7 n=(3,) idf=3.0 dim=1.0 norm=False/dice pw=0.0",v7,"{""denominator"": ""dice"", ""dim"": 1.0, ""idf"": 3.0, ""n"": ""(3,)"", ""normalize"": false, ""position_weight"": 0.0}",tune,False,150,0.78885,0.79171,0.83762,0.68,0.98667,1.0,4.42404
amazon_google,"v7 n=(3,) idf=3.0 dim=1.0 norm=False/dice pw=0.5",v7,"{""denominator"": ""dice"", ""dim"": 1.0, ""idf"": 3.0, ""n"": ""(3,)"", ""normalize"": false, ""position_weight"": 0.5}",tune,False,150,0.79247,0.79362,0.84046,0.67333,0.98667,1.0,4.93467
amazon_google,"v7 n=(3,) idf=3.0 dim=1.0 norm=False/dice pw=1.0",v7,"{""denominator"": ""dice"", ""dim"": 1.0, ""idf"": 3.0, ""n"": ""(3,)"", ""normalize"": false, ""position_weight"": 1.0}",tune,False,150,0.78764,0.78956,0.83706,0.66667,0.98667,1.0,4.94056
amazon_google,"v7 n=(3,) idf=3.0 dim=1.0 norm=True/dice pw=0.0",v7,"{""denominator"": ""dice"", ""dim"": 1.0, ""idf"": 3.0, ""n"": ""(3,)"", ""normalize"": true, ""position_weight"": 0.0}",tune,False,150,0.84472,0.84705,0.88096,0.74667,0.98667,0.99333,5.07449
amazon_google,"v7 n=(3,) idf=3.0 dim=1.0 norm=True/dice pw=0.5",v7,"{""denominator"": ""dice"", ""dim"": 1.0, ""idf"": 3.0, ""n"": ""(3,)"", ""normalize"": true, ""position_weight"": 0.5}",tune,False,150,0.84802,0.85035,0.88343,0.75333,0.98667,0.99333,4.56392
amazon_google,"v7 n=(3,) idf=3.0 dim=1.0 norm=True/dice pw=1.0",v7,"{""denominator"": ""dice"", ""dim"": 1.0, ""idf"": 3.0, ""n"": ""(3,)"", ""normalize"": true, ""position_weight"": 1.0}",tune,False,150,0.84147,0.84325,0.87855,0.74,0.98667,0.99333,4.74591
amazon_google,"v7 n=(3,) idf=3.0 dim=1.0 norm=True/geo pw=0.0",v7,"{""denominator"": ""geo"", ""dim"": 1.0, ""idf"": 3.0, ""n"": ""(3,)"", ""normalize"": true, ""position_weight"": 0.0}",tune,False,150,0.84301,0.84501,0.8776,0.74,0.98,1.0,5.23871
amazon_google,"v7 n=(3,) idf=3.0 dim=1.0 norm=True/geo pw=0.5",v7,"{""denominator"": ""geo"", ""dim"": 1.0, ""idf"": 3.0, ""n"": ""(3,)"", ""normalize"": true, ""position_weight"": 0.5}",tune,False,150,0.85338,0.85515,0.88715,0.76,0.98667,1.0,5.57917
amazon_google,"v7 n=(3,) idf=3.0 dim=1.0 norm=True/geo pw=1.0",v7,"{""denominator"": ""geo"", ""dim"": 1.0, ""idf"": 3.0, ""n"": ""(3,)"", ""normalize"": true, ""position_weight"": 1.0}",tune,False,150,0.84151,0.84351,0.87831,0.74,0.98667,1.0,5.10987
amazon_google,"v7 n=(2, 3) idf=0.0 dim=1.0 norm=False/dice pw=0.0",v7,"{""denominator"": ""dice"", ""dim"": 1.0, ""idf"": 0.0, ""n"": ""(2, 3)"", ""normalize"": false, ""position_weight"": 0.0}",tune,False,150,0.71571,0.71767,0.75721,0.6,0.89667,0.99333,16.49259
amazon_google,"v7 n=(2, 3) idf=0.0 dim=1.0 norm=False/dice pw=0.5",v7,"{""denominator"": ""dice"", ""dim"": 1.0, ""idf"": 0.0, ""n"": ""(2, 3)"", ""normalize"": false, ""position_weight"": 0.5}",tune,False,150,0.72336,0.72483,0.77059,0.58667,0.92333,0.99333,19.08501
amazon_google,"v7 n=(2, 3) idf=0.0 dim=1.0 norm=False/dice pw=1.0",v7,"{""denominator"": ""dice"", ""dim"": 1.0, ""idf"": 0.0, ""n"": ""(2, 3)"", ""normalize"": false, ""position_weight"": 1.0}",tune,False,150,0.7231,0.72676,0.7745,0.59333,0.93667,0.99333,17.43712
amazon_google,"v7 n=(2, 3) idf=0.0 dim=1.0 norm=True/dice pw=0.0",v7,"{""denominator"": ""dice"", ""dim"": 1.0, ""idf"": 0.0, ""n"": ""(2, 3)"", ""normalize"": true, ""position_weight"": 0.0}",tune,False,150,0.78562,0.78988,0.83117,0.66667,0.97,0.99667,17.79706
amazon_google,"v7 n=(2, 3) idf=0.0 dim=1.0 norm=True/dice pw=0.5",v7,"{""denominator"": ""dice"", ""dim"": 1.0, ""idf"": 0.0, ""n"": ""(2, 3)"", ""normalize"": true, ""position_weight"": 0.5}",tune,False,150,0.76589,0.77104,0.81645,0.64667,0.97,0.99667,18.18974
amazon_google,"v7 n=(2, 3) idf=0.0 dim=1.0 norm=True/dice pw=1.0",v7,"{""denominator"": ""dice"", ""dim"": 1.0, ""idf"": 0.0, ""n"": ""(2, 3)"", ""normalize"": true, ""position_weight"": 1.0}",tune,False,150,0.7506,0.75588,0.79976,0.63333,0.95333,0.99,17.93989
amazon_google,"v7 n=(2, 3) idf=0.0 dim=1.0 norm=True/geo pw=0.0",v7,"{""denominator"": ""geo"", ""dim"": 1.0, ""idf"": 0.0, ""n"": ""(2, 3)"", ""normalize"": true, ""position_weight"": 0.0}",tune,False,150,0.79808,0.80223,0.84052,0.68667,0.97,1.0,18.17468
amazon_google,"v7 n=(2, 3) idf=0.0 dim=1.0 norm=True/geo pw=0.5",v7,"{""denominator"": ""geo"", ""dim"": 1.0, ""idf"": 0.0, ""n"": ""(2, 3)"", ""normalize"": true, ""position_weight"": 0.5}",tune,False,150,0.77398,0.77931,0.82268,0.66,0.97,0.99667,18.55461
amazon_google,"v7 n=(2, 3) idf=0.0 dim=1.0 norm=True/geo pw=1.0",v7,"{""denominator"": ""geo"", ""dim"": 1.0, ""idf"": 0.0, ""n"": ""(2, 3)"", ""normalize"": true, ""position_weight"": 1.0}",tune,False,150,0.76047,0.76623,0.8084,0.64667,0.95667,0.99667,19.83361
amazon_google,"v7 n=(2, 3) idf=0.0 dim=2.0 norm=False/dice pw=0.0",v7,"{""denominator"": ""dice"", ""dim"": 2.0, ""idf"": 0.0, ""n"": ""(2, 3)"", ""normalize"": false, ""position_weight"": 0.0}",tune,False,150,0.70803,0.71004,0.74778,0.59333,0.88333,0.98667,18.79925
amazon_google,"v7 n=(2, 3) idf=0.0 dim=2.0 norm=False/dice pw=0.5",v7,"{""denominator"": ""dice"", ""dim"": 2.0, ""idf"": 0.0, ""n"": ""(2, 3)"", ""normalize"": false, ""position_weight"": 0.5}",tune,False,150,0.72118,0.72167,0.765,0.58667,0.91,0.99333,19.19004
amazon_google,"v7 n=(2, 3) idf=0.0 dim=2.0 norm=False/dice pw=1.0",v7,"{""denominator"": ""dice"", ""dim"": 2.0, ""idf"": 0.0, ""n"": ""(2, 3)"", ""normalize"": false, ""position_weight"": 1.0}",tune,False,150,0.72173,0.72598,0.77362,0.59333,0.93667,0.99333,18.49895
amazon_google,"v7 n=(2, 3) idf=0.0 dim=2.0 norm=True/dice pw=0.0",v7,"{""denominator"": ""dice"", ""dim"": 2.0, ""idf"": 0.0, ""n"": ""(2, 3)"", ""normalize"": true, ""position_weight"": 0.0}",tune,False,150,0.78461,0.78887,0.82843,0.66667,0.96333,0.99667,18.05037
amazon_google,"v7 n=(2, 3) idf=0.0 dim=2.0 norm=True/dice pw=0.5",v7,"{""denominator"": ""dice"", ""dim"": 2.0, ""idf"": 0.0, ""n"": ""(2, 3)"", ""normalize"": true, ""position_weight"": 0.5}",tune,False,150,0.76143,0.76658,0.81312,0.64,0.97,0.99667,18.72461
amazon_google,"v7 n=(2, 3) idf=0.0 dim=2.0 norm=True/dice pw=1.0",v7,"{""denominator"": ""dice"", ""dim"": 2.0, ""idf"": 0.0, ""n"": ""(2, 3)"", ""normalize"": true, ""position_weight"": 1.0}",tune,False,150,0.75071,0.75588,0.80094,0.63333,0.95667,0.99,17.83017
amazon_google,"v7 n=(2, 3) idf=0.0 dim=2.0 norm=True/geo pw=0.0",v7,"{""denominator"": ""geo"", ""dim"": 2.0, ""idf"": 0.0, ""n"": ""(2, 3)"", ""normalize"": true, ""position_weight"": 0.0}",tune,False,150,0.79752,0.80168,0.84006,0.68667,0.97,1.0,18.72932
amazon_google,"v7 n=(2, 3) idf=0.0 dim=2.0 norm=True/geo pw=0.5",v7,"{""denominator"": ""geo"", ""dim"": 2.0, ""idf"": 0.0, ""n"": ""(2, 3)"", ""normalize"": true, ""position_weight"": 0.5}",tune,False,150,0.77057,0.7759,0.81829,0.65333,0.96333,0.99667,19.73302
amazon_google,"v7 n=(2, 3) idf=0.0 dim=2.0 norm=True/geo pw=1.0",v7,"{""denominator"": ""geo"", ""dim"": 2.0, ""idf"": 0.0, ""n"": ""(2, 3)"", ""normalize"": true, ""position_weight"": 1.0}",tune,False,150,0.75886,0.76462,0.80703,0.64667,0.95667,0.99667,19.98311
amazon_google,"v7 n=(2, 3) idf=1.0 dim=1.0 norm=False/dice pw=0.0",v7,"{""denominator"": ""dice"", ""dim"": 1.0, ""idf"": 1.0, ""n"": ""(2, 3)"", ""normalize"": false, ""position_weight"": 0.0}",tune,False,150,0.7824,0.78977,0.82425,0.69333,0.95333,1.0,20.21511
amazon_google,"v7 n=(2, 3) idf=1.0 dim=1.0 norm=False/dice pw=0.5",v7,"{""denominator"": ""dice"", ""dim"": 1.0, ""idf"": 1.0, ""n"": ""(2, 3)"", ""normalize"": false, ""position_weight"": 0.5}",tune,False,150,0.78025,0.78347,0.82585,0.66667,0.96667,1.0,21.02434
amazon_google,"v7 n=(2, 3) idf=1.0 dim=1.0 norm=False/dice pw=1.0",v7,"{""denominator"": ""dice"", ""dim"": 1.0, ""idf"": 1.0, ""n"": ""(2, 3)"", ""normalize"": false, ""position_weight"": 1.0}",tune,False,150,0.76836,0.76942,0.81754,0.63333,0.97,1.0,20.51927
amazon_google,"v7 n=(2, 3) idf=1.0 dim=1.0 norm=True/dice pw=0.0",v7,"{""denominator"": ""dice"", ""dim"": 1.0, ""idf"": 1.0, ""n"": ""(2, 3)"", ""normalize"": true, ""position_weight"": 0.0}",tune,False,150,0.86144,0.86326,0.8948,0.77333,0.99333,1.0,20.66344
amazon_google,"v7 n=(2, 3) idf=1.0 dim=1.0 norm=True/dice pw=0.5",v7,"{""denominator"": ""dice"", ""dim"": 1.0, ""idf"": 1.0, ""n"": ""(2, 3)"", ""normalize"": true, ""position_weight"": 0.5}",tune,False,150,0.85026,0.85276,0.88684,0.75333,0.99333,1.0,20.74562
amazon_google,"v7 n=(2, 3) idf=1.0 dim=1.0 norm=True/dice pw=1.0",v7,"{""denominator"": ""dice"", ""dim"": 1.0, ""idf"": 1.0, ""n"": ""(2, 3)"", ""normalize"": true, ""position_weight"": 1.0}",tune,False,150,0.84616,0.84909,0.88385,0.74667,0.99333,1.0,20.82875
amazon_google,"v7 n=(2, 3) idf=1.0 dim=1.0 norm=True/geo pw=0.0",v7,"{""denominator"": ""geo"", ""dim"": 1.0, ""idf"": 1.0, ""n"": ""(2, 3)"", ""normalize"": true, ""position_weight"": 0.0}",tune,False,150,0.85309,0.85364,0.88846,0.75333,0.99333,1.0,20.51833
amazon_google,"v7 n=(2, 3) idf=1.0 dim=1.0 norm=True/geo pw=0.5",v7,"{""denominator"": ""geo"", ""dim"": 1.0, ""idf"": 1.0, ""n"": ""(2, 3)"", ""normalize"": true, ""position_weight"": 0.5}",tune,False,150,0.84931,0.85098,0.88607,0.74667,0.99333,1.0,20.60303
amazon_google,"v7 n=(2, 3) idf=1.0 dim=1.0 norm=True/geo pw=1.0",v7,"{""denominator"": ""geo"", ""dim"": 1.0, ""idf"": 1.0, ""n"": ""(2, 3)"", ""normalize"": true, ""position_weight"": 1.0}",tune,False,150,0.8479,0.8499,0.88502,0.74667,0.99333,1.0,20.61295
amazon_google,"v7 n=(2, 3) idf=1.0 dim=2.0 norm=False/dice pw=0.0",v7,"{""denominator"": ""dice"", ""dim"": 2.0, ""idf"": 1.0, ""n"": ""(2, 3)"", ""normalize"": false, ""position_weight"": 0.0}",tune,False,150,0.78219,0.78891,0.82408,0.68667,0.95333,1.0,20.36026
amazon_google,"v7 n=(2, 3) idf=1.0 dim=2.0 norm=False/dice pw=0.5",v7,"{""denominator"": ""dice"", ""dim"": 2.0, ""idf"": 1.0, ""n"": ""(2, 3)"", ""normalize"": false, ""position_weight"": 0.5}",tune,False,150,0.78339,0.78645,0.83024,0.66667,0.97333,1.0,20.3614
amazon_google,"v7 n=(2, 3) idf=1.0 dim=2.0 norm=False/dice pw=1.0",v7,"{""denominator"": ""dice"", ""dim"": 2.0, ""idf"": 1.0, ""n"": ""(2, 3)"", ""normalize"": false, ""position_weight"": 1.0}",tune,False,150,0.76985,0.77077,0.81988,0.63333,0.97333,1.0,21.1223
amazon_google,"v7 n=(2, 3) idf=1.0 dim=2.0 norm=True/dice pw=0.0",v7,"{""denominator"": ""dice"", ""dim"": 2.0, ""idf"": 1.0, ""n"": ""(2, 3)"", ""normalize"": true, ""position_weight"": 0.0}",tune,False,150,0.86123,0.86318,0.89473,0.77333,0.99333,1.0,20.75269
amazon_google,"v7 n=(2, 3) idf=1.0 dim=2.0 norm=True/dice pw=0.5",v7,"{""denominator"": ""dice"", ""dim"": 2.0, ""idf"": 1.0, ""n"": ""(2, 3)"", ""normalize"": true, ""position_weight"": 0.5}",tune,False,150,0.85026,0.85276,0.88684,0.75333,0.99333,1.0,20.47998
amazon_google,"v7 n=(2, 3) idf=1.0 dim=2.0 norm=True/dice pw=1.0",v7,"{""denominator"": ""dice"", ""dim"": 2.0, ""idf"": 1.0, ""n"": ""(2, 3)"", ""normalize"": true, ""position_weight"": 1.0}",tune,False,150,0.84609,0.84909,0.8838,0.74667,0.99333,1.0,20.06916
amazon_google,"v7 n=(2, 3) idf=1.0 dim=2.0 norm=True/geo pw=0.0",v7,"{""denominator"": ""geo"", ""dim"": 2.0, ""idf"": 1.0, ""n"": ""(2, 3)"", ""normalize"": true, ""position_weight"": 0.0}",tune,False,150,0.85321,0.85376,0.88858,0.75333,0.99333,1.0,19.98273
amazon_google,"v7 n=(2, 3) idf=1.0 dim=2.0 norm=True/geo pw=0.5",v7,"{""denominator"": ""geo"", ""dim"": 2.0, ""idf"": 1.0, ""n"": ""(2, 3)"", ""normalize"": true, ""position_weight"": 0.5}",tune,False,150,0.85276,0.85443,0.88865,0.75333,0.99333,1.0,19.69038
amazon_google,"v7 n=(2, 3) idf=1.0 dim=2.0 norm=True/geo pw=1.0",v7,"{""denominator"": ""geo"", ""dim"": 2.0, ""idf"": 1.0, ""n"": ""(2, 3)"", ""normalize"": true, ""position_weight"": 1.0}",tune,False,150,0.84453,0.84653,0.88255,0.74,0.99333,1.0,20.14001
amazon_google,"v7 n=(2, 3) idf=2.0 dim=1.0 norm=False/dice pw=0.0",v7,"{""denominator"": ""dice"", ""dim"": 1.0, ""idf"": 2.0, ""n"": ""(2, 3)"", ""normalize"": false, ""position_weight"": 0.0}",tune,False,150,0.79433,0.79731,0.84056,0.69333,0.98333,1.0,18.8213
amazon_google,"v7 n=(2, 3) idf=2.0 dim=1.0 norm=False/dice pw=0.5",v7,"{""denominator"": ""dice"", ""dim"": 1.0, ""idf"": 2.0, ""n"": ""(2, 3)"", ""normalize"": false, ""position_weight"": 0.5}",tune,False,150,0.78941,0.79183,0.83713,0.68,0.98333,1.0,20.05792
amazon_google,"v7 n=(2, 3) idf=2.0 dim=1.0 norm=False/dice pw=1.0",v7,"{""denominator"": ""dice"", ""dim"": 1.0, ""idf"": 2.0, ""n"": ""(2, 3)"", ""normalize"": false, ""position_weight"": 1.0}",tune,False,150,0.78996,0.79193,0.84059,0.67333,0.99333,1.0,19.83077
amazon_google,"v7 n=(2, 3) idf=2.0 dim=1.0 norm=True/dice pw=0.0",v7,"{""denominator"": ""dice"", ""dim"": 1.0, ""idf"": 2.0, ""n"": ""(2, 3)"", ""normalize"": true, ""position_weight"": 0.0}",tune,False,150,0.85178,0.85267,0.88589,0.75333,0.98667,1.0,19.11179
amazon_google,"v7 n=(2, 3) idf=2.0 dim=1.0 norm=True/dice pw=0.5",v7,"{""denominator"": ""dice"", ""dim"": 1.0, ""idf"": 2.0, ""n"": ""(2, 3)"", ""normalize"": true, ""position_weight"": 0.5}",tune,False,150,0.84379,0.84545,0.8801,0.74,0.98667,1.0,19.61854
amazon_google,"v7 n=(2, 3) idf=2.0 dim=1.0 norm=True/dice pw=1.0",v7,"{""denominator"": ""dice"", ""dim"": 1.0, ""idf"": 2.0, ""n"": ""(2, 3)"", ""normalize"": true, ""position_weight"": 1.0}",tune,False,150,0.84195,0.84451,0.87908,0.73333,0.98667,1.0,19.50624
amazon_google,"v7 n=(2, 3) idf=2.0 dim=1.0 norm=True/geo pw=0.0",v7,"{""denominator"": ""geo"", ""dim"": 1.0, ""idf"": 2.0, ""n"": ""(2, 3)"", ""normalize"": true, ""position_weight"": 0.0}",tune,False,150,0.86817,0.86761,0.89942,0.78,0.99333,1.0,20.79835
amazon_google,"v7 n=(2, 3) idf=2.0 dim=1.0 norm=True/geo pw=0.5",v7,"{""denominator"": ""geo"", ""dim"": 1.0, ""idf"": 2.0, ""n"": ""(2, 3)"", ""normalize"": true, ""position_weight"": 0.5}",tune,False,150,0.84878,0.84989,0.88362,0.74667,0.98667,1.0,19.46848
amazon_google,"v7 n=(2, 3) idf=2.0 dim=1.0 norm=True/geo pw=1.0",v7,"{""denominator"": ""geo"", ""dim"": 1.0, ""idf"": 2.0, ""n"": ""(2, 3)"", ""normalize"": true, ""position_weight"": 1.0}",tune,False,150,0.85232,0.85465,0.88847,0.75333,0.99333,1.0,17.91001
amazon_google,"v7 n=(2, 3) idf=2.0 dim=2.0 norm=False/dice pw=0.0",v7,"{""denominator"": ""dice"", ""dim"": 2.0, ""idf"": 2.0, ""n"": ""(2, 3)"", ""normalize"": false, ""position_weight"": 0.0}",tune,False,150,0.79989,0.80289,0.84603,0.7,0.98667,1.0,19.84959
amazon_google,"v7 n=(2, 3) idf=2.0 dim=2.0 norm=False/dice pw=0.5",v7,"{""denominator"": ""dice"", ""dim"": 2.0, ""idf"": 2.0, ""n"": ""(2, 3)"", ""normalize"": false, ""position_weight"": 0.5}",tune,False,150,0.79405,0.79538,0.84155,0.68,0.98667,1.0,20.16928
amazon_google,"v7 n=(2, 3) idf=2.0 dim=2.0 norm=False/dice pw=1.0",v7,"{""denominator"": ""dice"", ""dim"": 2.0, ""idf"": 2.0, ""n"": ""(2, 3)"", ""normalize"": false, ""position_weight"": 1.0}",tune,False,150,0.79239,0.79436,0.84254,0.67333,0.99333,1.0,20.29736
amazon_google,"v7 n=(2, 3) idf=2.0 dim=2.0 norm=True/dice pw=0.0",v7,"{""denominator"": ""dice"", ""dim"": 2.0, ""idf"": 2.0, ""n"": ""(2, 3)"", ""normalize"": true, ""position_weight"": 0.0}",tune,False,150,0.84842,0.84931,0.88343,0.74667,0.98667,1.0,20.57386
amazon_google,"v7 n=(2, 3) idf=2.0 dim=2.0 norm=True/dice pw=0.5",v7,"{""denominator"": ""dice"", ""dim"": 2.0, ""idf"": 2.0, ""n"": ""(2, 3)"", ""normalize"": true, ""position_weight"": 0.5}",tune,False,150,0.84154,0.8421,0.87817,0.73333,0.98667,1.0,19.36291
amazon_google,"v7 n=(2, 3) idf=2.0 dim=2.0 norm=True/dice pw=1.0",v7,"{""denominator"": ""dice"", ""dim"": 2.0, ""idf"": 2.0, ""n"": ""(2, 3)"", ""normalize"": true, ""position_weight"": 1.0}",tune,False,150,0.83861,0.84116,0.87661,0.72667,0.98667,1.0,20.1566
amazon_google,"v7 n=(2, 3) idf=2.0 dim=2.0 norm=True/geo pw=0.0",v7,"{""denominator"": ""geo"", ""dim"": 2.0, ""idf"": 2.0, ""n"": ""(2, 3)"", ""normalize"": true, ""position_weight"": 0.0}",tune,False,150,0.86812,0.86756,0.89942,0.78,0.99333,1.0,19.30551
amazon_google,"v7 n=(2, 3) idf=2.0 dim=2.0 norm=True/geo pw=0.5",v7,"{""denominator"": ""geo"", ""dim"": 2.0, ""idf"": 2.0, ""n"": ""(2, 3)"", ""normalize"": true, ""position_weight"": 0.5}",tune,False,150,0.84985,0.85096,0.88449,0.74667,0.98667,1.0,20.73256
amazon_google,"v7 n=(2, 3) idf=2.0 dim=2.0 norm=True/geo pw=1.0",v7,"{""denominator"": ""geo"", ""dim"": 2.0, ""idf"": 2.0, ""n"": ""(2, 3)"", ""normalize"": true, ""position_weight"": 1.0}",tune,False,150,0.85253,0.85453,0.88857,0.75333,0.99333,1.0,19.0711
amazon_google,"v7 n=(2, 3) idf=3.0 dim=1.0 norm=False/dice pw=0.0",v7,"{""denominator"": ""dice"", ""dim"": 1.0, ""idf"": 3.0, ""n"": ""(2, 3)"", ""normalize"": false, ""position_weight"": 0.0}",tune,False,150,0.7882,0.79112,0.8357,0.68667,0.98333,1.0,19.50612
amazon_google,"v7 n=(2, 3) idf=3.0 dim=1.0 norm=False/dice pw=0.5",v7,"{""denominator"": ""dice"", ""dim"": 1.0, ""idf"": 3.0, ""n"": ""(2, 3)"", ""normalize"": false, ""position_weight"": 0.5}",tune,False,150,0.7863,0.78751,0.83432,0.67333,0.98333,1.0,19.24489
amazon_google,"v7 n=(2, 3) idf=3.0 dim=1.0 norm=False/dice pw=1.0",v7,"{""denominator"": ""dice"", ""dim"": 1.0, ""idf"": 3.0, ""n"": ""(2, 3)"", ""normalize"": false, ""position_weight"": 1.0}",tune,False,150,0.78069,0.78262,0.83165,0.66,0.98667,1.0,18.43411
amazon_google,"v7 n=(2, 3) idf=3.0 dim=1.0 norm=True/dice pw=0.0",v7,"{""denominator"": ""dice"", ""dim"": 1.0, ""idf"": 3.0, ""n"": ""(2, 3)"", ""normalize"": true, ""position_weight"": 0.0}",tune,False,150,0.81092,0.81147,0.85306,0.69333,0.98,0.99333,19.47974
amazon_google,"v7 n=(2, 3) idf=3.0 dim=1.0 norm=True/dice pw=0.5",v7,"{""denominator"": ""dice"", ""dim"": 1.0, ""idf"": 3.0, ""n"": ""(2, 3)"", ""normalize"": true, ""position_weight"": 0.5}",tune,False,150,0.80716,0.80827,0.85065,0.68,0.98,0.99333,19.45939
amazon_google,"v7 n=(2, 3) idf=3.0 dim=1.0 norm=True/dice pw=1.0",v7,"{""denominator"": ""dice"", ""dim"": 1.0, ""idf"": 3.0, ""n"": ""(2, 3)"", ""normalize"": true, ""position_weight"": 1.0}",tune,False,150,0.81464,0.81736,0.8565,0.7,0.98,0.99333,19.27392
amazon_google,"v7 n=(2, 3) idf=3.0 dim=1.0 norm=True/geo pw=0.0",v7,"{""denominator"": ""geo"", ""dim"": 1.0, ""idf"": 3.0, ""n"": ""(2, 3)"", ""normalize"": true, ""position_weight"": 0.0}",tune,False,150,0.82748,0.82892,0.86748,0.72,0.98667,1.0,18.78898
amazon_google,"v7 n=(2, 3) idf=3.0 dim=1.0 norm=True/geo pw=0.5",v7,"{""denominator"": ""geo"", ""dim"": 1.0, ""idf"": 3.0, ""n"": ""(2, 3)"", ""normalize"": true, ""position_weight"": 0.5}",tune,False,150,0.82286,0.82481,0.86435,0.70667,0.98667,1.0,19.68138
amazon_google,"v7 n=(2, 3) idf=3.0 dim=1.0 norm=True/geo pw=1.0",v7,"{""denominator"": ""geo"", ""dim"": 1.0, ""idf"": 3.0, ""n"": ""(2, 3)"", ""normalize"": true, ""position_weight"": 1.0}",tune,False,150,0.82676,0.82926,0.8674,0.71333,0.98667,1.0,19.41389
amazon_google,"v7 n=(2, 3) idf=3.0 dim=2.0 norm=False/dice pw=0.0",v7,"{""denominator"": ""dice"", ""dim"": 2.0, ""idf"": 3.0, ""n"": ""(2, 3)"", ""normalize"": false, ""position_weight"": 0.0}",tune,False,150,0.79223,0.79515,0.83904,0.68667,0.98333,1.0,18.22803
amazon_google,"v7 n=(2, 3) idf=3.0 dim=2.0 norm=False/dice pw=0.5",v7,"{""denominator"": ""dice"", ""dim"": 2.0, ""idf"": 3.0, ""n"": ""(2, 3)"", ""normalize"": false, ""position_weight"": 0.5}",tune,False,150,0.78911,0.79026,0.838,0.66667,0.98667,1.0,19.15469
amazon_google,"v7 n=(2, 3) idf=3.0 dim=2.0 norm=False/dice pw=1.0",v7,"{""denominator"": ""dice"", ""dim"": 2.0, ""idf"": 3.0, ""n"": ""(2, 3)"", ""normalize"": false, ""position_weight"": 1.0}",tune,False,150,0.78757,0.7895,0.83701,0.66667,0.98667,1.0,18.1267
amazon_google,"v7 n=(2, 3) idf=3.0 dim=2.0 norm=True/dice pw=0.0",v7,"{""denominator"": ""dice"", ""dim"": 2.0, ""idf"": 3.0, ""n"": ""(2, 3)"", ""normalize"": true, ""position_weight"": 0.0}",tune,False,150,0.81442,0.81553,0.85582,0.7,0.98,0.99333,19.12087
amazon_google,"v7 n=(2, 3) idf=3.0 dim=2.0 norm=True/dice pw=0.5",v7,"{""denominator"": ""dice"", ""dim"": 2.0, ""idf"": 3.0, ""n"": ""(2, 3)"", ""normalize"": true, ""position_weight"": 0.5}",tune,False,150,0.80296,0.80474,0.84765,0.67333,0.98,0.99333,18.87489
amazon_google,"v7 n=(2, 3) idf=3.0 dim=2.0 norm=True/dice pw=1.0",v7,"{""denominator"": ""dice"", ""dim"": 2.0, ""idf"": 3.0, ""n"": ""(2, 3)"", ""normalize"": true, ""position_weight"": 1.0}",tune,False,150,0.81598,0.81869,0.85749,0.7,0.98,0.99333,18.23527
amazon_google,"v7 n=(2, 3) idf=3.0 dim=2.0 norm=True/geo pw=0.0",v7,"{""denominator"": ""geo"", ""dim"": 2.0, ""idf"": 3.0, ""n"": ""(2, 3)"", ""normalize"": true, ""position_weight"": 0.0}",tune,False,150,0.82048,0.82215,0.86252,0.70667,0.98667,0.99333,18.12397
amazon_google,"v7 n=(2, 3) idf=3.0 dim=2.0 norm=True/geo pw=0.5",v7,"{""denominator"": ""geo"", ""dim"": 2.0, ""idf"": 3.0, ""n"": ""(2, 3)"", ""normalize"": true, ""position_weight"": 0.5}",tune,False,150,0.81606,0.818,0.85942,0.69333,0.98667,0.99333,18.85231
amazon_google,"v7 n=(2, 3) idf=3.0 dim=2.0 norm=True/geo pw=1.0",v7,"{""denominator"": ""geo"", ""dim"": 2.0, ""idf"": 3.0, ""n"": ""(2, 3)"", ""normalize"": true, ""position_weight"": 1.0}",tune,False,150,0.82328,0.82578,0.86493,0.70667,0.98667,0.99333,17.96839
amazon_google,"v7 n=(2, 4) idf=0.0 dim=1.0 norm=False/dice pw=0.0",v7,"{""denominator"": ""dice"", ""dim"": 1.0, ""idf"": 0.0, ""n"": ""(2, 4)"", ""normalize"": false, ""position_weight"": 0.0}",tune,False,150,0.74203,0.74668,0.7831,0.63333,0.91667,1.0,15.2235
amazon_google,"v7 n=(2, 4) idf=0.0 dim=1.0 norm=False/dice pw=0.5",v7,"{""denominator"": ""dice"", ""dim"": 1.0, ""idf"": 0.0, ""n"": ""(2, 4)"", ""normalize"": false, ""position_weight"": 0.5}",tune,False,150,0.7477,0.75067,0.79496,0.61333,0.94333,1.0,15.33655
amazon_google,"v7 n=(2, 4) idf=0.0 dim=1.0 norm=False/dice pw=1.0",v7,"{""denominator"": ""dice"", ""dim"": 1.0, ""idf"": 0.0, ""n"": ""(2, 4)"", ""normalize"": false, ""position_weight"": 1.0}",tune,False,150,0.74661,0.75011,0.7959,0.62,0.95,1.0,15.43394
amazon_google,"v7 n=(2, 4) idf=0.0 dim=1.0 norm=True/dice pw=0.0",v7,"{""denominator"": ""dice"", ""dim"": 1.0, ""idf"": 0.0, ""n"": ""(2, 4)"", ""normalize"": true, ""position_weight"": 0.0}",tune,False,150,0.78285,0.78656,0.83114,0.66,0.97667,0.99667,15.88233
amazon_google,"v7 n=(2, 4) idf=0.0 dim=1.0 norm=True/dice pw=0.5",v7,"{""denominator"": ""dice"", ""dim"": 1.0, ""idf"": 0.0, ""n"": ""(2, 4)"", ""normalize"": true, ""position_weight"": 0.5}",tune,False,150,0.77101,0.77416,0.82055,0.64667,0.97,0.99667,15.89405
amazon_google,"v7 n=(2, 4) idf=0.0 dim=1.0 norm=True/dice pw=1.0",v7,"{""denominator"": ""dice"", ""dim"": 1.0, ""idf"": 0.0, ""n"": ""(2, 4)"", ""normalize"": true, ""position_weight"": 1.0}",tune,False,150,0.76243,0.76704,0.81272,0.64667,0.96667,0.99667,16.14704
amazon_google,"v7 n=(2, 4) idf=0.0 dim=1.0 norm=True/geo pw=0.0",v7,"{""denominator"": ""geo"", ""dim"": 1.0, ""idf"": 0.0, ""n"": ""(2, 4)"", ""normalize"": true, ""position_weight"": 0.0}",tune,False,150,0.79858,0.80271,0.84504,0.68,0.98333,1.0,15.76639
amazon_google,"v7 n=(2, 4) idf=0.0 dim=1.0 norm=True/geo pw=0.5",v7,"{""denominator"": ""geo"", ""dim"": 1.0, ""idf"": 0.0, ""n"": ""(2, 4)"", ""normalize"": true, ""position_weight"": 0.5}",tune,False,150,0.77295,0.77643,0.8238,0.64667,0.97667,1.0,17.49574
amazon_google,"v7 n=(2, 4) idf=0.0 dim=1.0 norm=True/geo pw=1.0",v7,"{""denominator"": ""geo"", ""dim"": 1.0, ""idf"": 0.0, ""n"": ""(2, 4)"", ""normalize"": true, ""position_weight"": 1.0}",tune,False,150,0.7623,0.76908,0.81315,0.64667,0.96667,0.99667,15.50195
amazon_google,"v7 n=(2, 4) idf=0.0 dim=2.0 norm=False/dice pw=0.0",v7,"{""denominator"": ""dice"", ""dim"": 2.0, ""idf"": 0.0, ""n"": ""(2, 4)"", ""normalize"": false, ""position_weight"": 0.0}",tune,False,150,0.72913,0.73161,0.77116,0.61333,0.91,0.99333,16.6017
amazon_google,"v7 n=(2, 4) idf=0.0 dim=2.0 norm=False/dice pw=0.5",v7,"{""denominator"": ""dice"", ""dim"": 2.0, ""idf"": 0.0, ""n"": ""(2, 4)"", ""normalize"": false, ""position_weight"": 0.5}",tune,False,150,0.73799,0.73991,0.78557,0.6,0.93667,0.99333,15.68844
amazon_google,"v7 n=(2, 4) idf=0.0 dim=2.0 norm=False/dice pw=1.0",v7,"{""denominator"": ""dice"", ""dim"": 2.0, ""idf"": 0.0, ""n"": ""(2, 4)"", ""normalize"": false, ""position_weight"": 1.0}",tune,False,150,0.73772,0.74129,0.78567,0.60667,0.93667,1.0,15.96082
amazon_google,"v7 n=(2, 4) idf=0.0 dim=2.0 norm=True/dice pw=0.0",v7,"{""denominator"": ""dice"", ""dim"": 2.0, ""idf"": 0.0, ""n"": ""(2, 4)"", ""normalize"": true, ""position_weight"": 0.0}",tune,False,150,0.78192,0.78562,0.83037,0.66,0.97667,0.99667,15.71995
amazon_google,"v7 n=(2, 4) idf=0.0 dim=2.0 norm=True/dice pw=0.5",v7,"{""denominator"": ""dice"", ""dim"": 2.0, ""idf"": 0.0, ""n"": ""(2, 4)"", ""normalize"": true, ""position_weight"": 0.5}",tune,False,150,0.77294,0.77609,0.82176,0.65333,0.97,0.99667,15.59562
amazon_google,"v7 n=(2, 4) idf=0.0 dim=2.0 norm=True/dice pw=1.0",v7,"{""denominator"": ""dice"", ""dim"": 2.0, ""idf"": 0.0, ""n"": ""(2, 4)"", ""normalize"": true, ""position_weight"": 1.0}",tune,False,150,0.75722,0.76182,0.80864,0.64,0.96667,0.99,17.22242
amazon_google,"v7 n=(2, 4) idf=0.0 dim=2.0 norm=True/geo pw=0.0",v7,"{""denominator"": ""geo"", ""dim"": 2.0, ""idf"": 0.0, ""n"": ""(2, 4)"", ""normalize"": true, ""position_weight"": 0.0}",tune,False,150,0.79803,0.80218,0.84466,0.68,0.98333,1.0,16.82896
amazon_google,"v7 n=(2, 4) idf=0.0 dim=2.0 norm=True/geo pw=0.5",v7,"{""denominator"": ""geo"", ""dim"": 2.0, ""idf"": 0.0, ""n"": ""(2, 4)"", ""normalize"": true, ""position_weight"": 0.5}",tune,False,150,0.77348,0.77696,0.82426,0.64667,0.97667,1.0,15.91148
amazon_google,"v7 n=(2, 4) idf=0.0 dim=2.0 norm=True/geo pw=1.0",v7,"{""denominator"": ""geo"", ""dim"": 2.0, ""idf"": 0.0, ""n"": ""(2, 4)"", ""normalize"": true, ""position_weight"": 1.0}",tune,False,150,0.75718,0.76396,0.80919,0.64,0.96667,0.99667,15.72489
amazon_google,"v7 n=(2, 4) idf=1.0 dim=1.0 norm=False/dice pw=0.0",v7,"{""denominator"": ""dice"", ""dim"": 1.0, ""idf"": 1.0, ""n"": ""(2, 4)"", ""normalize"": false, ""position_weight"": 0.0}",tune,False,150,0.79801,0.80245,0.84301,0.69333,0.98,1.0,16.23392
amazon_google,"v7 n=(2, 4) idf=1.0 dim=1.0 norm=False/dice pw=0.5",v7,"{""denominator"": ""dice"", ""dim"": 1.0, ""idf"": 1.0, ""n"": ""(2, 4)"", ""normalize"": false, ""position_weight"": 0.5}",tune,False,150,0.7998,0.80397,0.84644,0.69333,0.98667,1.0,16.47537
amazon_google,"v7 n=(2, 4) idf=1.0 dim=1.0 norm=False/dice pw=1.0",v7,"{""denominator"": ""dice"", ""dim"": 1.0, ""idf"": 1.0, ""n"": ""(2, 4)"", ""normalize"": false, ""position_weight"": 1.0}",tune,False,150,0.78869,0.78952,0.83785,0.66,0.98667,1.0,15.80153
amazon_google,"v7 n=(2, 4) idf=1.0 dim=1.0 norm=True/dice pw=0.0",v7,"{""denominator"": ""dice"", ""dim"": 1.0, ""idf"": 1.0, ""n"": ""(2, 4)"", ""normalize"": true, ""position_weight"": 0.0}",tune,False,150,0.86457,0.86657,0.89716,0.78,0.99333,1.0,16.46653
amazon_google,"v7 n=(2, 4) idf=1.0 dim=1.0 norm=True/dice pw=0.5",v7,"{""denominator"": ""dice"", ""dim"": 1.0, ""idf"": 1.0, ""n"": ""(2, 4)"", ""normalize"": true, ""position_weight"": 0.5}",tune,False,150,0.85589,0.85805,0.891,0.76,0.99333,1.0,17.75714
amazon_google,"v7 n=(2, 4) idf=1.0 dim=1.0 norm=True/dice pw=1.0",v7,"{""denominator"": ""dice"", ""dim"": 1.0, ""idf"": 1.0, ""n"": ""(2, 4)"", ""normalize"": true, ""position_weight"": 1.0}",tune,False,150,0.8449,0.84783,0.88291,0.74,0.99333,1.0,16.83081
amazon_google,"v7 n=(2, 4) idf=1.0 dim=1.0 norm=True/geo pw=0.0",v7,"{""denominator"": ""geo"", ""dim"": 1.0, ""idf"": 1.0, ""n"": ""(2, 4)"", ""normalize"": true, ""position_weight"": 0.0}",tune,False,150,0.85606,0.85717,0.8926,0.76,1.0,1.0,16.65523
amazon_google,"v7 n=(2, 4) idf=1.0 dim=1.0 norm=True/geo pw=0.5",v7,"{""denominator"": ""geo"", ""dim"": 1.0, ""idf"": 1.0, ""n"": ""(2, 4)"", ""normalize"": true, ""position_weight"": 0.5}",tune,False,150,0.85028,0.85172,0.88859,0.74667,1.0,1.0,16.54611
amazon_google,"v7 n=(2, 4) idf=1.0 dim=1.0 norm=True/geo pw=1.0",v7,"{""denominator"": ""geo"", ""dim"": 1.0, ""idf"": 1.0, ""n"": ""(2, 4)"", ""normalize"": true, ""position_weight"": 1.0}",tune,False,150,0.84274,0.84474,0.883,0.73333,1.0,1.0,16.67101
amazon_google,"v7 n=(2, 4) idf=1.0 dim=2.0 norm=False/dice pw=0.0",v7,"{""denominator"": ""dice"", ""dim"": 2.0, ""idf"": 1.0, ""n"": ""(2, 4)"", ""normalize"": false, ""position_weight"": 0.0}",tune,False,150,0.79889,0.80333,0.84548,0.7,0.98667,1.0,16.91325
amazon_google,"v7 n=(2, 4) idf=1.0 dim=2.0 norm=False/dice pw=0.5",v7,"{""denominator"": ""dice"", ""dim"": 2.0, ""idf"": 1.0, ""n"": ""(2, 4)"", ""normalize"": false, ""position_weight"": 0.5}",tune,False,150,0.80455,0.80733,0.84799,0.69333,0.98,1.0,18.10772
amazon_google,"v7 n=(2, 4) idf=1.0 dim=2.0 norm=False/dice pw=1.0",v7,"{""denominator"": ""dice"", ""dim"": 2.0, ""idf"": 1.0, ""n"": ""(2, 4)"", ""normalize"": false, ""position_weight"": 1.0}",tune,False,150,0.79635,0.79718,0.84355,0.67333,0.98667,1.0,18.10769
amazon_google,"v7 n=(2, 4) idf=1.0 dim=2.0 norm=True/dice pw=0.0",v7,"{""denominator"": ""dice"", ""dim"": 2.0, ""idf"": 1.0, ""n"": ""(2, 4)"", ""normalize"": true, ""position_weight"": 0.0}",tune,False,150,0.8619,0.86372,0.89525,0.77333,0.99333,1.0,18.39831
amazon_google,"v7 n=(2, 4) idf=1.0 dim=2.0 norm=True/dice pw=0.5",v7,"{""denominator"": ""dice"", ""dim"": 2.0, ""idf"": 1.0, ""n"": ""(2, 4)"", ""normalize"": true, ""position_weight"": 0.5}",tune,False,150,0.85261,0.85489,0.88872,0.75333,0.99333,1.0,17.87443
amazon_google,"v7 n=(2, 4) idf=1.0 dim=2.0 norm=True/dice pw=1.0",v7,"{""denominator"": ""dice"", ""dim"": 2.0, ""idf"": 1.0, ""n"": ""(2, 4)"", ""normalize"": true, ""position_weight"": 1.0}",tune,False,150,0.84596,0.84889,0.88387,0.74,0.99333,1.0,18.42471
amazon_google,"v7 n=(2, 4) idf=1.0 dim=2.0 norm=True/geo pw=0.0",v7,"{""denominator"": ""geo"", ""dim"": 2.0, ""idf"": 1.0, ""n"": ""(2, 4)"", ""normalize"": true, ""position_weight"": 0.0}",tune,False,150,0.85662,0.85773,0.89125,0.76,0.99333,1.0,17.79595
amazon_google,"v7 n=(2, 4) idf=1.0 dim=2.0 norm=True/geo pw=0.5",v7,"{""denominator"": ""geo"", ""dim"": 2.0, ""idf"": 1.0, ""n"": ""(2, 4)"", ""normalize"": true, ""position_weight"": 0.5}",tune,False,150,0.85406,0.8555,0.88959,0.75333,0.99333,1.0,18.17236
amazon_google,"v7 n=(2, 4) idf=1.0 dim=2.0 norm=True/geo pw=1.0",v7,"{""denominator"": ""geo"", ""dim"": 2.0, ""idf"": 1.0, ""n"": ""(2, 4)"", ""normalize"": true, ""position_weight"": 1.0}",tune,False,150,0.84712,0.84912,0.8845,0.74,0.99333,1.0,18.15414
amazon_google,"v7 n=(2, 4) idf=2.0 dim=1.0 norm=False/dice pw=0.0",v7,"{""denominator"": ""dice"", ""dim"": 1.0, ""idf"": 2.0, ""n"": ""(2, 4)"", ""normalize"": false, ""position_weight"": 0.0}",tune,False,150,0.80359,0.80721,0.84946,0.7,0.98667,1.0,18.3373
amazon_google,"v7 n=(2, 4) idf=2.0 dim=1.0 norm=False/dice pw=0.5",v7,"{""denominator"": ""dice"", ""dim"": 1.0, ""idf"": 2.0, ""n"": ""(2, 4)"", ""normalize"": false, ""position_weight"": 0.5}",tune,False,150,0.79948,0.80059,0.84617,0.68,0.98667,1.0,18.1136
amazon_google,"v7 n=(2, 4) idf=2.0 dim=1.0 norm=False/dice pw=1.0",v7,"{""denominator"": ""dice"", ""dim"": 1.0, ""idf"": 2.0, ""n"": ""(2, 4)"", ""normalize"": false, ""position_weight"": 1.0}",tune,False,150,0.79954,0.80085,0.84827,0.67333,0.99333,1.0,18.63311
amazon_google,"v7 n=(2, 4) idf=2.0 dim=1.0 norm=True/dice pw=0.0",v7,"{""denominator"": ""dice"", ""dim"": 1.0, ""idf"": 2.0, ""n"": ""(2, 4)"", ""normalize"": true, ""position_weight"": 0.0}",tune,False,150,0.866,0.86745,0.89648,0.78,0.98667,1.0,18.64068
amazon_google,"v7 n=(2, 4) idf=2.0 dim=1.0 norm=True/dice pw=0.5",v7,"{""denominator"": ""dice"", ""dim"": 1.0, ""idf"": 2.0, ""n"": ""(2, 4)"", ""normalize"": true, ""position_weight"": 0.5}",tune,False,150,0.86301,0.86446,0.89431,0.77333,0.98667,1.0,17.99413
amazon_google,"v7 n=(2, 4) idf=2.0 dim=1.0 norm=True/dice pw=1.0",v7,"{""denominator"": ""dice"", ""dim"": 1.0, ""idf"": 2.0, ""n"": ""(2, 4)"", ""normalize"": true, ""position_weight"": 1.0}",tune,False,150,0.85824,0.86058,0.89092,0.76667,0.98667,1.0,18.18527
amazon_google,"v7 n=(2, 4) idf=2.0 dim=1.0 norm=True/geo pw=0.0",v7,"{""denominator"": ""geo"", ""dim"": 1.0, ""idf"": 2.0, ""n"": ""(2, 4)"", ""normalize"": true, ""position_weight"": 0.0}",tune,False,150,0.87723,0.87779,0.90658,0.79333,0.99333,1.0,18.43895
amazon_google,"v7 n=(2, 4) idf=2.0 dim=1.0 norm=True/geo pw=0.5",v7,"{""denominator"": ""geo"", ""dim"": 1.0, ""idf"": 2.0, ""n"": ""(2, 4)"", ""normalize"": true, ""position_weight"": 0.5}",tune,False,150,0.85956,0.861,0.8937,0.76,0.99333,1.0,17.94898
amazon_google,"v7 n=(2, 4) idf=2.0 dim=1.0 norm=True/geo pw=1.0",v7,"{""denominator"": ""geo"", ""dim"": 1.0, ""idf"": 2.0, ""n"": ""(2, 4)"", ""normalize"": true, ""position_weight"": 1.0}",tune,False,150,0.85928,0.86128,0.89353,0.76667,0.99333,1.0,18.58607
amazon_google,"v7 n=(2, 4) idf=2.0 dim=2.0 norm=False/dice pw=0.0",v7,"{""denominator"": ""dice"", ""dim"": 2.0, ""idf"": 2.0, ""n"": ""(2, 4)"", ""normalize"": false, ""position_weight"": 0.0}",tune,False,150,0.80729,0.81257,0.8526,0.70667,0.98667,1.0,17.91006
amazon_google,"v7 n=(2, 4) idf=2.0 dim=2.0 norm=False/dice pw=0.5",v7,"{""denominator"": ""dice"", ""dim"": 2.0, ""idf"": 2.0, ""n"": ""(2, 4)"", ""normalize"": false, ""position_weight"": 0.5}",tune,False,150,0.80119,0.80213,0.84924,0.68,0.99333,1.0,17.27398
amazon_google,"v7 n=(2, 4) idf=2.0 dim=2.0 norm=False/dice pw=1.0",v7,"{""denominator"": ""dice"", ""dim"": 2.0, ""idf"": 2.0, ""n"": ""(2, 4)"", ""normalize"": false, ""position_weight"": 1.0}",tune,False,150,0.80494,0.80514,0.85199,0.68,0.99333,1.0,18.30907
amazon_google,"v7 n=(2, 4) idf=2.0 dim=2.0 norm=True/dice pw=0.0",v7,"{""denominator"": ""dice"", ""dim"": 2.0, ""idf"": 2.0, ""n"": ""(2, 4)"", ""normalize"": true, ""position_weight"": 0.0}",tune,False,150,0.86621,0.86765,0.89675,0.78,0.98667,1.0,17.6591
amazon_google,"v7 n=(2, 4) idf=2.0 dim=2.0 norm=True/dice pw=0.5",v7,"{""denominator"": ""dice"", ""dim"": 2.0, ""idf"": 2.0, ""n"": ""(2, 4)"", ""normalize"": true, ""position_weight"": 0.5}",tune,False,150,0.86045,0.86223,0.89266,0.76667,0.98667,1.0,18.25399
amazon_google,"v7 n=(2, 4) idf=2.0 dim=2.0 norm=True/dice pw=1.0",v7,"{""denominator"": ""dice"", ""dim"": 2.0, ""idf"": 2.0, ""n"": ""(2, 4)"", ""normalize"": true, ""position_weight"": 1.0}",tune,False,150,0.85641,0.85896,0.88979,0.76,0.98667,1.0,17.87718
amazon_google,"v7 n=(2, 4) idf=2.0 dim=2.0 norm=True/geo pw=0.0",v7,"{""denominator"": ""geo"", ""dim"": 2.0, ""idf"": 2.0, ""n"": ""(2, 4)"", ""normalize"": true, ""position_weight"": 0.0}",tune,False,150,0.87373,0.87429,0.90412,0.78667,0.99333,1.0,18.52421
amazon_google,"v7 n=(2, 4) idf=2.0 dim=2.0 norm=True/geo pw=0.5",v7,"{""denominator"": ""geo"", ""dim"": 2.0, ""idf"": 2.0, ""n"": ""(2, 4)"", ""normalize"": true, ""position_weight"": 0.5}",tune,False,150,0.85971,0.86082,0.89388,0.76,0.99333,1.0,17.64321
amazon_google,"v7 n=(2, 4) idf=2.0 dim=2.0 norm=True/geo pw=1.0",v7,"{""denominator"": ""geo"", ""dim"": 2.0, ""idf"": 2.0, ""n"": ""(2, 4)"", ""normalize"": true, ""position_weight"": 1.0}",tune,False,150,0.85994,0.86194,0.89413,0.76667,0.99333,1.0,17.59123
amazon_google,"v7 n=(2, 4) idf=3.0 dim=1.0 norm=False/dice pw=0.0",v7,"{""denominator"": ""dice"", ""dim"": 1.0, ""idf"": 3.0, ""n"": ""(2, 4)"", ""normalize"": false, ""position_weight"": 0.0}",tune,False,150,0.80844,0.81095,0.8549,0.7,0.99333,1.0,17.44164
amazon_google,"v7 n=(2, 4) idf=3.0 dim=1.0 norm=False/dice pw=0.5",v7,"{""denominator"": ""dice"", ""dim"": 1.0, ""idf"": 3.0, ""n"": ""(2, 4)"", ""normalize"": false, ""position_weight"": 0.5}",tune,False,150,0.80507,0.80592,0.85426,0.68,1.0,1.0,18.20848
amazon_google,"v7 n=(2, 4) idf=3.0 dim=1.0 norm=False/dice pw=1.0",v7,"{""denominator"": ""dice"", ""dim"": 1.0, ""idf"": 3.0, ""n"": ""(2, 4)"", ""normalize"": false, ""position_weight"": 1.0}",tune,False,150,0.80766,0.8094,0.85632,0.68667,1.0,1.0,18.21014
amazon_google,"v7 n=(2, 4) idf=3.0 dim=1.0 norm=True/dice pw=0.0",v7,"{""denominator"": ""dice"", ""dim"": 1.0, ""idf"": 3.0, ""n"": ""(2, 4)"", ""normalize"": true, ""position_weight"": 0.0}",tune,False,150,0.85172,0.85316,0.88594,0.76,0.98667,0.99333,18.11806
amazon_google,"v7 n=(2, 4) idf=3.0 dim=1.0 norm=True/dice pw=0.5",v7,"{""denominator"": ""dice"", ""dim"": 1.0, ""idf"": 3.0, ""n"": ""(2, 4)"", ""normalize"": true, ""position_weight"": 0.5}",tune,False,150,0.83712,0.83857,0.87513,0.73333,0.98667,0.99333,17.69674
amazon_google,"v7 n=(2, 4) idf=3.0 dim=1.0 norm=True/dice pw=1.0",v7,"{""denominator"": ""dice"", ""dim"": 1.0, ""idf"": 3.0, ""n"": ""(2, 4)"", ""normalize"": true, ""position_weight"": 1.0}",tune,False,150,0.82833,0.82977,0.86862,0.71333,0.98667,0.99333,17.63141
amazon_google,"v7 n=(2, 4) idf=3.0 dim=1.0 norm=True/geo pw=0.0",v7,"{""denominator"": ""geo"", ""dim"": 1.0, ""idf"": 3.0, ""n"": ""(2, 4)"", ""normalize"": true, ""position_weight"": 0.0}",tune,False,150,0.85339,0.85484,0.88891,0.76,0.99333,1.0,18.67498
amazon_google,"v7 n=(2, 4) idf=3.0 dim=1.0 norm=True/geo pw=0.5",v7,"{""denominator"": ""geo"", ""dim"": 1.0, ""idf"": 3.0, ""n"": ""(2, 4)"", ""normalize"": true, ""position_weight"": 0.5}",tune,False,150,0.85296,0.85441,0.88862,0.76,0.99333,1.0,18.84674
amazon_google,"v7 n=(2, 4) idf=3.0 dim=1.0 norm=True/geo pw=1.0",v7,"{""denominator"": ""geo"", ""dim"": 1.0, ""idf"": 3.0, ""n"": ""(2, 4)"", ""normalize"": true, ""position_weight"": 1.0}",tune,False,150,0.8389,0.84123,0.87847,0.73333,0.99333,1.0,17.4429
amazon_google,"v7 n=(2, 4) idf=3.0 dim=2.0 norm=False/dice pw=0.0",v7,"{""denominator"": ""dice"", ""dim"": 2.0, ""idf"": 3.0, ""n"": ""(2, 4)"", ""normalize"": false, ""position_weight"": 0.0}",tune,False,150,0.81742,0.81984,0.86162,0.71333,0.99333,1.0,18.2324
amazon_google,"v7 n=(2, 4) idf=3.0 dim=2.0 norm=False/dice pw=0.5",v7,"{""denominator"": ""dice"", ""dim"": 2.0, ""idf"": 3.0, ""n"": ""(2, 4)"", ""normalize"": false, ""position_weight"": 0.5}",tune,False,150,0.80367,0.80531,0.85335,0.68,1.0,1.0,18.61006
amazon_google,"v7 n=(2, 4) idf=3.0 dim=2.0 norm=False/dice pw=1.0",v7,"{""denominator"": ""dice"", ""dim"": 2.0, ""idf"": 3.0, ""n"": ""(2, 4)"", ""normalize"": false, ""position_weight"": 1.0}",tune,False,150,0.80856,0.80974,0.85485,0.68667,0.99333,1.0,18.43185
amazon_google,"v7 n=(2, 4) idf=3.0 dim=2.0 norm=True/dice pw=0.0",v7,"{""denominator"": ""dice"", ""dim"": 2.0, ""idf"": 3.0, ""n"": ""(2, 4)"", ""normalize"": true, ""position_weight"": 0.0}",tune,False,150,0.84664,0.84809,0.88206,0.75333,0.98667,0.99333,18.11761
amazon_google,"v7 n=(2, 4) idf=3.0 dim=2.0 norm=True/dice pw=0.5",v7,"{""denominator"": ""dice"", ""dim"": 2.0, ""idf"": 3.0, ""n"": ""(2, 4)"", ""normalize"": true, ""position_weight"": 0.5}",tune,False,150,0.8357,0.83714,0.87398,0.73333,0.98667,0.99333,17.76474
amazon_google,"v7 n=(2, 4) idf=3.0 dim=2.0 norm=True/dice pw=1.0",v7,"{""denominator"": ""dice"", ""dim"": 2.0, ""idf"": 3.0, ""n"": ""(2, 4)"", ""normalize"": true, ""position_weight"": 1.0}",tune,False,150,0.82937,0.83137,0.86948,0.72,0.98667,0.99333,18.02683
amazon_google,"v7 n=(2, 4) idf=3.0 dim=2.0 norm=True/geo pw=0.0",v7,"{""denominator"": ""geo"", ""dim"": 2.0, ""idf"": 3.0, ""n"": ""(2, 4)"", ""normalize"": true, ""position_weight"": 0.0}",tune,False,150,0.8473,0.84786,0.8842,0.74667,0.99333,1.0,18.08108
amazon_google,"v7 n=(2, 4) idf=3.0 dim=2.0 norm=True/geo pw=0.5",v7,"{""denominator"": ""geo"", ""dim"": 2.0, ""idf"": 3.0, ""n"": ""(2, 4)"", ""normalize"": true, ""position_weight"": 0.5}",tune,False,150,0.84276,0.84476,0.88125,0.74,0.99333,1.0,18.49693
amazon_google,"v7 n=(2, 4) idf=3.0 dim=2.0 norm=True/geo pw=1.0",v7,"{""denominator"": ""geo"", ""dim"": 2.0, ""idf"": 3.0, ""n"": ""(2, 4)"", ""normalize"": true, ""position_weight"": 1.0}",tune,False,150,0.83204,0.8337,0.87321,0.72,0.99333,1.0,17.44598
amazon_google,"v7 n=(3, 4) idf=0.0 dim=1.0 norm=False/dice pw=0.0",v7,"{""denominator"": ""dice"", ""dim"": 1.0, ""idf"": 0.0, ""n"": ""(3, 4)"", ""normalize"": false, ""position_weight"": 0.0}",tune,False,150,0.77271,0.77493,0.81066,0.66,0.93333,1.0,8.0286
amazon_google,"v7 n=(3, 4) idf=0.0 dim=1.0 norm=False/dice pw=0.5",v7,"{""denominator"": ""dice"", ""dim"": 1.0, ""idf"": 0.0, ""n"": ""(3, 4)"", ""normalize"": false, ""position_weight"": 0.5}",tune,False,150,0.77166,0.77555,0.81626,0.65333,0.95333,1.0,8.25726
amazon_google,"v7 n=(3, 4) idf=0.0 dim=1.0 norm=False/dice pw=1.0",v7,"{""denominator"": ""dice"", ""dim"": 1.0, ""idf"": 0.0, ""n"": ""(3, 4)"", ""normalize"": false, ""position_weight"": 1.0}",tune,False,150,0.76257,0.7648,0.80905,0.63333,0.95333,1.0,7.63402
amazon_google,"v7 n=(3, 4) idf=0.0 dim=1.0 norm=True/dice pw=0.0",v7,"{""denominator"": ""dice"", ""dim"": 1.0, ""idf"": 0.0, ""n"": ""(3, 4)"", ""normalize"": true, ""position_weight"": 0.0}",tune,False,150,0.78621,0.78978,0.83136,0.67333,0.97,1.0,8.28158
amazon_google,"v7 n=(3, 4) idf=0.0 dim=1.0 norm=True/dice pw=0.5",v7,"{""denominator"": ""dice"", ""dim"": 1.0, ""idf"": 0.0, ""n"": ""(3, 4)"", ""normalize"": true, ""position_weight"": 0.5}",tune,False,150,0.7691,0.77488,0.81761,0.65333,0.96333,0.99667,8.33979
amazon_google,"v7 n=(3, 4) idf=0.0 dim=1.0 norm=True/dice pw=1.0",v7,"{""denominator"": ""dice"", ""dim"": 1.0, ""idf"": 0.0, ""n"": ""(3, 4)"", ""normalize"": true, ""position_weight"": 1.0}",tune,False,150,0.75823,0.7645,0.80643,0.64667,0.95333,0.99667,7.42586
amazon_google,"v7 n=(3, 4) idf=0.0 dim=1.0 norm=True/geo pw=0.0",v7,"{""denominator"": ""geo"", ""dim"": 1.0, ""idf"": 0.0, ""n"": ""(3, 4)"", ""normalize"": true, ""position_weight"": 0.0}",tune,False,150,0.78703,0.79245,0.83616,0.67333,0.98333,1.0,8.23349
amazon_google,"v7 n=(3, 4) idf=0.0 dim=1.0 norm=True/geo pw=0.5",v7,"{""denominator"": ""geo"", ""dim"": 1.0, ""idf"": 0.0, ""n"": ""(3, 4)"", ""normalize"": true, ""position_weight"": 0.5}",tune,False,150,0.7729,0.77935,0.82212,0.66,0.97,1.0,7.24367
amazon_google,"v7 n=(3, 4) idf=0.0 dim=1.0 norm=True/geo pw=1.0",v7,"{""denominator"": ""geo"", ""dim"": 1.0, ""idf"": 0.0, ""n"": ""(3, 4)"", ""normalize"": true, ""position_weight"": 1.0}",tune,False,150,0.75417,0.761,0.80361,0.63333,0.95333,0.99667,7.20328
amazon_google,"v7 n=(3, 4) idf=0.0 dim=2.0 norm=False/dice pw=0.0",v7,"{""denominator"": ""dice"", ""dim"": 2.0, ""idf"": 0.0, ""n"": ""(3, 4)"", ""normalize"": false, ""position_weight"": 0.0}",tune,False,150,0.77183,0.77438,0.8102,0.66,0.93333,1.0,8.39099
amazon_google,"v7 n=(3, 4) idf=0.0 dim=2.0 norm=False/dice pw=0.5",v7,"{""denominator"": ""dice"", ""dim"": 2.0, ""idf"": 0.0, ""n"": ""(3, 4)"", ""normalize"": false, ""position_weight"": 0.5}",tune,False,150,0.77133,0.77555,0.81609,0.65333,0.95333,1.0,8.48246
amazon_google,"v7 n=(3, 4) idf=0.0 dim=2.0 norm=False/dice pw=1.0",v7,"{""denominator"": ""dice"", ""dim"": 2.0, ""idf"": 0.0, ""n"": ""(3, 4)"", ""normalize"": false, ""position_weight"": 1.0}",tune,False,150,0.76229,0.76485,0.80887,0.63333,0.95333,1.0,7.69645
amazon_google,"v7 n=(3, 4) idf=0.0 dim=2.0 norm=True/dice pw=0.0",v7,"{""denominator"": ""dice"", ""dim"": 2.0, ""idf"": 0.0, ""n"": ""(3, 4)"", ""normalize"": true, ""position_weight"": 0.0}",tune,False,150,0.78621,0.78978,0.83136,0.67333,0.97,1.0,8.00521
amazon_google,"v7 n=(3, 4) idf=0.0 dim=2.0 norm=True/dice pw=0.5",v7,"{""denominator"": ""dice"", ""dim"": 2.0, ""idf"": 0.0, ""n"": ""(3, 4)"", ""normalize"": true, ""position_weight"": 0.5}",tune,False,150,0.77243,0.77821,0.82007,0.66,0.96333,0.99667,7.42541
amazon_google,"v7 n=(3, 4) idf=0.0 dim=2.0 norm=True/dice pw=1.0",v7,"{""denominator"": ""dice"", ""dim"": 2.0, ""idf"": 0.0, ""n"": ""(3, 4)"", ""normalize"": true, ""position_weight"": 1.0}",tune,False,150,0.75823,0.7645,0.80643,0.64667,0.95333,0.99667,7.83638
amazon_google,"v7 n=(3, 4) idf=0.0 dim=2.0 norm=True/geo pw=0.0",v7,"{""denominator"": ""geo"", ""dim"": 2.0, ""idf"": 0.0, ""n"": ""(3, 4)"", ""normalize"": true, ""position_weight"": 0.0}",tune,False,150,0.78703,0.79245,0.83616,0.67333,0.98333,1.0,7.68678
amazon_google,"v7 n=(3, 4) idf=0.0 dim=2.0 norm=True/geo pw=0.5",v7,"{""denominator"": ""geo"", ""dim"": 2.0, ""idf"": 0.0, ""n"": ""(3, 4)"", ""normalize"": true, ""position_weight"": 0.5}",tune,False,150,0.77289,0.77935,0.82212,0.66,0.97,1.0,7.76473
amazon_google,"v7 n=(3, 4) idf=0.0 dim=2.0 norm=True/geo pw=1.0",v7,"{""denominator"": ""geo"", ""dim"": 2.0, ""idf"": 0.0, ""n"": ""(3, 4)"", ""normalize"": true, ""position_weight"": 1.0}",tune,False,150,0.75416,0.76098,0.80361,0.63333,0.95333,0.99667,8.0206
amazon_google,"v7 n=(3, 4) idf=1.0 dim=1.0 norm=False/dice pw=0.0",v7,"{""denominator"": ""dice"", ""dim"": 1.0, ""idf"": 1.0, ""n"": ""(3, 4)"", ""normalize"": false, ""position_weight"": 0.0}",tune,False,150,0.79007,0.79451,0.837,0.68667,0.98,1.0,8.28727
amazon_google,"v7 n=(3, 4) idf=1.0 dim=1.0 norm=False/dice pw=0.5",v7,"{""denominator"": ""dice"", ""dim"": 1.0, ""idf"": 1.0, ""n"": ""(3, 4)"", ""normalize"": false, ""position_weight"": 0.5}",tune,False,150,0.80669,0.81003,0.84974,0.7,0.98,1.0,8.27178
amazon_google,"v7 n=(3, 4) idf=1.0 dim=1.0 norm=False/dice pw=1.0",v7,"{""denominator"": ""dice"", ""dim"": 1.0, ""idf"": 1.0, ""n"": ""(3, 4)"", ""normalize"": false, ""position_weight"": 1.0}",tune,False,150,0.79419,0.79447,0.83992,0.67333,0.98,1.0,8.20669
amazon_google,"v7 n=(3, 4) idf=1.0 dim=1.0 norm=True/dice pw=0.0",v7,"{""denominator"": ""dice"", ""dim"": 1.0, ""idf"": 1.0, ""n"": ""(3, 4)"", ""normalize"": true, ""position_weight"": 0.0}",tune,False,150,0.86991,0.87135,0.9029,0.78667,1.0,1.0,7.86719
amazon_google,"v7 n=(3, 4) idf=1.0 dim=1.0 norm=True/dice pw=0.5",v7,"{""denominator"": ""dice"", ""dim"": 1.0, ""idf"": 1.0, ""n"": ""(3, 4)"", ""normalize"": true, ""position_weight"": 0.5}",tune,False,150,0.8628,0.86425,0.89769,0.77333,1.0,1.0,8.695
amazon_google,"v7 n=(3, 4) idf=1.0 dim=1.0 norm=True/dice pw=1.0",v7,"{""denominator"": ""dice"", ""dim"": 1.0, ""idf"": 1.0, ""n"": ""(3, 4)"", ""normalize"": true, ""position_weight"": 1.0}",tune,False,150,0.85251,0.85395,0.89003,0.75333,1.0,1.0,8.59574
amazon_google,"v7 n=(3, 4) idf=1.0 dim=1.0 norm=True/geo pw=0.0",v7,"{""denominator"": ""geo"", ""dim"": 1.0, ""idf"": 1.0, ""n"": ""(3, 4)"", ""normalize"": true, ""position_weight"": 0.0}",tune,False,150,0.86936,0.87047,0.90248,0.78667,1.0,1.0,8.17725
amazon_google,"v7 n=(3, 4) idf=1.0 dim=1.0 norm=True/geo pw=0.5",v7,"{""denominator"": ""geo"", ""dim"": 1.0, ""idf"": 1.0, ""n"": ""(3, 4)"", ""normalize"": true, ""position_weight"": 0.5}",tune,False,150,0.85579,0.85724,0.89258,0.76,1.0,1.0,8.39976
amazon_google,"v7 n=(3, 4) idf=1.0 dim=1.0 norm=True/geo pw=1.0",v7,"{""denominator"": ""geo"", ""dim"": 1.0, ""idf"": 1.0, ""n"": ""(3, 4)"", ""normalize"": true, ""position_weight"": 1.0}",tune,False,150,0.84986,0.85131,0.88643,0.74667,0.99333,1.0,8.91959
amazon_google,"v7 n=(3, 4) idf=1.0 dim=2.0 norm=False/dice pw=0.0",v7,"{""denominator"": ""dice"", ""dim"": 2.0, ""idf"": 1.0, ""n"": ""(3, 4)"", ""normalize"": false, ""position_weight"": 0.0}",tune,False,150,0.79451,0.79896,0.84033,0.69333,0.98,1.0,8.48293
amazon_google,"v7 n=(3, 4) idf=1.0 dim=2.0 norm=False/dice pw=0.5",v7,"{""denominator"": ""dice"", ""dim"": 2.0, ""idf"": 1.0, ""n"": ""(3, 4)"", ""normalize"": false, ""position_weight"": 0.5}",tune,False,150,0.80669,0.81003,0.84974,0.7,0.98,1.0,8.53044
amazon_google,"v7 n=(3, 4) idf=1.0 dim=2.0 norm=False/dice pw=1.0",v7,"{""denominator"": ""dice"", ""dim"": 2.0, ""idf"": 1.0, ""n"": ""(3, 4)"", ""normalize"": false, ""position_weight"": 1.0}",tune,False,150,0.79086,0.79114,0.83746,0.66667,0.98,1.0,7.8261
amazon_google,"v7 n=(3, 4) idf=1.0 dim=2.0 norm=True/dice pw=0.0",v7,"{""denominator"": ""dice"", ""dim"": 2.0, ""idf"": 1.0, ""n"": ""(3, 4)"", ""normalize"": true, ""position_weight"": 0.0}",tune,False,150,0.87318,0.87462,0.90344,0.79333,0.99333,1.0,8.57822
amazon_google,"v7 n=(3, 4) idf=1.0 dim=2.0 norm=True/dice pw=0.5",v7,"{""denominator"": ""dice"", ""dim"": 2.0, ""idf"": 1.0, ""n"": ""(3, 4)"", ""normalize"": true, ""position_weight"": 0.5}",tune,False,150,0.86274,0.86419,0.89576,0.77333,0.99333,1.0,8.49027
amazon_google,"v7 n=(3, 4) idf=1.0 dim=2.0 norm=True/dice pw=1.0",v7,"{""denominator"": ""dice"", ""dim"": 2.0, ""idf"": 1.0, ""n"": ""(3, 4)"", ""normalize"": true, ""position_weight"": 1.0}",tune,False,150,0.85251,0.85395,0.89003,0.75333,1.0,1.0,8.63067
amazon_google,"v7 n=(3, 4) idf=1.0 dim=2.0 norm=True/geo pw=0.0",v7,"{""denominator"": ""geo"", ""dim"": 2.0, ""idf"": 1.0, ""n"": ""(3, 4)"", ""normalize"": true, ""position_weight"": 0.0}",tune,False,150,0.86946,0.87057,0.90257,0.78667,1.0,1.0,8.32264
amazon_google,"v7 n=(3, 4) idf=1.0 dim=2.0 norm=True/geo pw=0.5",v7,"{""denominator"": ""geo"", ""dim"": 2.0, ""idf"": 1.0, ""n"": ""(3, 4)"", ""normalize"": true, ""position_weight"": 0.5}",tune,False,150,0.85579,0.85724,0.89258,0.76,1.0,1.0,9.43053
amazon_google,"v7 n=(3, 4) idf=1.0 dim=2.0 norm=True/geo pw=1.0",v7,"{""denominator"": ""geo"", ""dim"": 2.0, ""idf"": 1.0, ""n"": ""(3, 4)"", ""normalize"": true, ""position_weight"": 1.0}",tune,False,150,0.84986,0.85131,0.88643,0.74667,0.99333,1.0,7.74451
amazon_google,"v7 n=(3, 4) idf=2.0 dim=1.0 norm=False/dice pw=0.0",v7,"{""denominator"": ""dice"", ""dim"": 1.0, ""idf"": 2.0, ""n"": ""(3, 4)"", ""normalize"": false, ""position_weight"": 0.0}",tune,False,150,0.80604,0.80854,0.8509,0.70667,0.98667,1.0,8.60366
amazon_google,"v7 n=(3, 4) idf=2.0 dim=1.0 norm=False/dice pw=0.5",v7,"{""denominator"": ""dice"", ""dim"": 1.0, ""idf"": 2.0, ""n"": ""(3, 4)"", ""normalize"": false, ""position_weight"": 0.5}",tune,False,150,0.80106,0.80181,0.84907,0.68,0.99333,1.0,7.7175
amazon_google,"v7 n=(3, 4) idf=2.0 dim=1.0 norm=False/dice pw=1.0",v7,"{""denominator"": ""dice"", ""dim"": 1.0, ""idf"": 2.0, ""n"": ""(3, 4)"", ""normalize"": false, ""position_weight"": 1.0}",tune,False,150,0.8044,0.80515,0.85161,0.68,0.99333,1.0,8.45867
amazon_google,"v7 n=(3, 4) idf=2.0 dim=1.0 norm=True/dice pw=0.0",v7,"{""denominator"": ""dice"", ""dim"": 1.0, ""idf"": 2.0, ""n"": ""(3, 4)"", ""normalize"": true, ""position_weight"": 0.0}",tune,False,150,0.86896,0.87063,0.90051,0.78667,0.99333,1.0,8.00417
amazon_google,"v7 n=(3, 4) idf=2.0 dim=1.0 norm=True/dice pw=0.5",v7,"{""denominator"": ""dice"", ""dim"": 1.0, ""idf"": 2.0, ""n"": ""(3, 4)"", ""normalize"": true, ""position_weight"": 0.5}",tune,False,150,0.86294,0.86517,0.89628,0.77333,0.99333,1.0,8.81099
amazon_google,"v7 n=(3, 4) idf=2.0 dim=1.0 norm=True/dice pw=1.0",v7,"{""denominator"": ""dice"", ""dim"": 1.0, ""idf"": 2.0, ""n"": ""(3, 4)"", ""normalize"": true, ""position_weight"": 1.0}",tune,False,150,0.86306,0.86528,0.89637,0.77333,0.99333,1.0,8.73003
amazon_google,"v7 n=(3, 4) idf=2.0 dim=1.0 norm=True/geo pw=0.0",v7,"{""denominator"": ""geo"", ""dim"": 1.0, ""idf"": 2.0, ""n"": ""(3, 4)"", ""normalize"": true, ""position_weight"": 0.0}",tune,False,150,0.86914,0.87058,0.90073,0.78,0.99333,1.0,8.35313
amazon_google,"v7 n=(3, 4) idf=2.0 dim=1.0 norm=True/geo pw=0.5",v7,"{""denominator"": ""geo"", ""dim"": 1.0, ""idf"": 2.0, ""n"": ""(3, 4)"", ""normalize"": true, ""position_weight"": 0.5}",tune,False,150,0.86341,0.86541,0.89647,0.77333,0.99333,1.0,8.75686
amazon_google,"v7 n=(3, 4) idf=2.0 dim=1.0 norm=True/geo pw=1.0",v7,"{""denominator"": ""geo"", ""dim"": 1.0, ""idf"": 2.0, ""n"": ""(3, 4)"", ""normalize"": true, ""position_weight"": 1.0}",tune,False,150,0.86096,0.86296,0.89468,0.76667,0.99333,1.0,8.92214
amazon_google,"v7 n=(3, 4) idf=2.0 dim=2.0 norm=False/dice pw=0.0",v7,"{""denominator"": ""dice"", ""dim"": 2.0, ""idf"": 2.0, ""n"": ""(3, 4)"", ""normalize"": false, ""position_weight"": 0.0}",tune,False,150,0.80604,0.80854,0.8509,0.70667,0.98667,1.0,7.80498
amazon_google,"v7 n=(3, 4) idf=2.0 dim=2.0 norm=False/dice pw=0.5",v7,"{""denominator"": ""dice"", ""dim"": 2.0, ""idf"": 2.0, ""n"": ""(3, 4)"", ""normalize"": false, ""position_weight"": 0.5}",tune,False,150,0.80106,0.80181,0.84907,0.68,0.99333,1.0,8.03191
amazon_google,"v7 n=(3, 4) idf=2.0 dim=2.0 norm=False/dice pw=1.0",v7,"{""denominator"": ""dice"", ""dim"": 2.0, ""idf"": 2.0, ""n"": ""(3, 4)"", ""normalize"": false, ""position_weight"": 1.0}",tune,False,150,0.80516,0.80592,0.85229,0.68,0.99333,1.0,8.18573
amazon_google,"v7 n=(3, 4) idf=2.0 dim=2.0 norm=True/dice pw=0.0",v7,"{""denominator"": ""dice"", ""dim"": 2.0, ""idf"": 2.0, ""n"": ""(3, 4)"", ""normalize"": true, ""position_weight"": 0.0}",tune,False,150,0.86947,0.87091,0.90093,0.78667,0.99333,1.0,8.78024
amazon_google,"v7 n=(3, 4) idf=2.0 dim=2.0 norm=True/dice pw=0.5",v7,"{""denominator"": ""dice"", ""dim"": 2.0, ""idf"": 2.0, ""n"": ""(3, 4)"", ""normalize"": true, ""position_weight"": 0.5}",tune,False,150,0.86172,0.86394,0.89531,0.77333,0.99333,1.0,8.3814
amazon_google,"v7 n=(3, 4) idf=2.0 dim=2.0 norm=True/dice pw=1.0",v7,"{""denominator"": ""dice"", ""dim"": 2.0, ""idf"": 2.0, ""n"": ""(3, 4)"", ""normalize"": true, ""position_weight"": 1.0}",tune,False,150,0.86326,0.86548,0.89657,0.77333,0.99333,1.0,8.91425
amazon_google,"v7 n=(3, 4) idf=2.0 dim=2.0 norm=True/geo pw=0.0",v7,"{""denominator"": ""geo"", ""dim"": 2.0, ""idf"": 2.0, ""n"": ""(3, 4)"", ""normalize"": true, ""position_weight"": 0.0}",tune,False,150,0.86914,0.87058,0.90073,0.78,0.99333,1.0,8.42404
amazon_google,"v7 n=(3, 4) idf=2.0 dim=2.0 norm=True/geo pw=0.5",v7,"{""denominator"": ""geo"", ""dim"": 2.0, ""idf"": 2.0, ""n"": ""(3, 4)"", ""normalize"": true, ""position_weight"": 0.5}",tune,False,150,0.86319,0.86541,0.89635,0.77333,0.99333,1.0,8.42375
amazon_google,"v7 n=(3, 4) idf=2.0 dim=2.0 norm=True/geo pw=1.0",v7,"{""denominator"": ""geo"", ""dim"": 2.0, ""idf"": 2.0, ""n"": ""(3, 4)"", ""normalize"": true, ""position_weight"": 1.0}",tune,False,150,0.85985,0.86185,0.89381,0.76667,0.99333,1.0,8.41957
amazon_google,"v7 n=(3, 4) idf=3.0 dim=1.0 norm=False/dice pw=0.0",v7,"{""denominator"": ""dice"", ""dim"": 1.0, ""idf"": 3.0, ""n"": ""(3, 4)"", ""normalize"": false, ""position_weight"": 0.0}",tune,False,150,0.80968,0.8122,0.85572,0.70667,0.99333,1.0,8.54649
amazon_google,"v7 n=(3, 4) idf=3.0 dim=1.0 norm=False/dice pw=0.5",v7,"{""denominator"": ""dice"", ""dim"": 1.0, ""idf"": 3.0, ""n"": ""(3, 4)"", ""normalize"": false, ""position_weight"": 0.5}",tune,False,150,0.79728,0.79813,0.84641,0.67333,0.99333,1.0,8.28788
amazon_google,"v7 n=(3, 4) idf=3.0 dim=1.0 norm=False/dice pw=1.0",v7,"{""denominator"": ""dice"", ""dim"": 1.0, ""idf"": 3.0, ""n"": ""(3, 4)"", ""normalize"": false, ""position_weight"": 1.0}",tune,False,150,0.80532,0.80611,0.8523,0.68667,0.99333,1.0,8.51383
amazon_google,"v7 n=(3, 4) idf=3.0 dim=1.0 norm=True/dice pw=0.0",v7,"{""denominator"": ""dice"", ""dim"": 1.0, ""idf"": 3.0, ""n"": ""(3, 4)"", ""normalize"": true, ""position_weight"": 0.0}",tune,False,150,0.86113,0.86313,0.89274,0.78,0.98667,1.0,7.94759
amazon_google,"v7 n=(3, 4) idf=3.0 dim=1.0 norm=True/dice pw=0.5",v7,"{""denominator"": ""dice"", ""dim"": 1.0, ""idf"": 3.0, ""n"": ""(3, 4)"", ""normalize"": true, ""position_weight"": 0.5}",tune,False,150,0.86235,0.86457,0.89375,0.78,0.98667,1.0,7.72823
amazon_google,"v7 n=(3, 4) idf=3.0 dim=1.0 norm=True/dice pw=1.0",v7,"{""denominator"": ""dice"", ""dim"": 1.0, ""idf"": 3.0, ""n"": ""(3, 4)"", ""normalize"": true, ""position_weight"": 1.0}",tune,False,150,0.85124,0.85346,0.88549,0.76,0.98667,1.0,8.29324
amazon_google,"v7 n=(3, 4) idf=3.0 dim=1.0 norm=True/geo pw=0.0",v7,"{""denominator"": ""geo"", ""dim"": 1.0, ""idf"": 3.0, ""n"": ""(3, 4)"", ""normalize"": true, ""position_weight"": 0.0}",tune,False,150,0.86302,0.86502,0.89602,0.78,0.99333,1.0,7.58333
amazon_google,"v7 n=(3, 4) idf=3.0 dim=1.0 norm=True/geo pw=0.5",v7,"{""denominator"": ""geo"", ""dim"": 1.0, ""idf"": 3.0, ""n"": ""(3, 4)"", ""normalize"": true, ""position_weight"": 0.5}",tune,False,150,0.86492,0.86725,0.89757,0.78,0.99333,1.0,7.94408
amazon_google,"v7 n=(3, 4) idf=3.0 dim=1.0 norm=True/geo pw=1.0",v7,"{""denominator"": ""geo"", ""dim"": 1.0, ""idf"": 3.0, ""n"": ""(3, 4)"", ""normalize"": true, ""position_weight"": 1.0}",tune,False,150,0.85756,0.85956,0.89208,0.76667,0.99333,1.0,8.38486
amazon_google,"v7 n=(3, 4) idf=3.0 dim=2.0 norm=False/dice pw=0.0",v7,"{""denominator"": ""dice"", ""dim"": 2.0, ""idf"": 3.0, ""n"": ""(3, 4)"", ""normalize"": false, ""position_weight"": 0.0}",tune,False,150,0.81113,0.81364,0.85689,0.70667,0.99333,1.0,8.59312
amazon_google,"v7 n=(3, 4) idf=3.0 dim=2.0 norm=False/dice pw=0.5",v7,"{""denominator"": ""dice"", ""dim"": 2.0, ""idf"": 3.0, ""n"": ""(3, 4)"", ""normalize"": false, ""position_weight"": 0.5}",tune,False,150,0.79672,0.79757,0.84616,0.66667,0.99333,1.0,7.9869
amazon_google,"v7 n=(3, 4) idf=3.0 dim=2.0 norm=False/dice pw=1.0",v7,"{""denominator"": ""dice"", ""dim"": 2.0, ""idf"": 3.0, ""n"": ""(3, 4)"", ""normalize"": false, ""position_weight"": 1.0}",tune,False,150,0.80839,0.80924,0.85479,0.68667,0.99333,1.0,7.47637
amazon_google,"v7 n=(3, 4) idf=3.0 dim=2.0 norm=True/dice pw=0.0",v7,"{""denominator"": ""dice"", ""dim"": 2.0, ""idf"": 3.0, ""n"": ""(3, 4)"", ""normalize"": true, ""position_weight"": 0.0}",tune,False,150,0.86222,0.86422,0.89362,0.78,0.98667,1.0,8.40726
amazon_google,"v7 n=(3, 4) idf=3.0 dim=2.0 norm=True/dice pw=0.5",v7,"{""denominator"": ""dice"", ""dim"": 2.0, ""idf"": 3.0, ""n"": ""(3, 4)"", ""normalize"": true, ""position_weight"": 0.5}",tune,False,150,0.86256,0.86456,0.89387,0.78,0.98667,1.0,8.26012
amazon_google,"v7 n=(3, 4) idf=3.0 dim=2.0 norm=True/dice pw=1.0",v7,"{""denominator"": ""dice"", ""dim"": 2.0, ""idf"": 3.0, ""n"": ""(3, 4)"", ""normalize"": true, ""position_weight"": 1.0}",tune,False,150,0.85234,0.85456,0.88637,0.76,0.98667,1.0,8.02064
amazon_google,"v7 n=(3, 4) idf=3.0 dim=2.0 norm=True/geo pw=0.0",v7,"{""denominator"": ""geo"", ""dim"": 2.0, ""idf"": 3.0, ""n"": ""(3, 4)"", ""normalize"": true, ""position_weight"": 0.0}",tune,False,150,0.86339,0.86539,0.89641,0.78,0.99333,1.0,8.31856
amazon_google,"v7 n=(3, 4) idf=3.0 dim=2.0 norm=True/geo pw=0.5",v7,"{""denominator"": ""geo"", ""dim"": 2.0, ""idf"": 3.0, ""n"": ""(3, 4)"", ""normalize"": true, ""position_weight"": 0.5}",tune,False,150,0.86526,0.86759,0.89792,0.78,0.99333,1.0,8.78046
amazon_google,"v7 n=(3, 4) idf=3.0 dim=2.0 norm=True/geo pw=1.0",v7,"{""denominator"": ""geo"", ""dim"": 2.0, ""idf"": 3.0, ""n"": ""(3, 4)"", ""normalize"": true, ""position_weight"": 1.0}",tune,False,150,0.85753,0.85953,0.89208,0.76667,0.99333,1.0,8.6046
amazon_google,"v7 n=(2, 4) idf=2.0 dim=1.0 norm=True/geo pw=0.0",v7,"{""denominator"": ""geo"", ""dim"": 1.0, ""idf"": 2.0, ""n"": ""(2, 4)"", ""normalize"": true, ""position_weight"": 0.0}",test,True,150,0.86488,0.87334,0.89979,0.79333,0.99667,1.0,17.04155
amazon_google,v7 default,v7_default,"{""denominator"": ""dice"", ""dim"": 1.0, ""idf"": 0.0, ""n"": ""(2, 4)"", ""normalize"": true, ""position_weight"": 1.0}",test,True,150,0.80102,0.81177,0.83391,0.72,0.92778,0.97778,15.72146
amazon_google,"v7 n=(2, 4) idf=2.0 dim=1.0 norm=True/geo pw=0.0",v7_pw0.0,"{""denominator"": ""geo"", ""dim"": 1.0, ""idf"": 2.0, ""n"": ""(2, 4)"", ""normalize"": true, ""position_weight"": 0.0}",test,True,150,0.86488,0.87334,0.89979,0.79333,0.99667,1.0,17.18337
amazon_google,"v7 n=(3,) idf=2.0 dim=1.0 norm=True/geo pw=0.5",v7_pw0.5,"{""denominator"": ""geo"", ""dim"": 1.0, ""idf"": 2.0, ""n"": ""(3,)"", ""normalize"": true, ""position_weight"": 0.5}",test,True,150,0.88681,0.89506,0.9163,0.82667,0.99667,1.0,5.50342
amazon_google,"v7 n=(3,) idf=2.0 dim=1.0 norm=True/geo pw=1.0",v7_pw1.0,"{""denominator"": ""geo"", ""dim"": 1.0, ""idf"": 2.0, ""n"": ""(3,)"", ""normalize"": true, ""position_weight"": 1.0}",test,True,150,0.88385,0.89173,0.914,0.82,0.99667,1.0,5.31219
amazon_google,v7 top-50 reranked by bm25_char,v7>bm25_char,"{""depth"": 50}",test,True,150,0.84996,0.85484,0.88747,0.76,0.99444,1.0,25.01064
amazon_google,"bm25_char n=(2,) k1=0.5 b=0.3 idf^1.0",bm25_char,"{""b"": 0.3, ""idf_exp"": 1.0, ""k1"": 0.5, ""n"": ""(2,)""}",tune,False,150,0.73647,0.73874,0.78767,0.62,0.95,0.99333,3.354
amazon_google,"bm25_char n=(2,) k1=0.5 b=0.3 idf^2.0",bm25_char,"{""b"": 0.3, ""idf_exp"": 2.0, ""k1"": 0.5, ""n"": ""(2,)""}",tune,False,150,0.76261,0.76303,0.81182,0.65333,0.97,1.0,3.44922
amazon_google,"bm25_char n=(2,) k1=0.5 b=0.3 idf^3.0",bm25_char,"{""b"": 0.3, ""idf_exp"": 3.0, ""k1"": 0.5, ""n"": ""(2,)""}",tune,False,150,0.74584,0.74614,0.79843,0.62,0.96667,1.0,3.30894
amazon_google,"bm25_char n=(2,) k1=0.5 b=0.75 idf^1.0",bm25_char,"{""b"": 0.75, ""idf_exp"": 1.0, ""k1"": 0.5, ""n"": ""(2,)""}",tune,False,150,0.76227,0.76393,0.80903,0.65333,0.95667,0.99333,3.40079
amazon_google,"bm25_char n=(2,) k1=0.5 b=0.75 idf^2.0",bm25_char,"{""b"": 0.75, ""idf_exp"": 2.0, ""k1"": 0.5, ""n"": ""(2,)""}",tune,False,150,0.78,0.781,0.83261,0.66667,0.99333,1.0,3.42568
amazon_google,"bm25_char n=(2,) k1=0.5 b=0.75 idf^3.0",bm25_char,"{""b"": 0.75, ""idf_exp"": 3.0, ""k1"": 0.5, ""n"": ""(2,)""}",tune,False,150,0.76326,0.76474,0.81596,0.64667,0.98,1.0,3.43648
amazon_google,"bm25_char n=(2,) k1=0.5 b=1.0 idf^1.0",bm25_char,"{""b"": 1.0, ""idf_exp"": 1.0, ""k1"": 0.5, ""n"": ""(2,)""}",tune,False,150,0.77788,0.77944,0.82343,0.68,0.96667,1.0,3.36556
amazon_google,"bm25_char n=(2,) k1=0.5 b=1.0 idf^2.0",bm25_char,"{""b"": 1.0, ""idf_exp"": 2.0, ""k1"": 0.5, ""n"": ""(2,)""}",tune,False,150,0.80029,0.80129,0.84823,0.69333,0.99333,1.0,3.52728
amazon_google,"bm25_char n=(2,) k1=0.5 b=1.0 idf^3.0",bm25_char,"{""b"": 1.0, ""idf_exp"": 3.0, ""k1"": 0.5, ""n"": ""(2,)""}",tune,False,150,0.76672,0.76814,0.81883,0.64667,0.98,1.0,3.62478
amazon_google,"bm25_char n=(2,) k1=1.2 b=0.3 idf^1.0",bm25_char,"{""b"": 0.3, ""idf_exp"": 1.0, ""k1"": 1.2, ""n"": ""(2,)""}",tune,False,150,0.72182,0.72416,0.77474,0.6,0.94333,0.99333,4.78355
amazon_google,"bm25_char n=(2,) k1=1.2 b=0.3 idf^2.0",bm25_char,"{""b"": 0.3, ""idf_exp"": 2.0, ""k1"": 1.2, ""n"": ""(2,)""}",tune,False,150,0.74388,0.74474,0.79307,0.62667,0.95333,1.0,4.31073
amazon_google,"bm25_char n=(2,) k1=1.2 b=0.3 idf^3.0",bm25_char,"{""b"": 0.3, ""idf_exp"": 3.0, ""k1"": 1.2, ""n"": ""(2,)""}",tune,False,150,0.72671,0.72813,0.78614,0.59333,0.97333,1.0,3.98988
amazon_google,"bm25_char n=(2,) k1=1.2 b=0.75 idf^1.0",bm25_char,"{""b"": 0.75, ""idf_exp"": 1.0, ""k1"": 1.2, ""n"": ""(2,)""}",tune,False,150,0.76532,0.76937,0.81273,0.66667,0.96,0.99333,3.55064
amazon_google,"bm25_char n=(2,) k1=1.2 b=0.75 idf^2.0",bm25_char,"{""b"": 0.75, ""idf_exp"": 2.0, ""k1"": 1.2, ""n"": ""(2,)""}",tune,False,150,0.77791,0.78005,0.83137,0.66667,0.99333,1.0,4.00884
amazon_google,"bm25_char n=(2,) k1=1.2 b=0.75 idf^3.0",bm25_char,"{""b"": 0.75, ""idf_exp"": 3.0, ""k1"": 1.2, ""n"": ""(2,)""}",tune,False,150,0.74145,0.74391,0.80004,0.60667,0.98,1.0,5.05112
amazon_google,"bm25_char n=(2,) k1=1.2 b=1.0 idf^1.0",bm25_char,"{""b"": 1.0, ""idf_exp"": 1.0, ""k1"": 1.2, ""n"": ""(2,)""}",tune,False,150,0.78661,0.79165,0.83293,0.68667,0.97333,1.0,4.48894
amazon_google,"bm25_char n=(2,) k1=1.2 b=1.0 idf^2.0",bm25_char,"{""b"": 1.0, ""idf_exp"": 2.0, ""k1"": 1.2, ""n"": ""(2,)""}",tune,False,150,0.78417,0.7869,0.83657,0.66667,0.99333,1.0,4.15856
amazon_google,"bm25_char n=(2,) k1=1.2 b=1.0 idf^3.0",bm25_char,"{""b"": 1.0, ""idf_exp"": 3.0, ""k1"": 1.2, ""n"": ""(2,)""}",tune,False,150,0.7392,0.7404,0.80016,0.6,0.98667,1.0,3.86686
amazon_google,"bm25_char n=(2,) k1=2.0 b=0.3 idf^1.0",bm25_char,"{""b"": 0.3, ""idf_exp"": 1.0, ""k1"": 2.0, ""n"": ""(2,)""}",tune,False,150,0.70716,0.71082,0.75976,0.58667,0.93,0.99333,3.48867
amazon_google,"bm25_char n=(2,) k1=2.0 b=0.3 idf^2.0",bm25_char,"{""b"": 0.3, ""idf_exp"": 2.0, ""k1"": 2.0, ""n"": ""(2,)""}",tune,False,150,0.74302,0.74681,0.78943,0.63333,0.94,1.0,3.31666
amazon_google,"bm25_char n=(2,) k1=2.0 b=0.3 idf^3.0",bm25_char,"{""b"": 0.3, ""idf_exp"": 3.0, ""k1"": 2.0, ""n"": ""(2,)""}",tune,False,150,0.70713,0.71093,0.76992,0.56667,0.96667,1.0,3.34225
amazon_google,"bm25_char n=(2,) k1=2.0 b=0.75 idf^1.0",bm25_char,"{""b"": 0.75, ""idf_exp"": 1.0, ""k1"": 2.0, ""n"": ""(2,)""}",tune,False,150,0.76251,0.7674,0.81091,0.66,0.96,0.99333,3.39595
amazon_google,"bm25_char n=(2,) k1=2.0 b=0.75 idf^2.0",bm25_char,"{""b"": 0.75, ""idf_exp"": 2.0, ""k1"": 2.0, ""n"": ""(2,)""}",tune,False,150,0.76805,0.77102,0.82395,0.65333,0.99333,1.0,3.56478
amazon_google,"bm25_char n=(2,) k1=2.0 b=0.75 idf^3.0",bm25_char,"{""b"": 0.75, ""idf_exp"": 3.0, ""k1"": 2.0, ""n"": ""(2,)""}",tune,False,150,0.72502,0.72653,0.78926,0.58,0.98667,1.0,3.57893
amazon_google,"bm25_char n=(2,) k1=2.0 b=1.0 idf^1.0",bm25_char,"{""b"": 1.0, ""idf_exp"": 1.0, ""k1"": 2.0, ""n"": ""(2,)""}",tune,False,150,0.78083,0.78559,0.82525,0.68,0.96333,1.0,3.38405
amazon_google,"bm25_char n=(2,) k1=2.0 b=1.0 idf^2.0",bm25_char,"{""b"": 1.0, ""idf_exp"": 2.0, ""k1"": 2.0, ""n"": ""(2,)""}",tune,False,150,0.7747,0.77616,0.82788,0.64667,0.99,1.0,3.44407
amazon_google,"bm25_char n=(2,) k1=2.0 b=1.0 idf^3.0",bm25_char,"{""b"": 1.0, ""idf_exp"": 3.0, ""k1"": 2.0, ""n"": ""(2,)""}",tune,False,150,0.7346,0.73648,0.79544,0.6,0.98333,1.0,3.46422
amazon_google,"bm25_char n=(3,) k1=0.5 b=0.3 idf^1.0",bm25_char,"{""b"": 0.3, ""idf_exp"": 1.0, ""k1"": 0.5, ""n"": ""(3,)""}",tune,False,150,0.79045,0.79267,0.83096,0.68667,0.96,1.0,3.42839
amazon_google,"bm25_char n=(3,) k1=0.5 b=0.3 idf^2.0",bm25_char,"{""b"": 0.3, ""idf_exp"": 2.0, ""k1"": 0.5, ""n"": ""(3,)""}",tune,False,150,0.79507,0.79535,0.84213,0.68667,0.98667,1.0,3.50969
amazon_google,"bm25_char n=(3,) k1=0.5 b=0.3 idf^3.0",bm25_char,"{""b"": 0.3, ""idf_exp"": 3.0, ""k1"": 0.5, ""n"": ""(3,)""}",tune,False,150,0.77783,0.77809,0.83102,0.65333,0.99333,1.0,3.52044
amazon_google,"bm25_char n=(3,) k1=0.5 b=0.75 idf^1.0",bm25_char,"{""b"": 0.75, ""idf_exp"": 1.0, ""k1"": 0.5, ""n"": ""(3,)""}",tune,False,150,0.81096,0.81319,0.85446,0.70667,0.98667,1.0,3.45834
amazon_google,"bm25_char n=(3,) k1=0.5 b=0.75 idf^2.0",bm25_char,"{""b"": 0.75, ""idf_exp"": 2.0, ""k1"": 0.5, ""n"": ""(3,)""}",tune,False,150,0.82273,0.82293,0.86476,0.72667,0.99333,1.0,3.47566
amazon_google,"bm25_char n=(3,) k1=0.5 b=0.75 idf^3.0",bm25_char,"{""b"": 0.75, ""idf_exp"": 3.0, ""k1"": 0.5, ""n"": ""(3,)""}",tune,False,150,0.80406,0.80431,0.85312,0.68667,1.0,1.0,3.55594
amazon_google,"bm25_char n=(3,) k1=0.5 b=1.0 idf^1.0",bm25_char,"{""b"": 1.0, ""idf_exp"": 1.0, ""k1"": 0.5, ""n"": ""(3,)""}",tune,False,150,0.81709,0.81764,0.85886,0.71333,0.98667,1.0,3.48771
amazon_google,"bm25_char n=(3,) k1=0.5 b=1.0 idf^2.0",bm25_char,"{""b"": 1.0, ""idf_exp"": 2.0, ""k1"": 0.5, ""n"": ""(3,)""}",tune,False,150,0.81833,0.81852,0.86366,0.71333,1.0,1.0,3.51845
amazon_google,"bm25_char n=(3,) k1=0.5 b=1.0 idf^3.0",bm25_char,"{""b"": 1.0, ""idf_exp"": 3.0, ""k1"": 0.5, ""n"": ""(3,)""}",tune,False,150,0.80772,0.80798,0.85587,0.69333,1.0,1.0,4.75701
amazon_google,"bm25_char n=(3,) k1=1.2 b=0.3 idf^1.0",bm25_char,"{""b"": 0.3, ""idf_exp"": 1.0, ""k1"": 1.2, ""n"": ""(3,)""}",tune,False,150,0.78206,0.78483,0.82836,0.67333,0.97333,1.0,4.71925
amazon_google,"bm25_char n=(3,) k1=1.2 b=0.3 idf^2.0",bm25_char,"{""b"": 0.3, ""idf_exp"": 2.0, ""k1"": 1.2, ""n"": ""(3,)""}",tune,False,150,0.78023,0.78106,0.83311,0.66,0.99333,1.0,3.66838
amazon_google,"bm25_char n=(3,) k1=1.2 b=0.3 idf^3.0",bm25_char,"{""b"": 0.3, ""idf_exp"": 3.0, ""k1"": 1.2, ""n"": ""(3,)""}",tune,False,150,0.78256,0.78393,0.83681,0.66,1.0,1.0,3.76628
amazon_google,"bm25_char n=(3,) k1=1.2 b=0.75 idf^1.0",bm25_char,"{""b"": 0.75, ""idf_exp"": 1.0, ""k1"": 1.2, ""n"": ""(3,)""}",tune,False,150,0.81305,0.81416,0.856,0.70667,0.98667,1.0,3.59498
amazon_google,"bm25_char n=(3,) k1=1.2 b=0.75 idf^2.0",bm25_char,"{""b"": 0.75, ""idf_exp"": 2.0, ""k1"": 1.2, ""n"": ""(3,)""}",tune,False,150,0.80116,0.80247,0.851,0.68667,1.0,1.0,3.59167
amazon_google,"bm25_char n=(3,) k1=1.2 b=0.75 idf^3.0",bm25_char,"{""b"": 0.75, ""idf_exp"": 3.0, ""k1"": 1.2, ""n"": ""(3,)""}",tune,False,150,0.8027,0.80483,0.85252,0.68667,1.0,1.0,3.58017
amazon_google,"bm25_char n=(3,) k1=1.2 b=1.0 idf^1.0",bm25_char,"{""b"": 1.0, ""idf_exp"": 1.0, ""k1"": 1.2, ""n"": ""(3,)""}",tune,False,150,0.82087,0.82287,0.86259,0.70667,0.98667,1.0,3.89078
amazon_google,"bm25_char n=(3,) k1=1.2 b=1.0 idf^2.0",bm25_char,"{""b"": 1.0, ""idf_exp"": 2.0, ""k1"": 1.2, ""n"": ""(3,)""}",tune,False,150,0.81756,0.81939,0.86406,0.7,1.0,1.0,3.51938
amazon_google,"bm25_char n=(3,) k1=1.2 b=1.0 idf^3.0",bm25_char,"{""b"": 1.0, ""idf_exp"": 3.0, ""k1"": 1.2, ""n"": ""(3,)""}",tune,False,150,0.80705,0.80939,0.85584,0.69333,1.0,1.0,3.44148
amazon_google,"bm25_char n=(3,) k1=2.0 b=0.3 idf^1.0",bm25_char,"{""b"": 0.3, ""idf_exp"": 1.0, ""k1"": 2.0, ""n"": ""(3,)""}",tune,False,150,0.77009,0.77176,0.81949,0.64667,0.97333,1.0,3.45685
amazon_google,"bm25_char n=(3,) k1=2.0 b=0.3 idf^2.0",bm25_char,"{""b"": 0.3, ""idf_exp"": 2.0, ""k1"": 2.0, ""n"": ""(3,)""}",tune,False,150,0.78199,0.78363,0.83441,0.66667,0.99333,1.0,3.41273
amazon_google,"bm25_char n=(3,) k1=2.0 b=0.3 idf^3.0",bm25_char,"{""b"": 0.3, ""idf_exp"": 3.0, ""k1"": 2.0, ""n"": ""(3,)""}",tune,False,150,0.783,0.78537,0.8374,0.66,1.0,1.0,4.11017
amazon_google,"bm25_char n=(3,) k1=2.0 b=0.75 idf^1.0",bm25_char,"{""b"": 0.75, ""idf_exp"": 1.0, ""k1"": 2.0, ""n"": ""(3,)""}",tune,False,150,0.81749,0.82138,0.85978,0.72,0.98667,1.0,3.53247
amazon_google,"bm25_char n=(3,) k1=2.0 b=0.75 idf^2.0",bm25_char,"{""b"": 0.75, ""idf_exp"": 2.0, ""k1"": 2.0, ""n"": ""(3,)""}",tune,False,150,0.79525,0.79735,0.84698,0.67333,1.0,1.0,3.49357
amazon_google,"bm25_char n=(3,) k1=2.0 b=0.75 idf^3.0",bm25_char,"{""b"": 0.75, ""idf_exp"": 3.0, ""k1"": 2.0, ""n"": ""(3,)""}",tune,False,150,0.79358,0.79606,0.84458,0.67333,0.99667,1.0,3.47952
amazon_google,"bm25_char n=(3,) k1=2.0 b=1.0 idf^1.0",bm25_char,"{""b"": 1.0, ""idf_exp"": 1.0, ""k1"": 2.0, ""n"": ""(3,)""}",tune,False,150,0.82311,0.82616,0.86449,0.71333,0.98667,1.0,3.81205
amazon_google,"bm25_char n=(3,) k1=2.0 b=1.0 idf^2.0",bm25_char,"{""b"": 1.0, ""idf_exp"": 2.0, ""k1"": 2.0, ""n"": ""(3,)""}",tune,False,150,0.81146,0.81452,0.85972,0.69333,1.0,1.0,4.24159
amazon_google,"bm25_char n=(3,) k1=2.0 b=1.0 idf^3.0",bm25_char,"{""b"": 1.0, ""idf_exp"": 3.0, ""k1"": 2.0, ""n"": ""(3,)""}",tune,False,150,0.81475,0.81729,0.8584,0.71333,0.99,1.0,4.10593
amazon_google,"bm25_char n=(4,) k1=0.5 b=0.3 idf^1.0",bm25_char,"{""b"": 0.3, ""idf_exp"": 1.0, ""k1"": 0.5, ""n"": ""(4,)""}",tune,False,150,0.81196,0.81418,0.85517,0.71333,0.98667,1.0,6.07241
amazon_google,"bm25_char n=(4,) k1=0.5 b=0.3 idf^2.0",bm25_char,"{""b"": 0.3, ""idf_exp"": 2.0, ""k1"": 0.5, ""n"": ""(4,)""}",tune,False,150,0.80518,0.80657,0.85243,0.68667,0.99333,1.0,4.63353
amazon_google,"bm25_char n=(4,) k1=0.5 b=0.3 idf^3.0",bm25_char,"{""b"": 0.3, ""idf_exp"": 3.0, ""k1"": 0.5, ""n"": ""(4,)""}",tune,False,150,0.8145,0.81614,0.85953,0.7,0.99333,1.0,3.65372
amazon_google,"bm25_char n=(4,) k1=0.5 b=0.75 idf^1.0",bm25_char,"{""b"": 0.75, ""idf_exp"": 1.0, ""k1"": 0.5, ""n"": ""(4,)""}",tune,False,150,0.83082,0.83137,0.86949,0.73333,0.98667,1.0,3.6345
amazon_google,"bm25_char n=(4,) k1=0.5 b=0.75 idf^2.0",bm25_char,"{""b"": 0.75, ""idf_exp"": 2.0, ""k1"": 0.5, ""n"": ""(4,)""}",tune,False,150,0.81723,0.81867,0.85983,0.7,0.98667,1.0,3.84154
amazon_google,"bm25_char n=(4,) k1=0.5 b=0.75 idf^3.0",bm25_char,"{""b"": 0.75, ""idf_exp"": 3.0, ""k1"": 0.5, ""n"": ""(4,)""}",tune,False,150,0.81949,0.82113,0.86362,0.7,0.99333,1.0,5.13558
amazon_google,"bm25_char n=(4,) k1=0.5 b=1.0 idf^1.0",bm25_char,"{""b"": 1.0, ""idf_exp"": 1.0, ""k1"": 0.5, ""n"": ""(4,)""}",tune,False,150,0.83027,0.83083,0.86921,0.72667,0.98667,1.0,4.41951
amazon_google,"bm25_char n=(4,) k1=0.5 b=1.0 idf^2.0",bm25_char,"{""b"": 1.0, ""idf_exp"": 2.0, ""k1"": 0.5, ""n"": ""(4,)""}",tune,False,150,0.82634,0.82778,0.86843,0.71333,0.99333,1.0,4.12954
amazon_google,"bm25_char n=(4,) k1=0.5 b=1.0 idf^3.0",bm25_char,"{""b"": 1.0, ""idf_exp"": 3.0, ""k1"": 0.5, ""n"": ""(4,)""}",tune,False,150,0.82804,0.82969,0.86987,0.72,0.99333,1.0,3.70907
amazon_google,"bm25_char n=(4,) k1=1.2 b=0.3 idf^1.0",bm25_char,"{""b"": 0.3, ""idf_exp"": 1.0, ""k1"": 1.2, ""n"": ""(4,)""}",tune,False,150,0.80385,0.80663,0.84928,0.7,0.98667,1.0,4.06228
amazon_google,"bm25_char n=(4,) k1=1.2 b=0.3 idf^2.0",bm25_char,"{""b"": 0.3, ""idf_exp"": 2.0, ""k1"": 1.2, ""n"": ""(4,)""}",tune,False,150,0.8001,0.80404,0.8493,0.68,0.99333,1.0,4.47976
amazon_google,"bm25_char n=(4,) k1=1.2 b=0.3 idf^3.0",bm25_char,"{""b"": 0.3, ""idf_exp"": 3.0, ""k1"": 1.2, ""n"": ""(4,)""}",tune,False,150,0.81171,0.81335,0.85748,0.69333,0.99333,1.0,3.93763
amazon_google,"bm25_char n=(4,) k1=1.2 b=0.75 idf^1.0",bm25_char,"{""b"": 0.75, ""idf_exp"": 1.0, ""k1"": 1.2, ""n"": ""(4,)""}",tune,False,150,0.81401,0.81545,0.85759,0.69333,0.98667,1.0,3.67939
amazon_google,"bm25_char n=(4,) k1=1.2 b=0.75 idf^2.0",bm25_char,"{""b"": 0.75, ""idf_exp"": 2.0, ""k1"": 1.2, ""n"": ""(4,)""}",tune,False,150,0.80963,0.81113,0.85805,0.68,1.0,1.0,4.12138
amazon_google,"bm25_char n=(4,) k1=1.2 b=0.75 idf^3.0",bm25_char,"{""b"": 0.75, ""idf_exp"": 3.0, ""k1"": 1.2, ""n"": ""(4,)""}",tune,False,150,0.8266,0.82846,0.86872,0.72,0.99333,1.0,3.7351
amazon_google,"bm25_char n=(4,) k1=1.2 b=1.0 idf^1.0",bm25_char,"{""b"": 1.0, ""idf_exp"": 1.0, ""k1"": 1.2, ""n"": ""(4,)""}",tune,False,150,0.8282,0.82986,0.86832,0.71333,0.98667,1.0,4.33362
amazon_google,"bm25_char n=(4,) k1=1.2 b=1.0 idf^2.0",bm25_char,"{""b"": 1.0, ""idf_exp"": 2.0, ""k1"": 1.2, ""n"": ""(4,)""}",tune,False,150,0.82472,0.8265,0.8695,0.70667,1.0,1.0,4.95341
amazon_google,"bm25_char n=(4,) k1=1.2 b=1.0 idf^3.0",bm25_char,"{""b"": 1.0, ""idf_exp"": 3.0, ""k1"": 1.2, ""n"": ""(4,)""}",tune,False,150,0.83196,0.83417,0.87297,0.72667,0.99333,1.0,4.30036
amazon_google,"bm25_char n=(4,) k1=2.0 b=0.3 idf^1.0",bm25_char,"{""b"": 0.3, ""idf_exp"": 1.0, ""k1"": 2.0, ""n"": ""(4,)""}",tune,False,150,0.80138,0.80449,0.84738,0.7,0.98667,1.0,4.40111
amazon_google,"bm25_char n=(4,) k1=2.0 b=0.3 idf^2.0",bm25_char,"{""b"": 0.3, ""idf_exp"": 2.0, ""k1"": 2.0, ""n"": ""(4,)""}",tune,False,150,0.79212,0.79616,0.8434,0.66667,0.99333,1.0,4.04164
amazon_google,"bm25_char n=(4,) k1=2.0 b=0.3 idf^3.0",bm25_char,"{""b"": 0.3, ""idf_exp"": 3.0, ""k1"": 2.0, ""n"": ""(4,)""}",tune,False,150,0.80954,0.81335,0.85624,0.69333,0.99333,1.0,4.21745
amazon_google,"bm25_char n=(4,) k1=2.0 b=0.75 idf^1.0",bm25_char,"{""b"": 0.75, ""idf_exp"": 1.0, ""k1"": 2.0, ""n"": ""(4,)""}",tune,False,150,0.82456,0.8279,0.86581,0.71333,0.98667,1.0,4.27541
amazon_google,"bm25_char n=(4,) k1=2.0 b=0.75 idf^2.0",bm25_char,"{""b"": 0.75, ""idf_exp"": 2.0, ""k1"": 2.0, ""n"": ""(4,)""}",tune,False,150,0.8075,0.8095,0.85678,0.67333,1.0,1.0,4.44156
amazon_google,"bm25_char n=(4,) k1=2.0 b=0.75 idf^3.0",bm25_char,"{""b"": 0.75, ""idf_exp"": 3.0, ""k1"": 2.0, ""n"": ""(4,)""}",tune,False,150,0.82379,0.82617,0.86687,0.71333,0.99333,1.0,4.36518
amazon_google,"bm25_char n=(4,) k1=2.0 b=1.0 idf^1.0",bm25_char,"{""b"": 1.0, ""idf_exp"": 1.0, ""k1"": 2.0, ""n"": ""(4,)""}",tune,False,150,0.83163,0.83429,0.87106,0.72,0.98667,1.0,4.94637
amazon_google,"bm25_char n=(4,) k1=2.0 b=1.0 idf^2.0",bm25_char,"{""b"": 1.0, ""idf_exp"": 2.0, ""k1"": 2.0, ""n"": ""(4,)""}",tune,False,150,0.82889,0.83172,0.87283,0.71333,1.0,1.0,4.22725
amazon_google,"bm25_char n=(4,) k1=2.0 b=1.0 idf^3.0",bm25_char,"{""b"": 1.0, ""idf_exp"": 3.0, ""k1"": 2.0, ""n"": ""(4,)""}",tune,False,150,0.82623,0.82895,0.86774,0.71333,0.99,1.0,4.50092
amazon_google,"bm25_char n=(2, 3) k1=0.5 b=0.3 idf^1.0",bm25_char,"{""b"": 0.3, ""idf_exp"": 1.0, ""k1"": 0.5, ""n"": ""(2, 3)""}",tune,False,150,0.79152,0.79346,0.83389,0.69333,0.96667,1.0,10.04916
amazon_google,"bm25_char n=(2, 3) k1=0.5 b=0.3 idf^2.0",bm25_char,"{""b"": 0.3, ""idf_exp"": 2.0, ""k1"": 0.5, ""n"": ""(2, 3)""}",tune,False,150,0.79634,0.79678,0.84271,0.69333,0.98667,1.0,7.3505
amazon_google,"bm25_char n=(2, 3) k1=0.5 b=0.3 idf^3.0",bm25_char,"{""b"": 0.3, ""idf_exp"": 3.0, ""k1"": 0.5, ""n"": ""(2, 3)""}",tune,False,150,0.77368,0.77394,0.82943,0.65333,1.0,1.0,7.67141
amazon_google,"bm25_char n=(2, 3) k1=0.5 b=0.75 idf^1.0",bm25_char,"{""b"": 0.75, ""idf_exp"": 1.0, ""k1"": 0.5, ""n"": ""(2, 3)""}",tune,False,150,0.80103,0.80192,0.84273,0.7,0.97333,1.0,9.53479
amazon_google,"bm25_char n=(2, 3) k1=0.5 b=0.75 idf^2.0",bm25_char,"{""b"": 0.75, ""idf_exp"": 2.0, ""k1"": 0.5, ""n"": ""(2, 3)""}",tune,False,150,0.80801,0.80837,0.854,0.7,0.99333,1.0,11.28226
amazon_google,"bm25_char n=(2, 3) k1=0.5 b=0.75 idf^3.0",bm25_char,"{""b"": 0.75, ""idf_exp"": 3.0, ""k1"": 0.5, ""n"": ""(2, 3)""}",tune,False,150,0.79102,0.79128,0.84304,0.66667,1.0,1.0,7.45369
amazon_google,"bm25_char n=(2, 3) k1=0.5 b=1.0 idf^1.0",bm25_char,"{""b"": 1.0, ""idf_exp"": 1.0, ""k1"": 0.5, ""n"": ""(2, 3)""}",tune,False,150,0.80658,0.80802,0.85103,0.7,0.98667,1.0,7.92123
amazon_google,"bm25_char n=(2, 3) k1=0.5 b=1.0 idf^2.0",bm25_char,"{""b"": 1.0, ""idf_exp"": 2.0, ""k1"": 0.5, ""n"": ""(2, 3)""}",tune,False,150,0.81771,0.81846,0.86172,0.70667,0.99333,1.0,7.81366
amazon_google,"bm25_char n=(2, 3) k1=0.5 b=1.0 idf^3.0",bm25_char,"{""b"": 1.0, ""idf_exp"": 3.0, ""k1"": 0.5, ""n"": ""(2, 3)""}",tune,False,150,0.79669,0.79751,0.84757,0.67333,1.0,1.0,6.89086
amazon_google,"bm25_char n=(2, 3) k1=1.2 b=0.3 idf^1.0",bm25_char,"{""b"": 0.3, ""idf_exp"": 1.0, ""k1"": 1.2, ""n"": ""(2, 3)""}",tune,False,150,0.77788,0.77982,0.82344,0.67333,0.96667,1.0,7.46159
amazon_google,"bm25_char n=(2, 3) k1=1.2 b=0.3 idf^2.0",bm25_char,"{""b"": 0.3, ""idf_exp"": 2.0, ""k1"": 1.2, ""n"": ""(2, 3)""}",tune,False,150,0.77473,0.77573,0.82864,0.65333,0.99333,1.0,8.23309
amazon_google,"bm25_char n=(2, 3) k1=1.2 b=0.3 idf^3.0",bm25_char,"{""b"": 0.3, ""idf_exp"": 3.0, ""k1"": 1.2, ""n"": ""(2, 3)""}",tune,False,150,0.77173,0.7731,0.82651,0.64667,0.99333,1.0,6.81901
amazon_google,"bm25_char n=(2, 3) k1=1.2 b=0.75 idf^1.0",bm25_char,"{""b"": 0.75, ""idf_exp"": 1.0, ""k1"": 1.2, ""n"": ""(2, 3)""}",tune,False,150,0.80219,0.80419,0.84759,0.7,0.98667,1.0,8.19047
amazon_google,"bm25_char n=(2, 3) k1=1.2 b=0.75 idf^2.0",bm25_char,"{""b"": 0.75, ""idf_exp"": 2.0, ""k1"": 1.2, ""n"": ""(2, 3)""}",tune,False,150,0.80177,0.80308,0.84988,0.68,0.99333,1.0,7.51876
amazon_google,"bm25_char n=(2, 3) k1=1.2 b=0.75 idf^3.0",bm25_char,"{""b"": 0.75, ""idf_exp"": 3.0, ""k1"": 1.2, ""n"": ""(2, 3)""}",tune,False,150,0.79061,0.79269,0.8433,0.66667,1.0,1.0,7.69232
amazon_google,"bm25_char n=(2, 3) k1=1.2 b=1.0 idf^1.0",bm25_char,"{""b"": 1.0, ""idf_exp"": 1.0, ""k1"": 1.2, ""n"": ""(2, 3)""}",tune,False,150,0.81626,0.81793,0.85897,0.70667,0.98667,1.0,7.71588
amazon_google,"bm25_char n=(2, 3) k1=1.2 b=1.0 idf^2.0",bm25_char,"{""b"": 1.0, ""idf_exp"": 2.0, ""k1"": 1.2, ""n"": ""(2, 3)""}",tune,False,150,0.81423,0.81595,0.86128,0.7,1.0,1.0,7.85519
amazon_google,"bm25_char n=(2, 3) k1=1.2 b=1.0 idf^3.0",bm25_char,"{""b"": 1.0, ""idf_exp"": 3.0, ""k1"": 1.2, ""n"": ""(2, 3)""}",tune,False,150,0.80316,0.80536,0.85285,0.68667,1.0,1.0,7.23771
amazon_google,"bm25_char n=(2, 3) k1=2.0 b=0.3 idf^1.0",bm25_char,"{""b"": 0.3, ""idf_exp"": 1.0, ""k1"": 2.0, ""n"": ""(2, 3)""}",tune,False,150,0.76505,0.76755,0.81026,0.65333,0.95333,1.0,6.79567
amazon_google,"bm25_char n=(2, 3) k1=2.0 b=0.3 idf^2.0",bm25_char,"{""b"": 0.3, ""idf_exp"": 2.0, ""k1"": 2.0, ""n"": ""(2, 3)""}",tune,False,150,0.76832,0.77021,0.82215,0.64667,0.98667,1.0,6.85061
amazon_google,"bm25_char n=(2, 3) k1=2.0 b=0.3 idf^3.0",bm25_char,"{""b"": 0.3, ""idf_exp"": 3.0, ""k1"": 2.0, ""n"": ""(2, 3)""}",tune,False,150,0.76642,0.76871,0.82263,0.64,0.99333,1.0,6.99696
amazon_google,"bm25_char n=(2, 3) k1=2.0 b=0.75 idf^1.0",bm25_char,"{""b"": 0.75, ""idf_exp"": 1.0, ""k1"": 2.0, ""n"": ""(2, 3)""}",tune,False,150,0.79718,0.8014,0.84436,0.69333,0.98667,1.0,8.41746
amazon_google,"bm25_char n=(2, 3) k1=2.0 b=0.75 idf^2.0",bm25_char,"{""b"": 0.75, ""idf_exp"": 2.0, ""k1"": 2.0, ""n"": ""(2, 3)""}",tune,False,150,0.79462,0.79681,0.84487,0.66667,0.99333,1.0,9.2316
amazon_google,"bm25_char n=(2, 3) k1=2.0 b=0.75 idf^3.0",bm25_char,"{""b"": 0.75, ""idf_exp"": 3.0, ""k1"": 2.0, ""n"": ""(2, 3)""}",tune,False,150,0.78937,0.7918,0.84136,0.66667,0.99667,1.0,7.93424
amazon_google,"bm25_char n=(2, 3) k1=2.0 b=1.0 idf^1.0",bm25_char,"{""b"": 1.0, ""idf_exp"": 1.0, ""k1"": 2.0, ""n"": ""(2, 3)""}",tune,False,150,0.82727,0.8302,0.86719,0.73333,0.98667,1.0,6.82538
amazon_google,"bm25_char n=(2, 3) k1=2.0 b=1.0 idf^2.0",bm25_char,"{""b"": 1.0, ""idf_exp"": 2.0, ""k1"": 2.0, ""n"": ""(2, 3)""}",tune,False,150,0.80515,0.80824,0.8546,0.69333,1.0,1.0,6.9712
amazon_google,"bm25_char n=(2, 3) k1=2.0 b=1.0 idf^3.0",bm25_char,"{""b"": 1.0, ""idf_exp"": 3.0, ""k1"": 2.0, ""n"": ""(2, 3)""}",tune,False,150,0.80009,0.8029,0.84944,0.68667,0.99667,1.0,7.77856
amazon_google,"bm25_char n=(2, 4) k1=0.5 b=0.3 idf^1.0",bm25_char,"{""b"": 0.3, ""idf_exp"": 1.0, ""k1"": 0.5, ""n"": ""(2, 4)""}",tune,False,150,0.80206,0.80484,0.84581,0.7,0.98,1.0,8.62256
amazon_google,"bm25_char n=(2, 4) k1=0.5 b=0.3 idf^2.0",bm25_char,"{""b"": 0.3, ""idf_exp"": 2.0, ""k1"": 0.5, ""n"": ""(2, 4)""}",tune,False,150,0.80977,0.81171,0.85599,0.69333,0.99333,1.0,8.86223
amazon_google,"bm25_char n=(2, 4) k1=0.5 b=0.3 idf^3.0",bm25_char,"{""b"": 0.3, ""idf_exp"": 3.0, ""k1"": 0.5, ""n"": ""(2, 4)""}",tune,False,150,0.80072,0.80203,0.85091,0.68,1.0,1.0,9.43045
amazon_google,"bm25_char n=(2, 4) k1=0.5 b=0.75 idf^1.0",bm25_char,"{""b"": 0.75, ""idf_exp"": 1.0, ""k1"": 0.5, ""n"": ""(2, 4)""}",tune,False,150,0.82433,0.82711,0.86484,0.72667,0.98667,1.0,10.4612
amazon_google,"bm25_char n=(2, 4) k1=0.5 b=0.75 idf^2.0",bm25_char,"{""b"": 0.75, ""idf_exp"": 2.0, ""k1"": 0.5, ""n"": ""(2, 4)""}",tune,False,150,0.82538,0.82665,0.86779,0.71333,0.99333,1.0,9.28364
amazon_google,"bm25_char n=(2, 4) k1=0.5 b=0.75 idf^3.0",bm25_char,"{""b"": 0.75, ""idf_exp"": 3.0, ""k1"": 0.5, ""n"": ""(2, 4)""}",tune,False,150,0.81758,0.81923,0.86203,0.7,0.99333,1.0,8.15408
amazon_google,"bm25_char n=(2, 4) k1=0.5 b=1.0 idf^1.0",bm25_char,"{""b"": 1.0, ""idf_exp"": 1.0, ""k1"": 0.5, ""n"": ""(2, 4)""}",tune,False,150,0.83446,0.83558,0.87225,0.74,0.98667,1.0,7.20026
amazon_google,"bm25_char n=(2, 4) k1=0.5 b=1.0 idf^2.0",bm25_char,"{""b"": 1.0, ""idf_exp"": 2.0, ""k1"": 0.5, ""n"": ""(2, 4)""}",tune,False,150,0.83015,0.83132,0.87135,0.72,0.99333,1.0,6.80119
amazon_google,"bm25_char n=(2, 4) k1=0.5 b=1.0 idf^3.0",bm25_char,"{""b"": 1.0, ""idf_exp"": 3.0, ""k1"": 0.5, ""n"": ""(2, 4)""}",tune,False,150,0.81809,0.81973,0.86249,0.7,0.99333,1.0,8.16225
amazon_google,"bm25_char n=(2, 4) k1=1.2 b=0.3 idf^1.0",bm25_char,"{""b"": 0.3, ""idf_exp"": 1.0, ""k1"": 1.2, ""n"": ""(2, 4)""}",tune,False,150,0.78873,0.79318,0.83608,0.68,0.98,1.0,7.34628
amazon_google,"bm25_char n=(2, 4) k1=1.2 b=0.3 idf^2.0",bm25_char,"{""b"": 0.3, ""idf_exp"": 2.0, ""k1"": 1.2, ""n"": ""(2, 4)""}",tune,False,150,0.80132,0.80527,0.85003,0.68667,0.99333,1.0,8.66287
amazon_google,"bm25_char n=(2, 4) k1=1.2 b=0.3 idf^3.0",bm25_char,"{""b"": 0.3, ""idf_exp"": 3.0, ""k1"": 1.2, ""n"": ""(2, 4)""}",tune,False,150,0.80499,0.80663,0.85426,0.68667,1.0,1.0,8.58665
amazon_google,"bm25_char n=(2, 4) k1=1.2 b=0.75 idf^1.0",bm25_char,"{""b"": 0.75, ""idf_exp"": 1.0, ""k1"": 1.2, ""n"": ""(2, 4)""}",tune,False,150,0.81875,0.82075,0.86101,0.70667,0.98667,1.0,8.7231
amazon_google,"bm25_char n=(2, 4) k1=1.2 b=0.75 idf^2.0",bm25_char,"{""b"": 0.75, ""idf_exp"": 2.0, ""k1"": 1.2, ""n"": ""(2, 4)""}",tune,False,150,0.81807,0.81957,0.86238,0.7,0.99333,1.0,8.4414
amazon_google,"bm25_char n=(2, 4) k1=1.2 b=0.75 idf^3.0",bm25_char,"{""b"": 0.75, ""idf_exp"": 3.0, ""k1"": 1.2, ""n"": ""(2, 4)""}",tune,False,150,0.8168,0.81867,0.86149,0.7,0.99333,1.0,7.08951
amazon_google,"bm25_char n=(2, 4) k1=1.2 b=1.0 idf^1.0",bm25_char,"{""b"": 1.0, ""idf_exp"": 1.0, ""k1"": 1.2, ""n"": ""(2, 4)""}",tune,False,150,0.83893,0.84093,0.87612,0.74,0.98667,1.0,7.65869
amazon_google,"bm25_char n=(2, 4) k1=1.2 b=1.0 idf^2.0",bm25_char,"{""b"": 1.0, ""idf_exp"": 2.0, ""k1"": 1.2, ""n"": ""(2, 4)""}",tune,False,150,0.82419,0.82569,0.869,0.70667,1.0,1.0,7.48149
amazon_google,"bm25_char n=(2, 4) k1=1.2 b=1.0 idf^3.0",bm25_char,"{""b"": 1.0, ""idf_exp"": 3.0, ""k1"": 1.2, ""n"": ""(2, 4)""}",tune,False,150,0.83545,0.83767,0.87558,0.73333,0.99333,1.0,7.55923
amazon_google,"bm25_char n=(2, 4) k1=2.0 b=0.3 idf^1.0",bm25_char,"{""b"": 0.3, ""idf_exp"": 1.0, ""k1"": 2.0, ""n"": ""(2, 4)""}",tune,False,150,0.78617,0.79151,0.83621,0.68,0.98667,1.0,8.04982
amazon_google,"bm25_char n=(2, 4) k1=2.0 b=0.3 idf^2.0",bm25_char,"{""b"": 0.3, ""idf_exp"": 2.0, ""k1"": 2.0, ""n"": ""(2, 4)""}",tune,False,150,0.79516,0.79933,0.84562,0.67333,0.99333,1.0,9.06249
amazon_google,"bm25_char n=(2, 4) k1=2.0 b=0.3 idf^3.0",bm25_char,"{""b"": 0.3, ""idf_exp"": 3.0, ""k1"": 2.0, ""n"": ""(2, 4)""}",tune,False,150,0.80276,0.80657,0.853,0.68667,1.0,1.0,8.88414
amazon_google,"bm25_char n=(2, 4) k1=2.0 b=0.75 idf^1.0",bm25_char,"{""b"": 0.75, ""idf_exp"": 1.0, ""k1"": 2.0, ""n"": ""(2, 4)""}",tune,False,150,0.82553,0.82942,0.86632,0.72667,0.98667,1.0,12.901
amazon_google,"bm25_char n=(2, 4) k1=2.0 b=0.75 idf^2.0",bm25_char,"{""b"": 0.75, ""idf_exp"": 2.0, ""k1"": 2.0, ""n"": ""(2, 4)""}",tune,False,150,0.82178,0.8235,0.86524,0.70667,0.99333,1.0,12.61776
amazon_google,"bm25_char n=(2, 4) k1=2.0 b=0.75 idf^3.0",bm25_char,"{""b"": 0.75, ""idf_exp"": 3.0, ""k1"": 2.0, ""n"": ""(2, 4)""}",tune,False,150,0.81794,0.82033,0.86428,0.70667,1.0,1.0,11.5268
amazon_google,"bm25_char n=(2, 4) k1=2.0 b=1.0 idf^1.0",bm25_char,"{""b"": 1.0, ""idf_exp"": 1.0, ""k1"": 2.0, ""n"": ""(2, 4)""}",tune,False,150,0.83791,0.84106,0.87558,0.74,0.98667,1.0,10.07046
amazon_google,"bm25_char n=(2, 4) k1=2.0 b=1.0 idf^2.0",bm25_char,"{""b"": 1.0, ""idf_exp"": 2.0, ""k1"": 2.0, ""n"": ""(2, 4)""}",tune,False,150,0.83096,0.83312,0.87429,0.72,1.0,1.0,9.68815
amazon_google,"bm25_char n=(2, 4) k1=2.0 b=1.0 idf^3.0",bm25_char,"{""b"": 1.0, ""idf_exp"": 3.0, ""k1"": 2.0, ""n"": ""(2, 4)""}",tune,False,150,0.82649,0.82922,0.86966,0.72,0.99667,1.0,11.1102
amazon_google,"bm25_char n=(3, 4) k1=0.5 b=0.3 idf^1.0",bm25_char,"{""b"": 0.3, ""idf_exp"": 1.0, ""k1"": 0.5, ""n"": ""(3, 4)""}",tune,False,150,0.80147,0.80369,0.84699,0.7,0.98667,1.0,10.99546
amazon_google,"bm25_char n=(3, 4) k1=0.5 b=0.3 idf^2.0",bm25_char,"{""b"": 0.3, ""idf_exp"": 2.0, ""k1"": 0.5, ""n"": ""(3, 4)""}",tune,False,150,0.80485,0.80505,0.85174,0.69333,0.99333,1.0,15.72364
amazon_google,"bm25_char n=(3, 4) k1=0.5 b=0.3 idf^3.0",bm25_char,"{""b"": 0.3, ""idf_exp"": 3.0, ""k1"": 0.5, ""n"": ""(3, 4)""}",tune,False,150,0.799,0.79929,0.8494,0.68,1.0,1.0,14.07062
amazon_google,"bm25_char n=(3, 4) k1=0.5 b=0.75 idf^1.0",bm25_char,"{""b"": 0.75, ""idf_exp"": 1.0, ""k1"": 0.5, ""n"": ""(3, 4)""}",tune,False,150,0.82023,0.82079,0.86141,0.71333,0.98667,1.0,11.92353
amazon_google,"bm25_char n=(3, 4) k1=0.5 b=0.75 idf^2.0",bm25_char,"{""b"": 0.75, ""idf_exp"": 2.0, ""k1"": 0.5, ""n"": ""(3, 4)""}",tune,False,150,0.8234,0.82434,0.86588,0.72,0.99333,1.0,10.86441
amazon_google,"bm25_char n=(3, 4) k1=0.5 b=0.75 idf^3.0",bm25_char,"{""b"": 0.75, ""idf_exp"": 3.0, ""k1"": 0.5, ""n"": ""(3, 4)""}",tune,False,150,0.80998,0.81129,0.85626,0.68667,0.99333,1.0,11.826
amazon_google,"bm25_char n=(3, 4) k1=0.5 b=1.0 idf^1.0",bm25_char,"{""b"": 1.0, ""idf_exp"": 1.0, ""k1"": 0.5, ""n"": ""(3, 4)""}",tune,False,150,0.83571,0.83626,0.873,0.74,0.98667,1.0,10.00231
amazon_google,"bm25_char n=(3, 4) k1=0.5 b=1.0 idf^2.0",bm25_char,"{""b"": 1.0, ""idf_exp"": 2.0, ""k1"": 0.5, ""n"": ""(3, 4)""}",tune,False,150,0.82701,0.82767,0.87069,0.71333,1.0,1.0,9.38693
amazon_google,"bm25_char n=(3, 4) k1=0.5 b=1.0 idf^3.0",bm25_char,"{""b"": 1.0, ""idf_exp"": 3.0, ""k1"": 0.5, ""n"": ""(3, 4)""}",tune,False,150,0.81531,0.81695,0.86028,0.7,0.99333,1.0,9.65106
amazon_google,"bm25_char n=(3, 4) k1=1.2 b=0.3 idf^1.0",bm25_char,"{""b"": 0.3, ""idf_exp"": 1.0, ""k1"": 1.2, ""n"": ""(3, 4)""}",tune,False,150,0.79387,0.79831,0.84169,0.69333,0.98667,1.0,11.12302
amazon_google,"bm25_char n=(3, 4) k1=1.2 b=0.3 idf^2.0",bm25_char,"{""b"": 0.3, ""idf_exp"": 2.0, ""k1"": 1.2, ""n"": ""(3, 4)""}",tune,False,150,0.79979,0.80295,0.84859,0.68667,0.99333,1.0,12.21619
amazon_google,"bm25_char n=(3, 4) k1=1.2 b=0.3 idf^3.0",bm25_char,"{""b"": 0.3, ""idf_exp"": 3.0, ""k1"": 1.2, ""n"": ""(3, 4)""}",tune,False,150,0.80187,0.80352,0.85182,0.68667,1.0,1.0,12.3521
amazon_google,"bm25_char n=(3, 4) k1=1.2 b=0.75 idf^1.0",bm25_char,"{""b"": 0.75, ""idf_exp"": 1.0, ""k1"": 1.2, ""n"": ""(3, 4)""}",tune,False,150,0.83053,0.83198,0.86963,0.72667,0.98667,1.0,9.43074
amazon_google,"bm25_char n=(3, 4) k1=1.2 b=0.75 idf^2.0",bm25_char,"{""b"": 0.75, ""idf_exp"": 2.0, ""k1"": 1.2, ""n"": ""(3, 4)""}",tune,False,150,0.81785,0.81957,0.86417,0.7,1.0,1.0,8.83496
amazon_google,"bm25_char n=(3, 4) k1=1.2 b=0.75 idf^3.0",bm25_char,"{""b"": 0.75, ""idf_exp"": 3.0, ""k1"": 1.2, ""n"": ""(3, 4)""}",tune,False,150,0.81171,0.81373,0.85953,0.69333,1.0,1.0,10.1937
amazon_google,"bm25_char n=(3, 4) k1=1.2 b=1.0 idf^1.0",bm25_char,"{""b"": 1.0, ""idf_exp"": 1.0, ""k1"": 1.2, ""n"": ""(3, 4)""}",tune,False,150,0.83748,0.83893,0.87506,0.73333,0.98667,1.0,11.35806
amazon_google,"bm25_char n=(3, 4) k1=1.2 b=1.0 idf^2.0",bm25_char,"{""b"": 1.0, ""idf_exp"": 2.0, ""k1"": 1.2, ""n"": ""(3, 4)""}",tune,False,150,0.82794,0.82967,0.8719,0.71333,1.0,1.0,12.26923
amazon_google,"bm25_char n=(3, 4) k1=1.2 b=1.0 idf^3.0",bm25_char,"{""b"": 1.0, ""idf_exp"": 3.0, ""k1"": 1.2, ""n"": ""(3, 4)""}",tune,False,150,0.83014,0.83228,0.87139,0.72667,0.99333,1.0,9.94645
amazon_google,"bm25_char n=(3, 4) k1=2.0 b=0.3 idf^1.0",bm25_char,"{""b"": 0.3, ""idf_exp"": 1.0, ""k1"": 2.0, ""n"": ""(3, 4)""}",tune,False,150,0.79838,0.80371,0.84533,0.7,0.98667,1.0,10.55437
amazon_google,"bm25_char n=(3, 4) k1=2.0 b=0.3 idf^2.0",bm25_char,"{""b"": 0.3, ""idf_exp"": 2.0, ""k1"": 2.0, ""n"": ""(3, 4)""}",tune,False,150,0.79318,0.79668,0.84374,0.67333,0.99333,1.0,9.20034
amazon_google,"bm25_char n=(3, 4) k1=2.0 b=0.3 idf^3.0",bm25_char,"{""b"": 0.3, ""idf_exp"": 3.0, ""k1"": 2.0, ""n"": ""(3, 4)""}",tune,False,150,0.79617,0.80007,0.84797,0.68,1.0,1.0,9.54053
amazon_google,"bm25_char n=(3, 4) k1=2.0 b=0.75 idf^1.0",bm25_char,"{""b"": 0.75, ""idf_exp"": 1.0, ""k1"": 2.0, ""n"": ""(3, 4)""}",tune,False,150,0.82643,0.83032,0.86714,0.72,0.98667,1.0,8.80963
amazon_google,"bm25_char n=(3, 4) k1=2.0 b=0.75 idf^2.0",bm25_char,"{""b"": 0.75, ""idf_exp"": 2.0, ""k1"": 2.0, ""n"": ""(3, 4)""}",tune,False,150,0.81195,0.8139,0.85996,0.68667,1.0,1.0,9.82405
amazon_google,"bm25_char n=(3, 4) k1=2.0 b=0.75 idf^3.0",bm25_char,"{""b"": 0.75, ""idf_exp"": 3.0, ""k1"": 2.0, ""n"": ""(3, 4)""}",tune,False,150,0.80525,0.80762,0.85371,0.68,0.99667,1.0,11.42922
amazon_google,"bm25_char n=(3, 4) k1=2.0 b=1.0 idf^1.0",bm25_char,"{""b"": 1.0, ""idf_exp"": 1.0, ""k1"": 2.0, ""n"": ""(3, 4)""}",tune,False,150,0.8328,0.8353,0.87173,0.72667,0.98667,1.0,12.58262
amazon_google,"bm25_char n=(3, 4) k1=2.0 b=1.0 idf^2.0",bm25_char,"{""b"": 1.0, ""idf_exp"": 2.0, ""k1"": 2.0, ""n"": ""(3, 4)""}",tune,False,150,0.82902,0.83117,0.87265,0.72,1.0,1.0,11.06582
amazon_google,"bm25_char n=(3, 4) k1=2.0 b=1.0 idf^3.0",bm25_char,"{""b"": 1.0, ""idf_exp"": 3.0, ""k1"": 2.0, ""n"": ""(3, 4)""}",tune,False,150,0.82543,0.82799,0.86687,0.72,0.99,1.0,9.60316
amazon_google,"bm25_char n=(2, 4) k1=1.2 b=1.0 idf^1.0",bm25_char,"{""b"": 1.0, ""idf_exp"": 1.0, ""k1"": 1.2, ""n"": ""(2, 4)""}",test,True,150,0.84993,0.85484,0.88747,0.76,0.99444,1.0,9.3075
amazon_google,"tfidf_char n=(2,)",tfidf_char,"{""n"": ""(2,)""}",tune,False,150,0.79566,0.79672,0.8426,0.66667,0.98333,0.99333,3.41264
amazon_google,"tfidf_char n=(3,)",tfidf_char,"{""n"": ""(3,)""}",tune,False,150,0.85239,0.85472,0.88839,0.75333,0.99333,1.0,3.72296
amazon_google,"tfidf_char n=(4,)",tfidf_char,"{""n"": ""(4,)""}",tune,False,150,0.86739,0.86922,0.89925,0.78,0.99333,1.0,3.19788
amazon_google,"tfidf_char n=(2, 3)",tfidf_char,"{""n"": ""(2, 3)""}",tune,False,150,0.85329,0.85584,0.88923,0.75333,0.99333,1.0,5.97319
amazon_google,"tfidf_char n=(2, 4)",tfidf_char,"{""n"": ""(2, 4)""}",tune,False,150,0.86984,0.87167,0.90106,0.78667,0.99333,1.0,6.07384
amazon_google,"tfidf_char n=(3, 4)",tfidf_char,"{""n"": ""(3, 4)""}",tune,False,150,0.86537,0.8672,0.89797,0.77333,0.99333,1.0,5.57256
amazon_google,"tfidf_char n=(2, 4)",tfidf_char,"{""n"": ""(2, 4)""}",test,True,150,0.87206,0.87817,0.90519,0.79333,0.99667,1.0,7.26108
amazon_google,bm25_word k1=0.5 b=0.3,bm25_word,"{""b"": 0.3, ""idf_exp"": 1.0, ""k1"": 0.5}",tune,False,150,0.78113,0.78189,0.82826,0.66667,0.97333,0.99333,1.05725
amazon_google,bm25_word k1=0.5 b=0.75,bm25_word,"{""b"": 0.75, ""idf_exp"": 1.0, ""k1"": 0.5}",tune,False,150,0.78537,0.78701,0.83179,0.67333,0.97333,0.99333,1.20426
amazon_google,bm25_word k1=0.5 b=1.0,bm25_word,"{""b"": 1.0, ""idf_exp"": 1.0, ""k1"": 0.5}",tune,False,150,0.79035,0.79207,0.83749,0.68,0.98,0.99333,0.90902
amazon_google,bm25_word k1=1.2 b=0.3,bm25_word,"{""b"": 0.3, ""idf_exp"": 1.0, ""k1"": 1.2}",tune,False,150,0.76832,0.77158,0.81909,0.65333,0.97333,0.99333,1.31496
amazon_google,bm25_word k1=1.2 b=0.75,bm25_word,"{""b"": 0.75, ""idf_exp"": 1.0, ""k1"": 1.2}",tune,False,150,0.78926,0.79157,0.83668,0.68,0.98,1.0,1.02168
amazon_google,bm25_word k1=1.2 b=1.0,bm25_word,"{""b"": 1.0, ""idf_exp"": 1.0, ""k1"": 1.2}",tune,False,150,0.79264,0.79558,0.83959,0.68,0.98,1.0,0.96346
amazon_google,bm25_word k1=2.0 b=0.3,bm25_word,"{""b"": 0.3, ""idf_exp"": 1.0, ""k1"": 2.0}",tune,False,150,0.76178,0.76337,0.81391,0.64,0.97333,0.99333,0.97212
amazon_google,bm25_word k1=2.0 b=0.75,bm25_word,"{""b"": 0.75, ""idf_exp"": 1.0, ""k1"": 2.0}",tune,False,150,0.78224,0.78602,0.83201,0.66667,0.98,0.99333,0.96098
amazon_google,bm25_word k1=2.0 b=1.0,bm25_word,"{""b"": 1.0, ""idf_exp"": 1.0, ""k1"": 2.0}",tune,False,150,0.79702,0.80052,0.84318,0.68667,0.98,1.0,0.95492
amazon_google,bm25_word k1=2.0 b=1.0,bm25_word,"{""b"": 1.0, ""idf_exp"": 1.0, ""k1"": 2.0}",test,True,150,0.82015,0.82874,0.86298,0.72,0.98444,0.99333,0.96189
amazon_google,bm25_char top-50 reranked by v7,bm25_char>v7,"{""depth"": 50}",test,True,150,0.86488,0.87334,0.89979,0.79333,0.99667,1.0,39.80833
amazon_google,v7 top-50 reranked by bm25_char,v7>bm25_char,"{""depth"": 50}",test,True,150,0.84996,0.85484,0.88747,0.76,0.99444,1.0,49.87016
amazon_google,rrf of v7 and bm25_char,"rrf(v7,bm25_char)","{""depth"": 50, ""k"": 60}",test,True,150,0.85579,0.86489,0.89295,0.76667,0.99444,1.0,45.16877
amazon_google,tfidf_char top-50 reranked by v7,tfidf_char>v7,"{""depth"": 50}",test,True,150,0.86488,0.87334,0.89979,0.79333,0.99667,1.0,38.18095
amazon_google,rrf of v7 and tfidf_char,"rrf(v7,tfidf_char)","{""depth"": 50, ""k"": 60}",test,True,150,0.86279,0.86951,0.89844,0.77333,0.99667,1.0,34.8496
amazon_google,bm25_char + v7 at lam=0.1,"mix(bm25_char,v7)","{""lam"": 0.1}",tune,False,150,0.85231,0.85431,0.88617,0.76,0.98667,1.0,55.13851
amazon_google,bm25_char + v7 at lam=0.25,"mix(bm25_char,v7)","{""lam"": 0.25}",tune,False,150,0.85401,0.85512,0.88909,0.76,0.99333,1.0,56.26605
amazon_google,bm25_char + v7 at lam=0.5,"mix(bm25_char,v7)","{""lam"": 0.5}",tune,False,150,0.86645,0.86756,0.90066,0.77333,1.0,1.0,54.75914
amazon_google,bm25_char + v7 at lam=0.75,"mix(bm25_char,v7)","{""lam"": 0.75}",tune,False,150,0.8718,0.87291,0.90449,0.78667,1.0,1.0,57.70505
amazon_google,bm25_char + v7 at lam=0.9,"mix(bm25_char,v7)","{""lam"": 0.9}",tune,False,150,0.87272,0.87383,0.90332,0.78667,0.99333,1.0,49.88075
amazon_google,bm25_char + v7 at lam=0.9,"mix(bm25_char,v7)","{""lam"": 0.9}",test,True,150,0.86272,0.87117,0.89839,0.78667,0.99667,1.0,47.02867
amazon_google,tfidf_char + v7 at lam=0.1,"mix(tfidf_char,v7)","{""lam"": 0.1}",tune,False,150,0.87585,0.87768,0.9057,0.79333,0.99333,1.0,45.33046
amazon_google,tfidf_char + v7 at lam=0.25,"mix(tfidf_char,v7)","{""lam"": 0.25}",tune,False,150,0.8687,0.87014,0.90042,0.78,0.99333,1.0,50.38243
amazon_google,tfidf_char + v7 at lam=0.5,"mix(tfidf_char,v7)","{""lam"": 0.5}",tune,False,150,0.86906,0.87017,0.90069,0.78,0.99333,1.0,46.13071
amazon_google,tfidf_char + v7 at lam=0.75,"mix(tfidf_char,v7)","{""lam"": 0.75}",tune,False,150,0.86817,0.86928,0.89999,0.78,0.99333,1.0,47.22768
amazon_google,tfidf_char + v7 at lam=0.9,"mix(tfidf_char,v7)","{""lam"": 0.9}",tune,False,150,0.87331,0.87442,0.90384,0.78667,0.99333,1.0,43.82506
amazon_google,tfidf_char + v7 at lam=0.1,"mix(tfidf_char,v7)","{""lam"": 0.1}",test,True,150,0.87658,0.88262,0.90857,0.8,0.99667,1.0,44.69219
