task,system,family,config,split,selected,n_queries,map,mrr,ndcg@10,hit@1,recall@10,recall@50,ms_per_query
typo,"v7 n=(1, 2) idf=0.0 dim=1.0 norm=False/dice pw=0.0",v7,"{""denominator"": ""dice"", ""dim"": 1.0, ""idf"": 0.0, ""n"": ""(1, 2)"", ""normalize"": false, ""position_weight"": 0.0}",tune,False,120,0.82715,0.82715,0.85383,0.76667,0.94167,0.96667,0.46833
typo,"v7 n=(1, 2) idf=0.0 dim=1.0 norm=False/dice pw=0.5",v7,"{""denominator"": ""dice"", ""dim"": 1.0, ""idf"": 0.0, ""n"": ""(1, 2)"", ""normalize"": false, ""position_weight"": 0.5}",tune,False,120,0.86547,0.86547,0.88566,0.81667,0.95,0.975,0.46093
typo,"v7 n=(1, 2) idf=0.0 dim=1.0 norm=False/dice pw=1.0",v7,"{""denominator"": ""dice"", ""dim"": 1.0, ""idf"": 0.0, ""n"": ""(1, 2)"", ""normalize"": false, ""position_weight"": 1.0}",tune,False,120,0.87113,0.87113,0.88983,0.825,0.95,0.975,0.47209
typo,"v7 n=(1, 2) idf=0.0 dim=1.0 norm=True/dice pw=0.0",v7,"{""denominator"": ""dice"", ""dim"": 1.0, ""idf"": 0.0, ""n"": ""(1, 2)"", ""normalize"": true, ""position_weight"": 0.0}",tune,False,120,0.94472,0.94472,0.95633,0.91667,0.99167,0.99167,0.53579
typo,"v7 n=(1, 2) idf=0.0 dim=1.0 norm=True/dice pw=0.5",v7,"{""denominator"": ""dice"", ""dim"": 1.0, ""idf"": 0.0, ""n"": ""(1, 2)"", ""normalize"": true, ""position_weight"": 0.5}",tune,False,120,0.95417,0.95417,0.96346,0.93333,0.99167,0.99167,0.47845
typo,"v7 n=(1, 2) idf=0.0 dim=1.0 norm=True/dice pw=1.0",v7,"{""denominator"": ""dice"", ""dim"": 1.0, ""idf"": 0.0, ""n"": ""(1, 2)"", ""normalize"": true, ""position_weight"": 1.0}",tune,False,120,0.95375,0.95375,0.9631,0.93333,0.99167,0.99167,0.51796
typo,"v7 n=(1, 2) idf=0.0 dim=1.0 norm=True/geo pw=0.0",v7,"{""denominator"": ""geo"", ""dim"": 1.0, ""idf"": 0.0, ""n"": ""(1, 2)"", ""normalize"": true, ""position_weight"": 0.0}",tune,False,120,0.94702,0.94702,0.95817,0.91667,0.99167,0.99167,0.58601
typo,"v7 n=(1, 2) idf=0.0 dim=1.0 norm=True/geo pw=0.5",v7,"{""denominator"": ""geo"", ""dim"": 1.0, ""idf"": 0.0, ""n"": ""(1, 2)"", ""normalize"": true, ""position_weight"": 0.5}",tune,False,120,0.95583,0.95583,0.96477,0.93333,0.99167,0.99167,0.56137
typo,"v7 n=(1, 2) idf=0.0 dim=1.0 norm=True/geo pw=1.0",v7,"{""denominator"": ""geo"", ""dim"": 1.0, ""idf"": 0.0, ""n"": ""(1, 2)"", ""normalize"": true, ""position_weight"": 1.0}",tune,False,120,0.95542,0.95542,0.9644,0.93333,0.99167,0.99167,0.65653
typo,"v7 n=(1, 2) idf=0.0 dim=2.0 norm=False/dice pw=0.0",v7,"{""denominator"": ""dice"", ""dim"": 2.0, ""idf"": 0.0, ""n"": ""(1, 2)"", ""normalize"": false, ""position_weight"": 0.0}",tune,False,120,0.80712,0.80712,0.8364,0.74167,0.93333,0.96667,0.73618
typo,"v7 n=(1, 2) idf=0.0 dim=2.0 norm=False/dice pw=0.5",v7,"{""denominator"": ""dice"", ""dim"": 2.0, ""idf"": 0.0, ""n"": ""(1, 2)"", ""normalize"": false, ""position_weight"": 0.5}",tune,False,120,0.85933,0.85933,0.87852,0.80833,0.94167,0.975,1.00707
typo,"v7 n=(1, 2) idf=0.0 dim=2.0 norm=False/dice pw=1.0",v7,"{""denominator"": ""dice"", ""dim"": 2.0, ""idf"": 0.0, ""n"": ""(1, 2)"", ""normalize"": false, ""position_weight"": 1.0}",tune,False,120,0.86775,0.86775,0.88733,0.81667,0.95,0.975,1.17929
typo,"v7 n=(1, 2) idf=0.0 dim=2.0 norm=True/dice pw=0.0",v7,"{""denominator"": ""dice"", ""dim"": 2.0, ""idf"": 0.0, ""n"": ""(1, 2)"", ""normalize"": true, ""position_weight"": 0.0}",tune,False,120,0.93784,0.93784,0.94873,0.9,0.98333,1.0,1.21672
typo,"v7 n=(1, 2) idf=0.0 dim=2.0 norm=True/dice pw=0.5",v7,"{""denominator"": ""dice"", ""dim"": 2.0, ""idf"": 0.0, ""n"": ""(1, 2)"", ""normalize"": true, ""position_weight"": 0.5}",tune,False,120,0.95701,0.95701,0.96548,0.93333,0.99167,1.0,1.57469
typo,"v7 n=(1, 2) idf=0.0 dim=2.0 norm=True/dice pw=1.0",v7,"{""denominator"": ""dice"", ""dim"": 2.0, ""idf"": 0.0, ""n"": ""(1, 2)"", ""normalize"": true, ""position_weight"": 1.0}",tune,False,120,0.95486,0.95486,0.964,0.93333,0.99167,0.99167,1.61064
typo,"v7 n=(1, 2) idf=0.0 dim=2.0 norm=True/geo pw=0.0",v7,"{""denominator"": ""geo"", ""dim"": 2.0, ""idf"": 0.0, ""n"": ""(1, 2)"", ""normalize"": true, ""position_weight"": 0.0}",tune,False,120,0.94178,0.94178,0.9518,0.90833,0.98333,1.0,2.12246
typo,"v7 n=(1, 2) idf=0.0 dim=2.0 norm=True/geo pw=0.5",v7,"{""denominator"": ""geo"", ""dim"": 2.0, ""idf"": 0.0, ""n"": ""(1, 2)"", ""normalize"": true, ""position_weight"": 0.5}",tune,False,120,0.9566,0.9566,0.96533,0.93333,0.99167,0.99167,2.09679
typo,"v7 n=(1, 2) idf=0.0 dim=2.0 norm=True/geo pw=1.0",v7,"{""denominator"": ""geo"", ""dim"": 2.0, ""idf"": 0.0, ""n"": ""(1, 2)"", ""normalize"": true, ""position_weight"": 1.0}",tune,False,120,0.95605,0.95605,0.9649,0.93333,0.99167,0.99167,1.5264
typo,"v7 n=(1, 2) idf=1.0 dim=1.0 norm=False/dice pw=0.0",v7,"{""denominator"": ""dice"", ""dim"": 1.0, ""idf"": 1.0, ""n"": ""(1, 2)"", ""normalize"": false, ""position_weight"": 0.0}",tune,False,120,0.82331,0.82331,0.84647,0.75833,0.925,0.975,1.11581
typo,"v7 n=(1, 2) idf=1.0 dim=1.0 norm=False/dice pw=0.5",v7,"{""denominator"": ""dice"", ""dim"": 1.0, ""idf"": 1.0, ""n"": ""(1, 2)"", ""normalize"": false, ""position_weight"": 0.5}",tune,False,120,0.84455,0.84455,0.86747,0.775,0.94167,0.975,1.70218
typo,"v7 n=(1, 2) idf=1.0 dim=1.0 norm=False/dice pw=1.0",v7,"{""denominator"": ""dice"", ""dim"": 1.0, ""idf"": 1.0, ""n"": ""(1, 2)"", ""normalize"": false, ""position_weight"": 1.0}",tune,False,120,0.86154,0.86154,0.88277,0.8,0.95,0.975,1.97111
typo,"v7 n=(1, 2) idf=1.0 dim=1.0 norm=True/dice pw=0.0",v7,"{""denominator"": ""dice"", ""dim"": 1.0, ""idf"": 1.0, ""n"": ""(1, 2)"", ""normalize"": true, ""position_weight"": 0.0}",tune,False,120,0.94112,0.94112,0.95133,0.91667,0.98333,0.98333,1.80443
typo,"v7 n=(1, 2) idf=1.0 dim=1.0 norm=True/dice pw=0.5",v7,"{""denominator"": ""dice"", ""dim"": 1.0, ""idf"": 1.0, ""n"": ""(1, 2)"", ""normalize"": true, ""position_weight"": 0.5}",tune,False,120,0.94199,0.94199,0.95195,0.91667,0.98333,0.99167,1.96366
typo,"v7 n=(1, 2) idf=1.0 dim=1.0 norm=True/dice pw=1.0",v7,"{""denominator"": ""dice"", ""dim"": 1.0, ""idf"": 1.0, ""n"": ""(1, 2)"", ""normalize"": true, ""position_weight"": 1.0}",tune,False,120,0.94677,0.94677,0.95546,0.925,0.98333,0.99167,2.095
typo,"v7 n=(1, 2) idf=1.0 dim=1.0 norm=True/geo pw=0.0",v7,"{""denominator"": ""geo"", ""dim"": 1.0, ""idf"": 1.0, ""n"": ""(1, 2)"", ""normalize"": true, ""position_weight"": 0.0}",tune,False,120,0.94103,0.94103,0.95106,0.91667,0.98333,0.99167,2.44919
typo,"v7 n=(1, 2) idf=1.0 dim=1.0 norm=True/geo pw=0.5",v7,"{""denominator"": ""geo"", ""dim"": 1.0, ""idf"": 1.0, ""n"": ""(1, 2)"", ""normalize"": true, ""position_weight"": 0.5}",tune,False,120,0.9501,0.9501,0.95783,0.93333,0.98333,0.99167,2.30848
typo,"v7 n=(1, 2) idf=1.0 dim=1.0 norm=True/geo pw=1.0",v7,"{""denominator"": ""geo"", ""dim"": 1.0, ""idf"": 1.0, ""n"": ""(1, 2)"", ""normalize"": true, ""position_weight"": 1.0}",tune,False,120,0.95093,0.95093,0.95829,0.93333,0.98333,0.99167,2.02886
typo,"v7 n=(1, 2) idf=1.0 dim=2.0 norm=False/dice pw=0.0",v7,"{""denominator"": ""dice"", ""dim"": 2.0, ""idf"": 1.0, ""n"": ""(1, 2)"", ""normalize"": false, ""position_weight"": 0.0}",tune,False,120,0.81721,0.81721,0.84183,0.75,0.925,0.975,1.91508
typo,"v7 n=(1, 2) idf=1.0 dim=2.0 norm=False/dice pw=0.5",v7,"{""denominator"": ""dice"", ""dim"": 2.0, ""idf"": 1.0, ""n"": ""(1, 2)"", ""normalize"": false, ""position_weight"": 0.5}",tune,False,120,0.8431,0.8431,0.86885,0.775,0.95,0.975,1.65023
typo,"v7 n=(1, 2) idf=1.0 dim=2.0 norm=False/dice pw=1.0",v7,"{""denominator"": ""dice"", ""dim"": 2.0, ""idf"": 1.0, ""n"": ""(1, 2)"", ""normalize"": false, ""position_weight"": 1.0}",tune,False,120,0.84957,0.84957,0.87385,0.78333,0.95,0.975,1.79425
typo,"v7 n=(1, 2) idf=1.0 dim=2.0 norm=True/dice pw=0.0",v7,"{""denominator"": ""dice"", ""dim"": 2.0, ""idf"": 1.0, ""n"": ""(1, 2)"", ""normalize"": true, ""position_weight"": 0.0}",tune,False,120,0.91746,0.91746,0.93101,0.88333,0.975,0.98333,1.81405
typo,"v7 n=(1, 2) idf=1.0 dim=2.0 norm=True/dice pw=0.5",v7,"{""denominator"": ""dice"", ""dim"": 2.0, ""idf"": 1.0, ""n"": ""(1, 2)"", ""normalize"": true, ""position_weight"": 0.5}",tune,False,120,0.93125,0.93125,0.94419,0.9,0.98333,0.98333,1.72874
typo,"v7 n=(1, 2) idf=1.0 dim=2.0 norm=True/dice pw=1.0",v7,"{""denominator"": ""dice"", ""dim"": 2.0, ""idf"": 1.0, ""n"": ""(1, 2)"", ""normalize"": true, ""position_weight"": 1.0}",tune,False,120,0.93389,0.93389,0.94633,0.9,0.98333,0.98333,1.54235
typo,"v7 n=(1, 2) idf=1.0 dim=2.0 norm=True/geo pw=0.0",v7,"{""denominator"": ""geo"", ""dim"": 2.0, ""idf"": 1.0, ""n"": ""(1, 2)"", ""normalize"": true, ""position_weight"": 0.0}",tune,False,120,0.91794,0.91794,0.93141,0.88333,0.975,0.98333,1.51514
typo,"v7 n=(1, 2) idf=1.0 dim=2.0 norm=True/geo pw=0.5",v7,"{""denominator"": ""geo"", ""dim"": 2.0, ""idf"": 1.0, ""n"": ""(1, 2)"", ""normalize"": true, ""position_weight"": 0.5}",tune,False,120,0.93917,0.93917,0.95028,0.90833,0.98333,0.98333,1.51289
typo,"v7 n=(1, 2) idf=1.0 dim=2.0 norm=True/geo pw=1.0",v7,"{""denominator"": ""geo"", ""dim"": 2.0, ""idf"": 1.0, ""n"": ""(1, 2)"", ""normalize"": true, ""position_weight"": 1.0}",tune,False,120,0.94333,0.94333,0.95331,0.91667,0.98333,0.98333,1.58729
typo,"v7 n=(1, 2) idf=2.0 dim=1.0 norm=False/dice pw=0.0",v7,"{""denominator"": ""dice"", ""dim"": 1.0, ""idf"": 2.0, ""n"": ""(1, 2)"", ""normalize"": false, ""position_weight"": 0.0}",tune,False,120,0.70288,0.70288,0.74177,0.6,0.875,0.96667,1.27551
typo,"v7 n=(1, 2) idf=2.0 dim=1.0 norm=False/dice pw=0.5",v7,"{""denominator"": ""dice"", ""dim"": 1.0, ""idf"": 2.0, ""n"": ""(1, 2)"", ""normalize"": false, ""position_weight"": 0.5}",tune,False,120,0.74877,0.74877,0.78355,0.65833,0.9,0.96667,1.39672
typo,"v7 n=(1, 2) idf=2.0 dim=1.0 norm=False/dice pw=1.0",v7,"{""denominator"": ""dice"", ""dim"": 1.0, ""idf"": 2.0, ""n"": ""(1, 2)"", ""normalize"": false, ""position_weight"": 1.0}",tune,False,120,0.75825,0.75825,0.79553,0.66667,0.91667,0.96667,1.72265
typo,"v7 n=(1, 2) idf=2.0 dim=1.0 norm=True/dice pw=0.0",v7,"{""denominator"": ""dice"", ""dim"": 1.0, ""idf"": 2.0, ""n"": ""(1, 2)"", ""normalize"": true, ""position_weight"": 0.0}",tune,False,120,0.82714,0.82714,0.84688,0.76667,0.91667,0.96667,1.82543
typo,"v7 n=(1, 2) idf=2.0 dim=1.0 norm=True/dice pw=0.5",v7,"{""denominator"": ""dice"", ""dim"": 1.0, ""idf"": 2.0, ""n"": ""(1, 2)"", ""normalize"": true, ""position_weight"": 0.5}",tune,False,120,0.84616,0.84616,0.86628,0.78333,0.93333,0.96667,2.06304
typo,"v7 n=(1, 2) idf=2.0 dim=1.0 norm=True/dice pw=1.0",v7,"{""denominator"": ""dice"", ""dim"": 1.0, ""idf"": 2.0, ""n"": ""(1, 2)"", ""normalize"": true, ""position_weight"": 1.0}",tune,False,120,0.86161,0.86161,0.87773,0.80833,0.93333,0.96667,1.67111
typo,"v7 n=(1, 2) idf=2.0 dim=1.0 norm=True/geo pw=0.0",v7,"{""denominator"": ""geo"", ""dim"": 1.0, ""idf"": 2.0, ""n"": ""(1, 2)"", ""normalize"": true, ""position_weight"": 0.0}",tune,False,120,0.8478,0.8478,0.87026,0.78333,0.94167,0.96667,1.46733
typo,"v7 n=(1, 2) idf=2.0 dim=1.0 norm=True/geo pw=0.5",v7,"{""denominator"": ""geo"", ""dim"": 1.0, ""idf"": 2.0, ""n"": ""(1, 2)"", ""normalize"": true, ""position_weight"": 0.5}",tune,False,120,0.86066,0.86066,0.88225,0.79167,0.95,0.975,1.5427
typo,"v7 n=(1, 2) idf=2.0 dim=1.0 norm=True/geo pw=1.0",v7,"{""denominator"": ""geo"", ""dim"": 1.0, ""idf"": 2.0, ""n"": ""(1, 2)"", ""normalize"": true, ""position_weight"": 1.0}",tune,False,120,0.87817,0.87817,0.89538,0.81667,0.95,0.975,1.50447
typo,"v7 n=(1, 2) idf=2.0 dim=2.0 norm=False/dice pw=0.0",v7,"{""denominator"": ""dice"", ""dim"": 2.0, ""idf"": 2.0, ""n"": ""(1, 2)"", ""normalize"": false, ""position_weight"": 0.0}",tune,False,120,0.68656,0.68656,0.73013,0.575,0.875,0.95,1.39787
typo,"v7 n=(1, 2) idf=2.0 dim=2.0 norm=False/dice pw=0.5",v7,"{""denominator"": ""dice"", ""dim"": 2.0, ""idf"": 2.0, ""n"": ""(1, 2)"", ""normalize"": false, ""position_weight"": 0.5}",tune,False,120,0.72034,0.72034,0.75996,0.60833,0.89167,0.95,1.2151
typo,"v7 n=(1, 2) idf=2.0 dim=2.0 norm=False/dice pw=1.0",v7,"{""denominator"": ""dice"", ""dim"": 2.0, ""idf"": 2.0, ""n"": ""(1, 2)"", ""normalize"": false, ""position_weight"": 1.0}",tune,False,120,0.74138,0.74138,0.77799,0.63333,0.9,0.95833,1.24079
typo,"v7 n=(1, 2) idf=2.0 dim=2.0 norm=True/dice pw=0.0",v7,"{""denominator"": ""dice"", ""dim"": 2.0, ""idf"": 2.0, ""n"": ""(1, 2)"", ""normalize"": true, ""position_weight"": 0.0}",tune,False,120,0.73747,0.73747,0.76774,0.675,0.875,0.925,1.45083
typo,"v7 n=(1, 2) idf=2.0 dim=2.0 norm=True/dice pw=0.5",v7,"{""denominator"": ""dice"", ""dim"": 2.0, ""idf"": 2.0, ""n"": ""(1, 2)"", ""normalize"": true, ""position_weight"": 0.5}",tune,False,120,0.80777,0.80777,0.83062,0.75833,0.90833,0.94167,1.43856
typo,"v7 n=(1, 2) idf=2.0 dim=2.0 norm=True/dice pw=1.0",v7,"{""denominator"": ""dice"", ""dim"": 2.0, ""idf"": 2.0, ""n"": ""(1, 2)"", ""normalize"": true, ""position_weight"": 1.0}",tune,False,120,0.83757,0.83757,0.85758,0.79167,0.925,0.95833,1.41264
typo,"v7 n=(1, 2) idf=2.0 dim=2.0 norm=True/geo pw=0.0",v7,"{""denominator"": ""geo"", ""dim"": 2.0, ""idf"": 2.0, ""n"": ""(1, 2)"", ""normalize"": true, ""position_weight"": 0.0}",tune,False,120,0.76866,0.76866,0.8014,0.7,0.90833,0.94167,1.36457
typo,"v7 n=(1, 2) idf=2.0 dim=2.0 norm=True/geo pw=0.5",v7,"{""denominator"": ""geo"", ""dim"": 2.0, ""idf"": 2.0, ""n"": ""(1, 2)"", ""normalize"": true, ""position_weight"": 0.5}",tune,False,120,0.8322,0.8322,0.85092,0.775,0.91667,0.96667,1.4174
typo,"v7 n=(1, 2) idf=2.0 dim=2.0 norm=True/geo pw=1.0",v7,"{""denominator"": ""geo"", ""dim"": 2.0, ""idf"": 2.0, ""n"": ""(1, 2)"", ""normalize"": true, ""position_weight"": 1.0}",tune,False,120,0.86353,0.86353,0.88153,0.81667,0.94167,0.96667,1.40487
typo,"v7 n=(1, 2) idf=3.0 dim=1.0 norm=False/dice pw=0.0",v7,"{""denominator"": ""dice"", ""dim"": 1.0, ""idf"": 3.0, ""n"": ""(1, 2)"", ""normalize"": false, ""position_weight"": 0.0}",tune,False,120,0.55602,0.55602,0.60003,0.45833,0.76667,0.91667,1.26878
typo,"v7 n=(1, 2) idf=3.0 dim=1.0 norm=False/dice pw=0.5",v7,"{""denominator"": ""dice"", ""dim"": 1.0, ""idf"": 3.0, ""n"": ""(1, 2)"", ""normalize"": false, ""position_weight"": 0.5}",tune,False,120,0.58126,0.58126,0.62421,0.475,0.78333,0.93333,1.16591
typo,"v7 n=(1, 2) idf=3.0 dim=1.0 norm=False/dice pw=1.0",v7,"{""denominator"": ""dice"", ""dim"": 1.0, ""idf"": 3.0, ""n"": ""(1, 2)"", ""normalize"": false, ""position_weight"": 1.0}",tune,False,120,0.58774,0.58774,0.63327,0.48333,0.8,0.93333,1.21199
typo,"v7 n=(1, 2) idf=3.0 dim=1.0 norm=True/dice pw=0.0",v7,"{""denominator"": ""dice"", ""dim"": 1.0, ""idf"": 3.0, ""n"": ""(1, 2)"", ""normalize"": true, ""position_weight"": 0.0}",tune,False,120,0.65212,0.65212,0.68041,0.575,0.78333,0.89167,1.33376
typo,"v7 n=(1, 2) idf=3.0 dim=1.0 norm=True/dice pw=0.5",v7,"{""denominator"": ""dice"", ""dim"": 1.0, ""idf"": 3.0, ""n"": ""(1, 2)"", ""normalize"": true, ""position_weight"": 0.5}",tune,False,120,0.68044,0.68044,0.70803,0.60833,0.80833,0.90833,1.35668
typo,"v7 n=(1, 2) idf=3.0 dim=1.0 norm=True/dice pw=1.0",v7,"{""denominator"": ""dice"", ""dim"": 1.0, ""idf"": 3.0, ""n"": ""(1, 2)"", ""normalize"": true, ""position_weight"": 1.0}",tune,False,120,0.68945,0.68945,0.71826,0.60833,0.825,0.93333,1.29285
typo,"v7 n=(1, 2) idf=3.0 dim=1.0 norm=True/geo pw=0.0",v7,"{""denominator"": ""geo"", ""dim"": 1.0, ""idf"": 3.0, ""n"": ""(1, 2)"", ""normalize"": true, ""position_weight"": 0.0}",tune,False,120,0.67005,0.67005,0.70373,0.58333,0.825,0.91667,1.28921
typo,"v7 n=(1, 2) idf=3.0 dim=1.0 norm=True/geo pw=0.5",v7,"{""denominator"": ""geo"", ""dim"": 1.0, ""idf"": 3.0, ""n"": ""(1, 2)"", ""normalize"": true, ""position_weight"": 0.5}",tune,False,120,0.69749,0.69749,0.73748,0.60833,0.875,0.95,1.31651
typo,"v7 n=(1, 2) idf=3.0 dim=1.0 norm=True/geo pw=1.0",v7,"{""denominator"": ""geo"", ""dim"": 1.0, ""idf"": 3.0, ""n"": ""(1, 2)"", ""normalize"": true, ""position_weight"": 1.0}",tune,False,120,0.72133,0.72133,0.75768,0.63333,0.88333,0.95,1.36226
typo,"v7 n=(1, 2) idf=3.0 dim=2.0 norm=False/dice pw=0.0",v7,"{""denominator"": ""dice"", ""dim"": 2.0, ""idf"": 3.0, ""n"": ""(1, 2)"", ""normalize"": false, ""position_weight"": 0.0}",tune,False,120,0.54433,0.54433,0.59128,0.44167,0.76667,0.90833,1.26025
typo,"v7 n=(1, 2) idf=3.0 dim=2.0 norm=False/dice pw=0.5",v7,"{""denominator"": ""dice"", ""dim"": 2.0, ""idf"": 3.0, ""n"": ""(1, 2)"", ""normalize"": false, ""position_weight"": 0.5}",tune,False,120,0.56243,0.56243,0.6125,0.45,0.79167,0.925,1.3116
typo,"v7 n=(1, 2) idf=3.0 dim=2.0 norm=False/dice pw=1.0",v7,"{""denominator"": ""dice"", ""dim"": 2.0, ""idf"": 3.0, ""n"": ""(1, 2)"", ""normalize"": false, ""position_weight"": 1.0}",tune,False,120,0.57736,0.57736,0.62578,0.46667,0.8,0.925,1.30432
typo,"v7 n=(1, 2) idf=3.0 dim=2.0 norm=True/dice pw=0.0",v7,"{""denominator"": ""dice"", ""dim"": 2.0, ""idf"": 3.0, ""n"": ""(1, 2)"", ""normalize"": true, ""position_weight"": 0.0}",tune,False,120,0.63787,0.63787,0.64948,0.59167,0.7,0.8,1.39457
typo,"v7 n=(1, 2) idf=3.0 dim=2.0 norm=True/dice pw=0.5",v7,"{""denominator"": ""dice"", ""dim"": 2.0, ""idf"": 3.0, ""n"": ""(1, 2)"", ""normalize"": true, ""position_weight"": 0.5}",tune,False,120,0.65047,0.65047,0.67388,0.6,0.75833,0.825,1.34375
typo,"v7 n=(1, 2) idf=3.0 dim=2.0 norm=True/dice pw=1.0",v7,"{""denominator"": ""dice"", ""dim"": 2.0, ""idf"": 3.0, ""n"": ""(1, 2)"", ""normalize"": true, ""position_weight"": 1.0}",tune,False,120,0.66268,0.66268,0.68991,0.6,0.78333,0.85,1.38133
typo,"v7 n=(1, 2) idf=3.0 dim=2.0 norm=True/geo pw=0.0",v7,"{""denominator"": ""geo"", ""dim"": 2.0, ""idf"": 3.0, ""n"": ""(1, 2)"", ""normalize"": true, ""position_weight"": 0.0}",tune,False,120,0.63911,0.63911,0.65664,0.58333,0.725,0.8,1.39531
typo,"v7 n=(1, 2) idf=3.0 dim=2.0 norm=True/geo pw=0.5",v7,"{""denominator"": ""geo"", ""dim"": 2.0, ""idf"": 3.0, ""n"": ""(1, 2)"", ""normalize"": true, ""position_weight"": 0.5}",tune,False,120,0.65924,0.65924,0.68497,0.6,0.775,0.85833,1.28256
typo,"v7 n=(1, 2) idf=3.0 dim=2.0 norm=True/geo pw=1.0",v7,"{""denominator"": ""geo"", ""dim"": 2.0, ""idf"": 3.0, ""n"": ""(1, 2)"", ""normalize"": true, ""position_weight"": 1.0}",tune,False,120,0.68569,0.68569,0.70789,0.61667,0.79167,0.9,1.42749
typo,"v7 n=(2,) idf=0.0 dim=1.0 norm=False/dice pw=0.0",v7,"{""denominator"": ""dice"", ""dim"": 1.0, ""idf"": 0.0, ""n"": ""(2,)"", ""normalize"": false, ""position_weight"": 0.0}",tune,False,120,0.79023,0.79023,0.82244,0.71667,0.925,0.95,0.44639
typo,"v7 n=(2,) idf=0.0 dim=1.0 norm=False/dice pw=0.5",v7,"{""denominator"": ""dice"", ""dim"": 1.0, ""idf"": 0.0, ""n"": ""(2,)"", ""normalize"": false, ""position_weight"": 0.5}",tune,False,120,0.86803,0.86803,0.88463,0.825,0.94167,0.98333,0.43954
typo,"v7 n=(2,) idf=0.0 dim=1.0 norm=False/dice pw=1.0",v7,"{""denominator"": ""dice"", ""dim"": 1.0, ""idf"": 0.0, ""n"": ""(2,)"", ""normalize"": false, ""position_weight"": 1.0}",tune,False,120,0.86803,0.86803,0.88463,0.825,0.94167,0.98333,0.4338
typo,"v7 n=(2,) idf=0.0 dim=1.0 norm=True/dice pw=0.0",v7,"{""denominator"": ""dice"", ""dim"": 1.0, ""idf"": 0.0, ""n"": ""(2,)"", ""normalize"": true, ""position_weight"": 0.0}",tune,False,120,0.87598,0.87598,0.89958,0.81667,0.975,0.99167,0.48606
typo,"v7 n=(2,) idf=0.0 dim=1.0 norm=True/dice pw=0.5",v7,"{""denominator"": ""dice"", ""dim"": 1.0, ""idf"": 0.0, ""n"": ""(2,)"", ""normalize"": true, ""position_weight"": 0.5}",tune,False,120,0.88594,0.88594,0.90703,0.83333,0.975,0.99167,0.49508
typo,"v7 n=(2,) idf=0.0 dim=1.0 norm=True/dice pw=1.0",v7,"{""denominator"": ""dice"", ""dim"": 1.0, ""idf"": 0.0, ""n"": ""(2,)"", ""normalize"": true, ""position_weight"": 1.0}",tune,False,120,0.88656,0.88656,0.90759,0.83333,0.975,0.99167,0.44897
typo,"v7 n=(2,) idf=0.0 dim=1.0 norm=True/geo pw=0.0",v7,"{""denominator"": ""geo"", ""dim"": 1.0, ""idf"": 0.0, ""n"": ""(2,)"", ""normalize"": true, ""position_weight"": 0.0}",tune,False,120,0.87573,0.87573,0.89939,0.81667,0.975,0.99167,0.4817
typo,"v7 n=(2,) idf=0.0 dim=1.0 norm=True/geo pw=0.5",v7,"{""denominator"": ""geo"", ""dim"": 1.0, ""idf"": 0.0, ""n"": ""(2,)"", ""normalize"": true, ""position_weight"": 0.5}",tune,False,120,0.8858,0.8858,0.90697,0.83333,0.975,0.99167,0.46858
typo,"v7 n=(2,) idf=0.0 dim=1.0 norm=True/geo pw=1.0",v7,"{""denominator"": ""geo"", ""dim"": 1.0, ""idf"": 0.0, ""n"": ""(2,)"", ""normalize"": true, ""position_weight"": 1.0}",tune,False,120,0.88611,0.88611,0.90722,0.83333,0.975,0.99167,0.50006
typo,"v7 n=(2,) idf=1.0 dim=1.0 norm=False/dice pw=0.0",v7,"{""denominator"": ""dice"", ""dim"": 1.0, ""idf"": 1.0, ""n"": ""(2,)"", ""normalize"": false, ""position_weight"": 0.0}",tune,False,120,0.80765,0.80765,0.83474,0.75,0.925,0.95833,0.4312
typo,"v7 n=(2,) idf=1.0 dim=1.0 norm=False/dice pw=0.5",v7,"{""denominator"": ""dice"", ""dim"": 1.0, ""idf"": 1.0, ""n"": ""(2,)"", ""normalize"": false, ""position_weight"": 0.5}",tune,False,120,0.82367,0.82367,0.84976,0.75833,0.93333,0.96667,0.44856
typo,"v7 n=(2,) idf=1.0 dim=1.0 norm=False/dice pw=1.0",v7,"{""denominator"": ""dice"", ""dim"": 1.0, ""idf"": 1.0, ""n"": ""(2,)"", ""normalize"": false, ""position_weight"": 1.0}",tune,False,120,0.84047,0.84047,0.86248,0.78333,0.93333,0.96667,0.3972
typo,"v7 n=(2,) idf=1.0 dim=1.0 norm=True/dice pw=0.0",v7,"{""denominator"": ""dice"", ""dim"": 1.0, ""idf"": 1.0, ""n"": ""(2,)"", ""normalize"": true, ""position_weight"": 0.0}",tune,False,120,0.87926,0.87926,0.89539,0.83333,0.95,0.98333,0.49292
typo,"v7 n=(2,) idf=1.0 dim=1.0 norm=True/dice pw=0.5",v7,"{""denominator"": ""dice"", ""dim"": 1.0, ""idf"": 1.0, ""n"": ""(2,)"", ""normalize"": true, ""position_weight"": 0.5}",tune,False,120,0.88705,0.88705,0.90122,0.84167,0.95,0.98333,0.551
typo,"v7 n=(2,) idf=1.0 dim=1.0 norm=True/dice pw=1.0",v7,"{""denominator"": ""dice"", ""dim"": 1.0, ""idf"": 1.0, ""n"": ""(2,)"", ""normalize"": true, ""position_weight"": 1.0}",tune,False,120,0.89222,0.89222,0.90999,0.84167,0.96667,0.98333,0.48738
typo,"v7 n=(2,) idf=1.0 dim=1.0 norm=True/geo pw=0.0",v7,"{""denominator"": ""geo"", ""dim"": 1.0, ""idf"": 1.0, ""n"": ""(2,)"", ""normalize"": true, ""position_weight"": 0.0}",tune,False,120,0.87863,0.87863,0.89466,0.83333,0.95,0.98333,0.53267
typo,"v7 n=(2,) idf=1.0 dim=1.0 norm=True/geo pw=0.5",v7,"{""denominator"": ""geo"", ""dim"": 1.0, ""idf"": 1.0, ""n"": ""(2,)"", ""normalize"": true, ""position_weight"": 0.5}",tune,False,120,0.89161,0.89161,0.90445,0.85,0.95,0.98333,0.5203
typo,"v7 n=(2,) idf=1.0 dim=1.0 norm=True/geo pw=1.0",v7,"{""denominator"": ""geo"", ""dim"": 1.0, ""idf"": 1.0, ""n"": ""(2,)"", ""normalize"": true, ""position_weight"": 1.0}",tune,False,120,0.89198,0.89198,0.91209,0.84167,0.975,0.98333,0.52853
typo,"v7 n=(2,) idf=2.0 dim=1.0 norm=False/dice pw=0.0",v7,"{""denominator"": ""dice"", ""dim"": 1.0, ""idf"": 2.0, ""n"": ""(2,)"", ""normalize"": false, ""position_weight"": 0.0}",tune,False,120,0.68334,0.68334,0.72742,0.575,0.875,0.94167,0.44326
typo,"v7 n=(2,) idf=2.0 dim=1.0 norm=False/dice pw=0.5",v7,"{""denominator"": ""dice"", ""dim"": 1.0, ""idf"": 2.0, ""n"": ""(2,)"", ""normalize"": false, ""position_weight"": 0.5}",tune,False,120,0.71849,0.71849,0.75625,0.60833,0.88333,0.94167,0.43948
typo,"v7 n=(2,) idf=2.0 dim=1.0 norm=False/dice pw=1.0",v7,"{""denominator"": ""dice"", ""dim"": 1.0, ""idf"": 2.0, ""n"": ""(2,)"", ""normalize"": false, ""position_weight"": 1.0}",tune,False,120,0.73503,0.73503,0.7733,0.625,0.9,0.95,0.45228
typo,"v7 n=(2,) idf=2.0 dim=1.0 norm=True/dice pw=0.0",v7,"{""denominator"": ""dice"", ""dim"": 1.0, ""idf"": 2.0, ""n"": ""(2,)"", ""normalize"": true, ""position_weight"": 0.0}",tune,False,120,0.79391,0.79391,0.82624,0.71667,0.93333,0.96667,0.50688
typo,"v7 n=(2,) idf=2.0 dim=1.0 norm=True/dice pw=0.5",v7,"{""denominator"": ""dice"", ""dim"": 1.0, ""idf"": 2.0, ""n"": ""(2,)"", ""normalize"": true, ""position_weight"": 0.5}",tune,False,120,0.80732,0.80732,0.83877,0.73333,0.94167,0.975,0.53707
typo,"v7 n=(2,) idf=2.0 dim=1.0 norm=True/dice pw=1.0",v7,"{""denominator"": ""dice"", ""dim"": 1.0, ""idf"": 2.0, ""n"": ""(2,)"", ""normalize"": true, ""position_weight"": 1.0}",tune,False,120,0.81777,0.81777,0.84956,0.74167,0.95,0.96667,0.57497
typo,"v7 n=(2,) idf=2.0 dim=1.0 norm=True/geo pw=0.0",v7,"{""denominator"": ""geo"", ""dim"": 1.0, ""idf"": 2.0, ""n"": ""(2,)"", ""normalize"": true, ""position_weight"": 0.0}",tune,False,120,0.79029,0.79029,0.82354,0.70833,0.93333,0.975,0.51868
typo,"v7 n=(2,) idf=2.0 dim=1.0 norm=True/geo pw=0.5",v7,"{""denominator"": ""geo"", ""dim"": 1.0, ""idf"": 2.0, ""n"": ""(2,)"", ""normalize"": true, ""position_weight"": 0.5}",tune,False,120,0.81227,0.81227,0.84243,0.74167,0.94167,0.975,0.60954
typo,"v7 n=(2,) idf=2.0 dim=1.0 norm=True/geo pw=1.0",v7,"{""denominator"": ""geo"", ""dim"": 1.0, ""idf"": 2.0, ""n"": ""(2,)"", ""normalize"": true, ""position_weight"": 1.0}",tune,False,120,0.82349,0.82349,0.8534,0.75833,0.95,0.975,0.59151
typo,"v7 n=(2,) idf=3.0 dim=1.0 norm=False/dice pw=0.0",v7,"{""denominator"": ""dice"", ""dim"": 1.0, ""idf"": 3.0, ""n"": ""(2,)"", ""normalize"": false, ""position_weight"": 0.0}",tune,False,120,0.54316,0.54316,0.59028,0.44167,0.76667,0.90833,0.57072
typo,"v7 n=(2,) idf=3.0 dim=1.0 norm=False/dice pw=0.5",v7,"{""denominator"": ""dice"", ""dim"": 1.0, ""idf"": 3.0, ""n"": ""(2,)"", ""normalize"": false, ""position_weight"": 0.5}",tune,False,120,0.5618,0.5618,0.61213,0.45,0.79167,0.91667,0.65962
typo,"v7 n=(2,) idf=3.0 dim=1.0 norm=False/dice pw=1.0",v7,"{""denominator"": ""dice"", ""dim"": 1.0, ""idf"": 3.0, ""n"": ""(2,)"", ""normalize"": false, ""position_weight"": 1.0}",tune,False,120,0.57538,0.57538,0.62433,0.46667,0.8,0.91667,0.65955
typo,"v7 n=(2,) idf=3.0 dim=1.0 norm=True/dice pw=0.0",v7,"{""denominator"": ""dice"", ""dim"": 1.0, ""idf"": 3.0, ""n"": ""(2,)"", ""normalize"": true, ""position_weight"": 0.0}",tune,False,120,0.60812,0.60812,0.65794,0.49167,0.83333,0.94167,0.8104
typo,"v7 n=(2,) idf=3.0 dim=1.0 norm=True/dice pw=0.5",v7,"{""denominator"": ""dice"", ""dim"": 1.0, ""idf"": 3.0, ""n"": ""(2,)"", ""normalize"": true, ""position_weight"": 0.5}",tune,False,120,0.62455,0.62455,0.67525,0.5,0.85,0.94167,0.6705
typo,"v7 n=(2,) idf=3.0 dim=1.0 norm=True/dice pw=1.0",v7,"{""denominator"": ""dice"", ""dim"": 1.0, ""idf"": 3.0, ""n"": ""(2,)"", ""normalize"": true, ""position_weight"": 1.0}",tune,False,120,0.64381,0.64381,0.69248,0.51667,0.85833,0.94167,0.73027
typo,"v7 n=(2,) idf=3.0 dim=1.0 norm=True/geo pw=0.0",v7,"{""denominator"": ""geo"", ""dim"": 1.0, ""idf"": 3.0, ""n"": ""(2,)"", ""normalize"": true, ""position_weight"": 0.0}",tune,False,120,0.63789,0.63789,0.68959,0.525,0.86667,0.94167,0.7147
typo,"v7 n=(2,) idf=3.0 dim=1.0 norm=True/geo pw=0.5",v7,"{""denominator"": ""geo"", ""dim"": 1.0, ""idf"": 3.0, ""n"": ""(2,)"", ""normalize"": true, ""position_weight"": 0.5}",tune,False,120,0.65056,0.65056,0.70204,0.525,0.875,0.94167,0.63645
typo,"v7 n=(2,) idf=3.0 dim=1.0 norm=True/geo pw=1.0",v7,"{""denominator"": ""geo"", ""dim"": 1.0, ""idf"": 3.0, ""n"": ""(2,)"", ""normalize"": true, ""position_weight"": 1.0}",tune,False,120,0.67452,0.67452,0.72489,0.55833,0.89167,0.94167,0.79737
typo,"v7 n=(2, 3) idf=0.0 dim=1.0 norm=False/dice pw=0.0",v7,"{""denominator"": ""dice"", ""dim"": 1.0, ""idf"": 0.0, ""n"": ""(2, 3)"", ""normalize"": false, ""position_weight"": 0.0}",tune,False,120,0.82341,0.82341,0.84513,0.76667,0.91667,0.94167,0.59328
typo,"v7 n=(2, 3) idf=0.0 dim=1.0 norm=False/dice pw=0.5",v7,"{""denominator"": ""dice"", ""dim"": 1.0, ""idf"": 0.0, ""n"": ""(2, 3)"", ""normalize"": false, ""position_weight"": 0.5}",tune,False,120,0.85213,0.85213,0.86945,0.8,0.925,0.95,0.59312
typo,"v7 n=(2, 3) idf=0.0 dim=1.0 norm=False/dice pw=1.0",v7,"{""denominator"": ""dice"", ""dim"": 1.0, ""idf"": 0.0, ""n"": ""(2, 3)"", ""normalize"": false, ""position_weight"": 1.0}",tune,False,120,0.85216,0.85216,0.86945,0.8,0.925,0.95,0.63145
typo,"v7 n=(2, 3) idf=0.0 dim=1.0 norm=True/dice pw=0.0",v7,"{""denominator"": ""dice"", ""dim"": 1.0, ""idf"": 0.0, ""n"": ""(2, 3)"", ""normalize"": true, ""position_weight"": 0.0}",tune,False,120,0.86288,0.86288,0.8816,0.81667,0.94167,0.975,0.66536
typo,"v7 n=(2, 3) idf=0.0 dim=1.0 norm=True/dice pw=0.5",v7,"{""denominator"": ""dice"", ""dim"": 1.0, ""idf"": 0.0, ""n"": ""(2, 3)"", ""normalize"": true, ""position_weight"": 0.5}",tune,False,120,0.87233,0.87233,0.88869,0.83333,0.94167,0.975,0.64476
typo,"v7 n=(2, 3) idf=0.0 dim=1.0 norm=True/dice pw=1.0",v7,"{""denominator"": ""dice"", ""dim"": 1.0, ""idf"": 0.0, ""n"": ""(2, 3)"", ""normalize"": true, ""position_weight"": 1.0}",tune,False,120,0.87256,0.87256,0.88881,0.83333,0.94167,0.975,0.76445
typo,"v7 n=(2, 3) idf=0.0 dim=1.0 norm=True/geo pw=0.0",v7,"{""denominator"": ""geo"", ""dim"": 1.0, ""idf"": 0.0, ""n"": ""(2, 3)"", ""normalize"": true, ""position_weight"": 0.0}",tune,False,120,0.85842,0.85842,0.8779,0.81667,0.94167,0.975,0.74018
typo,"v7 n=(2, 3) idf=0.0 dim=1.0 norm=True/geo pw=0.5",v7,"{""denominator"": ""geo"", ""dim"": 1.0, ""idf"": 0.0, ""n"": ""(2, 3)"", ""normalize"": true, ""position_weight"": 0.5}",tune,False,120,0.86327,0.86327,0.88165,0.825,0.94167,0.975,0.71654
typo,"v7 n=(2, 3) idf=0.0 dim=1.0 norm=True/geo pw=1.0",v7,"{""denominator"": ""geo"", ""dim"": 1.0, ""idf"": 0.0, ""n"": ""(2, 3)"", ""normalize"": true, ""position_weight"": 1.0}",tune,False,120,0.87042,0.87042,0.88714,0.83333,0.94167,0.975,0.6976
typo,"v7 n=(2, 3) idf=0.0 dim=2.0 norm=False/dice pw=0.0",v7,"{""denominator"": ""dice"", ""dim"": 2.0, ""idf"": 0.0, ""n"": ""(2, 3)"", ""normalize"": false, ""position_weight"": 0.0}",tune,False,120,0.82373,0.82373,0.84513,0.76667,0.91667,0.95,0.59386
typo,"v7 n=(2, 3) idf=0.0 dim=2.0 norm=False/dice pw=0.5",v7,"{""denominator"": ""dice"", ""dim"": 2.0, ""idf"": 0.0, ""n"": ""(2, 3)"", ""normalize"": false, ""position_weight"": 0.5}",tune,False,120,0.85239,0.85239,0.86945,0.8,0.925,0.95833,0.61305
typo,"v7 n=(2, 3) idf=0.0 dim=2.0 norm=False/dice pw=1.0",v7,"{""denominator"": ""dice"", ""dim"": 2.0, ""idf"": 0.0, ""n"": ""(2, 3)"", ""normalize"": false, ""position_weight"": 1.0}",tune,False,120,0.85366,0.85366,0.87483,0.8,0.94167,0.96667,0.63099
typo,"v7 n=(2, 3) idf=0.0 dim=2.0 norm=True/dice pw=0.0",v7,"{""denominator"": ""dice"", ""dim"": 2.0, ""idf"": 0.0, ""n"": ""(2, 3)"", ""normalize"": true, ""position_weight"": 0.0}",tune,False,120,0.86814,0.86814,0.8914,0.81667,0.96667,0.99167,0.74485
typo,"v7 n=(2, 3) idf=0.0 dim=2.0 norm=True/dice pw=0.5",v7,"{""denominator"": ""dice"", ""dim"": 2.0, ""idf"": 0.0, ""n"": ""(2, 3)"", ""normalize"": true, ""position_weight"": 0.5}",tune,False,120,0.87777,0.87777,0.89872,0.83333,0.96667,0.99167,0.71373
typo,"v7 n=(2, 3) idf=0.0 dim=2.0 norm=True/dice pw=1.0",v7,"{""denominator"": ""dice"", ""dim"": 2.0, ""idf"": 0.0, ""n"": ""(2, 3)"", ""normalize"": true, ""position_weight"": 1.0}",tune,False,120,0.87781,0.87781,0.89872,0.83333,0.96667,0.99167,0.71078
typo,"v7 n=(2, 3) idf=0.0 dim=2.0 norm=True/geo pw=0.0",v7,"{""denominator"": ""geo"", ""dim"": 2.0, ""idf"": 0.0, ""n"": ""(2, 3)"", ""normalize"": true, ""position_weight"": 0.0}",tune,False,120,0.86535,0.86535,0.889,0.81667,0.96667,0.99167,0.73266
typo,"v7 n=(2, 3) idf=0.0 dim=2.0 norm=True/geo pw=0.5",v7,"{""denominator"": ""geo"", ""dim"": 2.0, ""idf"": 0.0, ""n"": ""(2, 3)"", ""normalize"": true, ""position_weight"": 0.5}",tune,False,120,0.87707,0.87707,0.89814,0.83333,0.96667,0.99167,0.73024
typo,"v7 n=(2, 3) idf=0.0 dim=2.0 norm=True/geo pw=1.0",v7,"{""denominator"": ""geo"", ""dim"": 2.0, ""idf"": 0.0, ""n"": ""(2, 3)"", ""normalize"": true, ""position_weight"": 1.0}",tune,False,120,0.87707,0.87707,0.89814,0.83333,0.96667,0.99167,0.68739
typo,"v7 n=(2, 3) idf=1.0 dim=1.0 norm=False/dice pw=0.0",v7,"{""denominator"": ""dice"", ""dim"": 1.0, ""idf"": 1.0, ""n"": ""(2, 3)"", ""normalize"": false, ""position_weight"": 0.0}",tune,False,120,0.80789,0.80789,0.82843,0.75833,0.9,0.94167,0.62491
typo,"v7 n=(2, 3) idf=1.0 dim=1.0 norm=False/dice pw=0.5",v7,"{""denominator"": ""dice"", ""dim"": 1.0, ""idf"": 1.0, ""n"": ""(2, 3)"", ""normalize"": false, ""position_weight"": 0.5}",tune,False,120,0.8265,0.8265,0.84559,0.76667,0.90833,0.94167,0.61986
typo,"v7 n=(2, 3) idf=1.0 dim=1.0 norm=False/dice pw=1.0",v7,"{""denominator"": ""dice"", ""dim"": 1.0, ""idf"": 1.0, ""n"": ""(2, 3)"", ""normalize"": false, ""position_weight"": 1.0}",tune,False,120,0.82953,0.82953,0.85028,0.76667,0.91667,0.94167,0.60643
typo,"v7 n=(2, 3) idf=1.0 dim=1.0 norm=True/dice pw=0.0",v7,"{""denominator"": ""dice"", ""dim"": 1.0, ""idf"": 1.0, ""n"": ""(2, 3)"", ""normalize"": true, ""position_weight"": 0.0}",tune,False,120,0.84772,0.84772,0.86749,0.79167,0.93333,0.975,0.73232
typo,"v7 n=(2, 3) idf=1.0 dim=1.0 norm=True/dice pw=0.5",v7,"{""denominator"": ""dice"", ""dim"": 1.0, ""idf"": 1.0, ""n"": ""(2, 3)"", ""normalize"": true, ""position_weight"": 0.5}",tune,False,120,0.85456,0.85456,0.87268,0.8,0.93333,0.975,0.74801
typo,"v7 n=(2, 3) idf=1.0 dim=1.0 norm=True/dice pw=1.0",v7,"{""denominator"": ""dice"", ""dim"": 1.0, ""idf"": 1.0, ""n"": ""(2, 3)"", ""normalize"": true, ""position_weight"": 1.0}",tune,False,120,0.86469,0.86469,0.88265,0.81667,0.94167,0.975,0.80625
typo,"v7 n=(2, 3) idf=1.0 dim=1.0 norm=True/geo pw=0.0",v7,"{""denominator"": ""geo"", ""dim"": 1.0, ""idf"": 1.0, ""n"": ""(2, 3)"", ""normalize"": true, ""position_weight"": 0.0}",tune,False,120,0.85115,0.85115,0.86976,0.8,0.93333,0.975,0.78024
typo,"v7 n=(2, 3) idf=1.0 dim=1.0 norm=True/geo pw=0.5",v7,"{""denominator"": ""geo"", ""dim"": 1.0, ""idf"": 1.0, ""n"": ""(2, 3)"", ""normalize"": true, ""position_weight"": 0.5}",tune,False,120,0.85556,0.85556,0.87332,0.8,0.93333,0.975,0.7336
typo,"v7 n=(2, 3) idf=1.0 dim=1.0 norm=True/geo pw=1.0",v7,"{""denominator"": ""geo"", ""dim"": 1.0, ""idf"": 1.0, ""n"": ""(2, 3)"", ""normalize"": true, ""position_weight"": 1.0}",tune,False,120,0.86362,0.86362,0.88171,0.81667,0.94167,0.975,0.73272
typo,"v7 n=(2, 3) idf=1.0 dim=2.0 norm=False/dice pw=0.0",v7,"{""denominator"": ""dice"", ""dim"": 2.0, ""idf"": 1.0, ""n"": ""(2, 3)"", ""normalize"": false, ""position_weight"": 0.0}",tune,False,120,0.80948,0.80948,0.82938,0.75833,0.9,0.95,0.58884
typo,"v7 n=(2, 3) idf=1.0 dim=2.0 norm=False/dice pw=0.5",v7,"{""denominator"": ""dice"", ""dim"": 2.0, ""idf"": 1.0, ""n"": ""(2, 3)"", ""normalize"": false, ""position_weight"": 0.5}",tune,False,120,0.8271,0.8271,0.848,0.76667,0.91667,0.95,0.59416
typo,"v7 n=(2, 3) idf=1.0 dim=2.0 norm=False/dice pw=1.0",v7,"{""denominator"": ""dice"", ""dim"": 2.0, ""idf"": 1.0, ""n"": ""(2, 3)"", ""normalize"": false, ""position_weight"": 1.0}",tune,False,120,0.82867,0.82867,0.84919,0.76667,0.91667,0.95,0.61817
typo,"v7 n=(2, 3) idf=1.0 dim=2.0 norm=True/dice pw=0.0",v7,"{""denominator"": ""dice"", ""dim"": 2.0, ""idf"": 1.0, ""n"": ""(2, 3)"", ""normalize"": true, ""position_weight"": 0.0}",tune,False,120,0.85767,0.85767,0.87928,0.8,0.95,0.98333,0.78315
typo,"v7 n=(2, 3) idf=1.0 dim=2.0 norm=True/dice pw=0.5",v7,"{""denominator"": ""dice"", ""dim"": 2.0, ""idf"": 1.0, ""n"": ""(2, 3)"", ""normalize"": true, ""position_weight"": 0.5}",tune,False,120,0.86813,0.86813,0.88939,0.81667,0.95833,0.98333,0.79844
typo,"v7 n=(2, 3) idf=1.0 dim=2.0 norm=True/dice pw=1.0",v7,"{""denominator"": ""dice"", ""dim"": 2.0, ""idf"": 1.0, ""n"": ""(2, 3)"", ""normalize"": true, ""position_weight"": 1.0}",tune,False,120,0.87298,0.87298,0.89325,0.81667,0.95833,0.98333,0.83661
typo,"v7 n=(2, 3) idf=1.0 dim=2.0 norm=True/geo pw=0.0",v7,"{""denominator"": ""geo"", ""dim"": 2.0, ""idf"": 1.0, ""n"": ""(2, 3)"", ""normalize"": true, ""position_weight"": 0.0}",tune,False,120,0.86084,0.86084,0.88133,0.80833,0.95,0.98333,0.78693
typo,"v7 n=(2, 3) idf=1.0 dim=2.0 norm=True/geo pw=0.5",v7,"{""denominator"": ""geo"", ""dim"": 2.0, ""idf"": 1.0, ""n"": ""(2, 3)"", ""normalize"": true, ""position_weight"": 0.5}",tune,False,120,0.86756,0.86756,0.88877,0.81667,0.95833,0.98333,0.69764
typo,"v7 n=(2, 3) idf=1.0 dim=2.0 norm=True/geo pw=1.0",v7,"{""denominator"": ""geo"", ""dim"": 2.0, ""idf"": 1.0, ""n"": ""(2, 3)"", ""normalize"": true, ""position_weight"": 1.0}",tune,False,120,0.87194,0.87194,0.89457,0.81667,0.96667,0.98333,0.79897
typo,"v7 n=(2, 3) idf=2.0 dim=1.0 norm=False/dice pw=0.0",v7,"{""denominator"": ""dice"", ""dim"": 1.0, ""idf"": 2.0, ""n"": ""(2, 3)"", ""normalize"": false, ""position_weight"": 0.0}",tune,False,120,0.76788,0.76788,0.7935,0.7,0.88333,0.93333,0.61753
typo,"v7 n=(2, 3) idf=2.0 dim=1.0 norm=False/dice pw=0.5",v7,"{""denominator"": ""dice"", ""dim"": 1.0, ""idf"": 2.0, ""n"": ""(2, 3)"", ""normalize"": false, ""position_weight"": 0.5}",tune,False,120,0.78891,0.78891,0.81192,0.725,0.89167,0.94167,0.62195
typo,"v7 n=(2, 3) idf=2.0 dim=1.0 norm=False/dice pw=1.0",v7,"{""denominator"": ""dice"", ""dim"": 1.0, ""idf"": 2.0, ""n"": ""(2, 3)"", ""normalize"": false, ""position_weight"": 1.0}",tune,False,120,0.79966,0.79966,0.82,0.74167,0.89167,0.94167,0.66537
typo,"v7 n=(2, 3) idf=2.0 dim=1.0 norm=True/dice pw=0.0",v7,"{""denominator"": ""dice"", ""dim"": 1.0, ""idf"": 2.0, ""n"": ""(2, 3)"", ""normalize"": true, ""position_weight"": 0.0}",tune,False,120,0.82976,0.82976,0.85081,0.78333,0.925,0.96667,0.75317
typo,"v7 n=(2, 3) idf=2.0 dim=1.0 norm=True/dice pw=0.5",v7,"{""denominator"": ""dice"", ""dim"": 1.0, ""idf"": 2.0, ""n"": ""(2, 3)"", ""normalize"": true, ""position_weight"": 0.5}",tune,False,120,0.83247,0.83247,0.85552,0.78333,0.93333,0.96667,0.73894
typo,"v7 n=(2, 3) idf=2.0 dim=1.0 norm=True/dice pw=1.0",v7,"{""denominator"": ""dice"", ""dim"": 1.0, ""idf"": 2.0, ""n"": ""(2, 3)"", ""normalize"": true, ""position_weight"": 1.0}",tune,False,120,0.83821,0.83821,0.86,0.79167,0.93333,0.96667,0.75569
typo,"v7 n=(2, 3) idf=2.0 dim=1.0 norm=True/geo pw=0.0",v7,"{""denominator"": ""geo"", ""dim"": 1.0, ""idf"": 2.0, ""n"": ""(2, 3)"", ""normalize"": true, ""position_weight"": 0.0}",tune,False,120,0.82225,0.82225,0.84737,0.775,0.93333,0.96667,0.64806
typo,"v7 n=(2, 3) idf=2.0 dim=1.0 norm=True/geo pw=0.5",v7,"{""denominator"": ""geo"", ""dim"": 1.0, ""idf"": 2.0, ""n"": ""(2, 3)"", ""normalize"": true, ""position_weight"": 0.5}",tune,False,120,0.82995,0.82995,0.85575,0.78333,0.94167,0.96667,0.69515
typo,"v7 n=(2, 3) idf=2.0 dim=1.0 norm=True/geo pw=1.0",v7,"{""denominator"": ""geo"", ""dim"": 1.0, ""idf"": 2.0, ""n"": ""(2, 3)"", ""normalize"": true, ""position_weight"": 1.0}",tune,False,120,0.83191,0.83191,0.85743,0.78333,0.94167,0.96667,0.72217
typo,"v7 n=(2, 3) idf=2.0 dim=2.0 norm=False/dice pw=0.0",v7,"{""denominator"": ""dice"", ""dim"": 2.0, ""idf"": 2.0, ""n"": ""(2, 3)"", ""normalize"": false, ""position_weight"": 0.0}",tune,False,120,0.76227,0.76227,0.789,0.69167,0.88333,0.94167,0.6357
typo,"v7 n=(2, 3) idf=2.0 dim=2.0 norm=False/dice pw=0.5",v7,"{""denominator"": ""dice"", ""dim"": 2.0, ""idf"": 2.0, ""n"": ""(2, 3)"", ""normalize"": false, ""position_weight"": 0.5}",tune,False,120,0.77958,0.77958,0.80468,0.70833,0.89167,0.95,0.6448
typo,"v7 n=(2, 3) idf=2.0 dim=2.0 norm=False/dice pw=1.0",v7,"{""denominator"": ""dice"", ""dim"": 2.0, ""idf"": 2.0, ""n"": ""(2, 3)"", ""normalize"": false, ""position_weight"": 1.0}",tune,False,120,0.79074,0.79074,0.81312,0.725,0.89167,0.95,0.64097
typo,"v7 n=(2, 3) idf=2.0 dim=2.0 norm=True/dice pw=0.0",v7,"{""denominator"": ""dice"", ""dim"": 2.0, ""idf"": 2.0, ""n"": ""(2, 3)"", ""normalize"": true, ""position_weight"": 0.0}",tune,False,120,0.81762,0.81762,0.84437,0.75833,0.93333,0.96667,0.87711
typo,"v7 n=(2, 3) idf=2.0 dim=2.0 norm=True/dice pw=0.5",v7,"{""denominator"": ""dice"", ""dim"": 2.0, ""idf"": 2.0, ""n"": ""(2, 3)"", ""normalize"": true, ""position_weight"": 0.5}",tune,False,120,0.82351,0.82351,0.84884,0.76667,0.93333,0.96667,0.95099
typo,"v7 n=(2, 3) idf=2.0 dim=2.0 norm=True/dice pw=1.0",v7,"{""denominator"": ""dice"", ""dim"": 2.0, ""idf"": 2.0, ""n"": ""(2, 3)"", ""normalize"": true, ""position_weight"": 1.0}",tune,False,120,0.82981,0.82981,0.85367,0.775,0.93333,0.96667,1.10648
typo,"v7 n=(2, 3) idf=2.0 dim=2.0 norm=True/geo pw=0.0",v7,"{""denominator"": ""geo"", ""dim"": 2.0, ""idf"": 2.0, ""n"": ""(2, 3)"", ""normalize"": true, ""position_weight"": 0.0}",tune,False,120,0.81505,0.81505,0.84178,0.75833,0.93333,0.975,0.91587
typo,"v7 n=(2, 3) idf=2.0 dim=2.0 norm=True/geo pw=0.5",v7,"{""denominator"": ""geo"", ""dim"": 2.0, ""idf"": 2.0, ""n"": ""(2, 3)"", ""normalize"": true, ""position_weight"": 0.5}",tune,False,120,0.83156,0.83156,0.85666,0.78333,0.94167,0.975,1.17266
typo,"v7 n=(2, 3) idf=2.0 dim=2.0 norm=True/geo pw=1.0",v7,"{""denominator"": ""geo"", ""dim"": 2.0, ""idf"": 2.0, ""n"": ""(2, 3)"", ""normalize"": true, ""position_weight"": 1.0}",tune,False,120,0.83224,0.83224,0.85947,0.78333,0.95,0.975,1.02309
typo,"v7 n=(2, 3) idf=3.0 dim=1.0 norm=False/dice pw=0.0",v7,"{""denominator"": ""dice"", ""dim"": 1.0, ""idf"": 3.0, ""n"": ""(2, 3)"", ""normalize"": false, ""position_weight"": 0.0}",tune,False,120,0.67985,0.67985,0.71976,0.575,0.85833,0.93333,0.81129
typo,"v7 n=(2, 3) idf=3.0 dim=1.0 norm=False/dice pw=0.5",v7,"{""denominator"": ""dice"", ""dim"": 1.0, ""idf"": 3.0, ""n"": ""(2, 3)"", ""normalize"": false, ""position_weight"": 0.5}",tune,False,120,0.68824,0.68824,0.72919,0.575,0.86667,0.93333,0.93927
typo,"v7 n=(2, 3) idf=3.0 dim=1.0 norm=False/dice pw=1.0",v7,"{""denominator"": ""dice"", ""dim"": 1.0, ""idf"": 3.0, ""n"": ""(2, 3)"", ""normalize"": false, ""position_weight"": 1.0}",tune,False,120,0.69755,0.69755,0.74097,0.58333,0.88333,0.94167,0.74384
typo,"v7 n=(2, 3) idf=3.0 dim=1.0 norm=True/dice pw=0.0",v7,"{""denominator"": ""dice"", ""dim"": 1.0, ""idf"": 3.0, ""n"": ""(2, 3)"", ""normalize"": true, ""position_weight"": 0.0}",tune,False,120,0.73355,0.73355,0.76892,0.65,0.89167,0.95,1.09819
typo,"v7 n=(2, 3) idf=3.0 dim=1.0 norm=True/dice pw=0.5",v7,"{""denominator"": ""dice"", ""dim"": 1.0, ""idf"": 3.0, ""n"": ""(2, 3)"", ""normalize"": true, ""position_weight"": 0.5}",tune,False,120,0.74717,0.74717,0.78384,0.66667,0.90833,0.95,1.12358
typo,"v7 n=(2, 3) idf=3.0 dim=1.0 norm=True/dice pw=1.0",v7,"{""denominator"": ""dice"", ""dim"": 1.0, ""idf"": 3.0, ""n"": ""(2, 3)"", ""normalize"": true, ""position_weight"": 1.0}",tune,False,120,0.7555,0.7555,0.79325,0.66667,0.91667,0.95,0.96721
typo,"v7 n=(2, 3) idf=3.0 dim=1.0 norm=True/geo pw=0.0",v7,"{""denominator"": ""geo"", ""dim"": 1.0, ""idf"": 3.0, ""n"": ""(2, 3)"", ""normalize"": true, ""position_weight"": 0.0}",tune,False,120,0.74475,0.74475,0.78172,0.66667,0.90833,0.95,0.91545
typo,"v7 n=(2, 3) idf=3.0 dim=1.0 norm=True/geo pw=0.5",v7,"{""denominator"": ""geo"", ""dim"": 1.0, ""idf"": 3.0, ""n"": ""(2, 3)"", ""normalize"": true, ""position_weight"": 0.5}",tune,False,120,0.7562,0.7562,0.79059,0.675,0.90833,0.95,0.86047
typo,"v7 n=(2, 3) idf=3.0 dim=1.0 norm=True/geo pw=1.0",v7,"{""denominator"": ""geo"", ""dim"": 1.0, ""idf"": 3.0, ""n"": ""(2, 3)"", ""normalize"": true, ""position_weight"": 1.0}",tune,False,120,0.76338,0.76338,0.79851,0.68333,0.91667,0.95,0.82112
typo,"v7 n=(2, 3) idf=3.0 dim=2.0 norm=False/dice pw=0.0",v7,"{""denominator"": ""dice"", ""dim"": 2.0, ""idf"": 3.0, ""n"": ""(2, 3)"", ""normalize"": false, ""position_weight"": 0.0}",tune,False,120,0.66469,0.66469,0.70794,0.55833,0.85833,0.94167,0.76163
typo,"v7 n=(2, 3) idf=3.0 dim=2.0 norm=False/dice pw=0.5",v7,"{""denominator"": ""dice"", ""dim"": 2.0, ""idf"": 3.0, ""n"": ""(2, 3)"", ""normalize"": false, ""position_weight"": 0.5}",tune,False,120,0.6714,0.6714,0.71625,0.55,0.86667,0.94167,0.67161
typo,"v7 n=(2, 3) idf=3.0 dim=2.0 norm=False/dice pw=1.0",v7,"{""denominator"": ""dice"", ""dim"": 2.0, ""idf"": 3.0, ""n"": ""(2, 3)"", ""normalize"": false, ""position_weight"": 1.0}",tune,False,120,0.67621,0.67621,0.72235,0.55,0.875,0.94167,0.74854
typo,"v7 n=(2, 3) idf=3.0 dim=2.0 norm=True/dice pw=0.0",v7,"{""denominator"": ""dice"", ""dim"": 2.0, ""idf"": 3.0, ""n"": ""(2, 3)"", ""normalize"": true, ""position_weight"": 0.0}",tune,False,120,0.6919,0.6919,0.7329,0.6,0.875,0.95,0.7944
typo,"v7 n=(2, 3) idf=3.0 dim=2.0 norm=True/dice pw=0.5",v7,"{""denominator"": ""dice"", ""dim"": 2.0, ""idf"": 3.0, ""n"": ""(2, 3)"", ""normalize"": true, ""position_weight"": 0.5}",tune,False,120,0.70888,0.70888,0.74827,0.61667,0.88333,0.95,0.8051
typo,"v7 n=(2, 3) idf=3.0 dim=2.0 norm=True/dice pw=1.0",v7,"{""denominator"": ""dice"", ""dim"": 2.0, ""idf"": 3.0, ""n"": ""(2, 3)"", ""normalize"": true, ""position_weight"": 1.0}",tune,False,120,0.72123,0.72123,0.7598,0.63333,0.89167,0.95,0.75927
typo,"v7 n=(2, 3) idf=3.0 dim=2.0 norm=True/geo pw=0.0",v7,"{""denominator"": ""geo"", ""dim"": 2.0, ""idf"": 3.0, ""n"": ""(2, 3)"", ""normalize"": true, ""position_weight"": 0.0}",tune,False,120,0.70858,0.70858,0.74521,0.61667,0.875,0.95,0.80409
typo,"v7 n=(2, 3) idf=3.0 dim=2.0 norm=True/geo pw=0.5",v7,"{""denominator"": ""geo"", ""dim"": 2.0, ""idf"": 3.0, ""n"": ""(2, 3)"", ""normalize"": true, ""position_weight"": 0.5}",tune,False,120,0.72299,0.72299,0.75832,0.63333,0.88333,0.95,0.70208
typo,"v7 n=(2, 3) idf=3.0 dim=2.0 norm=True/geo pw=1.0",v7,"{""denominator"": ""geo"", ""dim"": 2.0, ""idf"": 3.0, ""n"": ""(2, 3)"", ""normalize"": true, ""position_weight"": 1.0}",tune,False,120,0.73661,0.73661,0.77586,0.64167,0.90833,0.95,0.87839
typo,"v7 n=(2, 4) idf=0.0 dim=1.0 norm=False/dice pw=0.0",v7,"{""denominator"": ""dice"", ""dim"": 1.0, ""idf"": 0.0, ""n"": ""(2, 4)"", ""normalize"": false, ""position_weight"": 0.0}",tune,False,120,0.82146,0.82146,0.84331,0.76667,0.91667,0.95833,0.54499
typo,"v7 n=(2, 4) idf=0.0 dim=1.0 norm=False/dice pw=0.5",v7,"{""denominator"": ""dice"", ""dim"": 1.0, ""idf"": 0.0, ""n"": ""(2, 4)"", ""normalize"": false, ""position_weight"": 0.5}",tune,False,120,0.85416,0.85416,0.87223,0.8,0.93333,0.98333,0.60711
typo,"v7 n=(2, 4) idf=0.0 dim=1.0 norm=False/dice pw=1.0",v7,"{""denominator"": ""dice"", ""dim"": 1.0, ""idf"": 0.0, ""n"": ""(2, 4)"", ""normalize"": false, ""position_weight"": 1.0}",tune,False,120,0.85416,0.85416,0.87223,0.8,0.93333,0.98333,0.55066
typo,"v7 n=(2, 4) idf=0.0 dim=1.0 norm=True/dice pw=0.0",v7,"{""denominator"": ""dice"", ""dim"": 1.0, ""idf"": 0.0, ""n"": ""(2, 4)"", ""normalize"": true, ""position_weight"": 0.0}",tune,False,120,0.85732,0.85732,0.8784,0.80833,0.95,0.98333,0.63621
typo,"v7 n=(2, 4) idf=0.0 dim=1.0 norm=True/dice pw=0.5",v7,"{""denominator"": ""dice"", ""dim"": 1.0, ""idf"": 0.0, ""n"": ""(2, 4)"", ""normalize"": true, ""position_weight"": 0.5}",tune,False,120,0.86788,0.86788,0.88643,0.825,0.95,0.98333,0.65374
typo,"v7 n=(2, 4) idf=0.0 dim=1.0 norm=True/dice pw=1.0",v7,"{""denominator"": ""dice"", ""dim"": 1.0, ""idf"": 0.0, ""n"": ""(2, 4)"", ""normalize"": true, ""position_weight"": 1.0}",tune,False,120,0.86593,0.86593,0.88748,0.81667,0.95833,0.98333,0.69253
typo,"v7 n=(2, 4) idf=0.0 dim=1.0 norm=True/geo pw=0.0",v7,"{""denominator"": ""geo"", ""dim"": 1.0, ""idf"": 0.0, ""n"": ""(2, 4)"", ""normalize"": true, ""position_weight"": 0.0}",tune,False,120,0.85692,0.85692,0.87825,0.80833,0.95,0.98333,0.66488
typo,"v7 n=(2, 4) idf=0.0 dim=1.0 norm=True/geo pw=0.5",v7,"{""denominator"": ""geo"", ""dim"": 1.0, ""idf"": 0.0, ""n"": ""(2, 4)"", ""normalize"": true, ""position_weight"": 0.5}",tune,False,120,0.85914,0.85914,0.88008,0.80833,0.95,0.98333,0.66593
typo,"v7 n=(2, 4) idf=0.0 dim=1.0 norm=True/geo pw=1.0",v7,"{""denominator"": ""geo"", ""dim"": 1.0, ""idf"": 0.0, ""n"": ""(2, 4)"", ""normalize"": true, ""position_weight"": 1.0}",tune,False,120,0.86369,0.86369,0.88335,0.81667,0.95,0.98333,0.6384
typo,"v7 n=(2, 4) idf=0.0 dim=2.0 norm=False/dice pw=0.0",v7,"{""denominator"": ""dice"", ""dim"": 2.0, ""idf"": 0.0, ""n"": ""(2, 4)"", ""normalize"": false, ""position_weight"": 0.0}",tune,False,120,0.82898,0.82898,0.84903,0.775,0.91667,0.95833,0.58853
typo,"v7 n=(2, 4) idf=0.0 dim=2.0 norm=False/dice pw=0.5",v7,"{""denominator"": ""dice"", ""dim"": 2.0, ""idf"": 0.0, ""n"": ""(2, 4)"", ""normalize"": false, ""position_weight"": 0.5}",tune,False,120,0.85974,0.85974,0.87613,0.80833,0.93333,0.98333,0.53271
typo,"v7 n=(2, 4) idf=0.0 dim=2.0 norm=False/dice pw=1.0",v7,"{""denominator"": ""dice"", ""dim"": 2.0, ""idf"": 0.0, ""n"": ""(2, 4)"", ""normalize"": false, ""position_weight"": 1.0}",tune,False,120,0.86408,0.86408,0.88171,0.81667,0.94167,0.98333,0.60716
typo,"v7 n=(2, 4) idf=0.0 dim=2.0 norm=True/dice pw=0.0",v7,"{""denominator"": ""dice"", ""dim"": 2.0, ""idf"": 0.0, ""n"": ""(2, 4)"", ""normalize"": true, ""position_weight"": 0.0}",tune,False,120,0.87247,0.87247,0.89445,0.81667,0.96667,0.99167,0.64795
typo,"v7 n=(2, 4) idf=0.0 dim=2.0 norm=True/dice pw=0.5",v7,"{""denominator"": ""dice"", ""dim"": 2.0, ""idf"": 0.0, ""n"": ""(2, 4)"", ""normalize"": true, ""position_weight"": 0.5}",tune,False,120,0.8826,0.8826,0.90207,0.83333,0.96667,0.99167,0.69208
typo,"v7 n=(2, 4) idf=0.0 dim=2.0 norm=True/dice pw=1.0",v7,"{""denominator"": ""dice"", ""dim"": 2.0, ""idf"": 0.0, ""n"": ""(2, 4)"", ""normalize"": true, ""position_weight"": 1.0}",tune,False,120,0.88754,0.88754,0.90585,0.84167,0.96667,0.99167,0.63872
typo,"v7 n=(2, 4) idf=0.0 dim=2.0 norm=True/geo pw=0.0",v7,"{""denominator"": ""geo"", ""dim"": 2.0, ""idf"": 0.0, ""n"": ""(2, 4)"", ""normalize"": true, ""position_weight"": 0.0}",tune,False,120,0.86723,0.86723,0.89016,0.81667,0.96667,0.99167,0.64812
typo,"v7 n=(2, 4) idf=0.0 dim=2.0 norm=True/geo pw=0.5",v7,"{""denominator"": ""geo"", ""dim"": 2.0, ""idf"": 0.0, ""n"": ""(2, 4)"", ""normalize"": true, ""position_weight"": 0.5}",tune,False,120,0.88208,0.88208,0.90163,0.83333,0.96667,0.99167,0.66413
typo,"v7 n=(2, 4) idf=0.0 dim=2.0 norm=True/geo pw=1.0",v7,"{""denominator"": ""geo"", ""dim"": 2.0, ""idf"": 0.0, ""n"": ""(2, 4)"", ""normalize"": true, ""position_weight"": 1.0}",tune,False,120,0.88264,0.88264,0.90216,0.83333,0.96667,0.99167,0.68697
typo,"v7 n=(2, 4) idf=1.0 dim=1.0 norm=False/dice pw=0.0",v7,"{""denominator"": ""dice"", ""dim"": 1.0, ""idf"": 1.0, ""n"": ""(2, 4)"", ""normalize"": false, ""position_weight"": 0.0}",tune,False,120,0.80453,0.80453,0.8282,0.75,0.90833,0.95,0.68176
typo,"v7 n=(2, 4) idf=1.0 dim=1.0 norm=False/dice pw=0.5",v7,"{""denominator"": ""dice"", ""dim"": 1.0, ""idf"": 1.0, ""n"": ""(2, 4)"", ""normalize"": false, ""position_weight"": 0.5}",tune,False,120,0.81952,0.81952,0.84253,0.75833,0.91667,0.95,0.80513
typo,"v7 n=(2, 4) idf=1.0 dim=1.0 norm=False/dice pw=1.0",v7,"{""denominator"": ""dice"", ""dim"": 1.0, ""idf"": 1.0, ""n"": ""(2, 4)"", ""normalize"": false, ""position_weight"": 1.0}",tune,False,120,0.82555,0.82555,0.8493,0.76667,0.925,0.95,0.92361
typo,"v7 n=(2, 4) idf=1.0 dim=1.0 norm=True/dice pw=0.0",v7,"{""denominator"": ""dice"", ""dim"": 1.0, ""idf"": 1.0, ""n"": ""(2, 4)"", ""normalize"": true, ""position_weight"": 0.0}",tune,False,120,0.84437,0.84437,0.86893,0.78333,0.95,0.98333,1.09294
typo,"v7 n=(2, 4) idf=1.0 dim=1.0 norm=True/dice pw=0.5",v7,"{""denominator"": ""dice"", ""dim"": 1.0, ""idf"": 1.0, ""n"": ""(2, 4)"", ""normalize"": true, ""position_weight"": 0.5}",tune,False,120,0.85082,0.85082,0.87389,0.79167,0.95,0.98333,1.08667
typo,"v7 n=(2, 4) idf=1.0 dim=1.0 norm=True/dice pw=1.0",v7,"{""denominator"": ""dice"", ""dim"": 1.0, ""idf"": 1.0, ""n"": ""(2, 4)"", ""normalize"": true, ""position_weight"": 1.0}",tune,False,120,0.8504,0.8504,0.87633,0.78333,0.95833,0.98333,1.30574
typo,"v7 n=(2, 4) idf=1.0 dim=1.0 norm=True/geo pw=0.0",v7,"{""denominator"": ""geo"", ""dim"": 1.0, ""idf"": 1.0, ""n"": ""(2, 4)"", ""normalize"": true, ""position_weight"": 0.0}",tune,False,120,0.84259,0.84259,0.86748,0.78333,0.95,0.98333,1.33695
typo,"v7 n=(2, 4) idf=1.0 dim=1.0 norm=True/geo pw=0.5",v7,"{""denominator"": ""geo"", ""dim"": 1.0, ""idf"": 1.0, ""n"": ""(2, 4)"", ""normalize"": true, ""position_weight"": 0.5}",tune,False,120,0.84781,0.84781,0.8714,0.79167,0.95,0.98333,1.19962
typo,"v7 n=(2, 4) idf=1.0 dim=1.0 norm=True/geo pw=1.0",v7,"{""denominator"": ""geo"", ""dim"": 1.0, ""idf"": 1.0, ""n"": ""(2, 4)"", ""normalize"": true, ""position_weight"": 1.0}",tune,False,120,0.8559,0.8559,0.87992,0.8,0.95833,0.98333,1.29101
typo,"v7 n=(2, 4) idf=1.0 dim=2.0 norm=False/dice pw=0.0",v7,"{""denominator"": ""dice"", ""dim"": 2.0, ""idf"": 1.0, ""n"": ""(2, 4)"", ""normalize"": false, ""position_weight"": 0.0}",tune,False,120,0.80106,0.80106,0.82538,0.74167,0.90833,0.96667,1.10521
typo,"v7 n=(2, 4) idf=1.0 dim=2.0 norm=False/dice pw=0.5",v7,"{""denominator"": ""dice"", ""dim"": 2.0, ""idf"": 1.0, ""n"": ""(2, 4)"", ""normalize"": false, ""position_weight"": 0.5}",tune,False,120,0.81966,0.81966,0.84216,0.75833,0.91667,0.96667,0.93592
typo,"v7 n=(2, 4) idf=1.0 dim=2.0 norm=False/dice pw=1.0",v7,"{""denominator"": ""dice"", ""dim"": 2.0, ""idf"": 1.0, ""n"": ""(2, 4)"", ""normalize"": false, ""position_weight"": 1.0}",tune,False,120,0.82188,0.82188,0.84381,0.75833,0.91667,0.95833,0.88476
typo,"v7 n=(2, 4) idf=1.0 dim=2.0 norm=True/dice pw=0.0",v7,"{""denominator"": ""dice"", ""dim"": 2.0, ""idf"": 1.0, ""n"": ""(2, 4)"", ""normalize"": true, ""position_weight"": 0.0}",tune,False,120,0.85942,0.85942,0.88278,0.8,0.95833,0.98333,1.04753
typo,"v7 n=(2, 4) idf=1.0 dim=2.0 norm=True/dice pw=0.5",v7,"{""denominator"": ""dice"", ""dim"": 2.0, ""idf"": 1.0, ""n"": ""(2, 4)"", ""normalize"": true, ""position_weight"": 0.5}",tune,False,120,0.86198,0.86198,0.8847,0.8,0.95833,0.98333,1.04421
typo,"v7 n=(2, 4) idf=1.0 dim=2.0 norm=True/dice pw=1.0",v7,"{""denominator"": ""dice"", ""dim"": 2.0, ""idf"": 1.0, ""n"": ""(2, 4)"", ""normalize"": true, ""position_weight"": 1.0}",tune,False,120,0.86602,0.86602,0.88805,0.8,0.95833,0.98333,1.05999
typo,"v7 n=(2, 4) idf=1.0 dim=2.0 norm=True/geo pw=0.0",v7,"{""denominator"": ""geo"", ""dim"": 2.0, ""idf"": 1.0, ""n"": ""(2, 4)"", ""normalize"": true, ""position_weight"": 0.0}",tune,False,120,0.85477,0.85477,0.87908,0.79167,0.95833,0.98333,1.25734
typo,"v7 n=(2, 4) idf=1.0 dim=2.0 norm=True/geo pw=0.5",v7,"{""denominator"": ""geo"", ""dim"": 2.0, ""idf"": 1.0, ""n"": ""(2, 4)"", ""normalize"": true, ""position_weight"": 0.5}",tune,False,120,0.8653,0.8653,0.88694,0.80833,0.95833,0.98333,0.98172
typo,"v7 n=(2, 4) idf=1.0 dim=2.0 norm=True/geo pw=1.0",v7,"{""denominator"": ""geo"", ""dim"": 2.0, ""idf"": 1.0, ""n"": ""(2, 4)"", ""normalize"": true, ""position_weight"": 1.0}",tune,False,120,0.86874,0.86874,0.89448,0.80833,0.975,0.98333,1.16653
typo,"v7 n=(2, 4) idf=2.0 dim=1.0 norm=False/dice pw=0.0",v7,"{""denominator"": ""dice"", ""dim"": 1.0, ""idf"": 2.0, ""n"": ""(2, 4)"", ""normalize"": false, ""position_weight"": 0.0}",tune,False,120,0.76397,0.76397,0.79295,0.69167,0.89167,0.93333,0.80132
typo,"v7 n=(2, 4) idf=2.0 dim=1.0 norm=False/dice pw=0.5",v7,"{""denominator"": ""dice"", ""dim"": 1.0, ""idf"": 2.0, ""n"": ""(2, 4)"", ""normalize"": false, ""position_weight"": 0.5}",tune,False,120,0.77751,0.77751,0.80608,0.7,0.9,0.93333,0.66237
typo,"v7 n=(2, 4) idf=2.0 dim=1.0 norm=False/dice pw=1.0",v7,"{""denominator"": ""dice"", ""dim"": 1.0, ""idf"": 2.0, ""n"": ""(2, 4)"", ""normalize"": false, ""position_weight"": 1.0}",tune,False,120,0.77572,0.77572,0.80712,0.69167,0.90833,0.94167,0.65876
typo,"v7 n=(2, 4) idf=2.0 dim=1.0 norm=True/dice pw=0.0",v7,"{""denominator"": ""dice"", ""dim"": 1.0, ""idf"": 2.0, ""n"": ""(2, 4)"", ""normalize"": true, ""position_weight"": 0.0}",tune,False,120,0.80286,0.80286,0.83273,0.73333,0.93333,0.96667,0.72333
typo,"v7 n=(2, 4) idf=2.0 dim=1.0 norm=True/dice pw=0.5",v7,"{""denominator"": ""dice"", ""dim"": 1.0, ""idf"": 2.0, ""n"": ""(2, 4)"", ""normalize"": true, ""position_weight"": 0.5}",tune,False,120,0.80925,0.80925,0.83984,0.74167,0.94167,0.975,0.69752
typo,"v7 n=(2, 4) idf=2.0 dim=1.0 norm=True/dice pw=1.0",v7,"{""denominator"": ""dice"", ""dim"": 1.0, ""idf"": 2.0, ""n"": ""(2, 4)"", ""normalize"": true, ""position_weight"": 1.0}",tune,False,120,0.81659,0.81659,0.84566,0.75,0.94167,0.96667,0.69112
typo,"v7 n=(2, 4) idf=2.0 dim=1.0 norm=True/geo pw=0.0",v7,"{""denominator"": ""geo"", ""dim"": 1.0, ""idf"": 2.0, ""n"": ""(2, 4)"", ""normalize"": true, ""position_weight"": 0.0}",tune,False,120,0.79714,0.79714,0.83079,0.725,0.94167,0.975,0.72307
typo,"v7 n=(2, 4) idf=2.0 dim=1.0 norm=True/geo pw=0.5",v7,"{""denominator"": ""geo"", ""dim"": 1.0, ""idf"": 2.0, ""n"": ""(2, 4)"", ""normalize"": true, ""position_weight"": 0.5}",tune,False,120,0.80527,0.80527,0.83693,0.73333,0.94167,0.975,0.72994
typo,"v7 n=(2, 4) idf=2.0 dim=1.0 norm=True/geo pw=1.0",v7,"{""denominator"": ""geo"", ""dim"": 1.0, ""idf"": 2.0, ""n"": ""(2, 4)"", ""normalize"": true, ""position_weight"": 1.0}",tune,False,120,0.8122,0.8122,0.84214,0.74167,0.94167,0.975,0.70949
typo,"v7 n=(2, 4) idf=2.0 dim=2.0 norm=False/dice pw=0.0",v7,"{""denominator"": ""dice"", ""dim"": 2.0, ""idf"": 2.0, ""n"": ""(2, 4)"", ""normalize"": false, ""position_weight"": 0.0}",tune,False,120,0.75427,0.75427,0.78556,0.675,0.89167,0.94167,0.61342
typo,"v7 n=(2, 4) idf=2.0 dim=2.0 norm=False/dice pw=0.5",v7,"{""denominator"": ""dice"", ""dim"": 2.0, ""idf"": 2.0, ""n"": ""(2, 4)"", ""normalize"": false, ""position_weight"": 0.5}",tune,False,120,0.76356,0.76356,0.79535,0.675,0.9,0.95,0.61865
typo,"v7 n=(2, 4) idf=2.0 dim=2.0 norm=False/dice pw=1.0",v7,"{""denominator"": ""dice"", ""dim"": 2.0, ""idf"": 2.0, ""n"": ""(2, 4)"", ""normalize"": false, ""position_weight"": 1.0}",tune,False,120,0.76707,0.76707,0.80037,0.675,0.90833,0.95,0.60653
typo,"v7 n=(2, 4) idf=2.0 dim=2.0 norm=True/dice pw=0.0",v7,"{""denominator"": ""dice"", ""dim"": 2.0, ""idf"": 2.0, ""n"": ""(2, 4)"", ""normalize"": true, ""position_weight"": 0.0}",tune,False,120,0.80569,0.80569,0.83707,0.74167,0.94167,0.96667,0.75532
typo,"v7 n=(2, 4) idf=2.0 dim=2.0 norm=True/dice pw=0.5",v7,"{""denominator"": ""dice"", ""dim"": 2.0, ""idf"": 2.0, ""n"": ""(2, 4)"", ""normalize"": true, ""position_weight"": 0.5}",tune,False,120,0.8123,0.8123,0.84458,0.75,0.95,0.975,0.73051
typo,"v7 n=(2, 4) idf=2.0 dim=2.0 norm=True/dice pw=1.0",v7,"{""denominator"": ""dice"", ""dim"": 2.0, ""idf"": 2.0, ""n"": ""(2, 4)"", ""normalize"": true, ""position_weight"": 1.0}",tune,False,120,0.82917,0.82917,0.85764,0.775,0.95,0.96667,0.71641
typo,"v7 n=(2, 4) idf=2.0 dim=2.0 norm=True/geo pw=0.0",v7,"{""denominator"": ""geo"", ""dim"": 2.0, ""idf"": 2.0, ""n"": ""(2, 4)"", ""normalize"": true, ""position_weight"": 0.0}",tune,False,120,0.80074,0.80074,0.83548,0.73333,0.95,0.975,0.75087
typo,"v7 n=(2, 4) idf=2.0 dim=2.0 norm=True/geo pw=0.5",v7,"{""denominator"": ""geo"", ""dim"": 2.0, ""idf"": 2.0, ""n"": ""(2, 4)"", ""normalize"": true, ""position_weight"": 0.5}",tune,False,120,0.80955,0.80955,0.84253,0.74167,0.95,0.975,0.75824
typo,"v7 n=(2, 4) idf=2.0 dim=2.0 norm=True/geo pw=1.0",v7,"{""denominator"": ""geo"", ""dim"": 2.0, ""idf"": 2.0, ""n"": ""(2, 4)"", ""normalize"": true, ""position_weight"": 1.0}",tune,False,120,0.82936,0.82936,0.85741,0.775,0.95,0.975,0.83805
typo,"v7 n=(2, 4) idf=3.0 dim=1.0 norm=False/dice pw=0.0",v7,"{""denominator"": ""dice"", ""dim"": 1.0, ""idf"": 3.0, ""n"": ""(2, 4)"", ""normalize"": false, ""position_weight"": 0.0}",tune,False,120,0.72898,0.72898,0.7619,0.65,0.875,0.93333,0.59792
typo,"v7 n=(2, 4) idf=3.0 dim=1.0 norm=False/dice pw=0.5",v7,"{""denominator"": ""dice"", ""dim"": 1.0, ""idf"": 3.0, ""n"": ""(2, 4)"", ""normalize"": false, ""position_weight"": 0.5}",tune,False,120,0.74601,0.74601,0.78035,0.65833,0.89167,0.93333,0.68136
typo,"v7 n=(2, 4) idf=3.0 dim=1.0 norm=False/dice pw=1.0",v7,"{""denominator"": ""dice"", ""dim"": 1.0, ""idf"": 3.0, ""n"": ""(2, 4)"", ""normalize"": false, ""position_weight"": 1.0}",tune,False,120,0.74904,0.74904,0.78515,0.65833,0.9,0.93333,0.56302
typo,"v7 n=(2, 4) idf=3.0 dim=1.0 norm=True/dice pw=0.0",v7,"{""denominator"": ""dice"", ""dim"": 1.0, ""idf"": 3.0, ""n"": ""(2, 4)"", ""normalize"": true, ""position_weight"": 0.0}",tune,False,120,0.74541,0.74541,0.7763,0.66667,0.88333,0.95,0.74184
typo,"v7 n=(2, 4) idf=3.0 dim=1.0 norm=True/dice pw=0.5",v7,"{""denominator"": ""dice"", ""dim"": 1.0, ""idf"": 3.0, ""n"": ""(2, 4)"", ""normalize"": true, ""position_weight"": 0.5}",tune,False,120,0.74866,0.74866,0.78078,0.66667,0.89167,0.95833,0.80634
typo,"v7 n=(2, 4) idf=3.0 dim=1.0 norm=True/dice pw=1.0",v7,"{""denominator"": ""dice"", ""dim"": 1.0, ""idf"": 3.0, ""n"": ""(2, 4)"", ""normalize"": true, ""position_weight"": 1.0}",tune,False,120,0.75416,0.75416,0.78718,0.66667,0.9,0.95833,0.95786
typo,"v7 n=(2, 4) idf=3.0 dim=1.0 norm=True/geo pw=0.0",v7,"{""denominator"": ""geo"", ""dim"": 1.0, ""idf"": 3.0, ""n"": ""(2, 4)"", ""normalize"": true, ""position_weight"": 0.0}",tune,False,120,0.75176,0.75176,0.78076,0.675,0.88333,0.95833,1.21001
typo,"v7 n=(2, 4) idf=3.0 dim=1.0 norm=True/geo pw=0.5",v7,"{""denominator"": ""geo"", ""dim"": 1.0, ""idf"": 3.0, ""n"": ""(2, 4)"", ""normalize"": true, ""position_weight"": 0.5}",tune,False,120,0.76287,0.76287,0.79108,0.69167,0.89167,0.95833,1.15524
typo,"v7 n=(2, 4) idf=3.0 dim=1.0 norm=True/geo pw=1.0",v7,"{""denominator"": ""geo"", ""dim"": 1.0, ""idf"": 3.0, ""n"": ""(2, 4)"", ""normalize"": true, ""position_weight"": 1.0}",tune,False,120,0.76685,0.76685,0.79835,0.69167,0.90833,0.95833,1.1007
typo,"v7 n=(2, 4) idf=3.0 dim=2.0 norm=False/dice pw=0.0",v7,"{""denominator"": ""dice"", ""dim"": 2.0, ""idf"": 3.0, ""n"": ""(2, 4)"", ""normalize"": false, ""position_weight"": 0.0}",tune,False,120,0.72151,0.72151,0.75363,0.64167,0.86667,0.93333,1.15307
typo,"v7 n=(2, 4) idf=3.0 dim=2.0 norm=False/dice pw=0.5",v7,"{""denominator"": ""dice"", ""dim"": 2.0, ""idf"": 3.0, ""n"": ""(2, 4)"", ""normalize"": false, ""position_weight"": 0.5}",tune,False,120,0.73161,0.73161,0.76925,0.64167,0.89167,0.94167,0.891
typo,"v7 n=(2, 4) idf=3.0 dim=2.0 norm=False/dice pw=1.0",v7,"{""denominator"": ""dice"", ""dim"": 2.0, ""idf"": 3.0, ""n"": ""(2, 4)"", ""normalize"": false, ""position_weight"": 1.0}",tune,False,120,0.74162,0.74162,0.77931,0.65,0.9,0.94167,0.76751
typo,"v7 n=(2, 4) idf=3.0 dim=2.0 norm=True/dice pw=0.0",v7,"{""denominator"": ""dice"", ""dim"": 2.0, ""idf"": 3.0, ""n"": ""(2, 4)"", ""normalize"": true, ""position_weight"": 0.0}",tune,False,120,0.68673,0.68673,0.72479,0.58333,0.85833,0.94167,1.0769
typo,"v7 n=(2, 4) idf=3.0 dim=2.0 norm=True/dice pw=0.5",v7,"{""denominator"": ""dice"", ""dim"": 2.0, ""idf"": 3.0, ""n"": ""(2, 4)"", ""normalize"": true, ""position_weight"": 0.5}",tune,False,120,0.70444,0.70444,0.74538,0.6,0.88333,0.94167,0.95411
typo,"v7 n=(2, 4) idf=3.0 dim=2.0 norm=True/dice pw=1.0",v7,"{""denominator"": ""dice"", ""dim"": 2.0, ""idf"": 3.0, ""n"": ""(2, 4)"", ""normalize"": true, ""position_weight"": 1.0}",tune,False,120,0.72699,0.72699,0.76481,0.63333,0.89167,0.95,0.91958
typo,"v7 n=(2, 4) idf=3.0 dim=2.0 norm=True/geo pw=0.0",v7,"{""denominator"": ""geo"", ""dim"": 2.0, ""idf"": 3.0, ""n"": ""(2, 4)"", ""normalize"": true, ""position_weight"": 0.0}",tune,False,120,0.70102,0.70102,0.73753,0.6,0.86667,0.94167,0.84075
typo,"v7 n=(2, 4) idf=3.0 dim=2.0 norm=True/geo pw=0.5",v7,"{""denominator"": ""geo"", ""dim"": 2.0, ""idf"": 3.0, ""n"": ""(2, 4)"", ""normalize"": true, ""position_weight"": 0.5}",tune,False,120,0.72383,0.72383,0.75937,0.63333,0.88333,0.94167,0.82744
typo,"v7 n=(2, 4) idf=3.0 dim=2.0 norm=True/geo pw=1.0",v7,"{""denominator"": ""geo"", ""dim"": 2.0, ""idf"": 3.0, ""n"": ""(2, 4)"", ""normalize"": true, ""position_weight"": 1.0}",tune,False,120,0.7399,0.7399,0.78097,0.65,0.91667,0.95,0.84734
typo,"v7 n=(1, 2, 3) idf=0.0 dim=1.0 norm=False/dice pw=0.0",v7,"{""denominator"": ""dice"", ""dim"": 1.0, ""idf"": 0.0, ""n"": ""(1, 2, 3)"", ""normalize"": false, ""position_weight"": 0.0}",tune,False,120,0.84383,0.84383,0.85977,0.79167,0.91667,0.975,1.49889
typo,"v7 n=(1, 2, 3) idf=0.0 dim=1.0 norm=False/dice pw=0.5",v7,"{""denominator"": ""dice"", ""dim"": 1.0, ""idf"": 0.0, ""n"": ""(1, 2, 3)"", ""normalize"": false, ""position_weight"": 0.5}",tune,False,120,0.88607,0.88607,0.89426,0.85833,0.925,0.96667,1.57354
typo,"v7 n=(1, 2, 3) idf=0.0 dim=1.0 norm=False/dice pw=1.0",v7,"{""denominator"": ""dice"", ""dim"": 1.0, ""idf"": 0.0, ""n"": ""(1, 2, 3)"", ""normalize"": false, ""position_weight"": 1.0}",tune,False,120,0.88774,0.88774,0.89784,0.85833,0.93333,0.96667,1.50499
typo,"v7 n=(1, 2, 3) idf=0.0 dim=1.0 norm=True/dice pw=0.0",v7,"{""denominator"": ""dice"", ""dim"": 1.0, ""idf"": 0.0, ""n"": ""(1, 2, 3)"", ""normalize"": true, ""position_weight"": 0.0}",tune,False,120,0.927,0.927,0.93566,0.9,0.96667,0.99167,1.7214
typo,"v7 n=(1, 2, 3) idf=0.0 dim=1.0 norm=True/dice pw=0.5",v7,"{""denominator"": ""dice"", ""dim"": 1.0, ""idf"": 0.0, ""n"": ""(1, 2, 3)"", ""normalize"": true, ""position_weight"": 0.5}",tune,False,120,0.93868,0.93868,0.94666,0.91667,0.975,0.99167,1.62088
typo,"v7 n=(1, 2, 3) idf=0.0 dim=1.0 norm=True/dice pw=1.0",v7,"{""denominator"": ""dice"", ""dim"": 1.0, ""idf"": 0.0, ""n"": ""(1, 2, 3)"", ""normalize"": true, ""position_weight"": 1.0}",tune,False,120,0.93908,0.93908,0.94703,0.91667,0.975,0.99167,1.59452
typo,"v7 n=(1, 2, 3) idf=0.0 dim=1.0 norm=True/geo pw=0.0",v7,"{""denominator"": ""geo"", ""dim"": 1.0, ""idf"": 0.0, ""n"": ""(1, 2, 3)"", ""normalize"": true, ""position_weight"": 0.0}",tune,False,120,0.90953,0.90953,0.92278,0.86667,0.96667,0.99167,1.63159
typo,"v7 n=(1, 2, 3) idf=0.0 dim=1.0 norm=True/geo pw=0.5",v7,"{""denominator"": ""geo"", ""dim"": 1.0, ""idf"": 0.0, ""n"": ""(1, 2, 3)"", ""normalize"": true, ""position_weight"": 0.5}",tune,False,120,0.92887,0.92887,0.93942,0.9,0.975,0.99167,1.62843
typo,"v7 n=(1, 2, 3) idf=0.0 dim=1.0 norm=True/geo pw=1.0",v7,"{""denominator"": ""geo"", ""dim"": 1.0, ""idf"": 0.0, ""n"": ""(1, 2, 3)"", ""normalize"": true, ""position_weight"": 1.0}",tune,False,120,0.93481,0.93481,0.94396,0.90833,0.975,0.99167,1.56526
typo,"v7 n=(1, 2, 3) idf=0.0 dim=2.0 norm=False/dice pw=0.0",v7,"{""denominator"": ""dice"", ""dim"": 2.0, ""idf"": 0.0, ""n"": ""(1, 2, 3)"", ""normalize"": false, ""position_weight"": 0.0}",tune,False,120,0.83374,0.83374,0.85406,0.775,0.925,0.975,1.47991
typo,"v7 n=(1, 2, 3) idf=0.0 dim=2.0 norm=False/dice pw=0.5",v7,"{""denominator"": ""dice"", ""dim"": 2.0, ""idf"": 0.0, ""n"": ""(1, 2, 3)"", ""normalize"": false, ""position_weight"": 0.5}",tune,False,120,0.87051,0.87051,0.88676,0.825,0.94167,0.975,1.5559
typo,"v7 n=(1, 2, 3) idf=0.0 dim=2.0 norm=False/dice pw=1.0",v7,"{""denominator"": ""dice"", ""dim"": 2.0, ""idf"": 0.0, ""n"": ""(1, 2, 3)"", ""normalize"": false, ""position_weight"": 1.0}",tune,False,120,0.89373,0.89373,0.90859,0.86667,0.95833,0.975,1.59543
typo,"v7 n=(1, 2, 3) idf=0.0 dim=2.0 norm=True/dice pw=0.0",v7,"{""denominator"": ""dice"", ""dim"": 2.0, ""idf"": 0.0, ""n"": ""(1, 2, 3)"", ""normalize"": true, ""position_weight"": 0.0}",tune,False,120,0.93974,0.93974,0.94992,0.90833,0.98333,1.0,1.6779
typo,"v7 n=(1, 2, 3) idf=0.0 dim=2.0 norm=True/dice pw=0.5",v7,"{""denominator"": ""dice"", ""dim"": 2.0, ""idf"": 0.0, ""n"": ""(1, 2, 3)"", ""normalize"": true, ""position_weight"": 0.5}",tune,False,120,0.94853,0.94853,0.95885,0.925,0.99167,1.0,1.80568
typo,"v7 n=(1, 2, 3) idf=0.0 dim=2.0 norm=True/dice pw=1.0",v7,"{""denominator"": ""dice"", ""dim"": 2.0, ""idf"": 0.0, ""n"": ""(1, 2, 3)"", ""normalize"": true, ""position_weight"": 1.0}",tune,False,120,0.95264,0.95264,0.96211,0.93333,0.99167,0.99167,1.65123
typo,"v7 n=(1, 2, 3) idf=0.0 dim=2.0 norm=True/geo pw=0.0",v7,"{""denominator"": ""geo"", ""dim"": 2.0, ""idf"": 0.0, ""n"": ""(1, 2, 3)"", ""normalize"": true, ""position_weight"": 0.0}",tune,False,120,0.93952,0.93952,0.94992,0.90833,0.98333,1.0,1.70897
typo,"v7 n=(1, 2, 3) idf=0.0 dim=2.0 norm=True/geo pw=0.5",v7,"{""denominator"": ""geo"", ""dim"": 2.0, ""idf"": 0.0, ""n"": ""(1, 2, 3)"", ""normalize"": true, ""position_weight"": 0.5}",tune,False,120,0.94384,0.94384,0.9555,0.91667,0.99167,0.99167,1.53537
typo,"v7 n=(1, 2, 3) idf=0.0 dim=2.0 norm=True/geo pw=1.0",v7,"{""denominator"": ""geo"", ""dim"": 2.0, ""idf"": 0.0, ""n"": ""(1, 2, 3)"", ""normalize"": true, ""position_weight"": 1.0}",tune,False,120,0.95243,0.95243,0.96188,0.93333,0.99167,0.99167,1.66773
typo,"v7 n=(1, 2, 3) idf=1.0 dim=1.0 norm=False/dice pw=0.0",v7,"{""denominator"": ""dice"", ""dim"": 1.0, ""idf"": 1.0, ""n"": ""(1, 2, 3)"", ""normalize"": false, ""position_weight"": 0.0}",tune,False,120,0.82599,0.82599,0.84167,0.775,0.9,0.95833,1.69819
typo,"v7 n=(1, 2, 3) idf=1.0 dim=1.0 norm=False/dice pw=0.5",v7,"{""denominator"": ""dice"", ""dim"": 1.0, ""idf"": 1.0, ""n"": ""(1, 2, 3)"", ""normalize"": false, ""position_weight"": 0.5}",tune,False,120,0.84434,0.84434,0.85809,0.79167,0.90833,0.95833,1.68989
typo,"v7 n=(1, 2, 3) idf=1.0 dim=1.0 norm=False/dice pw=1.0",v7,"{""denominator"": ""dice"", ""dim"": 1.0, ""idf"": 1.0, ""n"": ""(1, 2, 3)"", ""normalize"": false, ""position_weight"": 1.0}",tune,False,120,0.84647,0.84647,0.86444,0.79167,0.925,0.95833,1.5525
typo,"v7 n=(1, 2, 3) idf=1.0 dim=1.0 norm=True/dice pw=0.0",v7,"{""denominator"": ""dice"", ""dim"": 1.0, ""idf"": 1.0, ""n"": ""(1, 2, 3)"", ""normalize"": true, ""position_weight"": 0.0}",tune,False,120,0.91253,0.91253,0.92591,0.86667,0.96667,0.98333,2.13675
typo,"v7 n=(1, 2, 3) idf=1.0 dim=1.0 norm=True/dice pw=0.5",v7,"{""denominator"": ""dice"", ""dim"": 1.0, ""idf"": 1.0, ""n"": ""(1, 2, 3)"", ""normalize"": true, ""position_weight"": 0.5}",tune,False,120,0.91739,0.91739,0.92956,0.875,0.96667,0.98333,2.14433
typo,"v7 n=(1, 2, 3) idf=1.0 dim=1.0 norm=True/dice pw=1.0",v7,"{""denominator"": ""dice"", ""dim"": 1.0, ""idf"": 1.0, ""n"": ""(1, 2, 3)"", ""normalize"": true, ""position_weight"": 1.0}",tune,False,120,0.92868,0.92868,0.9379,0.89167,0.96667,0.99167,1.99578
typo,"v7 n=(1, 2, 3) idf=1.0 dim=1.0 norm=True/geo pw=0.0",v7,"{""denominator"": ""geo"", ""dim"": 1.0, ""idf"": 1.0, ""n"": ""(1, 2, 3)"", ""normalize"": true, ""position_weight"": 0.0}",tune,False,120,0.91105,0.91105,0.92482,0.86667,0.96667,0.98333,2.05165
typo,"v7 n=(1, 2, 3) idf=1.0 dim=1.0 norm=True/geo pw=0.5",v7,"{""denominator"": ""geo"", ""dim"": 1.0, ""idf"": 1.0, ""n"": ""(1, 2, 3)"", ""normalize"": true, ""position_weight"": 0.5}",tune,False,120,0.91885,0.91885,0.93065,0.875,0.96667,0.99167,2.07794
typo,"v7 n=(1, 2, 3) idf=1.0 dim=1.0 norm=True/geo pw=1.0",v7,"{""denominator"": ""geo"", ""dim"": 1.0, ""idf"": 1.0, ""n"": ""(1, 2, 3)"", ""normalize"": true, ""position_weight"": 1.0}",tune,False,120,0.92878,0.92878,0.9379,0.89167,0.96667,0.99167,1.95695
typo,"v7 n=(1, 2, 3) idf=1.0 dim=2.0 norm=False/dice pw=0.0",v7,"{""denominator"": ""dice"", ""dim"": 2.0, ""idf"": 1.0, ""n"": ""(1, 2, 3)"", ""normalize"": false, ""position_weight"": 0.0}",tune,False,120,0.8237,0.8237,0.84,0.775,0.9,0.95833,1.74863
typo,"v7 n=(1, 2, 3) idf=1.0 dim=2.0 norm=False/dice pw=0.5",v7,"{""denominator"": ""dice"", ""dim"": 2.0, ""idf"": 1.0, ""n"": ""(1, 2, 3)"", ""normalize"": false, ""position_weight"": 0.5}",tune,False,120,0.83999,0.83999,0.85501,0.78333,0.90833,0.95833,1.51653
typo,"v7 n=(1, 2, 3) idf=1.0 dim=2.0 norm=False/dice pw=1.0",v7,"{""denominator"": ""dice"", ""dim"": 2.0, ""idf"": 1.0, ""n"": ""(1, 2, 3)"", ""normalize"": false, ""position_weight"": 1.0}",tune,False,120,0.84056,0.84056,0.86003,0.78333,0.925,0.95833,1.4262
typo,"v7 n=(1, 2, 3) idf=1.0 dim=2.0 norm=True/dice pw=0.0",v7,"{""denominator"": ""dice"", ""dim"": 2.0, ""idf"": 1.0, ""n"": ""(1, 2, 3)"", ""normalize"": true, ""position_weight"": 0.0}",tune,False,120,0.92265,0.92265,0.93731,0.89167,0.98333,0.98333,1.64118
typo,"v7 n=(1, 2, 3) idf=1.0 dim=2.0 norm=True/dice pw=0.5",v7,"{""denominator"": ""dice"", ""dim"": 2.0, ""idf"": 1.0, ""n"": ""(1, 2, 3)"", ""normalize"": true, ""position_weight"": 0.5}",tune,False,120,0.93591,0.93591,0.94761,0.90833,0.98333,0.98333,1.64231
typo,"v7 n=(1, 2, 3) idf=1.0 dim=2.0 norm=True/dice pw=1.0",v7,"{""denominator"": ""dice"", ""dim"": 2.0, ""idf"": 1.0, ""n"": ""(1, 2, 3)"", ""normalize"": true, ""position_weight"": 1.0}",tune,False,120,0.94266,0.94266,0.95268,0.91667,0.98333,0.98333,1.60332
typo,"v7 n=(1, 2, 3) idf=1.0 dim=2.0 norm=True/geo pw=0.0",v7,"{""denominator"": ""geo"", ""dim"": 2.0, ""idf"": 1.0, ""n"": ""(1, 2, 3)"", ""normalize"": true, ""position_weight"": 0.0}",tune,False,120,0.92222,0.92222,0.93702,0.89167,0.98333,0.98333,1.62179
typo,"v7 n=(1, 2, 3) idf=1.0 dim=2.0 norm=True/geo pw=0.5",v7,"{""denominator"": ""geo"", ""dim"": 2.0, ""idf"": 1.0, ""n"": ""(1, 2, 3)"", ""normalize"": true, ""position_weight"": 0.5}",tune,False,120,0.93869,0.93869,0.94979,0.90833,0.98333,0.98333,1.67015
typo,"v7 n=(1, 2, 3) idf=1.0 dim=2.0 norm=True/geo pw=1.0",v7,"{""denominator"": ""geo"", ""dim"": 2.0, ""idf"": 1.0, ""n"": ""(1, 2, 3)"", ""normalize"": true, ""position_weight"": 1.0}",tune,False,120,0.94821,0.94821,0.95684,0.925,0.98333,0.98333,1.59774
typo,"v7 n=(1, 2, 3) idf=2.0 dim=1.0 norm=False/dice pw=0.0",v7,"{""denominator"": ""dice"", ""dim"": 1.0, ""idf"": 2.0, ""n"": ""(1, 2, 3)"", ""normalize"": false, ""position_weight"": 0.0}",tune,False,120,0.78117,0.78117,0.80553,0.71667,0.89167,0.95,1.43083
typo,"v7 n=(1, 2, 3) idf=2.0 dim=1.0 norm=False/dice pw=0.5",v7,"{""denominator"": ""dice"", ""dim"": 1.0, ""idf"": 2.0, ""n"": ""(1, 2, 3)"", ""normalize"": false, ""position_weight"": 0.5}",tune,False,120,0.80647,0.80647,0.82714,0.75,0.9,0.95833,1.38648
typo,"v7 n=(1, 2, 3) idf=2.0 dim=1.0 norm=False/dice pw=1.0",v7,"{""denominator"": ""dice"", ""dim"": 1.0, ""idf"": 2.0, ""n"": ""(1, 2, 3)"", ""normalize"": false, ""position_weight"": 1.0}",tune,False,120,0.80295,0.80295,0.82404,0.74167,0.9,0.96667,1.38461
typo,"v7 n=(1, 2, 3) idf=2.0 dim=1.0 norm=True/dice pw=0.0",v7,"{""denominator"": ""dice"", ""dim"": 1.0, ""idf"": 2.0, ""n"": ""(1, 2, 3)"", ""normalize"": true, ""position_weight"": 0.0}",tune,False,120,0.87723,0.87723,0.89464,0.825,0.95,0.975,1.44441
typo,"v7 n=(1, 2, 3) idf=2.0 dim=1.0 norm=True/dice pw=0.5",v7,"{""denominator"": ""dice"", ""dim"": 1.0, ""idf"": 2.0, ""n"": ""(1, 2, 3)"", ""normalize"": true, ""position_weight"": 0.5}",tune,False,120,0.88343,0.88343,0.90201,0.825,0.95833,0.975,1.53566
typo,"v7 n=(1, 2, 3) idf=2.0 dim=1.0 norm=True/dice pw=1.0",v7,"{""denominator"": ""dice"", ""dim"": 1.0, ""idf"": 2.0, ""n"": ""(1, 2, 3)"", ""normalize"": true, ""position_weight"": 1.0}",tune,False,120,0.89214,0.89214,0.90843,0.84167,0.95833,0.975,1.52768
typo,"v7 n=(1, 2, 3) idf=2.0 dim=1.0 norm=True/geo pw=0.0",v7,"{""denominator"": ""geo"", ""dim"": 1.0, ""idf"": 2.0, ""n"": ""(1, 2, 3)"", ""normalize"": true, ""position_weight"": 0.0}",tune,False,120,0.87858,0.87858,0.898,0.825,0.95833,0.975,1.54068
typo,"v7 n=(1, 2, 3) idf=2.0 dim=1.0 norm=True/geo pw=0.5",v7,"{""denominator"": ""geo"", ""dim"": 1.0, ""idf"": 2.0, ""n"": ""(1, 2, 3)"", ""normalize"": true, ""position_weight"": 0.5}",tune,False,120,0.87955,0.87955,0.89906,0.81667,0.95833,0.975,1.54124
typo,"v7 n=(1, 2, 3) idf=2.0 dim=1.0 norm=True/geo pw=1.0",v7,"{""denominator"": ""geo"", ""dim"": 1.0, ""idf"": 2.0, ""n"": ""(1, 2, 3)"", ""normalize"": true, ""position_weight"": 1.0}",tune,False,120,0.88825,0.88825,0.90536,0.83333,0.95833,0.975,1.59787
typo,"v7 n=(1, 2, 3) idf=2.0 dim=2.0 norm=False/dice pw=0.0",v7,"{""denominator"": ""dice"", ""dim"": 2.0, ""idf"": 2.0, ""n"": ""(1, 2, 3)"", ""normalize"": false, ""position_weight"": 0.0}",tune,False,120,0.77369,0.77369,0.79751,0.70833,0.88333,0.94167,1.38866
typo,"v7 n=(1, 2, 3) idf=2.0 dim=2.0 norm=False/dice pw=0.5",v7,"{""denominator"": ""dice"", ""dim"": 2.0, ""idf"": 2.0, ""n"": ""(1, 2, 3)"", ""normalize"": false, ""position_weight"": 0.5}",tune,False,120,0.78428,0.78428,0.80812,0.71667,0.89167,0.95,1.42219
typo,"v7 n=(1, 2, 3) idf=2.0 dim=2.0 norm=False/dice pw=1.0",v7,"{""denominator"": ""dice"", ""dim"": 2.0, ""idf"": 2.0, ""n"": ""(1, 2, 3)"", ""normalize"": false, ""position_weight"": 1.0}",tune,False,120,0.79152,0.79152,0.81359,0.725,0.89167,0.95,1.42308
typo,"v7 n=(1, 2, 3) idf=2.0 dim=2.0 norm=True/dice pw=0.0",v7,"{""denominator"": ""dice"", ""dim"": 2.0, ""idf"": 2.0, ""n"": ""(1, 2, 3)"", ""normalize"": true, ""position_weight"": 0.0}",tune,False,120,0.82974,0.82974,0.85169,0.775,0.925,0.95833,1.62894
typo,"v7 n=(1, 2, 3) idf=2.0 dim=2.0 norm=True/dice pw=0.5",v7,"{""denominator"": ""dice"", ""dim"": 2.0, ""idf"": 2.0, ""n"": ""(1, 2, 3)"", ""normalize"": true, ""position_weight"": 0.5}",tune,False,120,0.85974,0.85974,0.87884,0.81667,0.94167,0.96667,1.57162
typo,"v7 n=(1, 2, 3) idf=2.0 dim=2.0 norm=True/dice pw=1.0",v7,"{""denominator"": ""dice"", ""dim"": 2.0, ""idf"": 2.0, ""n"": ""(1, 2, 3)"", ""normalize"": true, ""position_weight"": 1.0}",tune,False,120,0.88474,0.88474,0.89992,0.85,0.95,0.96667,1.50755
typo,"v7 n=(1, 2, 3) idf=2.0 dim=2.0 norm=True/geo pw=0.0",v7,"{""denominator"": ""geo"", ""dim"": 2.0, ""idf"": 2.0, ""n"": ""(1, 2, 3)"", ""normalize"": true, ""position_weight"": 0.0}",tune,False,120,0.85414,0.85414,0.87701,0.80833,0.95,0.95833,1.65499
typo,"v7 n=(1, 2, 3) idf=2.0 dim=2.0 norm=True/geo pw=0.5",v7,"{""denominator"": ""geo"", ""dim"": 2.0, ""idf"": 2.0, ""n"": ""(1, 2, 3)"", ""normalize"": true, ""position_weight"": 0.5}",tune,False,120,0.87312,0.87312,0.8915,0.825,0.95,0.96667,1.59022
typo,"v7 n=(1, 2, 3) idf=2.0 dim=2.0 norm=True/geo pw=1.0",v7,"{""denominator"": ""geo"", ""dim"": 2.0, ""idf"": 2.0, ""n"": ""(1, 2, 3)"", ""normalize"": true, ""position_weight"": 1.0}",tune,False,120,0.90153,0.90153,0.91542,0.85833,0.95833,0.96667,1.59034
typo,"v7 n=(1, 2, 3) idf=3.0 dim=1.0 norm=False/dice pw=0.0",v7,"{""denominator"": ""dice"", ""dim"": 1.0, ""idf"": 3.0, ""n"": ""(1, 2, 3)"", ""normalize"": false, ""position_weight"": 0.0}",tune,False,120,0.68308,0.68308,0.72213,0.575,0.85833,0.94167,1.34955
typo,"v7 n=(1, 2, 3) idf=3.0 dim=1.0 norm=False/dice pw=0.5",v7,"{""denominator"": ""dice"", ""dim"": 1.0, ""idf"": 3.0, ""n"": ""(1, 2, 3)"", ""normalize"": false, ""position_weight"": 0.5}",tune,False,120,0.68971,0.68971,0.73001,0.575,0.86667,0.94167,1.32941
typo,"v7 n=(1, 2, 3) idf=3.0 dim=1.0 norm=False/dice pw=1.0",v7,"{""denominator"": ""dice"", ""dim"": 1.0, ""idf"": 3.0, ""n"": ""(1, 2, 3)"", ""normalize"": false, ""position_weight"": 1.0}",tune,False,120,0.7049,0.7049,0.74399,0.59167,0.875,0.94167,1.29265
typo,"v7 n=(1, 2, 3) idf=3.0 dim=1.0 norm=True/dice pw=0.0",v7,"{""denominator"": ""dice"", ""dim"": 1.0, ""idf"": 3.0, ""n"": ""(1, 2, 3)"", ""normalize"": true, ""position_weight"": 0.0}",tune,False,120,0.74842,0.74842,0.78305,0.66667,0.9,0.94167,1.56756
typo,"v7 n=(1, 2, 3) idf=3.0 dim=1.0 norm=True/dice pw=0.5",v7,"{""denominator"": ""dice"", ""dim"": 1.0, ""idf"": 3.0, ""n"": ""(1, 2, 3)"", ""normalize"": true, ""position_weight"": 0.5}",tune,False,120,0.77056,0.77056,0.80227,0.69167,0.90833,0.95833,1.51036
typo,"v7 n=(1, 2, 3) idf=3.0 dim=1.0 norm=True/dice pw=1.0",v7,"{""denominator"": ""dice"", ""dim"": 1.0, ""idf"": 3.0, ""n"": ""(1, 2, 3)"", ""normalize"": true, ""position_weight"": 1.0}",tune,False,120,0.78719,0.78719,0.81507,0.70833,0.90833,0.95833,1.45442
typo,"v7 n=(1, 2, 3) idf=3.0 dim=1.0 norm=True/geo pw=0.0",v7,"{""denominator"": ""geo"", ""dim"": 1.0, ""idf"": 3.0, ""n"": ""(1, 2, 3)"", ""normalize"": true, ""position_weight"": 0.0}",tune,False,120,0.77586,0.77586,0.80845,0.69167,0.91667,0.95833,1.50934
typo,"v7 n=(1, 2, 3) idf=3.0 dim=1.0 norm=True/geo pw=0.5",v7,"{""denominator"": ""geo"", ""dim"": 1.0, ""idf"": 3.0, ""n"": ""(1, 2, 3)"", ""normalize"": true, ""position_weight"": 0.5}",tune,False,120,0.7952,0.7952,0.83026,0.71667,0.94167,0.95833,1.54374
typo,"v7 n=(1, 2, 3) idf=3.0 dim=1.0 norm=True/geo pw=1.0",v7,"{""denominator"": ""geo"", ""dim"": 1.0, ""idf"": 3.0, ""n"": ""(1, 2, 3)"", ""normalize"": true, ""position_weight"": 1.0}",tune,False,120,0.80436,0.80436,0.83761,0.71667,0.94167,0.96667,1.52332
typo,"v7 n=(1, 2, 3) idf=3.0 dim=2.0 norm=False/dice pw=0.0",v7,"{""denominator"": ""dice"", ""dim"": 2.0, ""idf"": 3.0, ""n"": ""(1, 2, 3)"", ""normalize"": false, ""position_weight"": 0.0}",tune,False,120,0.67095,0.67095,0.71279,0.56667,0.85833,0.94167,1.39814
typo,"v7 n=(1, 2, 3) idf=3.0 dim=2.0 norm=False/dice pw=0.5",v7,"{""denominator"": ""dice"", ""dim"": 2.0, ""idf"": 3.0, ""n"": ""(1, 2, 3)"", ""normalize"": false, ""position_weight"": 0.5}",tune,False,120,0.67156,0.67156,0.71637,0.55,0.86667,0.94167,1.43979
typo,"v7 n=(1, 2, 3) idf=3.0 dim=2.0 norm=False/dice pw=1.0",v7,"{""denominator"": ""dice"", ""dim"": 2.0, ""idf"": 3.0, ""n"": ""(1, 2, 3)"", ""normalize"": false, ""position_weight"": 1.0}",tune,False,120,0.67637,0.67637,0.72247,0.55,0.875,0.94167,1.40171
typo,"v7 n=(1, 2, 3) idf=3.0 dim=2.0 norm=True/dice pw=0.0",v7,"{""denominator"": ""dice"", ""dim"": 2.0, ""idf"": 3.0, ""n"": ""(1, 2, 3)"", ""normalize"": true, ""position_weight"": 0.0}",tune,False,120,0.66701,0.66701,0.68101,0.61667,0.74167,0.83333,1.58398
typo,"v7 n=(1, 2, 3) idf=3.0 dim=2.0 norm=True/dice pw=0.5",v7,"{""denominator"": ""dice"", ""dim"": 2.0, ""idf"": 3.0, ""n"": ""(1, 2, 3)"", ""normalize"": true, ""position_weight"": 0.5}",tune,False,120,0.69605,0.69605,0.71902,0.64167,0.8,0.85833,1.57577
typo,"v7 n=(1, 2, 3) idf=3.0 dim=2.0 norm=True/dice pw=1.0",v7,"{""denominator"": ""dice"", ""dim"": 2.0, ""idf"": 3.0, ""n"": ""(1, 2, 3)"", ""normalize"": true, ""position_weight"": 1.0}",tune,False,120,0.72201,0.72201,0.74046,0.65833,0.80833,0.91667,1.577
typo,"v7 n=(1, 2, 3) idf=3.0 dim=2.0 norm=True/geo pw=0.0",v7,"{""denominator"": ""geo"", ""dim"": 2.0, ""idf"": 3.0, ""n"": ""(1, 2, 3)"", ""normalize"": true, ""position_weight"": 0.0}",tune,False,120,0.68337,0.68337,0.70627,0.625,0.79167,0.875,1.65145
typo,"v7 n=(1, 2, 3) idf=3.0 dim=2.0 norm=True/geo pw=0.5",v7,"{""denominator"": ""geo"", ""dim"": 2.0, ""idf"": 3.0, ""n"": ""(1, 2, 3)"", ""normalize"": true, ""position_weight"": 0.5}",tune,False,120,0.74095,0.74095,0.75794,0.69167,0.825,0.925,1.51784
typo,"v7 n=(1, 2, 3) idf=3.0 dim=2.0 norm=True/geo pw=1.0",v7,"{""denominator"": ""geo"", ""dim"": 2.0, ""idf"": 3.0, ""n"": ""(1, 2, 3)"", ""normalize"": true, ""position_weight"": 1.0}",tune,False,120,0.76367,0.76367,0.77835,0.71667,0.84167,0.93333,1.58031
typo,"v7 n=(1, 2) idf=0.0 dim=2.0 norm=True/dice pw=0.5",v7,"{""denominator"": ""dice"", ""dim"": 2.0, ""idf"": 0.0, ""n"": ""(1, 2)"", ""normalize"": true, ""position_weight"": 0.5}",test,True,121,0.96592,0.96592,0.97205,0.95041,0.99174,1.0,1.35548
typo,v7 default,v7_default,"{""denominator"": ""dice"", ""dim"": 1.0, ""idf"": 0.0, ""n"": ""(2, 4)"", ""normalize"": true, ""position_weight"": 1.0}",test,True,121,0.87198,0.87198,0.88938,0.83471,0.95041,0.97521,0.60923
typo,"v7 n=(1, 2) idf=0.0 dim=1.0 norm=True/geo pw=0.0",v7_pw0.0,"{""denominator"": ""geo"", ""dim"": 1.0, ""idf"": 0.0, ""n"": ""(1, 2)"", ""normalize"": true, ""position_weight"": 0.0}",test,True,121,0.94947,0.94947,0.9575,0.92562,0.98347,0.99174,1.45074
typo,"v7 n=(1, 2) idf=0.0 dim=2.0 norm=True/dice pw=0.5",v7_pw0.5,"{""denominator"": ""dice"", ""dim"": 2.0, ""idf"": 0.0, ""n"": ""(1, 2)"", ""normalize"": true, ""position_weight"": 0.5}",test,True,121,0.96592,0.96592,0.97205,0.95041,0.99174,1.0,2.35819
typo,"v7 n=(1, 2) idf=0.0 dim=2.0 norm=True/geo pw=1.0",v7_pw1.0,"{""denominator"": ""geo"", ""dim"": 2.0, ""idf"": 0.0, ""n"": ""(1, 2)"", ""normalize"": true, ""position_weight"": 1.0}",test,True,121,0.96031,0.96031,0.96792,0.94215,0.99174,1.0,1.61233
typo,v7 top-50 reranked by bm25_char,v7>bm25_char,"{""depth"": 50}",test,True,121,0.8812,0.8812,0.90196,0.80992,0.96694,1.0,2.92152
typo,"bm25_char n=(2,) k1=0.5 b=0.3 idf^1.0",bm25_char,"{""b"": 0.3, ""idf_exp"": 1.0, ""k1"": 0.5, ""n"": ""(2,)""}",tune,False,120,0.82409,0.82409,0.85222,0.75833,0.94167,0.975,0.32262
typo,"bm25_char n=(2,) k1=0.5 b=0.3 idf^2.0",bm25_char,"{""b"": 0.3, ""idf_exp"": 2.0, ""k1"": 0.5, ""n"": ""(2,)""}",tune,False,120,0.71885,0.71885,0.75674,0.60833,0.88333,0.95,0.19206
typo,"bm25_char n=(2,) k1=0.5 b=0.3 idf^3.0",bm25_char,"{""b"": 0.3, ""idf_exp"": 3.0, ""k1"": 0.5, ""n"": ""(2,)""}",tune,False,120,0.55626,0.55626,0.605,0.45,0.78333,0.925,0.1838
typo,"bm25_char n=(2,) k1=0.5 b=0.75 idf^1.0",bm25_char,"{""b"": 0.75, ""idf_exp"": 1.0, ""k1"": 0.5, ""n"": ""(2,)""}",tune,False,120,0.84988,0.84988,0.87146,0.79167,0.94167,0.98333,0.18531
typo,"bm25_char n=(2,) k1=0.5 b=0.75 idf^2.0",bm25_char,"{""b"": 0.75, ""idf_exp"": 2.0, ""k1"": 0.5, ""n"": ""(2,)""}",tune,False,120,0.7332,0.7332,0.77128,0.63333,0.9,0.95833,0.17419
typo,"bm25_char n=(2,) k1=0.5 b=0.75 idf^3.0",bm25_char,"{""b"": 0.75, ""idf_exp"": 3.0, ""k1"": 0.5, ""n"": ""(2,)""}",tune,False,120,0.54255,0.54255,0.59506,0.41667,0.78333,0.925,0.16534
typo,"bm25_char n=(2,) k1=0.5 b=1.0 idf^1.0",bm25_char,"{""b"": 1.0, ""idf_exp"": 1.0, ""k1"": 0.5, ""n"": ""(2,)""}",tune,False,120,0.8603,0.8603,0.88146,0.80833,0.95,0.98333,0.1775
typo,"bm25_char n=(2,) k1=0.5 b=1.0 idf^2.0",bm25_char,"{""b"": 1.0, ""idf_exp"": 2.0, ""k1"": 0.5, ""n"": ""(2,)""}",tune,False,120,0.73927,0.73927,0.7806,0.64167,0.91667,0.95833,0.18185
typo,"bm25_char n=(2,) k1=0.5 b=1.0 idf^3.0",bm25_char,"{""b"": 1.0, ""idf_exp"": 3.0, ""k1"": 0.5, ""n"": ""(2,)""}",tune,False,120,0.54569,0.54569,0.59683,0.425,0.78333,0.93333,0.17452
typo,"bm25_char n=(2,) k1=1.2 b=0.3 idf^1.0",bm25_char,"{""b"": 0.3, ""idf_exp"": 1.0, ""k1"": 1.2, ""n"": ""(2,)""}",tune,False,120,0.83142,0.83142,0.85759,0.76667,0.94167,0.98333,0.18459
typo,"bm25_char n=(2,) k1=1.2 b=0.3 idf^2.0",bm25_char,"{""b"": 0.3, ""idf_exp"": 2.0, ""k1"": 1.2, ""n"": ""(2,)""}",tune,False,120,0.72204,0.72204,0.75866,0.61667,0.88333,0.95,0.1819
typo,"bm25_char n=(2,) k1=1.2 b=0.3 idf^3.0",bm25_char,"{""b"": 0.3, ""idf_exp"": 3.0, ""k1"": 1.2, ""n"": ""(2,)""}",tune,False,120,0.54709,0.54709,0.59821,0.43333,0.78333,0.925,0.16238
typo,"bm25_char n=(2,) k1=1.2 b=0.75 idf^1.0",bm25_char,"{""b"": 0.75, ""idf_exp"": 1.0, ""k1"": 1.2, ""n"": ""(2,)""}",tune,False,120,0.8566,0.8566,0.87872,0.8,0.95,0.98333,0.24473
typo,"bm25_char n=(2,) k1=1.2 b=0.75 idf^2.0",bm25_char,"{""b"": 0.75, ""idf_exp"": 2.0, ""k1"": 1.2, ""n"": ""(2,)""}",tune,False,120,0.73159,0.73159,0.77484,0.625,0.91667,0.96667,0.20213
typo,"bm25_char n=(2,) k1=1.2 b=0.75 idf^3.0",bm25_char,"{""b"": 0.75, ""idf_exp"": 3.0, ""k1"": 1.2, ""n"": ""(2,)""}",tune,False,120,0.54307,0.54307,0.59239,0.425,0.775,0.93333,0.18157
typo,"bm25_char n=(2,) k1=1.2 b=1.0 idf^1.0",bm25_char,"{""b"": 1.0, ""idf_exp"": 1.0, ""k1"": 1.2, ""n"": ""(2,)""}",tune,False,120,0.8597,0.8597,0.88101,0.8,0.95,0.98333,0.16968
typo,"bm25_char n=(2,) k1=1.2 b=1.0 idf^2.0",bm25_char,"{""b"": 1.0, ""idf_exp"": 2.0, ""k1"": 1.2, ""n"": ""(2,)""}",tune,False,120,0.71871,0.71871,0.76487,0.60833,0.91667,0.96667,0.17142
typo,"bm25_char n=(2,) k1=1.2 b=1.0 idf^3.0",bm25_char,"{""b"": 1.0, ""idf_exp"": 3.0, ""k1"": 1.2, ""n"": ""(2,)""}",tune,False,120,0.52408,0.52408,0.57573,0.39167,0.76667,0.93333,0.16621
typo,"bm25_char n=(2,) k1=2.0 b=0.3 idf^1.0",bm25_char,"{""b"": 0.3, ""idf_exp"": 1.0, ""k1"": 2.0, ""n"": ""(2,)""}",tune,False,120,0.83257,0.83257,0.85853,0.76667,0.94167,0.98333,0.16487
typo,"bm25_char n=(2,) k1=2.0 b=0.3 idf^2.0",bm25_char,"{""b"": 0.3, ""idf_exp"": 2.0, ""k1"": 2.0, ""n"": ""(2,)""}",tune,False,120,0.7244,0.7244,0.76248,0.625,0.89167,0.95833,0.17104
typo,"bm25_char n=(2,) k1=2.0 b=0.3 idf^3.0",bm25_char,"{""b"": 0.3, ""idf_exp"": 3.0, ""k1"": 2.0, ""n"": ""(2,)""}",tune,False,120,0.54236,0.54236,0.59456,0.425,0.78333,0.925,0.17688
typo,"bm25_char n=(2,) k1=2.0 b=0.75 idf^1.0",bm25_char,"{""b"": 0.75, ""idf_exp"": 1.0, ""k1"": 2.0, ""n"": ""(2,)""}",tune,False,120,0.85585,0.85585,0.8783,0.79167,0.95,0.98333,0.17811
typo,"bm25_char n=(2,) k1=2.0 b=0.75 idf^2.0",bm25_char,"{""b"": 0.75, ""idf_exp"": 2.0, ""k1"": 2.0, ""n"": ""(2,)""}",tune,False,120,0.72316,0.72316,0.76838,0.60833,0.91667,0.96667,0.19238
typo,"bm25_char n=(2,) k1=2.0 b=0.75 idf^3.0",bm25_char,"{""b"": 0.75, ""idf_exp"": 3.0, ""k1"": 2.0, ""n"": ""(2,)""}",tune,False,120,0.53428,0.53428,0.58574,0.40833,0.775,0.93333,0.20166
typo,"bm25_char n=(2,) k1=2.0 b=1.0 idf^1.0",bm25_char,"{""b"": 1.0, ""idf_exp"": 1.0, ""k1"": 2.0, ""n"": ""(2,)""}",tune,False,120,0.86119,0.86119,0.88426,0.8,0.95833,0.98333,0.18387
typo,"bm25_char n=(2,) k1=2.0 b=1.0 idf^2.0",bm25_char,"{""b"": 1.0, ""idf_exp"": 2.0, ""k1"": 2.0, ""n"": ""(2,)""}",tune,False,120,0.71183,0.71183,0.76198,0.59167,0.925,0.96667,0.16091
typo,"bm25_char n=(2,) k1=2.0 b=1.0 idf^3.0",bm25_char,"{""b"": 1.0, ""idf_exp"": 3.0, ""k1"": 2.0, ""n"": ""(2,)""}",tune,False,120,0.49448,0.49448,0.55056,0.35,0.75833,0.94167,0.17161
typo,"bm25_char n=(3,) k1=0.5 b=0.3 idf^1.0",bm25_char,"{""b"": 0.3, ""idf_exp"": 1.0, ""k1"": 0.5, ""n"": ""(3,)""}",tune,False,120,0.7672,0.7672,0.79748,0.7,0.9,0.94167,0.15947
typo,"bm25_char n=(3,) k1=0.5 b=0.3 idf^2.0",bm25_char,"{""b"": 0.3, ""idf_exp"": 2.0, ""k1"": 0.5, ""n"": ""(3,)""}",tune,False,120,0.73758,0.73758,0.77257,0.66667,0.89167,0.94167,0.16387
typo,"bm25_char n=(3,) k1=0.5 b=0.3 idf^3.0",bm25_char,"{""b"": 0.3, ""idf_exp"": 3.0, ""k1"": 0.5, ""n"": ""(3,)""}",tune,False,120,0.67519,0.67519,0.71586,0.575,0.85833,0.93333,0.15951
typo,"bm25_char n=(3,) k1=0.5 b=0.75 idf^1.0",bm25_char,"{""b"": 0.75, ""idf_exp"": 1.0, ""k1"": 0.5, ""n"": ""(3,)""}",tune,False,120,0.76695,0.76695,0.79723,0.7,0.9,0.94167,0.16893
typo,"bm25_char n=(3,) k1=0.5 b=0.75 idf^2.0",bm25_char,"{""b"": 0.75, ""idf_exp"": 2.0, ""k1"": 0.5, ""n"": ""(3,)""}",tune,False,120,0.72619,0.72619,0.76418,0.64167,0.89167,0.94167,0.15705
typo,"bm25_char n=(3,) k1=0.5 b=0.75 idf^3.0",bm25_char,"{""b"": 0.75, ""idf_exp"": 3.0, ""k1"": 0.5, ""n"": ""(3,)""}",tune,False,120,0.67616,0.67616,0.71639,0.58333,0.85833,0.93333,0.16638
typo,"bm25_char n=(3,) k1=0.5 b=1.0 idf^1.0",bm25_char,"{""b"": 1.0, ""idf_exp"": 1.0, ""k1"": 0.5, ""n"": ""(3,)""}",tune,False,120,0.75739,0.75739,0.78999,0.68333,0.9,0.94167,0.15507
typo,"bm25_char n=(3,) k1=0.5 b=1.0 idf^2.0",bm25_char,"{""b"": 1.0, ""idf_exp"": 2.0, ""k1"": 0.5, ""n"": ""(3,)""}",tune,False,120,0.72183,0.72183,0.76087,0.63333,0.89167,0.94167,0.1664
typo,"bm25_char n=(3,) k1=0.5 b=1.0 idf^3.0",bm25_char,"{""b"": 1.0, ""idf_exp"": 3.0, ""k1"": 0.5, ""n"": ""(3,)""}",tune,False,120,0.67409,0.67409,0.71482,0.58333,0.85833,0.93333,0.17585
typo,"bm25_char n=(3,) k1=1.2 b=0.3 idf^1.0",bm25_char,"{""b"": 0.3, ""idf_exp"": 1.0, ""k1"": 1.2, ""n"": ""(3,)""}",tune,False,120,0.76721,0.76721,0.79748,0.7,0.9,0.94167,0.18411
typo,"bm25_char n=(3,) k1=1.2 b=0.3 idf^2.0",bm25_char,"{""b"": 0.3, ""idf_exp"": 2.0, ""k1"": 1.2, ""n"": ""(3,)""}",tune,False,120,0.73767,0.73767,0.77257,0.66667,0.89167,0.94167,0.16894
typo,"bm25_char n=(3,) k1=1.2 b=0.3 idf^3.0",bm25_char,"{""b"": 0.3, ""idf_exp"": 3.0, ""k1"": 1.2, ""n"": ""(3,)""}",tune,False,120,0.68172,0.68172,0.72055,0.59167,0.85833,0.93333,0.16793
typo,"bm25_char n=(3,) k1=1.2 b=0.75 idf^1.0",bm25_char,"{""b"": 0.75, ""idf_exp"": 1.0, ""k1"": 1.2, ""n"": ""(3,)""}",tune,False,120,0.75754,0.75754,0.79013,0.68333,0.9,0.94167,0.1742
typo,"bm25_char n=(3,) k1=1.2 b=0.75 idf^2.0",bm25_char,"{""b"": 0.75, ""idf_exp"": 2.0, ""k1"": 1.2, ""n"": ""(3,)""}",tune,False,120,0.72398,0.72398,0.76227,0.64167,0.89167,0.94167,0.17148
typo,"bm25_char n=(3,) k1=1.2 b=0.75 idf^3.0",bm25_char,"{""b"": 0.75, ""idf_exp"": 3.0, ""k1"": 1.2, ""n"": ""(3,)""}",tune,False,120,0.66745,0.66745,0.70957,0.575,0.85833,0.93333,0.16316
typo,"bm25_char n=(3,) k1=1.2 b=1.0 idf^1.0",bm25_char,"{""b"": 1.0, ""idf_exp"": 1.0, ""k1"": 1.2, ""n"": ""(3,)""}",tune,False,120,0.7566,0.7566,0.79164,0.68333,0.90833,0.94167,0.16603
typo,"bm25_char n=(3,) k1=1.2 b=1.0 idf^2.0",bm25_char,"{""b"": 1.0, ""idf_exp"": 2.0, ""k1"": 1.2, ""n"": ""(3,)""}",tune,False,120,0.72186,0.72186,0.75805,0.64167,0.88333,0.94167,0.15579
typo,"bm25_char n=(3,) k1=1.2 b=1.0 idf^3.0",bm25_char,"{""b"": 1.0, ""idf_exp"": 3.0, ""k1"": 1.2, ""n"": ""(3,)""}",tune,False,120,0.64349,0.64349,0.69841,0.53333,0.88333,0.93333,0.16472
typo,"bm25_char n=(3,) k1=2.0 b=0.3 idf^1.0",bm25_char,"{""b"": 0.3, ""idf_exp"": 1.0, ""k1"": 2.0, ""n"": ""(3,)""}",tune,False,120,0.76277,0.76277,0.79415,0.69167,0.9,0.94167,0.17995
typo,"bm25_char n=(3,) k1=2.0 b=0.3 idf^2.0",bm25_char,"{""b"": 0.3, ""idf_exp"": 2.0, ""k1"": 2.0, ""n"": ""(3,)""}",tune,False,120,0.73494,0.73494,0.77059,0.65833,0.89167,0.94167,0.16457
typo,"bm25_char n=(3,) k1=2.0 b=0.3 idf^3.0",bm25_char,"{""b"": 0.3, ""idf_exp"": 3.0, ""k1"": 2.0, ""n"": ""(3,)""}",tune,False,120,0.68033,0.68033,0.71946,0.59167,0.85833,0.93333,0.1602
typo,"bm25_char n=(3,) k1=2.0 b=0.75 idf^1.0",bm25_char,"{""b"": 0.75, ""idf_exp"": 1.0, ""k1"": 2.0, ""n"": ""(3,)""}",tune,False,120,0.75595,0.75595,0.79117,0.68333,0.90833,0.94167,0.17463
typo,"bm25_char n=(3,) k1=2.0 b=0.75 idf^2.0",bm25_char,"{""b"": 0.75, ""idf_exp"": 2.0, ""k1"": 2.0, ""n"": ""(3,)""}",tune,False,120,0.72172,0.72172,0.75805,0.64167,0.88333,0.94167,0.16245
typo,"bm25_char n=(3,) k1=2.0 b=0.75 idf^3.0",bm25_char,"{""b"": 0.75, ""idf_exp"": 3.0, ""k1"": 2.0, ""n"": ""(3,)""}",tune,False,120,0.66783,0.66783,0.71436,0.575,0.875,0.93333,0.16701
typo,"bm25_char n=(3,) k1=2.0 b=1.0 idf^1.0",bm25_char,"{""b"": 1.0, ""idf_exp"": 1.0, ""k1"": 2.0, ""n"": ""(3,)""}",tune,False,120,0.75781,0.75781,0.7972,0.68333,0.925,0.94167,0.17921
typo,"bm25_char n=(3,) k1=2.0 b=1.0 idf^2.0",bm25_char,"{""b"": 1.0, ""idf_exp"": 2.0, ""k1"": 2.0, ""n"": ""(3,)""}",tune,False,120,0.71042,0.71042,0.75392,0.625,0.9,0.94167,0.17831
typo,"bm25_char n=(3,) k1=2.0 b=1.0 idf^3.0",bm25_char,"{""b"": 1.0, ""idf_exp"": 3.0, ""k1"": 2.0, ""n"": ""(3,)""}",tune,False,120,0.64337,0.64337,0.69817,0.53333,0.88333,0.93333,0.15547
typo,"bm25_char n=(4,) k1=0.5 b=0.3 idf^1.0",bm25_char,"{""b"": 0.3, ""idf_exp"": 1.0, ""k1"": 0.5, ""n"": ""(4,)""}",tune,False,120,0.66749,0.66749,0.70644,0.58333,0.83333,0.85833,0.1574
typo,"bm25_char n=(4,) k1=0.5 b=0.3 idf^2.0",bm25_char,"{""b"": 0.3, ""idf_exp"": 2.0, ""k1"": 0.5, ""n"": ""(4,)""}",tune,False,120,0.65841,0.65841,0.69957,0.56667,0.83333,0.85833,0.14356
typo,"bm25_char n=(4,) k1=0.5 b=0.3 idf^3.0",bm25_char,"{""b"": 0.3, ""idf_exp"": 3.0, ""k1"": 0.5, ""n"": ""(4,)""}",tune,False,120,0.64823,0.64823,0.6917,0.55833,0.83333,0.85833,0.12652
typo,"bm25_char n=(4,) k1=0.5 b=0.75 idf^1.0",bm25_char,"{""b"": 0.75, ""idf_exp"": 1.0, ""k1"": 0.5, ""n"": ""(4,)""}",tune,False,120,0.67172,0.67172,0.7096,0.59167,0.83333,0.85833,0.12297
typo,"bm25_char n=(4,) k1=0.5 b=0.75 idf^2.0",bm25_char,"{""b"": 0.75, ""idf_exp"": 2.0, ""k1"": 0.5, ""n"": ""(4,)""}",tune,False,120,0.65853,0.65853,0.69969,0.56667,0.83333,0.85833,0.12784
typo,"bm25_char n=(4,) k1=0.5 b=0.75 idf^3.0",bm25_char,"{""b"": 0.75, ""idf_exp"": 3.0, ""k1"": 0.5, ""n"": ""(4,)""}",tune,False,120,0.64244,0.64244,0.68728,0.55,0.83333,0.85833,0.13419
typo,"bm25_char n=(4,) k1=0.5 b=1.0 idf^1.0",bm25_char,"{""b"": 1.0, ""idf_exp"": 1.0, ""k1"": 0.5, ""n"": ""(4,)""}",tune,False,120,0.67589,0.67589,0.71267,0.6,0.83333,0.85833,0.12192
typo,"bm25_char n=(4,) k1=0.5 b=1.0 idf^2.0",bm25_char,"{""b"": 1.0, ""idf_exp"": 2.0, ""k1"": 0.5, ""n"": ""(4,)""}",tune,False,120,0.6613,0.6613,0.70167,0.575,0.83333,0.85833,0.13409
typo,"bm25_char n=(4,) k1=0.5 b=1.0 idf^3.0",bm25_char,"{""b"": 1.0, ""idf_exp"": 3.0, ""k1"": 0.5, ""n"": ""(4,)""}",tune,False,120,0.63688,0.63688,0.68311,0.54167,0.83333,0.85833,0.14087
typo,"bm25_char n=(4,) k1=1.2 b=0.3 idf^1.0",bm25_char,"{""b"": 0.3, ""idf_exp"": 1.0, ""k1"": 1.2, ""n"": ""(4,)""}",tune,False,120,0.67137,0.67137,0.70926,0.59167,0.83333,0.85833,0.14386
typo,"bm25_char n=(4,) k1=1.2 b=0.3 idf^2.0",bm25_char,"{""b"": 0.3, ""idf_exp"": 2.0, ""k1"": 1.2, ""n"": ""(4,)""}",tune,False,120,0.65841,0.65841,0.69957,0.56667,0.83333,0.85833,0.14392
typo,"bm25_char n=(4,) k1=1.2 b=0.3 idf^3.0",bm25_char,"{""b"": 0.3, ""idf_exp"": 3.0, ""k1"": 1.2, ""n"": ""(4,)""}",tune,False,120,0.64827,0.64827,0.6917,0.55833,0.83333,0.85833,0.13383
typo,"bm25_char n=(4,) k1=1.2 b=0.75 idf^1.0",bm25_char,"{""b"": 0.75, ""idf_exp"": 1.0, ""k1"": 1.2, ""n"": ""(4,)""}",tune,False,120,0.67595,0.67595,0.71267,0.6,0.83333,0.85833,0.13275
typo,"bm25_char n=(4,) k1=1.2 b=0.75 idf^2.0",bm25_char,"{""b"": 0.75, ""idf_exp"": 2.0, ""k1"": 1.2, ""n"": ""(4,)""}",tune,False,120,0.65749,0.65749,0.69894,0.56667,0.83333,0.85833,0.1441
typo,"bm25_char n=(4,) k1=1.2 b=0.75 idf^3.0",bm25_char,"{""b"": 0.75, ""idf_exp"": 3.0, ""k1"": 1.2, ""n"": ""(4,)""}",tune,False,120,0.6348,0.6348,0.68151,0.54167,0.83333,0.85833,0.12934
typo,"bm25_char n=(4,) k1=1.2 b=1.0 idf^1.0",bm25_char,"{""b"": 1.0, ""idf_exp"": 1.0, ""k1"": 1.2, ""n"": ""(4,)""}",tune,False,120,0.67777,0.67777,0.71416,0.6,0.83333,0.85833,0.12914
typo,"bm25_char n=(4,) k1=1.2 b=1.0 idf^2.0",bm25_char,"{""b"": 1.0, ""idf_exp"": 2.0, ""k1"": 1.2, ""n"": ""(4,)""}",tune,False,120,0.66061,0.66061,0.70126,0.575,0.83333,0.85833,0.13495
typo,"bm25_char n=(4,) k1=1.2 b=1.0 idf^3.0",bm25_char,"{""b"": 1.0, ""idf_exp"": 3.0, ""k1"": 1.2, ""n"": ""(4,)""}",tune,False,120,0.63396,0.63396,0.68078,0.54167,0.83333,0.85833,0.13702
typo,"bm25_char n=(4,) k1=2.0 b=0.3 idf^1.0",bm25_char,"{""b"": 0.3, ""idf_exp"": 1.0, ""k1"": 2.0, ""n"": ""(4,)""}",tune,False,120,0.66741,0.66741,0.70637,0.58333,0.83333,0.85833,0.13729
typo,"bm25_char n=(4,) k1=2.0 b=0.3 idf^2.0",bm25_char,"{""b"": 0.3, ""idf_exp"": 2.0, ""k1"": 2.0, ""n"": ""(4,)""}",tune,False,120,0.65853,0.65853,0.69969,0.56667,0.83333,0.85833,0.17607
typo,"bm25_char n=(4,) k1=2.0 b=0.3 idf^3.0",bm25_char,"{""b"": 0.3, ""idf_exp"": 3.0, ""k1"": 2.0, ""n"": ""(4,)""}",tune,False,120,0.64799,0.64799,0.69144,0.55833,0.83333,0.85833,0.13158
typo,"bm25_char n=(4,) k1=2.0 b=0.75 idf^1.0",bm25_char,"{""b"": 0.75, ""idf_exp"": 1.0, ""k1"": 2.0, ""n"": ""(4,)""}",tune,False,120,0.67758,0.67758,0.71406,0.6,0.83333,0.85833,0.13026
typo,"bm25_char n=(4,) k1=2.0 b=0.75 idf^2.0",bm25_char,"{""b"": 0.75, ""idf_exp"": 2.0, ""k1"": 2.0, ""n"": ""(4,)""}",tune,False,120,0.6618,0.6618,0.70216,0.575,0.83333,0.85833,0.13678
typo,"bm25_char n=(4,) k1=2.0 b=0.75 idf^3.0",bm25_char,"{""b"": 0.75, ""idf_exp"": 3.0, ""k1"": 2.0, ""n"": ""(4,)""}",tune,False,120,0.63029,0.63029,0.67809,0.53333,0.83333,0.85833,0.13681
typo,"bm25_char n=(4,) k1=2.0 b=1.0 idf^1.0",bm25_char,"{""b"": 1.0, ""idf_exp"": 1.0, ""k1"": 2.0, ""n"": ""(4,)""}",tune,False,120,0.66997,0.66997,0.70845,0.58333,0.83333,0.85833,0.13144
typo,"bm25_char n=(4,) k1=2.0 b=1.0 idf^2.0",bm25_char,"{""b"": 1.0, ""idf_exp"": 2.0, ""k1"": 2.0, ""n"": ""(4,)""}",tune,False,120,0.65644,0.65644,0.69799,0.575,0.83333,0.85833,0.12912
typo,"bm25_char n=(4,) k1=2.0 b=1.0 idf^3.0",bm25_char,"{""b"": 1.0, ""idf_exp"": 3.0, ""k1"": 2.0, ""n"": ""(4,)""}",tune,False,120,0.62924,0.62924,0.67708,0.54167,0.83333,0.85833,0.1388
typo,"bm25_char n=(2, 3) k1=0.5 b=0.3 idf^1.0",bm25_char,"{""b"": 0.3, ""idf_exp"": 1.0, ""k1"": 0.5, ""n"": ""(2, 3)""}",tune,False,120,0.82658,0.82658,0.84763,0.775,0.91667,0.94167,0.21245
typo,"bm25_char n=(2, 3) k1=0.5 b=0.3 idf^2.0",bm25_char,"{""b"": 0.3, ""idf_exp"": 2.0, ""k1"": 0.5, ""n"": ""(2, 3)""}",tune,False,120,0.79254,0.79254,0.81455,0.73333,0.89167,0.94167,0.22289
typo,"bm25_char n=(2, 3) k1=0.5 b=0.3 idf^3.0",bm25_char,"{""b"": 0.3, ""idf_exp"": 3.0, ""k1"": 0.5, ""n"": ""(2, 3)""}",tune,False,120,0.69608,0.69608,0.73408,0.6,0.86667,0.94167,0.23211
typo,"bm25_char n=(2, 3) k1=0.5 b=0.75 idf^1.0",bm25_char,"{""b"": 0.75, ""idf_exp"": 1.0, ""k1"": 0.5, ""n"": ""(2, 3)""}",tune,False,120,0.82854,0.82854,0.84888,0.775,0.91667,0.95,0.22596
typo,"bm25_char n=(2, 3) k1=0.5 b=0.75 idf^2.0",bm25_char,"{""b"": 0.75, ""idf_exp"": 2.0, ""k1"": 0.5, ""n"": ""(2, 3)""}",tune,False,120,0.79638,0.79638,0.81688,0.74167,0.89167,0.95833,0.22012
typo,"bm25_char n=(2, 3) k1=0.5 b=0.75 idf^3.0",bm25_char,"{""b"": 0.75, ""idf_exp"": 3.0, ""k1"": 0.5, ""n"": ""(2, 3)""}",tune,False,120,0.68427,0.68427,0.72716,0.58333,0.875,0.95,0.2808
typo,"bm25_char n=(2, 3) k1=0.5 b=1.0 idf^1.0",bm25_char,"{""b"": 1.0, ""idf_exp"": 1.0, ""k1"": 0.5, ""n"": ""(2, 3)""}",tune,False,120,0.82768,0.82768,0.85265,0.775,0.93333,0.95833,0.22925
typo,"bm25_char n=(2, 3) k1=0.5 b=1.0 idf^2.0",bm25_char,"{""b"": 1.0, ""idf_exp"": 2.0, ""k1"": 0.5, ""n"": ""(2, 3)""}",tune,False,120,0.78868,0.78868,0.81071,0.725,0.89167,0.96667,0.2032
typo,"bm25_char n=(2, 3) k1=0.5 b=1.0 idf^3.0",bm25_char,"{""b"": 1.0, ""idf_exp"": 3.0, ""k1"": 0.5, ""n"": ""(2, 3)""}",tune,False,120,0.67707,0.67707,0.7196,0.56667,0.86667,0.95,0.2219
typo,"bm25_char n=(2, 3) k1=1.2 b=0.3 idf^1.0",bm25_char,"{""b"": 0.3, ""idf_exp"": 1.0, ""k1"": 1.2, ""n"": ""(2, 3)""}",tune,False,120,0.82195,0.82195,0.84404,0.76667,0.91667,0.95,0.22276
typo,"bm25_char n=(2, 3) k1=1.2 b=0.3 idf^2.0",bm25_char,"{""b"": 0.3, ""idf_exp"": 2.0, ""k1"": 1.2, ""n"": ""(2, 3)""}",tune,False,120,0.79664,0.79664,0.81737,0.74167,0.89167,0.95,0.22229
typo,"bm25_char n=(2, 3) k1=1.2 b=0.3 idf^3.0",bm25_char,"{""b"": 0.3, ""idf_exp"": 3.0, ""k1"": 1.2, ""n"": ""(2, 3)""}",tune,False,120,0.6903,0.6903,0.73423,0.59167,0.88333,0.95,0.22182
typo,"bm25_char n=(2, 3) k1=1.2 b=0.75 idf^1.0",bm25_char,"{""b"": 0.75, ""idf_exp"": 1.0, ""k1"": 1.2, ""n"": ""(2, 3)""}",tune,False,120,0.83323,0.83323,0.8569,0.78333,0.93333,0.95833,0.22709
typo,"bm25_char n=(2, 3) k1=1.2 b=0.75 idf^2.0",bm25_char,"{""b"": 0.75, ""idf_exp"": 2.0, ""k1"": 1.2, ""n"": ""(2, 3)""}",tune,False,120,0.77996,0.77996,0.80635,0.70833,0.9,0.96667,0.23342
typo,"bm25_char n=(2, 3) k1=1.2 b=0.75 idf^3.0",bm25_char,"{""b"": 0.75, ""idf_exp"": 3.0, ""k1"": 1.2, ""n"": ""(2, 3)""}",tune,False,120,0.68458,0.68458,0.72717,0.58333,0.875,0.95833,0.20835
typo,"bm25_char n=(2, 3) k1=1.2 b=1.0 idf^1.0",bm25_char,"{""b"": 1.0, ""idf_exp"": 1.0, ""k1"": 1.2, ""n"": ""(2, 3)""}",tune,False,120,0.82385,0.82385,0.8494,0.76667,0.93333,0.975,0.23171
typo,"bm25_char n=(2, 3) k1=1.2 b=1.0 idf^2.0",bm25_char,"{""b"": 1.0, ""idf_exp"": 2.0, ""k1"": 1.2, ""n"": ""(2, 3)""}",tune,False,120,0.75235,0.75235,0.79055,0.65833,0.91667,0.96667,0.21078
typo,"bm25_char n=(2, 3) k1=1.2 b=1.0 idf^3.0",bm25_char,"{""b"": 1.0, ""idf_exp"": 3.0, ""k1"": 1.2, ""n"": ""(2, 3)""}",tune,False,120,0.68214,0.68214,0.72488,0.58333,0.875,0.95833,0.22124
typo,"bm25_char n=(2, 3) k1=2.0 b=0.3 idf^1.0",bm25_char,"{""b"": 0.3, ""idf_exp"": 1.0, ""k1"": 2.0, ""n"": ""(2, 3)""}",tune,False,120,0.82216,0.82216,0.84414,0.76667,0.91667,0.95,0.24432
typo,"bm25_char n=(2, 3) k1=2.0 b=0.3 idf^2.0",bm25_char,"{""b"": 0.3, ""idf_exp"": 2.0, ""k1"": 2.0, ""n"": ""(2, 3)""}",tune,False,120,0.79654,0.79654,0.81718,0.74167,0.89167,0.95,0.23347
typo,"bm25_char n=(2, 3) k1=2.0 b=0.3 idf^3.0",bm25_char,"{""b"": 0.3, ""idf_exp"": 3.0, ""k1"": 2.0, ""n"": ""(2, 3)""}",tune,False,120,0.68025,0.68025,0.72667,0.575,0.88333,0.95,0.22492
typo,"bm25_char n=(2, 3) k1=2.0 b=0.75 idf^1.0",bm25_char,"{""b"": 0.75, ""idf_exp"": 1.0, ""k1"": 2.0, ""n"": ""(2, 3)""}",tune,False,120,0.82793,0.82793,0.85246,0.775,0.93333,0.975,0.64413
typo,"bm25_char n=(2, 3) k1=2.0 b=0.75 idf^2.0",bm25_char,"{""b"": 0.75, ""idf_exp"": 2.0, ""k1"": 2.0, ""n"": ""(2, 3)""}",tune,False,120,0.76714,0.76714,0.8016,0.68333,0.91667,0.96667,0.60459
typo,"bm25_char n=(2, 3) k1=2.0 b=0.75 idf^3.0",bm25_char,"{""b"": 0.75, ""idf_exp"": 3.0, ""k1"": 2.0, ""n"": ""(2, 3)""}",tune,False,120,0.68232,0.68232,0.725,0.58333,0.875,0.95833,0.65445
typo,"bm25_char n=(2, 3) k1=2.0 b=1.0 idf^1.0",bm25_char,"{""b"": 1.0, ""idf_exp"": 1.0, ""k1"": 2.0, ""n"": ""(2, 3)""}",tune,False,120,0.81808,0.81808,0.84533,0.74167,0.93333,0.975,0.68242
typo,"bm25_char n=(2, 3) k1=2.0 b=1.0 idf^2.0",bm25_char,"{""b"": 1.0, ""idf_exp"": 2.0, ""k1"": 2.0, ""n"": ""(2, 3)""}",tune,False,120,0.74384,0.74384,0.78156,0.65,0.90833,0.96667,0.57
typo,"bm25_char n=(2, 3) k1=2.0 b=1.0 idf^3.0",bm25_char,"{""b"": 1.0, ""idf_exp"": 3.0, ""k1"": 2.0, ""n"": ""(2, 3)""}",tune,False,120,0.66694,0.66694,0.71333,0.55833,0.875,0.95833,0.61024
typo,"bm25_char n=(2, 4) k1=0.5 b=0.3 idf^1.0",bm25_char,"{""b"": 0.3, ""idf_exp"": 1.0, ""k1"": 0.5, ""n"": ""(2, 4)""}",tune,False,120,0.82025,0.82025,0.845,0.75833,0.925,0.96667,0.57183
typo,"bm25_char n=(2, 4) k1=0.5 b=0.3 idf^2.0",bm25_char,"{""b"": 0.3, ""idf_exp"": 2.0, ""k1"": 0.5, ""n"": ""(2, 4)""}",tune,False,120,0.78244,0.78244,0.80956,0.70833,0.9,0.94167,0.53046
typo,"bm25_char n=(2, 4) k1=0.5 b=0.3 idf^3.0",bm25_char,"{""b"": 0.3, ""idf_exp"": 3.0, ""k1"": 0.5, ""n"": ""(2, 4)""}",tune,False,120,0.72085,0.72085,0.76087,0.625,0.89167,0.94167,0.59618
typo,"bm25_char n=(2, 4) k1=0.5 b=0.75 idf^1.0",bm25_char,"{""b"": 0.75, ""idf_exp"": 1.0, ""k1"": 0.5, ""n"": ""(2, 4)""}",tune,False,120,0.83149,0.83149,0.85297,0.775,0.925,0.975,0.61677
typo,"bm25_char n=(2, 4) k1=0.5 b=0.75 idf^2.0",bm25_char,"{""b"": 0.75, ""idf_exp"": 2.0, ""k1"": 0.5, ""n"": ""(2, 4)""}",tune,False,120,0.76542,0.76542,0.79915,0.675,0.90833,0.95,0.60899
typo,"bm25_char n=(2, 4) k1=0.5 b=0.75 idf^3.0",bm25_char,"{""b"": 0.75, ""idf_exp"": 3.0, ""k1"": 0.5, ""n"": ""(2, 4)""}",tune,False,120,0.71266,0.71266,0.75429,0.61667,0.89167,0.94167,0.60616
typo,"bm25_char n=(2, 4) k1=0.5 b=1.0 idf^1.0",bm25_char,"{""b"": 1.0, ""idf_exp"": 1.0, ""k1"": 0.5, ""n"": ""(2, 4)""}",tune,False,120,0.82882,0.82882,0.85562,0.76667,0.94167,0.975,0.59509
typo,"bm25_char n=(2, 4) k1=0.5 b=1.0 idf^2.0",bm25_char,"{""b"": 1.0, ""idf_exp"": 2.0, ""k1"": 0.5, ""n"": ""(2, 4)""}",tune,False,120,0.75894,0.75894,0.79414,0.66667,0.90833,0.95,0.59979
typo,"bm25_char n=(2, 4) k1=0.5 b=1.0 idf^3.0",bm25_char,"{""b"": 1.0, ""idf_exp"": 3.0, ""k1"": 0.5, ""n"": ""(2, 4)""}",tune,False,120,0.70571,0.70571,0.75158,0.6,0.9,0.94167,0.64491
typo,"bm25_char n=(2, 4) k1=1.2 b=0.3 idf^1.0",bm25_char,"{""b"": 0.3, ""idf_exp"": 1.0, ""k1"": 1.2, ""n"": ""(2, 4)""}",tune,False,120,0.82506,0.82506,0.84859,0.76667,0.925,0.96667,0.57943
typo,"bm25_char n=(2, 4) k1=1.2 b=0.3 idf^2.0",bm25_char,"{""b"": 0.3, ""idf_exp"": 2.0, ""k1"": 1.2, ""n"": ""(2, 4)""}",tune,False,120,0.78677,0.78677,0.81263,0.71667,0.9,0.95,0.66052
typo,"bm25_char n=(2, 4) k1=1.2 b=0.3 idf^3.0",bm25_char,"{""b"": 0.3, ""idf_exp"": 3.0, ""k1"": 1.2, ""n"": ""(2, 4)""}",tune,False,120,0.71462,0.71462,0.75603,0.61667,0.89167,0.94167,0.60839
typo,"bm25_char n=(2, 4) k1=1.2 b=0.75 idf^1.0",bm25_char,"{""b"": 0.75, ""idf_exp"": 1.0, ""k1"": 1.2, ""n"": ""(2, 4)""}",tune,False,120,0.82936,0.82936,0.85366,0.76667,0.93333,0.975,0.63699
typo,"bm25_char n=(2, 4) k1=1.2 b=0.75 idf^2.0",bm25_char,"{""b"": 0.75, ""idf_exp"": 2.0, ""k1"": 1.2, ""n"": ""(2, 4)""}",tune,False,120,0.75554,0.75554,0.79102,0.66667,0.90833,0.95833,0.60438
typo,"bm25_char n=(2, 4) k1=1.2 b=0.75 idf^3.0",bm25_char,"{""b"": 0.75, ""idf_exp"": 3.0, ""k1"": 1.2, ""n"": ""(2, 4)""}",tune,False,120,0.70011,0.70011,0.7471,0.59167,0.9,0.94167,0.57047
typo,"bm25_char n=(2, 4) k1=1.2 b=1.0 idf^1.0",bm25_char,"{""b"": 1.0, ""idf_exp"": 1.0, ""k1"": 1.2, ""n"": ""(2, 4)""}",tune,False,120,0.81769,0.81769,0.84727,0.74167,0.94167,0.975,0.59471
typo,"bm25_char n=(2, 4) k1=1.2 b=1.0 idf^2.0",bm25_char,"{""b"": 1.0, ""idf_exp"": 2.0, ""k1"": 1.2, ""n"": ""(2, 4)""}",tune,False,120,0.75099,0.75099,0.79205,0.65833,0.925,0.96667,0.60631
typo,"bm25_char n=(2, 4) k1=1.2 b=1.0 idf^3.0",bm25_char,"{""b"": 1.0, ""idf_exp"": 3.0, ""k1"": 1.2, ""n"": ""(2, 4)""}",tune,False,120,0.69063,0.69063,0.7373,0.58333,0.89167,0.94167,0.59602
typo,"bm25_char n=(2, 4) k1=2.0 b=0.3 idf^1.0",bm25_char,"{""b"": 0.3, ""idf_exp"": 1.0, ""k1"": 2.0, ""n"": ""(2, 4)""}",tune,False,120,0.82427,0.82427,0.84786,0.76667,0.925,0.96667,0.55049
typo,"bm25_char n=(2, 4) k1=2.0 b=0.3 idf^2.0",bm25_char,"{""b"": 0.3, ""idf_exp"": 2.0, ""k1"": 2.0, ""n"": ""(2, 4)""}",tune,False,120,0.78179,0.78179,0.80875,0.70833,0.9,0.95,0.5903
typo,"bm25_char n=(2, 4) k1=2.0 b=0.3 idf^3.0",bm25_char,"{""b"": 0.3, ""idf_exp"": 3.0, ""k1"": 2.0, ""n"": ""(2, 4)""}",tune,False,120,0.71349,0.71349,0.75509,0.61667,0.89167,0.94167,0.6292
typo,"bm25_char n=(2, 4) k1=2.0 b=0.75 idf^1.0",bm25_char,"{""b"": 0.75, ""idf_exp"": 1.0, ""k1"": 2.0, ""n"": ""(2, 4)""}",tune,False,120,0.82285,0.82285,0.84851,0.75833,0.93333,0.975,0.6097
typo,"bm25_char n=(2, 4) k1=2.0 b=0.75 idf^2.0",bm25_char,"{""b"": 0.75, ""idf_exp"": 2.0, ""k1"": 2.0, ""n"": ""(2, 4)""}",tune,False,120,0.75437,0.75437,0.79474,0.66667,0.925,0.95833,0.60996
typo,"bm25_char n=(2, 4) k1=2.0 b=0.75 idf^3.0",bm25_char,"{""b"": 0.75, ""idf_exp"": 3.0, ""k1"": 2.0, ""n"": ""(2, 4)""}",tune,False,120,0.69686,0.69686,0.74443,0.59167,0.9,0.94167,0.59524
typo,"bm25_char n=(2, 4) k1=2.0 b=1.0 idf^1.0",bm25_char,"{""b"": 1.0, ""idf_exp"": 1.0, ""k1"": 2.0, ""n"": ""(2, 4)""}",tune,False,120,0.80281,0.80281,0.83556,0.71667,0.94167,0.98333,0.63675
typo,"bm25_char n=(2, 4) k1=2.0 b=1.0 idf^2.0",bm25_char,"{""b"": 1.0, ""idf_exp"": 2.0, ""k1"": 2.0, ""n"": ""(2, 4)""}",tune,False,120,0.74498,0.74498,0.78961,0.65,0.93333,0.96667,0.58301
typo,"bm25_char n=(2, 4) k1=2.0 b=1.0 idf^3.0",bm25_char,"{""b"": 1.0, ""idf_exp"": 3.0, ""k1"": 2.0, ""n"": ""(2, 4)""}",tune,False,120,0.6914,0.6914,0.73964,0.59167,0.9,0.95,0.62862
typo,"bm25_char n=(3, 4) k1=0.5 b=0.3 idf^1.0",bm25_char,"{""b"": 0.3, ""idf_exp"": 1.0, ""k1"": 0.5, ""n"": ""(3, 4)""}",tune,False,120,0.75863,0.75863,0.79146,0.69167,0.9,0.93333,0.58873
typo,"bm25_char n=(3, 4) k1=0.5 b=0.3 idf^2.0",bm25_char,"{""b"": 0.3, ""idf_exp"": 2.0, ""k1"": 0.5, ""n"": ""(3, 4)""}",tune,False,120,0.72159,0.72159,0.76112,0.63333,0.89167,0.93333,0.58951
typo,"bm25_char n=(3, 4) k1=0.5 b=0.3 idf^3.0",bm25_char,"{""b"": 0.3, ""idf_exp"": 3.0, ""k1"": 0.5, ""n"": ""(3, 4)""}",tune,False,120,0.69818,0.69818,0.74051,0.60833,0.88333,0.93333,0.53742
typo,"bm25_char n=(3, 4) k1=0.5 b=0.75 idf^1.0",bm25_char,"{""b"": 0.75, ""idf_exp"": 1.0, ""k1"": 0.5, ""n"": ""(3, 4)""}",tune,False,120,0.75031,0.75031,0.78531,0.675,0.9,0.93333,0.61758
typo,"bm25_char n=(3, 4) k1=0.5 b=0.75 idf^2.0",bm25_char,"{""b"": 0.75, ""idf_exp"": 2.0, ""k1"": 0.5, ""n"": ""(3, 4)""}",tune,False,120,0.72117,0.72117,0.76086,0.63333,0.89167,0.93333,0.59338
typo,"bm25_char n=(3, 4) k1=0.5 b=0.75 idf^3.0",bm25_char,"{""b"": 0.75, ""idf_exp"": 3.0, ""k1"": 0.5, ""n"": ""(3, 4)""}",tune,False,120,0.69765,0.69765,0.73993,0.60833,0.88333,0.94167,0.61482
typo,"bm25_char n=(3, 4) k1=0.5 b=1.0 idf^1.0",bm25_char,"{""b"": 1.0, ""idf_exp"": 1.0, ""k1"": 0.5, ""n"": ""(3, 4)""}",tune,False,120,0.74352,0.74352,0.7802,0.66667,0.9,0.93333,0.63319
typo,"bm25_char n=(3, 4) k1=0.5 b=1.0 idf^2.0",bm25_char,"{""b"": 1.0, ""idf_exp"": 2.0, ""k1"": 0.5, ""n"": ""(3, 4)""}",tune,False,120,0.7201,0.7201,0.75977,0.63333,0.89167,0.94167,0.60825
typo,"bm25_char n=(3, 4) k1=0.5 b=1.0 idf^3.0",bm25_char,"{""b"": 1.0, ""idf_exp"": 3.0, ""k1"": 0.5, ""n"": ""(3, 4)""}",tune,False,120,0.69359,0.69359,0.73696,0.6,0.88333,0.94167,0.61909
typo,"bm25_char n=(3, 4) k1=1.2 b=0.3 idf^1.0",bm25_char,"{""b"": 0.3, ""idf_exp"": 1.0, ""k1"": 1.2, ""n"": ""(3, 4)""}",tune,False,120,0.7503,0.7503,0.78531,0.675,0.9,0.93333,0.63045
typo,"bm25_char n=(3, 4) k1=1.2 b=0.3 idf^2.0",bm25_char,"{""b"": 0.3, ""idf_exp"": 2.0, ""k1"": 1.2, ""n"": ""(3, 4)""}",tune,False,120,0.7202,0.7202,0.76003,0.63333,0.89167,0.93333,0.6169
typo,"bm25_char n=(3, 4) k1=1.2 b=0.3 idf^3.0",bm25_char,"{""b"": 0.3, ""idf_exp"": 3.0, ""k1"": 1.2, ""n"": ""(3, 4)""}",tune,False,120,0.69818,0.69818,0.74051,0.60833,0.88333,0.93333,0.57967
typo,"bm25_char n=(3, 4) k1=1.2 b=0.75 idf^1.0",bm25_char,"{""b"": 0.75, ""idf_exp"": 1.0, ""k1"": 1.2, ""n"": ""(3, 4)""}",tune,False,120,0.74729,0.74729,0.78289,0.675,0.9,0.93333,0.57238
typo,"bm25_char n=(3, 4) k1=1.2 b=0.75 idf^2.0",bm25_char,"{""b"": 0.75, ""idf_exp"": 2.0, ""k1"": 1.2, ""n"": ""(3, 4)""}",tune,False,120,0.71666,0.71666,0.75701,0.63333,0.89167,0.94167,0.60552
typo,"bm25_char n=(3, 4) k1=1.2 b=0.75 idf^3.0",bm25_char,"{""b"": 0.75, ""idf_exp"": 3.0, ""k1"": 1.2, ""n"": ""(3, 4)""}",tune,False,120,0.69084,0.69084,0.73478,0.6,0.88333,0.94167,0.59134
typo,"bm25_char n=(3, 4) k1=1.2 b=1.0 idf^1.0",bm25_char,"{""b"": 1.0, ""idf_exp"": 1.0, ""k1"": 1.2, ""n"": ""(3, 4)""}",tune,False,120,0.73766,0.73766,0.77799,0.65833,0.90833,0.93333,0.56402
typo,"bm25_char n=(3, 4) k1=1.2 b=1.0 idf^2.0",bm25_char,"{""b"": 1.0, ""idf_exp"": 2.0, ""k1"": 1.2, ""n"": ""(3, 4)""}",tune,False,120,0.70849,0.70849,0.75305,0.61667,0.9,0.94167,0.58643
typo,"bm25_char n=(3, 4) k1=1.2 b=1.0 idf^3.0",bm25_char,"{""b"": 1.0, ""idf_exp"": 3.0, ""k1"": 1.2, ""n"": ""(3, 4)""}",tune,False,120,0.68764,0.68764,0.73216,0.6,0.88333,0.94167,0.55617
typo,"bm25_char n=(3, 4) k1=2.0 b=0.3 idf^1.0",bm25_char,"{""b"": 0.3, ""idf_exp"": 1.0, ""k1"": 2.0, ""n"": ""(3, 4)""}",tune,False,120,0.7503,0.7503,0.78531,0.675,0.9,0.93333,0.56642
typo,"bm25_char n=(3, 4) k1=2.0 b=0.3 idf^2.0",bm25_char,"{""b"": 0.3, ""idf_exp"": 2.0, ""k1"": 2.0, ""n"": ""(3, 4)""}",tune,False,120,0.71979,0.71979,0.75977,0.63333,0.89167,0.93333,0.63499
typo,"bm25_char n=(3, 4) k1=2.0 b=0.3 idf^3.0",bm25_char,"{""b"": 0.3, ""idf_exp"": 3.0, ""k1"": 2.0, ""n"": ""(3, 4)""}",tune,False,120,0.69818,0.69818,0.74051,0.60833,0.88333,0.93333,0.64417
typo,"bm25_char n=(3, 4) k1=2.0 b=0.75 idf^1.0",bm25_char,"{""b"": 0.75, ""idf_exp"": 1.0, ""k1"": 2.0, ""n"": ""(3, 4)""}",tune,False,120,0.73787,0.73787,0.77593,0.65833,0.9,0.93333,0.61294
typo,"bm25_char n=(3, 4) k1=2.0 b=0.75 idf^2.0",bm25_char,"{""b"": 0.75, ""idf_exp"": 2.0, ""k1"": 2.0, ""n"": ""(3, 4)""}",tune,False,120,0.71335,0.71335,0.75671,0.625,0.9,0.94167,0.64525
typo,"bm25_char n=(3, 4) k1=2.0 b=0.75 idf^3.0",bm25_char,"{""b"": 0.75, ""idf_exp"": 3.0, ""k1"": 2.0, ""n"": ""(3, 4)""}",tune,False,120,0.68479,0.68479,0.73017,0.59167,0.88333,0.94167,0.60174
typo,"bm25_char n=(3, 4) k1=2.0 b=1.0 idf^1.0",bm25_char,"{""b"": 1.0, ""idf_exp"": 1.0, ""k1"": 2.0, ""n"": ""(3, 4)""}",tune,False,120,0.7302,0.7302,0.77224,0.64167,0.90833,0.94167,0.59241
typo,"bm25_char n=(3, 4) k1=2.0 b=1.0 idf^2.0",bm25_char,"{""b"": 1.0, ""idf_exp"": 2.0, ""k1"": 2.0, ""n"": ""(3, 4)""}",tune,False,120,0.70428,0.70428,0.74963,0.61667,0.9,0.94167,0.59255
typo,"bm25_char n=(3, 4) k1=2.0 b=1.0 idf^3.0",bm25_char,"{""b"": 1.0, ""idf_exp"": 3.0, ""k1"": 2.0, ""n"": ""(3, 4)""}",tune,False,120,0.6819,0.6819,0.7277,0.59167,0.88333,0.94167,0.596
typo,"bm25_char n=(2,) k1=2.0 b=1.0 idf^1.0",bm25_char,"{""b"": 1.0, ""idf_exp"": 1.0, ""k1"": 2.0, ""n"": ""(2,)""}",test,True,121,0.87346,0.87346,0.89445,0.80165,0.95868,0.97521,0.47938
typo,"tfidf_char n=(2,)",tfidf_char,"{""n"": ""(2,)""}",tune,False,120,0.79849,0.79849,0.82989,0.725,0.93333,0.975,0.44846
typo,"tfidf_char n=(3,)",tfidf_char,"{""n"": ""(3,)""}",tune,False,120,0.74508,0.74508,0.77854,0.66667,0.89167,0.94167,0.52265
typo,"tfidf_char n=(4,)",tfidf_char,"{""n"": ""(4,)""}",tune,False,120,0.65411,0.65411,0.6969,0.55,0.83333,0.85833,0.44658
typo,"tfidf_char n=(2, 3)",tfidf_char,"{""n"": ""(2, 3)""}",tune,False,120,0.80302,0.80302,0.8238,0.75,0.9,0.96667,0.56814
typo,"tfidf_char n=(2, 4)",tfidf_char,"{""n"": ""(2, 4)""}",tune,False,120,0.76933,0.76933,0.80863,0.675,0.93333,0.95833,0.53953
typo,"tfidf_char n=(3, 4)",tfidf_char,"{""n"": ""(3, 4)""}",tune,False,120,0.72467,0.72467,0.76399,0.625,0.89167,0.94167,0.61185
typo,"tfidf_char n=(2, 3)",tfidf_char,"{""n"": ""(2, 3)""}",test,True,121,0.8247,0.8247,0.84528,0.75207,0.91736,0.96694,0.57035
typo,bm25_word k1=0.5 b=0.3,bm25_word,"{""b"": 0.3, ""idf_exp"": 1.0, ""k1"": 0.5}",tune,False,120,0.0,0.0,0.0,0.0,0.0,0.0,0.08429
typo,bm25_word k1=0.5 b=0.75,bm25_word,"{""b"": 0.75, ""idf_exp"": 1.0, ""k1"": 0.5}",tune,False,120,0.0,0.0,0.0,0.0,0.0,0.0,0.07476
typo,bm25_word k1=0.5 b=1.0,bm25_word,"{""b"": 1.0, ""idf_exp"": 1.0, ""k1"": 0.5}",tune,False,120,0.0,0.0,0.0,0.0,0.0,0.0,0.0741
typo,bm25_word k1=1.2 b=0.3,bm25_word,"{""b"": 0.3, ""idf_exp"": 1.0, ""k1"": 1.2}",tune,False,120,0.0,0.0,0.0,0.0,0.0,0.0,0.07661
typo,bm25_word k1=1.2 b=0.75,bm25_word,"{""b"": 0.75, ""idf_exp"": 1.0, ""k1"": 1.2}",tune,False,120,0.0,0.0,0.0,0.0,0.0,0.0,0.07674
typo,bm25_word k1=1.2 b=1.0,bm25_word,"{""b"": 1.0, ""idf_exp"": 1.0, ""k1"": 1.2}",tune,False,120,0.0,0.0,0.0,0.0,0.0,0.0,0.0763
typo,bm25_word k1=2.0 b=0.3,bm25_word,"{""b"": 0.3, ""idf_exp"": 1.0, ""k1"": 2.0}",tune,False,120,0.0,0.0,0.0,0.0,0.0,0.0,0.07672
typo,bm25_word k1=2.0 b=0.75,bm25_word,"{""b"": 0.75, ""idf_exp"": 1.0, ""k1"": 2.0}",tune,False,120,0.0,0.0,0.0,0.0,0.0,0.0,0.07574
typo,bm25_word k1=2.0 b=1.0,bm25_word,"{""b"": 1.0, ""idf_exp"": 1.0, ""k1"": 2.0}",tune,False,120,0.0,0.0,0.0,0.0,0.0,0.0,0.07087
typo,bm25_word k1=0.5 b=0.3,bm25_word,"{""b"": 0.3, ""idf_exp"": 1.0, ""k1"": 0.5}",test,True,121,0.0,0.0,0.0,0.0,0.0,0.0,0.076
typo,damerau_levenshtein,damerau_levenshtein,"{""band"": 3}",tune,False,120,0.92269,0.92269,0.93733,0.875,0.98333,1.0,225.0944
typo,damerau_levenshtein,damerau_levenshtein,"{""band"": 3}",test,True,121,0.92052,0.92052,0.93525,0.87603,0.98347,1.0,239.26138
typo,bm25_char top-50 reranked by v7,bm25_char>v7,"{""depth"": 50}",test,True,121,0.95179,0.95179,0.95779,0.93388,0.97521,0.97521,2.29524
typo,v7 top-50 reranked by bm25_char,v7>bm25_char,"{""depth"": 50}",test,True,121,0.8812,0.8812,0.90196,0.80992,0.96694,1.0,2.07953
typo,rrf of v7 and bm25_char,"rrf(v7,bm25_char)","{""depth"": 50, ""k"": 60}",test,True,121,0.92343,0.92343,0.93582,0.8843,0.97521,1.0,1.90772
typo,tfidf_char top-50 reranked by v7,tfidf_char>v7,"{""depth"": 50}",test,True,121,0.94628,0.94628,0.95169,0.92562,0.96694,0.96694,2.18429
typo,rrf of v7 and tfidf_char,"rrf(v7,tfidf_char)","{""depth"": 50, ""k"": 60}",test,True,121,0.89884,0.89884,0.91461,0.85124,0.96694,1.0,2.04993
typo,bm25_char + v7 at lam=0.1,"mix(bm25_char,v7)","{""lam"": 0.1}",tune,False,120,0.87308,0.87308,0.89555,0.81667,0.96667,0.98333,1.24648
typo,bm25_char + v7 at lam=0.25,"mix(bm25_char,v7)","{""lam"": 0.25}",tune,False,120,0.89105,0.89105,0.90928,0.83333,0.96667,0.99167,1.31067
typo,bm25_char + v7 at lam=0.5,"mix(bm25_char,v7)","{""lam"": 0.5}",tune,False,120,0.94136,0.94136,0.95096,0.91667,0.98333,0.99167,1.2398
typo,bm25_char + v7 at lam=0.75,"mix(bm25_char,v7)","{""lam"": 0.75}",tune,False,120,0.94752,0.94752,0.95814,0.925,0.99167,0.99167,1.30179
typo,bm25_char + v7 at lam=0.9,"mix(bm25_char,v7)","{""lam"": 0.9}",tune,False,120,0.95327,0.95327,0.96265,0.93333,0.99167,0.99167,1.49294
typo,bm25_char + v7 at lam=0.9,"mix(bm25_char,v7)","{""lam"": 0.9}",test,True,121,0.95515,0.95515,0.96396,0.93388,0.99174,1.0,1.32554
typo,tfidf_char + v7 at lam=0.1,"mix(tfidf_char,v7)","{""lam"": 0.1}",tune,False,120,0.81309,0.81309,0.84055,0.75833,0.93333,0.96667,1.33119
typo,tfidf_char + v7 at lam=0.25,"mix(tfidf_char,v7)","{""lam"": 0.25}",tune,False,120,0.83048,0.83048,0.85648,0.76667,0.94167,0.96667,1.409
typo,tfidf_char + v7 at lam=0.5,"mix(tfidf_char,v7)","{""lam"": 0.5}",tune,False,120,0.89079,0.89079,0.90904,0.84167,0.96667,0.99167,4.08718
typo,tfidf_char + v7 at lam=0.75,"mix(tfidf_char,v7)","{""lam"": 0.75}",tune,False,120,0.92841,0.92841,0.93902,0.89167,0.975,0.99167,4.20587
typo,tfidf_char + v7 at lam=0.9,"mix(tfidf_char,v7)","{""lam"": 0.9}",tune,False,120,0.9481,0.9481,0.95848,0.925,0.99167,1.0,3.90888
typo,tfidf_char + v7 at lam=0.9,"mix(tfidf_char,v7)","{""lam"": 0.9}",test,True,121,0.95305,0.95305,0.9601,0.92562,0.98347,1.0,4.27084
